subscription_id,account_id,source_opportunity_id,product_name,arr,currency,term_start_date,term_end_date,billing_frequency,status,replaced_by_subscription_id
S20001,A1043,O12118,Advanced Analytics,10000.0,EUR,2024-01-16,2025-01-16,Annual,Churned,
S20002,A1291,O12337,Core Platform,2854.41,USD,2024-01-22,2025-01-22,Annual,Expired,
S20003,A1291,O12337,Advanced Analytics,806.54,USD,2024-01-22,2026-01-22,Quarterly,Expired,
S20004,A1136,O12318,Core Platform,2562.0,USD,2024-02-02,2026-02-02,Annual,Expired,
S20005,A1224,O10766,Managed Training,2966.45,USD,2024-02-02,2025-02-02,Annual,Expired,
S20006,A1224,O10766,API Access,2254.19,USD,2024-02-02,2025-02-02,Annual,Expired,
S20007,A1067,O10371,Advanced Analytics,28406.89,USD,2024-02-14,2025-02-14,Annual,Expired,
S20008,A1067,O10371,API Access,28321.58,USD,2024-02-14,2025-02-14,Quarterly,Expired,
S20009,A1022,O11813,Managed Training,12935.7,EUR,2024-02-22,2025-02-22,Annual,Expired,
S20010,A1022,O11813,Advanced Analytics,25803.71,EUR,2024-02-22,2025-02-22,Annual,Expired,
S20011,A1349,O11768,Advanced Analytics,12050.0,USD,2024-02-26,2026-02-26,Annual,Expired,
S20012,A1232,O10675,Managed Training,64008.0,USD,2024-02-26,2025-02-26,Annual,Expired,
S20013,A1251,O11235,Managed Training,19552.37,GBP,2024-02-28,2025-02-28,Annual,Expired,
S20014,A1251,O11235,Advanced Analytics,14797.58,GBP,2024-02-28,2025-02-28,Annual,Expired,
S20015,A1039,O12334,API Access,8213.03,USD,2024-03-04,2025-03-04,Monthly,Churned,
S20016,A1039,O12334,Advanced Analytics,12373.05,USD,2024-03-04,2025-03-04,Annual,Expired,
S20017,A1225,O12504,Managed Training,3738.0,USD,2024-03-04,2025-03-04,Annual,Expired,
S20018,A1354,O10870,Advanced Analytics,10626.0,SGD,2024-04-04,2025-04-04,Annual,Expired,
S20019,A1363,O12186,Advanced Analytics,7994.0,EUR,2024-04-07,2027-04-07,Monthly,Active,
S20020,A1354,O10364,Managed Training,8747.75,SGD,2024-04-10,2025-04-10,Annual,Expired,
S20021,A1354,O10364,Core Platform,4984.12,SGD,2024-04-10,2025-04-10,Annual,Churned,
S20022,A1386,O10953,Core Platform,7130.56,GBP,2024-04-12,2026-04-12,Monthly,Expired,
S20023,A1386,O10953,Advanced Analytics,17028.94,GBP,2024-04-12,2025-04-12,Monthly,Churned,
S20024,A1330,O12567,API Access,36666.0,USD,2024-04-13,2025-04-13,Annual,Expired,
S20025,A1336,O11996,API Access,4088.85,SGD,2024-04-14,2025-04-14,Annual,Expired,
S20026,A1336,O11996,Managed Training,4223.27,SGD,2024-04-14,2025-04-14,Quarterly,Expired,
S20027,A1326,O10519,API Access,89334.0,USD,2024-04-15,2025-04-15,Annual,Expired,
S20028,A1372,O11676,Core Platform,39231.97,USD,2024-04-16,2025-04-16,Annual,Expired,
S20029,A1372,O11676,Managed Training,59690.43,USD,2024-04-16,2025-04-16,Quarterly,Expired,
S20030,A1354,O11524,API Access,3234.0,SGD,2024-04-19,2025-04-19,Annual,Expired,
S20031,A1333,O12230,Managed Training,9055.43,USD,2024-04-21,2025-04-21,Annual,Expired,
S20032,A1333,O12230,Core Platform,4752.28,USD,2024-04-21,2026-04-21,Quarterly,Expired,
S20033,A1187,O11760,Advanced Analytics,3257.25,USD,2024-04-21,2026-04-21,Annual,Expired,
S20034,A1187,O11760,API Access,2347.28,USD,2024-04-21,2027-04-21,Annual,Active,
S20035,A1363,O11531,API Access,24906.0,EUR,2024-04-21,2025-04-21,Annual,Expired,
S20036,A1151,O12571,Managed Training,17274.91,SGD,2024-04-24,2025-04-24,Annual,Expired,
S20037,A1151,O12571,Advanced Analytics,13155.43,SGD,2024-04-24,2025-04-24,Annual,Expired,
S20038,A1040,O11812,Managed Training,33138.0,USD,2024-04-27,2025-04-27,Annual,Expired,
S20039,A1087,O10790,Advanced Analytics,39894.69,USD,2024-04-28,2025-04-28,Annual,Expired,
S20040,A1087,O10790,Managed Training,61921.3,USD,2024-04-28,2025-04-28,Annual,Expired,
S20041,A1238,O10137,Managed Training,16300.0,USD,2024-04-29,2025-04-29,Annual,Expired,
S20042,A1303,O12559,API Access,43600.0,USD,2024-04-30,2025-04-30,Annual,Expired,
S20043,A1048,O10556,Managed Training,23395.41,USD,2024-05-01,2025-05-01,Annual,Expired,
S20044,A1048,O10556,API Access,7196.77,USD,2024-05-01,2026-05-01,Annual,Expired,
S20045,A1413,O11642,Advanced Analytics,6132.0,USD,2024-05-02,2025-05-02,Quarterly,Expired,
S20046,A1189,O11485,API Access,19656.0,USD,2024-05-02,2025-05-02,Annual,Expired,
S20047,A1384,O10883,API Access,55255.78,USD,2024-05-03,2025-05-03,Quarterly,Expired,
S20048,A1384,O10883,Managed Training,45356.24,USD,2024-05-03,2025-05-03,Annual,Expired,
S20049,A1196,O11859,Core Platform,56279.86,GBP,2024-05-04,2025-05-04,Annual,Expired,
S20050,A1196,O11859,Advanced Analytics,96809.34,GBP,2024-05-04,2025-05-04,Annual,Expired,
S20051,A1283,O11558,API Access,7644.0,USD,2024-05-04,2025-05-04,Annual,Expired,
S20052,A1082,O12373,API Access,24692.66,BRL,2024-05-10,2025-05-10,Annual,Expired,
S20053,A1082,O12373,Managed Training,34845.78,BRL,2024-05-10,2025-05-10,Annual,Expired,
S20054,A1418,O10188,API Access,9526.93,SGD,2024-05-10,2026-05-10,Annual,Expired,
S20055,A1418,O10188,Core Platform,10182.55,SGD,2024-05-10,2025-05-10,Quarterly,Churned,
S20056,A1264,O12539,Core Platform,21870.12,EUR,2024-05-10,2025-05-10,Annual,Expired,
S20057,A1264,O12539,Advanced Analytics,36812.04,EUR,2024-05-10,2025-05-10,Annual,Expired,
S20058,A1398,O10244,Core Platform,4620.0,EUR,2024-05-13,2025-05-13,Annual,Expired,
S20059,A1074,O11146,Managed Training,27428.0,GBP,2024-05-16,2025-05-16,Annual,Expired,
S20060,A1074,O11146,API Access,17501.17,GBP,2024-05-16,2025-05-16,Annual,Expired,
S20061,A1044,O10615,API Access,10878.0,USD,2024-05-17,2025-05-17,Annual,Expired,
S20062,A1312,O10030,Advanced Analytics,17934.0,EUR,2024-05-18,2025-05-18,Quarterly,Expired,
S20063,A1184,O12554,Advanced Analytics,123755.29,USD,2024-05-22,2025-05-22,Annual,Expired,
S20064,A1184,O12554,Managed Training,86866.54,USD,2024-05-22,2025-05-22,Annual,Expired,
S20065,A1295,O11937,Core Platform,2660.0,USD,2024-05-25,2027-05-25,Annual,Amended,S99050
S20066,A1119,O12182,API Access,51744.0,USD,2024-05-25,2026-05-25,Quarterly,Expired,
S20067,A1355,O11069,Managed Training,6937.54,USD,2024-05-30,2025-05-30,Annual,Expired,
S20068,A1355,O11069,Core Platform,10472.46,USD,2024-05-30,2025-05-30,Annual,Churned,
S20069,A1365,O12202,API Access,7014.0,GBP,2024-06-01,2025-06-01,Annual,Expired,
S20070,A1147,O10220,Core Platform,9408.0,EUR,2024-06-02,2025-06-02,Monthly,Expired,
S20071,A1324,O10879,Managed Training,25788.0,BRL,2024-06-03,2025-06-03,Monthly,Churned,
S20072,A1164,O12403,Advanced Analytics,4230.05,USD,2024-06-04,2027-06-04,Annual,Active,
S20073,A1164,O12403,Core Platform,16573.28,USD,2024-06-04,2025-06-04,Annual,Expired,
S20074,A1222,O10015,Advanced Analytics,44004.9,EUR,2024-06-05,2025-06-05,Quarterly,Expired,
S20075,A1222,O10015,API Access,22914.34,EUR,2024-06-05,2027-06-05,Annual,Active,
S20076,A1222,O11816,Managed Training,25536.0,EUR,2024-06-05,2025-06-05,Annual,Expired,
S20077,A1128,O11009,Core Platform,39389.59,USD,2024-06-06,2025-06-06,Annual,Expired,
S20078,A1128,O11009,Advanced Analytics,20214.97,USD,2024-06-06,2025-06-06,Quarterly,Expired,
S20079,A1212,O11331,API Access,71600.0,USD,2024-06-08,2025-06-08,Annual,Expired,
S20080,A1256,O11508,Managed Training,11605.39,BRL,2024-06-08,2026-06-08,Annual,Expired,
S20081,A1256,O11508,Core Platform,28111.0,BRL,2024-06-08,2025-06-08,Annual,Expired,
S20082,A1385,O12453,Core Platform,6000.0,USD,2024-06-13,2027-06-13,Annual,Active,
S20083,A1147,O11616,Advanced Analytics,5208.0,EUR,2024-06-14,2025-06-14,Annual,Expired,
S20084,A1273,O12286,API Access,23376.63,USD,2024-06-14,2025-06-14,Annual,Expired,
S20085,A1273,O12286,Advanced Analytics,18930.11,USD,2024-06-14,2025-06-14,Annual,Churned,
S20086,A1068,O12385,Core Platform,36587.8,USD,2024-06-14,2026-06-14,Annual,Expired,
S20087,A1068,O12385,API Access,53085.72,USD,2024-06-14,2025-06-14,Quarterly,Expired,
S20088,A1304,O10123,API Access,18018.0,USD,2024-06-16,2025-06-16,Annual,Churned,
S20089,A1403,O12420,Managed Training,9072.0,USD,2024-06-16,2026-06-16,Monthly,Expired,
S20090,A1193,O11434,Managed Training,7365.31,BRL,2024-06-17,2025-06-17,Annual,Expired,
S20091,A1193,O11434,API Access,11118.93,BRL,2024-06-17,2025-06-17,Annual,Expired,
S20092,A1368,O11546,Managed Training,80478.88,USD,2024-06-18,2025-06-18,Annual,Expired,
S20093,A1368,O11546,Core Platform,43794.91,USD,2024-06-18,2025-06-18,Quarterly,Expired,
S20094,A1089,O11019,Managed Training,1281.0,BRL,2024-06-18,2026-06-18,Annual,Expired,
S20095,A1090,O11824,API Access,2670.33,USD,2024-06-19,2025-06-19,Annual,Expired,
S20096,A1090,O11824,Advanced Analytics,3812.97,USD,2024-06-19,2025-06-19,Annual,Churned,
S20097,A1306,O11587,API Access,232033.36,USD,2024-06-20,2025-06-20,Annual,Expired,
S20098,A1306,O11587,Managed Training,153113.03,USD,2024-06-20,2025-06-20,Annual,Expired,
S20099,A1358,O11401,API Access,36655.01,BRL,2024-06-21,2025-06-21,Monthly,Expired,
S20100,A1358,O11401,Managed Training,37691.4,BRL,2024-06-21,2025-06-21,Annual,Expired,
S20101,A1256,O10191,API Access,80850.0,BRL,2024-06-21,2026-06-21,Annual,Expired,
S20102,A1028,O11415,Managed Training,149469.65,USD,2024-06-21,2025-06-21,Annual,Expired,
S20103,A1028,O11415,API Access,74098.87,USD,2024-06-21,2025-06-21,Annual,Expired,
S20104,A1370,O11383,Advanced Analytics,20100.0,USD,2024-06-28,2025-06-28,Annual,Expired,
S20105,A1378,O11227,Core Platform,169000.0,USD,2024-06-29,2025-06-29,Annual,Expired,
S20106,A1089,O12307,Advanced Analytics,1892.29,BRL,2024-06-30,2027-06-30,Annual,Active,
S20107,A1089,O12307,Core Platform,5597.46,BRL,2024-06-30,2025-06-30,Annual,Expired,
S20108,A1229,O11459,Core Platform,74500.0,USD,2024-06-30,2025-06-30,Annual,Expired,
S20109,A1050,O10698,Managed Training,9844.15,EUR,2024-07-01,2025-07-01,Annual,Expired,
S20110,A1050,O10698,Core Platform,7656.84,EUR,2024-07-01,2026-07-01,Annual,Active,
S20111,A1201,O12018,Advanced Analytics,6636.0,EUR,2024-07-02,2025-07-02,Annual,Expired,
S20112,A1362,O11135,Core Platform,33648.65,USD,2024-07-06,2025-07-06,Annual,Expired,
S20113,A1362,O11135,Advanced Analytics,32781.73,USD,2024-07-06,2025-07-06,Annual,Expired,
S20114,A1271,O11888,Managed Training,144258.1,USD,2024-07-06,2025-07-06,Quarterly,Expired,
S20115,A1271,O11888,Advanced Analytics,30308.68,USD,2024-07-06,2027-07-06,Quarterly,Active,
S20116,A1174,O11818,Core Platform,45300.0,USD,2024-07-07,2025-07-07,Annual,Expired,
S20117,A1260,O12148,Core Platform,62800.0,USD,2024-07-07,2025-07-07,Annual,Expired,
S20118,A1419,O11651,Advanced Analytics,3633.0,BRL,2024-07-08,2026-07-08,Annual,Active,
S20119,A1040,O10938,Advanced Analytics,6734.0,USD,2024-07-08,2027-07-08,Annual,Active,
S20120,A1323,O10767,Core Platform,22008.0,SGD,2024-07-09,2025-07-09,Annual,Expired,
S20121,A1335,O12261,Advanced Analytics,159700.0,USD,2024-07-09,2025-07-09,Annual,Expired,
S20122,A1316,O11899,Core Platform,14112.0,USD,2024-07-15,2025-07-15,Annual,Expired,
S20123,A1297,O11834,Advanced Analytics,51954.0,USD,2024-07-16,2025-07-16,Quarterly,Expired,
S20124,A1134,O10927,Core Platform,45754.12,EUR,2024-07-18,2025-07-18,Monthly,Expired,
S20125,A1134,O10927,API Access,54429.89,EUR,2024-07-18,2025-07-18,Annual,Expired,
S20126,A1200,O11901,Core Platform,3587.8,GBP,2024-07-18,2026-07-18,Quarterly,Active,
S20127,A1200,O11901,API Access,9080.28,GBP,2024-07-18,2025-07-18,Quarterly,Expired,
S20128,A1187,O12028,Core Platform,44600.0,USD,2024-07-21,2025-07-21,Annual,Expired,
S20129,A1370,O10540,Core Platform,2310.0,USD,2024-07-21,2025-07-21,Annual,Expired,
S20130,A1270,O11902,Managed Training,46719.5,SGD,2024-07-22,2025-07-22,Monthly,Expired,
S20131,A1270,O11902,API Access,25666.57,SGD,2024-07-22,2025-07-22,Annual,Expired,
S20132,A1307,O12412,Core Platform,198033.15,USD,2024-07-24,2025-07-24,Quarterly,Expired,
S20133,A1307,O12412,Managed Training,289323.73,USD,2024-07-24,2025-07-24,Annual,Expired,
S20134,A1014,O11650,API Access,3301.39,SGD,2024-07-24,2025-07-24,Quarterly,Expired,
S20135,A1014,O11650,Managed Training,3075.04,SGD,2024-07-24,2025-07-24,Quarterly,Expired,
S20136,A1298,O10368,Managed Training,191858.2,BRL,2024-07-26,2025-07-26,Annual,Expired,
S20137,A1298,O10368,Advanced Analytics,108398.0,BRL,2024-07-26,2025-07-26,Annual,Expired,
S20138,A1010,O11949,Advanced Analytics,78569.99,EUR,2024-07-27,2025-07-27,Annual,Expired,
S20139,A1010,O11949,API Access,20967.38,EUR,2024-07-27,2027-07-27,Annual,Active,
S20140,A1062,O12480,Managed Training,17640.66,USD,2024-07-29,2025-07-29,Quarterly,Expired,
S20141,A1062,O12480,Core Platform,8418.28,USD,2024-07-29,2026-07-29,Annual,Active,
S20142,A1170,O11105,Advanced Analytics,114450.0,USD,2024-07-31,2025-07-31,Annual,Expired,
S20143,A1198,O10207,Core Platform,30450.0,USD,2024-08-02,2025-08-02,Annual,Expired,
S20144,A1343,O10521,Advanced Analytics,51345.51,USD,2024-08-04,2026-08-04,Annual,Active,
S20145,A1343,O10521,API Access,62300.25,USD,2024-08-04,2026-08-04,Annual,Active,
S20146,A1207,O11107,Managed Training,11700.0,USD,2024-08-05,2025-08-05,Annual,Expired,
S20147,A1041,O11579,Advanced Analytics,5922.0,USD,2024-08-05,2026-08-05,Annual,Active,
S20148,A1315,O12352,Managed Training,13155.15,USD,2024-08-06,2027-08-06,Monthly,Active,
S20149,A1315,O12352,Advanced Analytics,39771.38,USD,2024-08-06,2025-08-06,Annual,Expired,
S20150,A1166,O10834,Advanced Analytics,44657.59,GBP,2024-08-09,2027-08-09,Annual,Active,
S20151,A1166,O10834,API Access,119774.79,GBP,2024-08-09,2025-08-09,Annual,Churned,
S20152,A1344,O11569,Core Platform,25914.0,USD,2024-08-12,2025-08-12,Annual,Expired,
S20153,A1124,O11232,Managed Training,72850.34,USD,2024-08-13,2025-08-13,Annual,Expired,
S20154,A1124,O11232,Advanced Analytics,87401.92,USD,2024-08-13,2025-08-13,Quarterly,Expired,
S20155,A1159,O10704,Advanced Analytics,146600.0,USD,2024-08-15,2025-08-15,Annual,Expired,
S20156,A1169,O10889,API Access,160000.0,USD,2024-08-15,2025-08-15,Quarterly,Expired,
S20157,A1251,O11714,API Access,4896.79,GBP,2024-08-16,2026-08-16,Monthly,Active,
S20158,A1251,O11714,Core Platform,7530.4,GBP,2024-08-16,2026-08-16,Annual,Active,
S20159,A1022,O11215,API Access,10564.37,EUR,2024-08-17,2025-08-17,Annual,Expired,
S20160,A1022,O11215,Core Platform,10664.2,EUR,2024-08-17,2025-08-17,Annual,Expired,
S20161,A1032,O11150,Advanced Analytics,51321.65,USD,2024-08-21,2025-08-21,Monthly,Expired,
S20162,A1032,O11150,Managed Training,54069.66,USD,2024-08-21,2025-08-21,Annual,Expired,
S20163,A1395,O12467,API Access,11697.57,EUR,2024-08-21,2025-08-21,Annual,Expired,
S20164,A1395,O12467,Managed Training,5751.58,EUR,2024-08-21,2026-08-21,Annual,Active,
S20165,A1221,O11747,API Access,58844.56,GBP,2024-08-27,2025-08-27,Quarterly,Expired,
S20166,A1221,O11747,Core Platform,72830.21,GBP,2024-08-27,2025-08-27,Annual,Churned,
S20167,A1026,O12434,API Access,11424.0,USD,2024-08-27,2025-08-27,Monthly,Expired,
S20168,A1238,O10656,Core Platform,6678.0,USD,2024-08-27,2025-08-27,Quarterly,Expired,
S20169,A1066,O12088,Managed Training,16380.0,USD,2024-08-28,2025-08-28,Monthly,Expired,
S20170,A1276,O10211,API Access,9195.37,EUR,2024-08-31,2025-08-31,Annual,Expired,
S20171,A1276,O10211,Managed Training,4876.93,EUR,2024-08-31,2025-08-31,Quarterly,Expired,
S20172,A1080,O12302,API Access,42546.0,USD,2024-09-01,2025-09-01,Quarterly,Expired,
S20173,A1296,O10649,Advanced Analytics,112032.74,USD,2024-09-03,2025-09-03,Annual,Expired,
S20174,A1296,O10649,Core Platform,137813.66,USD,2024-09-03,2025-09-03,Annual,Expired,
S20175,A1227,O11940,API Access,18850.0,USD,2024-09-05,2026-09-05,Annual,Active,
S20176,A1147,O12393,Managed Training,5541.39,EUR,2024-09-08,2025-09-08,Monthly,Expired,
S20177,A1147,O12393,API Access,7137.82,EUR,2024-09-08,2025-09-08,Monthly,Expired,
S20178,A1108,O12200,Managed Training,5896.09,USD,2024-09-08,2025-09-08,Annual,Expired,
S20179,A1108,O12200,Core Platform,6189.01,USD,2024-09-08,2025-09-08,Annual,Expired,
S20180,A1088,O11029,Advanced Analytics,7150.24,EUR,2024-09-09,2025-09-09,Annual,Expired,
S20181,A1088,O11029,Managed Training,10717.87,EUR,2024-09-09,2025-09-09,Annual,Expired,
S20182,A1208,O12372,Advanced Analytics,22033.73,USD,2024-09-10,2025-09-10,Quarterly,Expired,
S20183,A1208,O12372,API Access,21192.83,USD,2024-09-10,2025-09-10,Annual,Expired,
S20184,A1071,O11202,Core Platform,18291.0,USD,2024-09-10,2026-09-10,Annual,Active,
S20185,A1055,O11264,Advanced Analytics,14742.0,BRL,2024-09-10,2025-09-10,Annual,Expired,
S20186,A1416,O11584,Advanced Analytics,35396.0,SGD,2024-09-11,2025-09-11,Annual,Churned,
S20187,A1416,O11584,Core Platform,10811.44,SGD,2024-09-11,2026-09-11,Monthly,Active,
S20188,A1040,O10416,Core Platform,50274.0,USD,2024-09-11,2025-09-11,Annual,Expired,
S20189,A1308,O12502,Managed Training,54200.0,BRL,2024-09-13,2025-09-13,Annual,Expired,
S20190,A1033,O11294,Advanced Analytics,77500.0,USD,2024-09-13,2025-09-13,Annual,Expired,
S20191,A1043,O10229,Core Platform,9000.0,EUR,2024-09-16,2025-09-16,Annual,Expired,
S20192,A1303,O10479,Core Platform,38184.61,USD,2024-09-20,2025-09-20,Quarterly,Expired,
S20193,A1303,O10479,Advanced Analytics,28788.56,USD,2024-09-20,2026-09-20,Annual,Active,
S20194,A1375,O11026,API Access,215409.95,EUR,2024-09-21,2025-09-21,Monthly,Expired,
S20195,A1375,O11026,Core Platform,204161.84,EUR,2024-09-21,2025-09-21,Quarterly,Expired,
S20196,A1029,O12285,Core Platform,145362.0,GBP,2024-09-22,2025-09-22,Annual,Expired,
S20197,A1353,O12008,Advanced Analytics,202000.0,GBP,2024-09-22,2025-09-22,Quarterly,Expired,
S20198,A1419,O11848,API Access,4895.27,BRL,2024-09-22,2025-09-22,Annual,Expired,
S20199,A1419,O11848,Core Platform,6577.63,BRL,2024-09-22,2025-09-22,Annual,Expired,
S20200,A1326,O10755,Advanced Analytics,152298.58,USD,2024-09-23,2025-09-23,Annual,Expired,
S20201,A1326,O10755,Core Platform,68256.6,USD,2024-09-23,2026-09-23,Annual,Amended,S99037
S20202,A1343,O10340,Managed Training,65105.22,USD,2024-09-24,2025-09-24,Annual,Expired,
S20203,A1343,O10340,Core Platform,53243.71,USD,2024-09-24,2026-09-24,Annual,Active,
S20204,A1224,O11743,Advanced Analytics,9303.0,USD,2024-09-25,2026-09-25,Annual,Active,
S20205,A1119,O11725,Core Platform,238700.0,USD,2024-09-29,2025-09-29,Annual,Expired,
S20206,A1231,O12543,API Access,322182.0,BRL,2024-09-30,2025-09-30,Annual,Churned,
S20207,A1217,O12161,Managed Training,3009.25,USD,2024-10-02,2025-10-02,Annual,Expired,
S20208,A1217,O12161,API Access,3900.21,USD,2024-10-02,2025-10-02,Annual,Expired,
S20209,A1027,O10216,API Access,11312.0,USD,2024-10-03,2027-10-03,Monthly,Active,
S20210,A1028,O10621,Advanced Analytics,70619.04,USD,2024-10-04,2025-10-04,Annual,Expired,
S20211,A1028,O10621,Core Platform,54413.27,USD,2024-10-04,2025-10-04,Monthly,Expired,
S20212,A1245,O10671,Core Platform,9954.0,EUR,2024-10-08,2025-10-08,Annual,Expired,
S20213,A1386,O11065,Managed Training,36000.0,GBP,2024-10-08,2025-10-08,Annual,Expired,
S20214,A1080,O11966,Managed Training,44531.67,USD,2024-10-09,2026-10-09,Annual,Active,
S20215,A1080,O11966,Advanced Analytics,87013.26,USD,2024-10-09,2025-10-09,Annual,Expired,
S20216,A1038,O12038,Core Platform,10646.47,USD,2024-10-12,2025-10-12,Annual,Churned,
S20217,A1038,O12038,API Access,15234.53,USD,2024-10-12,2025-10-12,Annual,Churned,
S20218,A1206,O11512,Core Platform,70076.09,USD,2024-10-12,2025-10-12,Annual,Expired,
S20219,A1206,O11512,Advanced Analytics,94645.92,USD,2024-10-12,2025-10-12,Quarterly,Expired,
S20220,A1319,O11139,Managed Training,33713.08,USD,2024-10-13,2025-10-13,Monthly,Expired,
S20221,A1319,O11139,Advanced Analytics,23777.55,USD,2024-10-13,2025-10-13,Annual,Expired,
S20222,A1019,O12474,Managed Training,10800.0,USD,2024-10-15,2025-10-15,Annual,Expired,
S20223,A1131,O12238,Core Platform,40666.87,USD,2024-10-16,2027-10-16,Annual,Active,
S20224,A1131,O12238,Managed Training,106871.68,USD,2024-10-16,2025-10-16,Annual,Expired,
S20225,A1123,O11573,Core Platform,17178.0,GBP,2024-10-17,2025-10-17,Monthly,Expired,
S20226,A1098,O11424,Advanced Analytics,494600.0,USD,2024-10-20,2025-10-20,Annual,Expired,
S20227,A1337,O12050,Advanced Analytics,132804.0,USD,2024-10-20,2025-10-20,Annual,Expired,
S20228,A1060,O12209,Core Platform,40330.24,USD,2024-10-25,2025-10-25,Quarterly,Expired,
S20229,A1060,O12209,Managed Training,34286.98,USD,2024-10-25,2025-10-25,Quarterly,Expired,
S20230,A1297,O11064,API Access,131400.0,USD,2024-10-26,2025-10-26,Quarterly,Expired,
S20231,A1263,O11726,Advanced Analytics,83685.45,USD,2024-10-27,2026-10-27,Annual,Active,
S20232,A1263,O11726,API Access,154309.11,USD,2024-10-27,2025-10-27,Annual,Expired,
S20233,A1372,O12516,Advanced Analytics,58145.0,USD,2024-10-30,2025-10-30,Annual,Churned,
S20234,A1372,O12516,API Access,69761.94,USD,2024-10-30,2025-10-30,Annual,Churned,
S20235,A1150,O10903,API Access,93831.72,EUR,2024-10-31,2025-10-31,Annual,Expired,
S20236,A1150,O10903,Advanced Analytics,147815.39,EUR,2024-10-31,2025-10-31,Annual,Expired,
S20237,A1330,O10193,Advanced Analytics,170500.0,USD,2024-11-01,2025-11-01,Annual,Expired,
S20238,A1193,O10164,Advanced Analytics,31900.0,BRL,2024-11-02,2025-11-02,Annual,Expired,
S20239,A1221,O10577,Advanced Analytics,78643.26,GBP,2024-11-03,2025-11-03,Annual,Churned,
S20240,A1221,O10577,Managed Training,79088.49,GBP,2024-11-03,2025-11-03,Monthly,Expired,
S20241,A1179,O10075,API Access,54243.27,USD,2024-11-04,2025-11-04,Quarterly,Churned,
S20242,A1179,O10075,Managed Training,89052.9,USD,2024-11-04,2025-11-04,Annual,Expired,
S20243,A1404,O12194,API Access,190500.0,USD,2024-11-07,2025-11-07,Annual,Expired,
S20244,A1188,O12490,Core Platform,226924.68,USD,2024-11-07,2025-11-07,Annual,Expired,
S20245,A1188,O12490,API Access,188478.88,USD,2024-11-07,2025-11-07,Annual,Expired,
S20246,A1097,O12498,Managed Training,4485.75,USD,2024-11-12,2025-11-12,Annual,Expired,
S20247,A1097,O12498,Advanced Analytics,5439.71,USD,2024-11-12,2025-11-12,Annual,Expired,
S20248,A1246,O12550,Managed Training,48296.68,EUR,2024-11-14,2025-11-14,Annual,Churned,
S20249,A1246,O12550,Advanced Analytics,86063.22,EUR,2024-11-14,2025-11-14,Annual,Expired,
S20250,A1399,O11062,API Access,8610.0,USD,2024-11-17,2025-11-17,Annual,Expired,
S20251,A1240,O10968,API Access,6735.95,USD,2024-11-18,2025-11-18,Quarterly,Expired,
S20252,A1240,O10968,Core Platform,5850.21,USD,2024-11-18,2025-11-18,Annual,Churned,
S20253,A1123,O11122,Advanced Analytics,9618.0,GBP,2024-11-20,2025-11-20,Quarterly,Expired,
S20254,A1031,O11735,Managed Training,5628.0,GBP,2024-11-20,2025-11-20,Annual,Expired,
S20255,A1156,O11112,Core Platform,129760.48,USD,2024-11-20,2025-11-20,Annual,Expired,
S20256,A1156,O11112,API Access,68866.88,USD,2024-11-20,2026-11-20,Annual,Active,
S20257,A1278,O10740,API Access,5152.0,SGD,2024-11-22,2027-11-22,Annual,Active,
S20258,A1314,O11495,API Access,95800.0,USD,2024-11-25,2025-11-25,Annual,Expired,
S20259,A1143,O11385,API Access,140070.0,USD,2024-11-27,2025-11-27,Quarterly,Expired,
S20260,A1186,O12520,Advanced Analytics,22036.21,USD,2024-11-27,2025-11-27,Annual,Expired,
S20261,A1186,O12520,API Access,20506.9,USD,2024-11-27,2025-11-27,Annual,Expired,
S20262,A1224,O11557,Core Platform,20600.0,USD,2024-11-28,2025-11-28,Annual,Expired,
S20263,A1189,O10010,Advanced Analytics,65300.0,USD,2024-11-28,2025-11-28,Quarterly,Expired,
S20264,A1235,O11004,Core Platform,12900.0,BRL,2024-11-30,2025-11-30,Quarterly,Expired,
S20265,A1128,O12395,API Access,23794.65,USD,2024-11-30,2025-11-30,Annual,Expired,
S20266,A1128,O12395,Managed Training,29208.35,USD,2024-11-30,2025-11-30,Annual,Expired,
S20267,A1397,O11865,API Access,13297.36,USD,2024-12-01,2025-12-01,Annual,Expired,
S20268,A1397,O11865,Core Platform,7111.73,USD,2024-12-01,2026-12-01,Annual,Active,
S20269,A1202,O12193,Core Platform,185243.88,USD,2024-12-03,2026-12-03,Quarterly,Active,
S20270,A1202,O12193,API Access,192635.58,USD,2024-12-03,2025-12-03,Quarterly,Expired,
S20271,A1245,O11239,API Access,3486.0,EUR,2024-12-06,2025-12-06,Quarterly,Expired,
S20272,A1184,O12564,API Access,60522.0,USD,2024-12-06,2025-12-06,Annual,Expired,
S20273,A1000,O10382,Core Platform,26964.0,USD,2024-12-07,2025-12-07,Annual,Expired,
S20274,A1154,O10493,API Access,11968.18,GBP,2024-12-08,2025-12-08,Quarterly,Expired,
S20275,A1154,O10493,Managed Training,15943.58,GBP,2024-12-08,2025-12-08,Annual,Expired,
S20276,A1245,O12592,Advanced Analytics,9021.72,EUR,2024-12-11,2025-12-11,Annual,Churned,
S20277,A1245,O12592,Managed Training,7631.53,EUR,2024-12-11,2025-12-11,Annual,Expired,
S20278,A1017,O10262,API Access,8600.0,EUR,2024-12-11,2025-12-11,Quarterly,Expired,
S20279,A1195,O11208,Core Platform,108234.0,USD,2024-12-12,2025-12-12,Quarterly,Churned,
S20280,A1052,O11736,API Access,75800.0,USD,2024-12-13,2025-12-13,Quarterly,Expired,
S20281,A1170,O12040,Core Platform,35078.03,USD,2024-12-18,2025-12-18,Quarterly,Expired,
S20282,A1170,O12040,API Access,48469.88,USD,2024-12-18,2025-12-18,Annual,Churned,
S20283,A1349,O11057,Core Platform,30400.0,USD,2024-12-18,2025-12-18,Annual,Churned,
S20284,A1136,O11204,Managed Training,12400.0,USD,2024-12-18,2025-12-18,Annual,Expired,
S20285,A1400,O12248,Core Platform,122379.13,USD,2024-12-20,2025-12-20,Annual,Expired,
S20286,A1400,O12248,API Access,67320.79,USD,2024-12-20,2025-12-20,Annual,Expired,
S20287,A1310,O12473,Core Platform,14448.0,USD,2024-12-20,2025-12-20,Annual,Expired,
S20288,A1361,O11666,API Access,8452.3,USD,2024-12-22,2025-12-22,Annual,Expired,
S20289,A1361,O11666,Managed Training,2522.14,USD,2024-12-22,2027-12-22,Annual,Active,
S20290,A1035,O11588,Managed Training,54437.35,USD,2024-12-22,2025-12-22,Annual,Expired,
S20291,A1035,O11588,Advanced Analytics,100674.48,USD,2024-12-22,2025-12-22,Annual,Expired,
S20292,A1195,O11505,Advanced Analytics,155700.0,USD,2024-12-23,2025-12-23,Annual,Expired,
S20293,A1248,O11608,Core Platform,65940.0,USD,2024-12-26,2026-12-26,Annual,Active,
S20294,A1236,O12445,API Access,8100.0,USD,2024-12-27,2025-12-27,Quarterly,Expired,
S20295,A1213,O10066,Advanced Analytics,135802.01,USD,2024-12-31,2025-12-31,Annual,Churned,
S20296,A1213,O10066,Managed Training,78954.71,USD,2024-12-31,2026-12-31,Annual,Active,
S20297,A1266,O11534,Core Platform,42141.01,USD,2025-01-01,2026-01-01,Annual,Expired,
S20298,A1266,O11534,API Access,44303.24,USD,2025-01-01,2026-01-01,Annual,Churned,
S20299,A1142,O12081,Managed Training,86289.0,USD,2025-01-02,2027-01-02,Quarterly,Active,
S20300,A1279,O10691,Managed Training,10542.0,USD,2025-01-02,2027-01-02,Annual,Active,
S20301,A1206,O11197,Managed Training,45422.61,USD,2025-01-05,2026-01-05,Annual,Expired,
S20302,A1206,O11197,API Access,48070.12,USD,2025-01-05,2026-01-05,Annual,Expired,
S20303,A1102,O10343,Managed Training,52823.33,USD,2025-01-06,2026-01-06,Monthly,Expired,
S20304,A1102,O10343,Core Platform,22277.73,USD,2025-01-06,2027-01-06,Annual,Active,
S20305,A1040,O11555,API Access,30996.0,USD,2025-01-07,2026-01-07,Annual,Churned,
S20306,A1323,O10993,API Access,14700.0,SGD,2025-01-07,2028-01-07,Annual,Active,
S20307,A1211,O12493,Core Platform,2456.44,BRL,2025-01-14,2026-01-14,Quarterly,Expired,
S20308,A1211,O12493,Advanced Analytics,1688.01,BRL,2025-01-14,2026-01-14,Annual,Expired,
S20309,A1346,O11507,Advanced Analytics,15418.8,USD,2025-01-17,2027-01-17,Quarterly,Active,
S20310,A1346,O11507,API Access,24027.9,USD,2025-01-17,2026-01-17,Annual,Expired,
S20311,A1024,O12092,Advanced Analytics,86224.28,USD,2025-01-18,2026-01-18,Annual,Expired,
S20312,A1024,O12092,Core Platform,84352.99,USD,2025-01-18,2026-01-18,Annual,Expired,
S20313,A1282,O10023,API Access,24570.0,USD,2025-01-19,2028-01-19,Quarterly,Active,
S20314,A1204,O12523,API Access,18732.0,USD,2025-01-21,2026-01-21,Monthly,Expired,
S20315,A1279,O11741,API Access,14700.0,USD,2025-01-26,2026-01-26,Annual,Expired,
S20316,A1392,O11640,Core Platform,7458.08,EUR,2025-01-27,2026-01-27,Annual,Expired,
S20317,A1392,O11640,Advanced Analytics,5726.87,EUR,2025-01-27,2026-01-27,Annual,Expired,
S20318,A1233,O10874,Core Platform,22344.0,USD,2025-01-30,2026-01-30,Annual,Expired,
S20319,A1236,O11154,Core Platform,13119.79,USD,2025-01-31,2026-01-31,Annual,Expired,
S20320,A1236,O11154,Advanced Analytics,17877.84,USD,2025-01-31,2026-01-31,Annual,Expired,
S20321,A1274,O11893,Core Platform,49589.45,EUR,2025-02-04,2028-02-04,Annual,Active,
S20322,A1274,O11893,Managed Training,84223.19,EUR,2025-02-04,2026-02-04,Annual,Expired,
S20323,A1344,O11615,API Access,12545.81,USD,2025-02-07,2026-02-07,Quarterly,Expired,
S20324,A1344,O11615,Advanced Analytics,17359.51,USD,2025-02-07,2026-02-07,Quarterly,Expired,
S20325,A1121,O11410,Advanced Analytics,21462.0,USD,2025-02-14,2027-02-14,Annual,Active,
S20326,A1366,O10810,Core Platform,9278.64,USD,2025-02-15,2028-02-15,Annual,Active,
S20327,A1366,O10810,Advanced Analytics,33228.37,USD,2025-02-15,2026-02-15,Quarterly,Expired,
S20328,A1410,O10242,Managed Training,98600.0,USD,2025-02-17,2026-02-17,Annual,Expired,
S20329,A1087,O11228,Core Platform,8855.13,USD,2025-02-18,2026-02-18,Annual,Expired,
S20330,A1087,O11228,API Access,5090.96,USD,2025-02-18,2026-02-18,Quarterly,Expired,
S20331,A1072,O11950,Core Platform,1952.34,GBP,2025-02-19,2028-02-19,Quarterly,Active,
S20332,A1072,O11950,Advanced Analytics,11340.75,GBP,2025-02-19,2026-02-19,Annual,Expired,
S20333,A1136,O10867,Advanced Analytics,17500.0,USD,2025-02-21,2026-02-21,Annual,Expired,
S20334,A1286,O11021,Core Platform,27000.0,USD,2025-02-23,2026-02-23,Annual,Expired,
S20335,A1026,O10293,Core Platform,3733.33,USD,2025-02-24,2028-02-24,Annual,Active,
S20336,A1078,O11423,Core Platform,23688.0,USD,2025-02-24,2026-02-24,Annual,Expired,
S20337,A1209,O10611,API Access,29699.29,GBP,2025-02-25,2026-02-25,Monthly,Expired,
S20338,A1209,O10611,Core Platform,27083.0,GBP,2025-02-25,2026-02-25,Annual,Expired,
S20339,A1225,O11392,Advanced Analytics,11004.0,USD,2025-02-25,2026-02-25,Annual,Expired,
S20340,A1414,O11907,Advanced Analytics,25065.68,USD,2025-03-01,2027-03-01,Quarterly,Active,
S20341,A1414,O11907,API Access,31528.02,USD,2025-03-01,2027-03-01,Annual,Active,
S20342,A1130,O12407,Advanced Analytics,303925.83,USD,2025-03-07,2026-03-07,Quarterly,Expired,
S20343,A1130,O12407,Managed Training,172197.89,USD,2025-03-07,2026-03-07,Annual,Expired,
S20344,A1251,O10322,Advanced Analytics,19600.0,GBP,2025-03-07,2026-03-07,Annual,Expired,
S20345,A1414,O11170,Core Platform,28062.07,USD,2025-03-08,2026-03-08,Annual,Expired,
S20346,A1414,O11170,Managed Training,25348.37,USD,2025-03-08,2026-03-08,Annual,Expired,
S20347,A1417,O10324,Managed Training,156633.33,USD,2025-03-09,2028-03-09,Quarterly,Active,
S20348,A1357,O12301,Advanced Analytics,23184.0,GBP,2025-03-09,2026-03-09,Annual,Expired,
S20349,A1237,O10466,Advanced Analytics,19336.87,SGD,2025-03-09,2027-03-09,Annual,Active,
S20350,A1237,O10466,Managed Training,37142.1,SGD,2025-03-09,2026-03-09,Annual,Expired,
S20351,A1089,O10629,API Access,12700.0,BRL,2025-03-11,2026-03-11,Annual,Expired,
S20352,A1088,O12005,API Access,25700.0,EUR,2025-03-13,2026-03-13,Annual,Expired,
S20353,A1178,O12160,API Access,25830.0,USD,2025-03-14,2026-03-14,Annual,Expired,
S20354,A1009,O12563,API Access,16569.0,USD,2025-03-18,2027-03-18,Annual,Active,
S20355,A1134,O11120,Advanced Analytics,32319.0,EUR,2025-03-19,2027-03-19,Quarterly,Active,
S20356,A1084,O11195,Core Platform,35400.0,USD,2025-03-19,2026-03-19,Monthly,Expired,
S20357,A1320,O10232,Advanced Analytics,39800.0,USD,2025-03-23,2027-03-23,Annual,Active,
S20358,A1359,O10614,API Access,1605.34,EUR,2025-03-23,2028-03-23,Annual,Active,
S20359,A1359,O10614,Managed Training,7598.8,EUR,2025-03-23,2026-03-23,Annual,Expired,
S20360,A1233,O11964,Advanced Analytics,19123.31,USD,2025-03-25,2028-03-25,Annual,Active,
S20361,A1233,O11964,Managed Training,56594.57,USD,2025-03-25,2026-03-25,Annual,Churned,
S20362,A1302,O11044,Advanced Analytics,18864.67,EUR,2025-03-27,2026-03-27,Annual,Expired,
S20363,A1302,O11044,API Access,4818.47,EUR,2025-03-27,2027-03-27,Annual,Amended,S99008
S20364,A1183,O10803,API Access,25638.38,GBP,2025-03-27,2026-03-27,Quarterly,Expired,
S20365,A1183,O10803,Advanced Analytics,32265.27,GBP,2025-03-27,2026-03-27,Quarterly,Churned,
S20366,A1133,O10143,Advanced Analytics,121600.0,BRL,2025-03-28,2026-03-28,Annual,Churned,
S20367,A1202,O11769,Managed Training,22302.0,USD,2025-04-03,2027-04-03,Annual,Active,
S20368,A1233,O11763,API Access,36900.0,USD,2025-04-05,2027-04-05,Annual,Active,
S20369,A1370,O11010,API Access,21800.0,USD,2025-04-05,2026-04-05,Monthly,Expired,
S20370,A1148,O12431,API Access,6042.82,USD,2025-04-06,2026-04-06,Quarterly,Churned,
S20371,A1148,O12431,Managed Training,6045.85,USD,2025-04-06,2026-04-06,Monthly,Churned,
S20372,A1031,O11809,Core Platform,18448.79,GBP,2025-04-09,2026-04-09,Annual,Expired,
S20373,A1031,O11809,Advanced Analytics,25516.53,GBP,2025-04-09,2026-04-09,Annual,Expired,
S20374,A1066,O11483,Core Platform,34501.07,USD,2025-04-10,2026-04-10,Quarterly,Expired,
S20375,A1066,O11483,Advanced Analytics,61095.57,USD,2025-04-10,2026-04-10,Annual,Expired,
S20376,A1416,O12503,Managed Training,20608.72,SGD,2025-04-12,2026-04-12,Annual,Expired,
S20377,A1416,O12503,API Access,18321.77,SGD,2025-04-12,2026-04-12,Annual,Expired,
S20378,A1057,O10937,Core Platform,153174.0,USD,2025-04-12,2026-04-12,Annual,Expired,
S20379,A1322,O10500,Advanced Analytics,2156.13,USD,2025-04-13,2027-04-13,Annual,Active,
S20380,A1322,O10500,API Access,2510.31,USD,2025-04-13,2028-04-13,Annual,Active,
S20381,A1137,O10338,Core Platform,90066.67,USD,2025-04-13,2028-04-13,Quarterly,Active,
S20382,A1356,O11113,Managed Training,172000.0,BRL,2025-04-14,2026-04-14,Annual,Expired,
S20383,A1401,O12233,Core Platform,8200.0,BRL,2025-04-14,2026-04-14,Annual,Expired,
S20384,A1289,O11241,Advanced Analytics,5772.71,GBP,2025-04-14,2026-04-14,Quarterly,Expired,
S20385,A1289,O11241,Managed Training,5810.93,GBP,2025-04-14,2026-04-14,Annual,Expired,
S20386,A1104,O10234,Advanced Analytics,5688.15,USD,2025-04-14,2026-04-14,Annual,Expired,
S20387,A1104,O10234,Managed Training,3504.29,USD,2025-04-14,2026-04-14,Annual,Expired,
S20388,A1196,O10820,API Access,171429.66,GBP,2025-04-16,2026-04-16,Annual,Churned,
S20389,A1196,O10820,Managed Training,159289.58,GBP,2025-04-16,2026-04-16,Quarterly,Expired,
S20390,A1099,O10987,Managed Training,272799.96,EUR,2025-04-17,2026-04-17,Monthly,Expired,
S20391,A1099,O10987,API Access,137431.65,EUR,2025-04-17,2026-04-17,Annual,Expired,
S20392,A1031,O10217,API Access,166100.0,GBP,2025-04-18,2026-04-18,Annual,Expired,
S20393,A1037,O10122,Core Platform,26881.53,USD,2025-04-18,2026-04-18,Annual,Expired,
S20394,A1037,O10122,Managed Training,30416.3,USD,2025-04-18,2026-04-18,Annual,Expired,
S20395,A1144,O11472,Core Platform,1920.81,USD,2025-04-19,2027-04-19,Annual,Active,
S20396,A1144,O11472,API Access,3778.04,USD,2025-04-19,2026-04-19,Annual,Expired,
S20397,A1219,O10605,API Access,11634.86,USD,2025-04-20,2026-04-20,Monthly,Churned,
S20398,A1219,O10605,Advanced Analytics,12663.81,USD,2025-04-20,2026-04-20,Quarterly,Expired,
S20399,A1319,O10758,API Access,166100.0,USD,2025-04-22,2026-04-22,Annual,Expired,
S20400,A1228,O12012,Managed Training,16519.07,USD,2025-04-22,2026-04-22,Annual,Expired,
S20401,A1228,O12012,Advanced Analytics,8640.38,USD,2025-04-22,2026-04-22,Annual,Expired,
S20402,A1198,O10872,API Access,29757.0,USD,2025-04-24,2027-04-24,Quarterly,Active,
S20403,A1329,O12031,Core Platform,114030.0,USD,2025-04-24,2026-04-24,Annual,Expired,
S20404,A1154,O10687,Core Platform,37800.0,GBP,2025-04-26,2026-04-26,Annual,Expired,
S20405,A1175,O12394,Core Platform,3562.17,USD,2025-04-26,2026-04-26,Annual,Expired,
S20406,A1175,O12394,API Access,3344.38,USD,2025-04-26,2026-04-26,Quarterly,Expired,
S20407,A1041,O11148,Core Platform,5589.46,USD,2025-04-26,2026-04-26,Monthly,Expired,
S20408,A1041,O11148,API Access,3695.54,USD,2025-04-26,2026-04-26,Quarterly,Expired,
S20409,A1009,O12391,Core Platform,545100.0,USD,2025-04-29,2026-04-29,Monthly,Churned,
S20410,A1067,O12522,Managed Training,7048.23,USD,2025-05-01,2027-05-01,Annual,Active,
S20411,A1067,O12522,Advanced Analytics,8653.14,USD,2025-05-01,2026-05-01,Annual,Expired,
S20412,A1303,O10688,API Access,21866.43,USD,2025-05-02,2026-05-02,Quarterly,Expired,
S20413,A1303,O10688,Managed Training,16766.48,USD,2025-05-02,2026-05-02,Annual,Expired,
S20414,A1151,O12594,Advanced Analytics,39681.95,SGD,2025-05-03,2026-05-03,Quarterly,Expired,
S20415,A1151,O12594,API Access,22070.65,SGD,2025-05-03,2026-05-03,Annual,Expired,
S20416,A1244,O12251,Core Platform,9053.73,USD,2025-05-03,2026-05-03,Annual,Expired,
S20417,A1244,O12251,Managed Training,6364.36,USD,2025-05-03,2027-05-03,Quarterly,Active,
S20418,A1399,O12447,Advanced Analytics,5901.0,USD,2025-05-04,2027-05-04,Annual,Active,
S20419,A1401,O12427,API Access,1270.09,BRL,2025-05-05,2028-05-05,Annual,Active,
S20420,A1401,O12427,Advanced Analytics,3554.29,BRL,2025-05-05,2026-05-05,Annual,Expired,
S20421,A1166,O10284,Managed Training,92080.95,GBP,2025-05-06,2026-05-06,Monthly,Expired,
S20422,A1166,O10284,Core Platform,68509.26,GBP,2025-05-06,2027-05-06,Annual,Active,
S20423,A1124,O11088,Core Platform,49634.77,USD,2025-05-07,2026-05-07,Annual,Expired,
S20424,A1124,O11088,API Access,30745.57,USD,2025-05-07,2026-05-07,Annual,Expired,
S20425,A1070,O11301,Managed Training,6482.0,USD,2025-05-09,2028-05-09,Annual,Active,
S20426,A1077,O11686,Core Platform,87800.0,USD,2025-05-09,2026-05-09,Annual,Expired,
S20427,A1211,O11644,API Access,3901.19,BRL,2025-05-11,2027-05-11,Annual,Active,
S20428,A1211,O11644,Managed Training,2324.22,BRL,2025-05-11,2027-05-11,Quarterly,Active,
S20429,A1412,O10859,Advanced Analytics,246695.95,EUR,2025-05-12,2026-05-12,Quarterly,Expired,
S20430,A1412,O10859,Core Platform,145577.67,EUR,2025-05-12,2026-05-12,Quarterly,Churned,
S20431,A1315,O12269,API Access,105721.27,USD,2025-05-20,2027-05-20,Annual,Active,
S20432,A1315,O12269,Core Platform,262002.07,USD,2025-05-20,2026-05-20,Monthly,Expired,
S20433,A1261,O11123,Advanced Analytics,22873.91,USD,2025-05-20,2027-05-20,Annual,Active,
S20434,A1261,O11123,Managed Training,50359.37,USD,2025-05-20,2026-05-20,Annual,Expired,
S20435,A1415,O11526,Core Platform,10689.0,USD,2025-05-21,2027-05-21,Quarterly,Active,
S20436,A1354,O11286,Managed Training,6762.0,SGD,2025-05-21,2026-05-21,Monthly,Expired,
S20437,A1117,O10291,Advanced Analytics,6261.63,USD,2025-05-21,2026-05-21,Annual,Expired,
S20438,A1117,O10291,Managed Training,4034.76,USD,2025-05-21,2026-05-21,Quarterly,Expired,
S20439,A1081,O12444,Core Platform,13692.0,USD,2025-05-24,2027-05-24,Annual,Active,
S20440,A1051,O12030,Managed Training,21691.94,USD,2025-05-25,2027-05-25,Monthly,Active,
S20441,A1051,O12030,Core Platform,46928.72,USD,2025-05-25,2026-05-25,Monthly,Churned,
S20442,A1052,O10588,Managed Training,25700.0,USD,2025-05-28,2026-05-28,Annual,Expired,
S20443,A1014,O10789,Core Platform,2646.0,SGD,2025-05-29,2027-05-29,Quarterly,Active,
S20444,A1219,O11771,Core Platform,28838.47,USD,2025-05-31,2026-05-31,Annual,Expired,
S20445,A1219,O11771,Managed Training,25336.96,USD,2025-05-31,2026-05-31,Annual,Expired,
S20446,A1306,O11103,Advanced Analytics,154872.62,USD,2025-06-02,2026-06-02,Annual,Expired,
S20447,A1306,O11103,Core Platform,47346.93,USD,2025-06-02,2027-06-02,Annual,Active,
S20448,A1046,O10587,API Access,16727.53,USD,2025-06-15,2026-06-15,Annual,Expired,
S20449,A1046,O10587,Managed Training,7478.69,USD,2025-06-15,2028-06-15,Annual,Active,
S20450,A1394,O12591,Advanced Analytics,13876.77,USD,2025-06-16,2026-06-16,Annual,Expired,
S20451,A1394,O12591,Managed Training,22169.98,USD,2025-06-16,2026-06-16,Annual,Expired,
S20452,A1349,O12568,Managed Training,4202.42,USD,2025-06-16,2027-06-16,Quarterly,Active,
S20453,A1349,O12568,API Access,14052.58,USD,2025-06-16,2026-06-16,Quarterly,Expired,
S20454,A1136,O11683,API Access,5138.0,USD,2025-06-17,2028-06-17,Annual,Active,
S20455,A1407,O11552,Managed Training,6692.0,BRL,2025-06-18,2028-06-18,Monthly,Active,
S20456,A1210,O12576,Advanced Analytics,9786.0,GBP,2025-06-18,2026-06-18,Annual,Expired,
S20457,A1293,O12457,Core Platform,46221.77,BRL,2025-06-18,2026-06-18,Annual,Expired,
S20458,A1293,O12457,API Access,88669.11,BRL,2025-06-18,2026-06-18,Monthly,Expired,
S20459,A1286,O10695,Advanced Analytics,278800.0,USD,2025-06-20,2026-06-20,Annual,Expired,
S20460,A1053,O11296,API Access,3851.07,USD,2025-06-21,2026-06-21,Annual,Expired,
S20461,A1053,O11296,Managed Training,3523.29,USD,2025-06-21,2026-06-21,Annual,Churned,
S20462,A1111,O10983,Advanced Analytics,355152.0,EUR,2025-06-21,2026-06-21,Monthly,Expired,
S20463,A1064,O12273,Advanced Analytics,20300.0,USD,2025-06-21,2026-06-21,Quarterly,Expired,
S20464,A1312,O10009,Core Platform,39732.0,EUR,2025-06-22,2026-06-22,Annual,Expired,
S20465,A1399,O11456,Core Platform,9315.28,USD,2025-06-22,2026-06-22,Annual,Expired,
S20466,A1399,O11456,Managed Training,11382.22,USD,2025-06-22,2026-06-22,Annual,Expired,
S20467,A1133,O11386,Managed Training,17515.95,BRL,2025-06-23,2026-06-23,Quarterly,Expired,
S20468,A1133,O11386,API Access,22048.88,BRL,2025-06-23,2026-06-23,Annual,Expired,
S20469,A1087,O11589,Managed Training,74170.59,USD,2025-06-25,2026-06-25,Annual,Churned,
S20470,A1087,O11589,Advanced Analytics,100162.02,USD,2025-06-25,2026-06-25,Annual,Expired,
S20471,A1157,O11934,Core Platform,2018.28,EUR,2025-06-25,2027-06-25,Annual,Active,
S20472,A1157,O11934,API Access,1926.92,EUR,2025-06-25,2026-06-25,Monthly,Expired,
S20473,A1385,O10574,Managed Training,6477.0,USD,2025-06-25,2026-06-25,Annual,Expired,
S20474,A1385,O10574,Advanced Analytics,6444.76,USD,2025-06-25,2026-06-25,Annual,Expired,
S20475,A1195,O12007,Managed Training,56078.3,USD,2025-06-30,2026-06-30,Annual,Expired,
S20476,A1195,O12007,API Access,64349.07,USD,2025-06-30,2026-06-30,Annual,Churned,
S20477,A1305,O12033,API Access,78500.0,USD,2025-07-01,2026-07-01,Quarterly,Amended,S99021
S20478,A1016,O10631,Advanced Analytics,65200.0,BRL,2025-07-01,2026-07-01,Annual,Active,
S20479,A1111,O11609,API Access,35068.27,EUR,2025-07-01,2026-07-01,Quarterly,Active,
S20480,A1111,O11609,Managed Training,76132.3,EUR,2025-07-01,2026-07-01,Annual,Active,
S20481,A1396,O10100,Advanced Analytics,16589.75,USD,2025-07-02,2026-07-02,Annual,Active,
S20482,A1396,O10100,API Access,6475.65,USD,2025-07-02,2027-07-02,Quarterly,Active,
S20483,A1093,O10442,Core Platform,3780.0,USD,2025-07-03,2026-07-03,Annual,Active,
S20484,A1125,O12224,API Access,15120.0,USD,2025-07-05,2026-07-05,Annual,Active,
S20485,A1366,O10884,API Access,21880.8,USD,2025-07-05,2027-07-05,Annual,Amended,S99031
S20486,A1366,O10884,Managed Training,53577.92,USD,2025-07-05,2026-07-05,Monthly,Active,
S20487,A1054,O10277,Core Platform,178200.0,SGD,2025-07-07,2027-07-07,Quarterly,Active,
S20488,A1393,O10317,Managed Training,90700.0,USD,2025-07-08,2026-07-08,Annual,Active,
S20489,A1005,O10505,Core Platform,16506.0,USD,2025-07-10,2026-07-10,Annual,Active,
S20490,A1323,O10901,Managed Training,63952.07,SGD,2025-07-11,2026-07-11,Annual,Active,
S20491,A1323,O10901,Advanced Analytics,64342.96,SGD,2025-07-11,2026-07-11,Annual,Active,
S20492,A1264,O11382,Managed Training,87124.46,EUR,2025-07-12,2026-07-12,Annual,Active,
S20493,A1264,O11382,Advanced Analytics,37438.38,EUR,2025-07-12,2028-07-12,Annual,Active,
S20494,A1407,O10184,API Access,44200.0,BRL,2025-07-13,2026-07-13,Monthly,Active,
S20495,A1201,O11458,Advanced Analytics,4873.98,EUR,2025-07-14,2026-07-14,Annual,Active,
S20496,A1201,O11458,Managed Training,3198.38,EUR,2025-07-14,2027-07-14,Annual,Active,
S20497,A1138,O10773,Core Platform,99602.65,USD,2025-07-16,2026-07-16,Quarterly,Active,
S20498,A1138,O10773,Advanced Analytics,50573.88,USD,2025-07-16,2026-07-16,Quarterly,Active,
S20499,A1168,O12066,Core Platform,21840.0,USD,2025-07-19,2026-07-19,Annual,Active,
S20500,A1190,O10043,Core Platform,171580.71,SGD,2025-07-19,2026-07-19,Annual,Active,
S20501,A1190,O10043,API Access,149467.62,SGD,2025-07-19,2026-07-19,Annual,Active,
S20502,A1145,O10728,Core Platform,10542.0,USD,2025-07-20,2026-07-20,Quarterly,Active,
S20503,A1419,O11857,Managed Training,18300.0,BRL,2025-07-21,2026-07-21,Quarterly,Active,
S20504,A1215,O10144,API Access,112252.74,USD,2025-07-21,2026-07-21,Annual,Active,
S20505,A1215,O10144,Advanced Analytics,103889.68,USD,2025-07-21,2026-07-21,Monthly,Active,
S20506,A1250,O11565,Managed Training,96834.57,USD,2025-07-23,2026-07-23,Quarterly,Active,
S20507,A1250,O11565,Advanced Analytics,96211.99,USD,2025-07-23,2026-07-23,Quarterly,Active,
S20508,A1272,O11268,API Access,8316.0,USD,2025-07-25,2026-07-25,Quarterly,Active,
S20509,A1055,O11068,API Access,41474.48,BRL,2025-07-28,2026-07-28,Quarterly,Active,
S20510,A1055,O11068,Core Platform,23023.59,BRL,2025-07-28,2028-07-28,Monthly,Active,
S20511,A1022,O10101,Advanced Analytics,3570.0,EUR,2025-07-28,2026-07-28,Annual,Active,
S20512,A1237,O12223,Core Platform,203900.0,SGD,2025-07-29,2026-07-29,Annual,Active,
S20513,A1125,O11832,Managed Training,73416.0,USD,2025-07-31,2026-07-31,Annual,Active,
S20514,A1171,O10784,Core Platform,21126.0,USD,2025-07-31,2026-07-31,Annual,Active,
S20515,A1016,O12484,Managed Training,18564.0,BRL,2025-07-31,2026-07-31,Quarterly,Active,
S20516,A1163,O10312,Advanced Analytics,28999.79,USD,2025-08-01,2026-08-01,Annual,Active,
S20517,A1163,O10312,Managed Training,23356.16,USD,2025-08-01,2026-08-01,Annual,Active,
S20518,A1225,O11201,API Access,10400.0,USD,2025-08-02,2026-08-02,Monthly,Amended,S99009
S20519,A1271,O10151,Managed Training,31994.75,USD,2025-08-06,2027-08-06,Annual,Active,
S20520,A1271,O10151,Core Platform,59752.6,USD,2025-08-06,2026-08-06,Quarterly,Active,
S20521,A1310,O12075,API Access,53424.0,USD,2025-08-07,2026-08-07,Annual,Active,
S20522,A1110,O10896,Core Platform,24666.25,EUR,2025-08-09,2026-08-09,Annual,Active,
S20523,A1110,O10896,API Access,10820.55,EUR,2025-08-09,2028-08-09,Annual,Active,
S20524,A1034,O11645,API Access,25941.08,USD,2025-08-10,2026-08-10,Quarterly,Active,
S20525,A1034,O11645,Core Platform,15517.94,USD,2025-08-10,2026-08-10,Annual,Active,
S20526,A1160,O12384,Managed Training,104566.67,USD,2025-08-12,2028-08-12,Annual,Active,
S20527,A1160,O11889,Core Platform,89500.0,USD,2025-08-12,2026-08-12,Quarterly,Active,
S20528,A1122,O12199,API Access,25000.0,USD,2025-08-15,2026-08-15,Annual,Active,
S20529,A1226,O11282,Core Platform,3989.28,BRL,2025-08-17,2028-08-17,Quarterly,Active,
S20530,A1226,O11282,Advanced Analytics,12142.96,BRL,2025-08-17,2026-08-17,Annual,Active,
S20531,A1076,O11377,API Access,135175.12,BRL,2025-08-19,2026-08-19,Quarterly,Active,
S20532,A1076,O11377,Advanced Analytics,75018.38,BRL,2025-08-19,2027-08-19,Quarterly,Active,
S20533,A1395,O10174,Core Platform,47245.65,EUR,2025-08-19,2028-08-19,Annual,Active,
S20534,A1395,O10174,Advanced Analytics,165612.99,EUR,2025-08-19,2026-08-19,Quarterly,Active,
S20535,A1410,O10948,API Access,15328.49,USD,2025-08-22,2026-08-22,Quarterly,Active,
S20536,A1410,O10948,Advanced Analytics,7766.03,USD,2025-08-22,2027-08-22,Quarterly,Active,
S20537,A1111,O11869,Core Platform,37464.0,EUR,2025-08-25,2026-08-25,Annual,Amended,S99032
S20538,A1021,O10469,Advanced Analytics,29149.12,BRL,2025-08-26,2026-08-26,Quarterly,Active,
S20539,A1021,O10469,Core Platform,22663.25,BRL,2025-08-26,2027-08-26,Annual,Active,
S20540,A1362,O11684,API Access,45150.0,USD,2025-09-02,2027-09-02,Annual,Active,
S20541,A1393,O12555,Advanced Analytics,17928.36,USD,2025-09-02,2026-09-02,Quarterly,Active,
S20542,A1393,O12555,Core Platform,23096.89,USD,2025-09-02,2026-09-02,Quarterly,Active,
S20543,A1145,O10282,Advanced Analytics,9162.89,USD,2025-09-02,2026-09-02,Monthly,Active,
S20544,A1145,O10282,Managed Training,17692.94,USD,2025-09-02,2026-09-02,Monthly,Active,
S20545,A1316,O11974,Core Platform,41000.0,USD,2025-09-04,2026-09-04,Annual,Active,
S20546,A1186,O10377,Managed Training,2856.0,USD,2025-09-08,2027-09-08,Annual,Active,
S20547,A1061,O11855,API Access,9941.64,USD,2025-09-08,2026-09-08,Annual,Active,
S20548,A1061,O11855,Core Platform,10323.9,USD,2025-09-08,2026-09-08,Annual,Active,
S20549,A1074,O12363,Advanced Analytics,20021.76,GBP,2025-09-09,2026-09-09,Annual,Active,
S20550,A1074,O12363,Core Platform,15678.98,GBP,2025-09-09,2026-09-09,Annual,Active,
S20551,A1212,O12181,API Access,19276.71,USD,2025-09-10,2026-09-10,Monthly,Active,
S20552,A1212,O12181,Advanced Analytics,10555.81,USD,2025-09-10,2026-09-10,Annual,Active,
S20553,A1093,O12003,Managed Training,7644.0,USD,2025-09-13,2026-09-13,Annual,Active,
S20554,A1007,O10739,Core Platform,3052.0,USD,2025-09-14,2028-09-14,Annual,Active,
S20555,A1037,O10608,API Access,111100.0,USD,2025-09-14,2026-09-14,Annual,Active,
S20556,A1333,O11047,Managed Training,7347.85,USD,2025-09-14,2026-09-14,Annual,Active,
S20557,A1333,O11047,Advanced Analytics,12130.3,USD,2025-09-14,2026-09-14,Quarterly,Active,
S20558,A1203,O11976,Core Platform,13780.04,USD,2025-09-15,2026-09-15,Annual,Active,
S20559,A1203,O11976,Managed Training,17104.8,USD,2025-09-15,2026-09-15,Annual,Active,
S20560,A1178,O10878,Advanced Analytics,44249.19,USD,2025-09-15,2026-09-15,Annual,Active,
S20561,A1178,O10878,Core Platform,51174.51,USD,2025-09-15,2026-09-15,Annual,Active,
S20562,A1101,O10563,Managed Training,164100.0,GBP,2025-09-15,2026-09-15,Annual,Active,
S20563,A1277,O10747,Advanced Analytics,6750.0,USD,2025-09-16,2027-09-16,Annual,Active,
S20564,A1407,O11367,Core Platform,29517.52,BRL,2025-09-18,2026-09-18,Annual,Active,
S20565,A1407,O11367,Advanced Analytics,39551.05,BRL,2025-09-18,2026-09-18,Quarterly,Active,
S20566,A1124,O10302,Managed Training,104700.0,USD,2025-09-18,2026-09-18,Annual,Amended,S99006
S20567,A1313,O10524,Advanced Analytics,87700.0,USD,2025-09-18,2026-09-18,Annual,Active,
S20568,A1283,O12535,Core Platform,4242.0,USD,2025-09-19,2026-09-19,Annual,Active,
S20569,A1372,O12222,Managed Training,24458.41,USD,2025-09-19,2026-09-19,Monthly,Active,
S20570,A1372,O12222,Core Platform,31941.04,USD,2025-09-19,2026-09-19,Annual,Active,
S20571,A1365,O10000,Managed Training,4032.0,GBP,2025-09-19,2026-09-19,Annual,Active,
S20572,A1258,O10400,Advanced Analytics,2520.0,USD,2025-09-19,2027-09-19,Annual,Active,
S20573,A1139,O11767,API Access,57300.0,EUR,2025-09-20,2026-09-20,Quarterly,Active,
S20574,A1123,O10060,Managed Training,6675.08,GBP,2025-09-21,2026-09-21,Annual,Active,
S20575,A1123,O10060,API Access,6634.88,GBP,2025-09-21,2026-09-21,Annual,Active,
S20576,A1137,O10083,Advanced Analytics,230500.0,USD,2025-09-22,2026-09-22,Monthly,Active,
S20577,A1393,O10485,API Access,11298.0,USD,2025-09-22,2026-09-22,Quarterly,Active,
S20578,A1183,O11810,Core Platform,43300.0,GBP,2025-09-23,2026-09-23,Annual,Active,
S20579,A1244,O10665,API Access,3452.35,USD,2025-09-26,2026-09-26,Quarterly,Active,
S20580,A1244,O10665,Advanced Analytics,4413.22,USD,2025-09-26,2026-09-26,Monthly,Amended,S99005
S20581,A1066,O11671,Managed Training,14805.0,USD,2025-09-27,2027-09-27,Quarterly,Active,
S20582,A1215,O11723,Core Platform,56825.78,USD,2025-09-29,2027-09-29,Annual,Active,
S20583,A1215,O11723,Managed Training,95888.63,USD,2025-09-29,2026-09-29,Annual,Active,
S20584,A1129,O10680,API Access,49461.51,USD,2025-09-29,2026-09-29,Annual,Active,
S20585,A1129,O10680,Managed Training,40189.5,USD,2025-09-29,2026-09-29,Quarterly,Active,
S20586,A1330,O10730,API Access,69043.82,USD,2025-09-30,2027-09-30,Annual,Active,
S20587,A1330,O10730,Managed Training,53787.27,USD,2025-09-30,2027-09-30,Quarterly,Amended,S99036
S20588,A1014,O12327,Managed Training,11300.0,SGD,2025-10-01,2026-10-01,Monthly,Active,
S20589,A1249,O10393,Advanced Analytics,67242.0,BRL,2025-10-02,2026-10-02,Annual,Active,
S20590,A1204,O10841,Core Platform,12517.48,USD,2025-10-04,2026-10-04,Annual,Amended,S99003
S20591,A1204,O10841,Managed Training,8935.25,USD,2025-10-04,2026-10-04,Annual,Amended,S99024
S20592,A1331,O11303,Core Platform,15624.0,BRL,2025-10-10,2026-10-10,Annual,Active,
S20593,A1226,O12093,API Access,21828.35,BRL,2025-10-10,2026-10-10,Annual,Active,
S20594,A1226,O12093,Managed Training,10513.8,BRL,2025-10-10,2028-10-10,Annual,Active,
S20595,A1051,O12297,API Access,27666.46,USD,2025-10-12,2026-10-12,Annual,Active,
S20596,A1051,O12297,Advanced Analytics,15102.02,USD,2025-10-12,2026-10-12,Quarterly,Amended,S99027
S20597,A1273,O12492,Managed Training,24400.0,USD,2025-10-13,2026-10-13,Quarterly,Active,
S20598,A1160,O11396,Advanced Analytics,52794.0,USD,2025-10-14,2026-10-14,Annual,Active,
S20599,A1137,O10604,Managed Training,33264.0,USD,2025-10-14,2026-10-14,Monthly,Active,
S20600,A1383,O12368,API Access,16882.22,USD,2025-10-15,2026-10-15,Quarterly,Active,
S20601,A1383,O12368,Advanced Analytics,24297.57,USD,2025-10-15,2026-10-15,Annual,Active,
S20602,A1204,O12461,Advanced Analytics,28308.0,USD,2025-10-16,2026-10-16,Monthly,Active,
S20603,A1382,O11993,Managed Training,10563.0,GBP,2025-10-17,2027-10-17,Annual,Amended,S99000
S20604,A1248,O10528,Advanced Analytics,84668.41,USD,2025-10-19,2026-10-19,Quarterly,Active,
S20605,A1248,O10528,Managed Training,22059.08,USD,2025-10-19,2027-10-19,Annual,Active,
S20606,A1411,O11783,Advanced Analytics,4620.0,USD,2025-10-21,2026-10-21,Quarterly,Active,
S20607,A1201,O10873,API Access,24100.0,EUR,2025-10-21,2026-10-21,Annual,Amended,S99015
S20608,A1246,O12430,Core Platform,28200.0,EUR,2025-10-21,2027-10-21,Annual,Active,
S20609,A1192,O10369,Core Platform,122136.0,USD,2025-10-24,2026-10-24,Annual,Active,
S20610,A1276,O10583,Managed Training,22200.0,EUR,2025-10-25,2026-10-25,Monthly,Amended,S99028
S20611,A1378,O12126,Managed Training,122300.0,USD,2025-10-25,2026-10-25,Annual,Active,
S20612,A1284,O10756,API Access,20840.88,GBP,2025-10-27,2026-10-27,Annual,Active,
S20613,A1284,O10756,Advanced Analytics,34172.64,GBP,2025-10-27,2026-10-27,Annual,Active,
S20614,A1352,O11657,Core Platform,123800.0,EUR,2025-10-28,2026-10-28,Annual,Active,
S20615,A1014,O11626,Advanced Analytics,22596.0,SGD,2025-10-29,2026-10-29,Annual,Active,
S20616,A1295,O12405,Advanced Analytics,4912.6,USD,2025-10-30,2026-10-30,Annual,Active,
S20617,A1295,O12405,Managed Training,6528.26,USD,2025-10-30,2026-10-30,Annual,Active,
S20618,A1143,O12552,Managed Training,187950.0,USD,2025-10-31,2026-10-31,Annual,Active,
S20619,A1063,O11754,Core Platform,27181.77,BRL,2025-11-02,2026-11-02,Monthly,Active,
S20620,A1063,O11754,Advanced Analytics,52748.51,BRL,2025-11-02,2026-11-02,Annual,Active,
S20621,A1099,O10570,Core Platform,120112.44,EUR,2025-11-03,2026-11-03,Annual,Active,
S20622,A1099,O10570,Advanced Analytics,44220.97,EUR,2025-11-03,2028-11-03,Annual,Active,
S20623,A1127,O10954,Managed Training,195216.0,EUR,2025-11-07,2026-11-07,Annual,Active,
S20624,A1254,O10367,Managed Training,6281.65,USD,2025-11-07,2026-11-07,Annual,Active,
S20625,A1254,O10367,Core Platform,6567.61,USD,2025-11-07,2026-11-07,Annual,Active,
S20626,A1376,O12446,Advanced Analytics,28070.1,EUR,2025-11-08,2026-11-08,Annual,Active,
S20627,A1376,O12446,API Access,38117.0,EUR,2025-11-08,2026-11-08,Annual,Active,
S20628,A1076,O10118,Managed Training,143600.0,BRL,2025-11-11,2026-11-11,Annual,Amended,S99011
S20629,A1240,O10507,Advanced Analytics,5470.96,USD,2025-11-18,2026-11-18,Annual,Amended,S99017
S20630,A1240,O10507,API Access,4812.97,USD,2025-11-18,2026-11-18,Annual,Active,
S20631,A1320,O11384,API Access,8218.0,USD,2025-11-20,2028-11-20,Annual,Active,
S20632,A1192,O10564,Advanced Analytics,50956.82,USD,2025-11-23,2026-11-23,Annual,Active,
S20633,A1192,O10564,Managed Training,86503.47,USD,2025-11-23,2026-11-23,Annual,Active,
S20634,A1205,O11405,Advanced Analytics,18908.66,USD,2025-11-25,2026-11-25,Annual,Active,
S20635,A1205,O11405,Managed Training,34072.28,USD,2025-11-25,2026-11-25,Quarterly,Active,
S20636,A1050,O10626,API Access,37815.72,EUR,2025-11-27,2026-11-27,Annual,Active,
S20637,A1050,O10626,Advanced Analytics,48435.27,EUR,2025-11-27,2026-11-27,Annual,Active,
S20638,A1260,O11242,Managed Training,24133.98,USD,2025-12-01,2026-12-01,Quarterly,Active,
S20639,A1260,O11242,Core Platform,20682.25,USD,2025-12-01,2026-12-01,Quarterly,Active,
S20640,A1011,O10795,Advanced Analytics,273791.29,EUR,2025-12-02,2026-12-02,Annual,Active,
S20641,A1011,O10795,Core Platform,319773.11,EUR,2025-12-02,2026-12-02,Monthly,Active,
S20642,A1253,O12112,Advanced Analytics,90300.0,BRL,2025-12-03,2026-12-03,Annual,Active,
S20643,A1392,O10748,Managed Training,3276.0,EUR,2025-12-08,2027-12-08,Annual,Active,
S20644,A1350,O10826,Core Platform,56797.06,USD,2025-12-08,2026-12-08,Annual,Active,
S20645,A1350,O10826,Managed Training,29748.05,USD,2025-12-08,2027-12-08,Quarterly,Active,
S20646,A1027,O12598,Advanced Analytics,12850.0,USD,2025-12-12,2027-12-12,Annual,Active,
S20647,A1256,O12113,Core Platform,69972.0,BRL,2025-12-13,2026-12-13,Annual,Active,
S20648,A1012,O10275,Managed Training,4114.34,USD,2025-12-14,2026-12-14,Quarterly,Active,
S20649,A1012,O10275,API Access,2660.86,USD,2025-12-14,2026-12-14,Annual,Active,
S20650,A1144,O11244,Advanced Analytics,6416.21,USD,2025-12-15,2026-12-15,Annual,Active,
S20651,A1144,O11244,Managed Training,7859.7,USD,2025-12-15,2026-12-15,Annual,Active,
S20652,A1213,O10171,Core Platform,95900.0,USD,2025-12-16,2026-12-16,Annual,Active,
S20653,A1281,O10008,Managed Training,104436.32,BRL,2025-12-17,2026-12-17,Quarterly,Active,
S20654,A1281,O10008,API Access,65755.68,BRL,2025-12-17,2027-12-17,Quarterly,Active,
S20655,A1238,O12579,Managed Training,4830.0,USD,2025-12-17,2026-12-17,Annual,Active,
S20656,A1134,O11281,API Access,13293.0,EUR,2025-12-19,2027-12-19,Quarterly,Active,
S20657,A1060,O12545,Managed Training,97300.0,USD,2025-12-20,2026-12-20,Annual,Active,
S20658,A1381,O10168,API Access,3870.88,EUR,2025-12-22,2026-12-22,Annual,Active,
S20659,A1381,O10168,Core Platform,3238.23,EUR,2025-12-22,2026-12-22,Annual,Active,
S20660,A1168,O11076,Managed Training,94181.26,USD,2025-12-22,2026-12-22,Annual,Active,
S20661,A1168,O11076,API Access,108296.24,USD,2025-12-22,2026-12-22,Quarterly,Amended,S99030
S20662,A1178,O11259,Managed Training,14742.0,USD,2025-12-24,2026-12-24,Annual,Active,
S20663,A1096,O11815,Core Platform,37319.57,USD,2025-12-30,2026-12-30,Annual,Active,
S20664,A1096,O11815,Managed Training,34230.86,USD,2025-12-30,2026-12-30,Annual,Active,
S20665,A1230,O11337,Advanced Analytics,34628.51,SGD,2025-12-31,2026-12-31,Annual,Active,
S20666,A1230,O11337,API Access,28534.7,SGD,2025-12-31,2026-12-31,Annual,Active,
S20667,A1363,O12195,Core Platform,12858.84,EUR,2026-01-01,2027-01-01,Monthly,Active,
S20668,A1363,O12195,API Access,4343.04,EUR,2026-01-01,2028-01-01,Monthly,Active,
S20669,A1082,O10787,Core Platform,14850.0,BRL,2026-01-03,2028-01-03,Annual,Active,
S20670,A1058,O11852,Advanced Analytics,3760.68,USD,2026-01-04,2027-01-04,Quarterly,Active,
S20671,A1058,O11852,API Access,5260.12,USD,2026-01-04,2027-01-04,Annual,Active,
S20672,A1361,O10961,Core Platform,37100.0,USD,2026-01-05,2027-01-05,Annual,Active,
S20673,A1090,O10110,Managed Training,6690.34,USD,2026-01-05,2027-01-05,Annual,Active,
S20674,A1090,O10110,Advanced Analytics,4553.5,USD,2026-01-05,2027-01-05,Annual,Active,
S20675,A1121,O10971,API Access,40971.23,USD,2026-01-09,2028-01-09,Quarterly,Active,
S20676,A1121,O10971,Managed Training,97816.53,USD,2026-01-09,2027-01-09,Annual,Active,
S20677,A1339,O11240,API Access,3640.9,GBP,2026-01-11,2027-01-11,Quarterly,Active,
S20678,A1339,O11240,Advanced Analytics,1501.57,GBP,2026-01-11,2029-01-11,Quarterly,Amended,S99010
S20679,A1126,O11704,Advanced Analytics,105300.0,USD,2026-01-12,2027-01-12,Annual,Active,
S20680,A1383,O10114,Core Platform,49602.0,USD,2026-01-14,2027-01-14,Annual,Active,
S20681,A1402,O10669,Core Platform,6258.0,USD,2026-01-15,2027-01-15,Annual,Active,
S20682,A1239,O11451,Core Platform,57133.33,USD,2026-01-16,2029-01-16,Monthly,Active,
S20683,A1222,O10806,Core Platform,25799.35,EUR,2026-01-17,2027-01-17,Annual,Active,
S20684,A1222,O10806,Advanced Analytics,33427.1,EUR,2026-01-17,2027-01-17,Annual,Amended,S99035
S20685,A1343,O12525,Managed Training,14300.0,USD,2026-01-19,2028-01-19,Monthly,Active,
S20686,A1007,O11024,Advanced Analytics,46452.0,USD,2026-01-21,2027-01-21,Annual,Amended,S99048
S20687,A1098,O10689,API Access,29033.33,USD,2026-01-25,2029-01-25,Annual,Active,
S20688,A1096,O10453,Advanced Analytics,33800.0,USD,2026-01-28,2028-01-28,Annual,Active,
S20689,A1081,O12212,Advanced Analytics,32802.0,USD,2026-01-30,2027-01-30,Annual,Active,
S20690,A1385,O10699,API Access,5712.0,USD,2026-01-30,2027-01-30,Quarterly,Active,
S20691,A1183,O12456,Managed Training,41328.0,GBP,2026-01-31,2027-01-31,Annual,Active,
S20692,A1179,O10939,Advanced Analytics,68376.0,USD,2026-02-03,2028-02-03,Annual,Active,
S20693,A1007,O10915,API Access,124100.0,USD,2026-02-03,2027-02-03,Annual,Active,
S20694,A1225,O11972,Managed Training,5075.29,USD,2026-02-03,2029-02-03,Annual,Active,
S20695,A1225,O11972,Core Platform,3620.82,USD,2026-02-03,2028-02-03,Annual,Active,
S20696,A1287,O11340,Core Platform,35373.69,USD,2026-02-04,2027-02-04,Annual,Amended,S99047
S20697,A1287,O11340,API Access,34219.38,USD,2026-02-04,2027-02-04,Quarterly,Active,
S20698,A1198,O12165,Advanced Analytics,112566.67,USD,2026-02-05,2027-02-05,Quarterly,Active,
S20699,A1198,O12165,Core Platform,107558.86,USD,2026-02-05,2027-02-05,Annual,Active,
S20700,A1049,O10885,Advanced Analytics,215460.0,USD,2026-02-09,2027-02-09,Annual,Amended,S99026
S20701,A1331,O11758,Advanced Analytics,6300.0,BRL,2026-02-10,2027-02-10,Monthly,Active,
S20702,A1271,O11361,API Access,34314.0,USD,2026-02-12,2027-02-12,Quarterly,Active,
S20703,A1158,O10012,API Access,8442.0,USD,2026-02-12,2027-02-12,Annual,Active,
S20704,A1347,O11277,Core Platform,59220.0,USD,2026-02-14,2027-02-14,Annual,Active,
S20705,A1113,O10934,Advanced Analytics,6697.75,SGD,2026-02-15,2027-02-15,Annual,Active,
S20706,A1113,O10934,API Access,5528.31,SGD,2026-02-15,2028-02-15,Quarterly,Active,
S20707,A1297,O12390,Advanced Analytics,257900.0,USD,2026-02-16,2027-02-16,Annual,Active,
S20708,A1081,O12006,Managed Training,51250.0,USD,2026-02-17,2028-02-17,Quarterly,Active,
S20709,A1402,O10936,Advanced Analytics,23478.0,USD,2026-02-20,2027-02-20,Annual,Amended,S99045
S20710,A1305,O12263,Advanced Analytics,105400.0,USD,2026-02-21,2027-02-21,Quarterly,Active,
S20711,A1058,O12551,Core Platform,9437.41,USD,2026-02-21,2027-02-21,Annual,Active,
S20712,A1058,O12551,Managed Training,4383.38,USD,2026-02-21,2028-02-21,Annual,Active,
S20713,A1153,O10557,Core Platform,12081.17,GBP,2026-02-22,2027-02-22,Annual,Active,
S20714,A1153,O10557,Managed Training,19029.42,GBP,2026-02-22,2027-02-22,Annual,Active,
S20715,A1124,O12189,Advanced Analytics,16478.0,USD,2026-02-24,2029-02-24,Annual,Active,
S20716,A1010,O11014,Advanced Analytics,69500.0,EUR,2026-02-25,2027-02-25,Annual,Active,
S20717,A1243,O11462,Managed Training,41232.38,USD,2026-02-27,2028-02-27,Quarterly,Active,
S20718,A1243,O11462,API Access,107186.53,USD,2026-02-27,2027-02-27,Annual,Active,
S20719,A1257,O10167,Advanced Analytics,65520.0,BRL,2026-03-01,2029-03-01,Annual,Amended,S99016
S20720,A1195,O11012,Advanced Analytics,39368.39,USD,2026-03-02,2027-03-02,Annual,Active,
S20721,A1195,O11012,Core Platform,45212.08,USD,2026-03-02,2027-03-02,Annual,Active,
S20722,A1005,O12218,Managed Training,8326.92,USD,2026-03-04,2027-03-04,Annual,Active,
S20723,A1005,O12218,Advanced Analytics,5644.09,USD,2026-03-04,2028-03-04,Annual,Active,
S20724,A1161,O10146,Core Platform,207270.0,GBP,2026-03-06,2027-03-06,Annual,Active,
S20725,A1284,O12192,Core Platform,65300.0,GBP,2026-03-07,2027-03-07,Monthly,Active,
S20726,A1216,O11429,Core Platform,54306.0,BRL,2026-03-09,2027-03-09,Quarterly,Active,
S20727,A1119,O10653,Core Platform,154304.46,USD,2026-03-12,2027-03-12,Monthly,Active,
S20728,A1119,O10653,Managed Training,268670.96,USD,2026-03-12,2027-03-12,Annual,Active,
S20729,A1063,O10351,Managed Training,6222.37,BRL,2026-03-13,2027-03-13,Annual,Active,
S20730,A1063,O10351,API Access,3398.57,BRL,2026-03-13,2028-03-13,Annual,Active,
S20731,A1038,O12351,Core Platform,28000.0,USD,2026-03-15,2027-03-15,Quarterly,Active,
S20732,A1362,O11035,Core Platform,74459.31,USD,2026-03-15,2027-03-15,Quarterly,Active,
S20733,A1362,O11035,Managed Training,55432.55,USD,2026-03-15,2027-03-15,Annual,Active,
S20734,A1400,O10959,Advanced Analytics,140250.0,USD,2026-03-15,2028-03-15,Annual,Active,
S20735,A1293,O11042,Advanced Analytics,120978.66,BRL,2026-03-16,2027-03-16,Annual,Active,
S20736,A1293,O11042,Managed Training,101896.17,BRL,2026-03-16,2028-03-16,Annual,Active,
S20737,A1335,O12037,API Access,63546.0,USD,2026-03-16,2027-03-16,Annual,Active,
S20738,A1156,O11022,Managed Training,16023.92,USD,2026-03-16,2027-03-16,Annual,Active,
S20739,A1156,O11022,Core Platform,16169.51,USD,2026-03-16,2027-03-16,Annual,Active,
S20740,A1379,O11691,API Access,85500.15,USD,2026-03-16,2027-03-16,Annual,Active,
S20741,A1379,O11691,Managed Training,95535.57,USD,2026-03-16,2027-03-16,Annual,Active,
S20742,A1267,O12121,API Access,55317.89,USD,2026-03-17,2027-03-17,Monthly,Active,
S20743,A1267,O12121,Advanced Analytics,31073.4,USD,2026-03-17,2027-03-17,Monthly,Active,
S20744,A1272,O11649,Managed Training,20200.0,USD,2026-03-19,2027-03-19,Quarterly,Active,
S20745,A1141,O12039,Core Platform,43900.0,BRL,2026-03-21,2027-03-21,Annual,Active,
S20746,A1131,O10273,Advanced Analytics,53933.36,USD,2026-03-23,2027-03-23,Annual,Active,
S20747,A1131,O10273,API Access,46802.54,USD,2026-03-23,2027-03-23,Annual,Active,
S20748,A1059,O10520,Core Platform,205548.0,USD,2026-03-24,2027-03-24,Monthly,Active,
S20749,A1166,O11324,API Access,283000.0,GBP,2026-03-25,2027-03-25,Quarterly,Active,
S20750,A1265,O10925,Core Platform,33922.0,USD,2026-03-26,2029-03-26,Annual,Active,
S20751,A1159,O11636,Managed Training,45276.0,USD,2026-03-27,2027-03-27,Annual,Active,
S20752,A1037,O11811,Advanced Analytics,148500.0,USD,2026-03-31,2027-03-31,Annual,Active,
S20753,A1055,O12239,Managed Training,41943.87,BRL,2026-04-03,2027-04-03,Annual,Active,
S20754,A1055,O12239,Advanced Analytics,25523.9,BRL,2026-04-03,2027-04-03,Annual,Active,
S20755,A1276,O10969,Core Platform,5082.0,EUR,2026-04-04,2027-04-04,Annual,Active,
S20756,A1114,O11838,Advanced Analytics,166049.31,USD,2026-04-04,2027-04-04,Annual,Active,
S20757,A1114,O11838,API Access,123140.49,USD,2026-04-04,2028-04-04,Annual,Active,
S20758,A1083,O11368,Core Platform,56345.35,USD,2026-04-05,2027-04-05,Annual,Active,
S20759,A1083,O11368,API Access,26676.04,USD,2026-04-05,2028-04-05,Quarterly,Active,
S20760,A1377,O10081,Core Platform,33675.44,USD,2026-04-09,2027-04-09,Annual,Active,
S20761,A1377,O10081,Advanced Analytics,25584.99,USD,2026-04-09,2027-04-09,Annual,Amended,S99004
S20762,A1260,O10198,Advanced Analytics,56681.62,USD,2026-04-10,2027-04-10,Annual,Active,
S20763,A1260,O10198,API Access,47829.05,USD,2026-04-10,2027-04-10,Annual,Active,
S20764,A1038,O10476,Advanced Analytics,9836.45,USD,2026-04-10,2027-04-10,Monthly,Active,
S20765,A1038,O10476,Managed Training,5479.38,USD,2026-04-10,2028-04-10,Annual,Active,
S20766,A1189,O12094,API Access,30800.0,USD,2026-04-17,2027-04-17,Monthly,Amended,S99018
S20767,A1417,O11471,Core Platform,161574.0,USD,2026-04-17,2027-04-17,Annual,Amended,S99042
S20768,A1125,O12321,Advanced Analytics,40800.0,USD,2026-04-20,2028-04-20,Monthly,Active,
S20769,A1180,O10490,API Access,8400.0,EUR,2026-04-22,2028-04-22,Quarterly,Active,
S20770,A1401,O11523,Managed Training,11970.0,BRL,2026-04-22,2027-04-22,Quarterly,Active,
S20771,A1359,O11870,Core Platform,58500.0,EUR,2026-04-26,2027-04-26,Quarterly,Active,
S20772,A1277,O10651,Core Platform,4223.66,USD,2026-04-27,2027-04-27,Annual,Active,
S20773,A1277,O10651,Managed Training,3962.61,USD,2026-04-27,2027-04-27,Quarterly,Active,
S20774,A1303,O10780,Core Platform,19110.0,USD,2026-04-27,2027-04-27,Quarterly,Active,
S20775,A1052,O11836,Core Platform,64000.0,USD,2026-04-29,2027-04-29,Quarterly,Active,
S20776,A1209,O12001,Managed Training,44922.58,GBP,2026-04-30,2027-04-30,Annual,Active,
S20777,A1209,O12001,API Access,36726.97,GBP,2026-04-30,2027-04-30,Quarterly,Active,
S20778,A1312,O10601,Managed Training,11130.0,EUR,2026-04-30,2027-04-30,Annual,Active,
S20779,A1082,O11155,API Access,66721.12,BRL,2026-05-01,2027-05-01,Quarterly,Active,
S20780,A1082,O11155,Managed Training,64439.1,BRL,2026-05-01,2027-05-01,Annual,Active,
S20781,A1335,O12527,Core Platform,115290.0,USD,2026-05-02,2027-05-02,Annual,Amended,S99029
S20782,A1140,O11863,Advanced Analytics,29075.08,BRL,2026-05-02,2027-05-02,Quarterly,Amended,S99051
S20783,A1140,O11863,Core Platform,29368.45,BRL,2026-05-02,2027-05-02,Annual,Active,
S20784,A1404,O12404,Core Platform,201100.0,USD,2026-05-03,2027-05-03,Annual,Active,
S20785,A1357,O11878,Managed Training,147600.0,GBP,2026-05-04,2027-05-04,Annual,Active,
S20786,A1089,O12326,Core Platform,6205.7,BRL,2026-05-04,2028-05-04,Annual,Active,
S20787,A1089,O12326,API Access,9221.35,BRL,2026-05-04,2027-05-04,Annual,Active,
S20788,A1106,O10414,Managed Training,16300.0,GBP,2026-05-06,2027-05-06,Quarterly,Active,
S20789,A1052,O10116,Advanced Analytics,72168.43,USD,2026-05-07,2027-05-07,Annual,Active,
S20790,A1052,O10116,API Access,76356.23,USD,2026-05-07,2027-05-07,Quarterly,Active,
S20791,A1065,O12166,Managed Training,167527.78,EUR,2026-05-08,2027-05-08,Annual,Active,
S20792,A1065,O12166,Core Platform,144573.58,EUR,2026-05-08,2027-05-08,Annual,Active,
S20793,A1212,O10487,Managed Training,25605.25,USD,2026-05-09,2027-05-09,Annual,Active,
S20794,A1212,O10487,Core Platform,18559.52,USD,2026-05-09,2028-05-09,Annual,Active,
S20795,A1065,O10279,Advanced Analytics,11529.0,EUR,2026-05-09,2028-05-09,Annual,Active,
S20796,A1175,O11775,API Access,5712.0,USD,2026-05-09,2027-05-09,Annual,Active,
S20797,A1347,O10254,Managed Training,135686.84,USD,2026-05-18,2027-05-18,Annual,Active,
S20798,A1347,O10254,Advanced Analytics,104603.52,USD,2026-05-18,2027-05-18,Annual,Active,
S20799,A1117,O10326,Core Platform,22979.19,USD,2026-05-19,2027-05-19,Annual,Active,
S20800,A1117,O10326,API Access,13230.52,USD,2026-05-19,2027-05-19,Annual,Active,
S20801,A1205,O11717,API Access,26712.0,USD,2026-05-20,2027-05-20,Annual,Active,
S20802,A1072,O12541,Advanced Analytics,9553.66,GBP,2026-05-20,2027-05-20,Annual,Active,
S20803,A1072,O12541,API Access,14629.47,GBP,2026-05-20,2027-05-20,Monthly,Active,
S20804,A1249,O11403,API Access,12683.55,BRL,2026-05-23,2027-05-23,Annual,Active,
S20805,A1249,O11403,Core Platform,13160.8,BRL,2026-05-23,2027-05-23,Annual,Active,
S20806,A1088,O10042,Advanced Analytics,18816.0,EUR,2026-05-26,2028-05-26,Quarterly,Active,
S20807,A1179,O12065,Core Platform,177343.4,USD,2026-05-27,2027-05-27,Quarterly,Active,
S20808,A1179,O12065,API Access,134546.63,USD,2026-05-27,2028-05-27,Annual,Active,
S20809,A1238,O11013,Core Platform,3368.5,USD,2026-05-27,2029-05-27,Quarterly,Active,
S20810,A1238,O11013,Advanced Analytics,11109.88,USD,2026-05-27,2027-05-27,Annual,Active,
S20811,A1305,O10862,Managed Training,5854.6,USD,2026-05-27,2028-05-27,Annual,Active,
S20812,A1305,O10862,Core Platform,10597.83,USD,2026-05-27,2027-05-27,Annual,Active,
S20813,A1302,O11460,Managed Training,35778.56,EUR,2026-05-28,2027-05-28,Annual,Active,
S20814,A1302,O11460,Core Platform,37634.38,EUR,2026-05-28,2027-05-28,Annual,Active,
S20815,A1149,O10186,Managed Training,45986.65,EUR,2026-06-01,2027-06-01,Annual,Active,
S20816,A1149,O10186,API Access,42907.23,EUR,2026-06-01,2027-06-01,Quarterly,Active,
S20817,A1129,O11750,Core Platform,6350.0,USD,2026-06-04,2028-06-04,Monthly,Active,
S20818,A1083,O10398,Advanced Analytics,6090.0,USD,2026-06-05,2027-06-05,Annual,Active,
S20819,A1388,O10440,API Access,124456.06,EUR,2026-06-05,2027-06-05,Annual,Amended,S99012
S20820,A1388,O10440,Advanced Analytics,112701.69,EUR,2026-06-05,2027-06-05,Annual,Active,
S20821,A1013,O11249,Core Platform,382000.0,BRL,2026-06-06,2027-06-06,Quarterly,Active,
S20822,A1114,O11814,Managed Training,129258.1,USD,2026-06-07,2027-06-07,Annual,Active,
S20823,A1114,O11814,Core Platform,196327.36,USD,2026-06-07,2027-06-07,Annual,Active,
S20824,A1311,O11944,API Access,272832.0,USD,2026-06-08,2027-06-08,Annual,Active,
S20825,A1419,O11825,API Access,9200.0,BRL,2026-06-10,2028-06-10,Annual,Amended,S99002
S20826,A1050,O11577,Managed Training,79000.0,EUR,2026-06-11,2027-06-11,Annual,Active,
S20827,A1157,O12130,Managed Training,3568.94,EUR,2026-06-11,2027-06-11,Annual,Active,
S20828,A1157,O12130,Advanced Analytics,1049.97,EUR,2026-06-11,2028-06-11,Quarterly,Active,
S20829,A1171,O10033,API Access,23435.83,USD,2026-06-11,2027-06-11,Monthly,Active,
S20830,A1171,O10033,Managed Training,26740.37,USD,2026-06-11,2027-06-11,Annual,Active,
S20831,A1330,O11366,Advanced Analytics,118482.0,USD,2026-06-13,2027-06-13,Annual,Active,
S20832,A1327,O10374,Advanced Analytics,12804.22,USD,2026-06-13,2027-06-13,Annual,Active,
S20833,A1327,O10374,API Access,13561.33,USD,2026-06-13,2027-06-13,Annual,Active,
S20834,A1188,O12500,API Access,100816.22,USD,2026-06-14,2027-06-14,Annual,Active,
S20835,A1188,O12500,Advanced Analytics,55803.62,USD,2026-06-14,2027-06-14,Quarterly,Active,
S20836,A1351,O10768,Advanced Analytics,171186.96,EUR,2026-06-16,2027-06-16,Quarterly,Active,
S20837,A1351,O10768,Managed Training,235977.83,EUR,2026-06-16,2027-06-16,Annual,Amended,S99014
S20838,A1352,O10909,API Access,199173.37,EUR,2026-06-17,2027-06-17,Annual,Active,
S20839,A1352,O10909,Advanced Analytics,145286.55,EUR,2026-06-17,2027-06-17,Annual,Active,
S20840,A1107,O10360,API Access,32250.0,USD,2026-06-20,2028-06-20,Annual,Active,
S20841,A1207,O11080,Advanced Analytics,2142.0,USD,2026-06-21,2028-06-21,Monthly,Active,
S20842,A1009,O10448,Advanced Analytics,54698.0,USD,2026-06-27,2029-06-27,Annual,Active,
S20843,A1041,O11183,API Access,1911.0,USD,2026-06-29,2028-06-29,Annual,Amended,S99022
S20844,A1399,O11881,Core Platform,3400.0,USD,2026-06-30,2029-06-30,Annual,Active,
S20845,A1291,,Core Platform,2854.41,USD,2025-01-22,2026-01-22,Annual,Expired,
S20846,A1291,,Advanced Analytics,863.0,USD,2026-01-22,2027-01-22,Quarterly,Active,
S20847,A1136,,Core Platform,2741.34,USD,2026-02-02,2027-02-02,Annual,Active,
S20848,A1224,,Managed Training,2966.45,USD,2025-02-02,2026-02-02,Annual,Expired,
S20849,A1224,,API Access,2254.19,USD,2025-02-02,2026-02-02,Annual,Expired,
S20850,A1067,,API Access,30304.09,USD,2025-02-14,2026-02-14,Quarterly,Expired,
S20851,A1022,,Managed Training,13841.2,EUR,2025-02-22,2026-02-22,Annual,Expired,
S20852,A1349,,Advanced Analytics,12050.0,USD,2026-02-26,2027-02-26,Annual,Active,
S20853,A1232,,Managed Training,73609.2,USD,2025-02-26,2026-02-26,Annual,Expired,
S20854,A1251,,Managed Training,20921.04,GBP,2025-02-28,2026-02-28,Annual,Expired,
S20855,A1039,,Advanced Analytics,12373.05,USD,2025-03-04,2026-03-04,Annual,Expired,
S20856,A1354,,Advanced Analytics,10626.0,SGD,2025-04-04,2026-04-04,Annual,Expired,
S20857,A1386,,Core Platform,7130.56,GBP,2026-04-12,2027-04-12,Monthly,Active,
S20858,A1336,,API Access,4088.85,SGD,2025-04-14,2026-04-14,Annual,Expired,
S20859,A1336,,Managed Training,4518.9,SGD,2025-04-14,2026-04-14,Quarterly,Expired,
S20860,A1326,,API Access,89334.0,USD,2025-04-15,2026-04-15,Annual,Expired,
S20861,A1354,,API Access,3234.0,SGD,2025-04-19,2026-04-19,Annual,Expired,
S20862,A1333,,Core Platform,4752.28,USD,2026-04-21,2027-04-21,Quarterly,Active,
S20863,A1187,,Advanced Analytics,3257.25,USD,2026-04-21,2027-04-21,Annual,Active,
S20864,A1151,,Managed Training,15547.42,SGD,2025-04-24,2026-04-24,Annual,Expired,
S20865,A1040,,Managed Training,33138.0,USD,2025-04-27,2026-04-27,Annual,Expired,
S20866,A1048,,Managed Training,23395.41,USD,2025-05-01,2026-05-01,Annual,Expired,
S20867,A1048,,API Access,8276.29,USD,2026-05-01,2027-05-01,Annual,Active,
S20868,A1413,,Advanced Analytics,6132.0,USD,2025-05-02,2026-05-02,Quarterly,Expired,
S20869,A1384,,API Access,55255.78,USD,2025-05-03,2026-05-03,Quarterly,Expired,
S20870,A1384,,Managed Training,40820.62,USD,2025-05-03,2026-05-03,Annual,Expired,
S20871,A1196,,Core Platform,56279.86,GBP,2025-05-04,2026-05-04,Annual,Expired,
S20872,A1196,,Advanced Analytics,87128.41,GBP,2025-05-04,2026-05-04,Annual,Expired,
S20873,A1283,,API Access,7644.0,USD,2025-05-04,2026-05-04,Annual,Expired,
S20874,A1418,,API Access,9526.93,SGD,2026-05-10,2027-05-10,Annual,Amended,S99038
S20875,A1264,,Core Platform,21870.12,EUR,2025-05-10,2026-05-10,Annual,Expired,
S20876,A1398,,Core Platform,4620.0,EUR,2025-05-13,2026-05-13,Annual,Expired,
S20877,A1074,,Managed Training,24685.2,GBP,2025-05-16,2026-05-16,Annual,Expired,
S20878,A1074,,API Access,17501.17,GBP,2025-05-16,2026-05-16,Annual,Expired,
S20879,A1044,,API Access,10878.0,USD,2025-05-17,2026-05-17,Annual,Expired,
S20880,A1312,,Advanced Analytics,17934.0,EUR,2025-05-18,2026-05-18,Quarterly,Expired,
S20881,A1184,,Advanced Analytics,111379.76,USD,2025-05-22,2026-05-22,Annual,Expired,
S20882,A1184,,Managed Training,86866.54,USD,2025-05-22,2026-05-22,Annual,Expired,
S20883,A1119,,API Access,55366.08,USD,2026-05-25,2027-05-25,Quarterly,Active,
S20884,A1355,,Managed Training,6937.54,USD,2025-05-30,2026-05-30,Annual,Expired,
S20885,A1365,,API Access,7014.0,GBP,2025-06-01,2026-06-01,Annual,Expired,
S20886,A1147,,Core Platform,8467.2,EUR,2025-06-02,2026-06-02,Monthly,Expired,
S20887,A1164,,Core Platform,16573.28,USD,2025-06-04,2026-06-04,Annual,Expired,
S20888,A1222,,Managed Training,25536.0,EUR,2025-06-05,2026-06-05,Annual,Expired,
S20889,A1128,,Core Platform,42146.86,USD,2025-06-06,2026-06-06,Annual,Expired,
S20890,A1128,,Advanced Analytics,20214.97,USD,2025-06-06,2026-06-06,Quarterly,Expired,
S20891,A1256,,Managed Training,11605.39,BRL,2026-06-08,2027-06-08,Annual,Active,
S20892,A1147,,Advanced Analytics,5208.0,EUR,2025-06-14,2026-06-14,Annual,Expired,
S20893,A1273,,API Access,26883.12,USD,2025-06-14,2026-06-14,Annual,Expired,
S20894,A1068,,Core Platform,36587.8,USD,2026-06-14,2027-06-14,Annual,Active,
S20895,A1068,,API Access,61048.58,USD,2025-06-14,2026-06-14,Quarterly,Expired,
S20896,A1403,,Managed Training,9072.0,USD,2026-06-16,2027-06-16,Monthly,Active,
S20897,A1193,,Managed Training,7365.31,BRL,2025-06-17,2026-06-17,Annual,Expired,
S20898,A1193,,API Access,11118.93,BRL,2025-06-17,2026-06-17,Annual,Expired,
S20899,A1368,,Managed Training,86112.4,USD,2025-06-18,2026-06-18,Annual,Expired,
S20900,A1368,,Core Platform,43794.91,USD,2025-06-18,2026-06-18,Quarterly,Expired,
S20901,A1089,,Managed Training,1281.0,BRL,2026-06-18,2027-06-18,Annual,Active,
S20902,A1090,,API Access,2670.33,USD,2025-06-19,2026-06-19,Annual,Expired,
S20903,A1306,,API Access,232033.36,USD,2025-06-20,2026-06-20,Annual,Expired,
S20904,A1306,,Managed Training,153113.03,USD,2025-06-20,2026-06-20,Annual,Expired,
S20905,A1358,,API Access,32989.51,BRL,2025-06-21,2026-06-21,Monthly,Expired,
S20906,A1358,,Managed Training,37691.4,BRL,2025-06-21,2026-06-21,Annual,Expired,
S20907,A1256,,API Access,80850.0,BRL,2026-06-21,2027-06-21,Annual,Active,
S20908,A1028,,Managed Training,149469.65,USD,2025-06-21,2026-06-21,Annual,Expired,
S20909,A1028,,API Access,74098.87,USD,2025-06-21,2026-06-21,Annual,Expired,
S20910,A1370,,Advanced Analytics,20100.0,USD,2025-06-28,2026-06-28,Annual,Expired,
S20911,A1378,,Core Platform,180830.0,USD,2025-06-29,2026-06-29,Annual,Expired,
S20912,A1229,,Core Platform,74500.0,USD,2025-06-30,2026-06-30,Annual,Expired,
S20913,A1362,,Advanced Analytics,32781.73,USD,2025-07-06,2026-07-06,Annual,Amended,S99019
S20914,A1174,,Core Platform,48471.0,USD,2025-07-07,2026-07-07,Annual,Active,
S20915,A1323,,Core Platform,22008.0,SGD,2025-07-09,2026-07-09,Annual,Active,
S20916,A1335,,Advanced Analytics,159700.0,USD,2025-07-09,2026-07-09,Annual,Active,
S20917,A1134,,Core Platform,45754.12,EUR,2025-07-18,2026-07-18,Monthly,Amended,S99041
S20918,A1200,,API Access,9080.28,GBP,2025-07-18,2026-07-18,Quarterly,Active,
S20919,A1187,,Core Platform,44600.0,USD,2025-07-21,2026-07-21,Annual,Active,
S20920,A1370,,Core Platform,2310.0,USD,2025-07-21,2026-07-21,Annual,Amended,S99046
S20921,A1270,,Managed Training,53727.42,SGD,2025-07-22,2026-07-22,Monthly,Active,
S20922,A1270,,API Access,25666.57,SGD,2025-07-22,2026-07-22,Annual,Active,
S20923,A1307,,Core Platform,178229.83,USD,2025-07-24,2026-07-24,Quarterly,Active,
S20924,A1307,,Managed Training,289323.73,USD,2025-07-24,2026-07-24,Annual,Active,
S20925,A1014,,API Access,3301.39,SGD,2025-07-24,2026-07-24,Quarterly,Active,
S20926,A1298,,Managed Training,191858.2,BRL,2025-07-26,2026-07-26,Annual,Active,
S20927,A1298,,Advanced Analytics,115985.86,BRL,2025-07-26,2026-07-26,Annual,Active,
S20928,A1062,,Managed Training,17640.66,USD,2025-07-29,2026-07-29,Quarterly,Active,
S20929,A1170,,Advanced Analytics,114450.0,USD,2025-07-31,2026-07-31,Annual,Active,
S20930,A1207,,Managed Training,13455.0,USD,2025-08-05,2026-08-05,Annual,Active,
S20931,A1315,,Advanced Analytics,39771.38,USD,2025-08-06,2026-08-06,Annual,Active,
S20932,A1344,,Core Platform,25914.0,USD,2025-08-12,2026-08-12,Annual,Active,
S20933,A1159,,Advanced Analytics,156862.0,USD,2025-08-15,2026-08-15,Annual,Active,
S20934,A1169,,API Access,160000.0,USD,2025-08-15,2026-08-15,Quarterly,Active,
S20935,A1022,,API Access,9507.93,EUR,2025-08-17,2026-08-17,Annual,Active,
S20936,A1022,,Core Platform,11410.69,EUR,2025-08-17,2026-08-17,Annual,Active,
S20937,A1032,,Advanced Analytics,51321.65,USD,2025-08-21,2026-08-21,Monthly,Amended,S99025
S20938,A1032,,Managed Training,54069.66,USD,2025-08-21,2026-08-21,Annual,Active,
S20939,A1395,,API Access,11697.57,EUR,2025-08-21,2026-08-21,Annual,Active,
S20940,A1221,,API Access,58844.56,GBP,2025-08-27,2026-08-27,Quarterly,Active,
S20941,A1026,,API Access,13137.6,USD,2025-08-27,2026-08-27,Monthly,Active,
S20942,A1276,,API Access,9195.37,EUR,2025-08-31,2026-08-31,Annual,Active,
S20943,A1080,,API Access,48927.9,USD,2025-09-01,2026-09-01,Quarterly,Active,
S20944,A1296,,Advanced Analytics,128837.65,USD,2025-09-03,2026-09-03,Annual,Active,
S20945,A1296,,Core Platform,124032.29,USD,2025-09-03,2026-09-03,Annual,Active,
S20946,A1147,,Managed Training,5929.29,EUR,2025-09-08,2026-09-08,Monthly,Active,
S20947,A1147,,API Access,7637.47,EUR,2025-09-08,2026-09-08,Monthly,Active,
S20948,A1108,,Managed Training,5306.48,USD,2025-09-08,2026-09-08,Annual,Active,
S20949,A1108,,Core Platform,6189.01,USD,2025-09-08,2026-09-08,Annual,Active,
S20950,A1088,,Managed Training,10717.87,EUR,2025-09-09,2026-09-09,Annual,Active,
S20951,A1208,,Advanced Analytics,22033.73,USD,2025-09-10,2026-09-10,Quarterly,Amended,S99020
S20952,A1208,,API Access,21192.83,USD,2025-09-10,2026-09-10,Annual,Active,
S20953,A1040,,Core Platform,50274.0,USD,2025-09-11,2026-09-11,Annual,Active,
S20954,A1308,,Managed Training,54200.0,BRL,2025-09-13,2026-09-13,Annual,Active,
S20955,A1033,,Advanced Analytics,77500.0,USD,2025-09-13,2026-09-13,Annual,Active,
S20956,A1043,,Core Platform,9000.0,EUR,2025-09-16,2026-09-16,Annual,Active,
S20957,A1375,,API Access,230488.65,EUR,2025-09-21,2026-09-21,Monthly,Active,
S20958,A1375,,Core Platform,204161.84,EUR,2025-09-21,2026-09-21,Quarterly,Active,
S20959,A1029,,Core Platform,155537.34,GBP,2025-09-22,2026-09-22,Annual,Active,
S20960,A1353,,Advanced Analytics,216140.0,GBP,2025-09-22,2026-09-22,Quarterly,Active,
S20961,A1419,,Core Platform,6577.63,BRL,2025-09-22,2026-09-22,Annual,Active,
S20962,A1326,,Advanced Analytics,152298.58,USD,2025-09-23,2026-09-23,Annual,Active,
S20963,A1217,,Managed Training,2708.33,USD,2025-10-02,2026-10-02,Annual,Active,
S20964,A1217,,API Access,3900.21,USD,2025-10-02,2026-10-02,Annual,Active,
S20965,A1028,,Advanced Analytics,70619.04,USD,2025-10-04,2026-10-04,Annual,Active,
S20966,A1028,,Core Platform,54413.27,USD,2025-10-04,2026-10-04,Monthly,Active,
S20967,A1245,,Core Platform,11447.1,EUR,2025-10-08,2026-10-08,Annual,Active,
S20968,A1386,,Managed Training,38520.0,GBP,2025-10-08,2026-10-08,Annual,Active,
S20969,A1080,,Advanced Analytics,78311.93,USD,2025-10-09,2026-10-09,Annual,Active,
S20970,A1206,,Core Platform,74981.42,USD,2025-10-12,2026-10-12,Annual,Active,
S20971,A1206,,Advanced Analytics,101271.13,USD,2025-10-12,2026-10-12,Quarterly,Active,
S20972,A1319,,Managed Training,33713.08,USD,2025-10-13,2026-10-13,Monthly,Active,
S20973,A1319,,Advanced Analytics,23777.55,USD,2025-10-13,2026-10-13,Annual,Active,
S20974,A1019,,Managed Training,11556.0,USD,2025-10-15,2026-10-15,Annual,Active,
S20975,A1131,,Managed Training,106871.68,USD,2025-10-16,2026-10-16,Annual,Active,
S20976,A1123,,Core Platform,15460.2,GBP,2025-10-17,2026-10-17,Monthly,Active,
S20977,A1098,,Advanced Analytics,494600.0,USD,2025-10-20,2026-10-20,Annual,Amended,S99039
S20978,A1337,,Advanced Analytics,132804.0,USD,2025-10-20,2026-10-20,Annual,Active,
S20979,A1060,,Core Platform,40330.24,USD,2025-10-25,2026-10-25,Quarterly,Amended,S99044
S20980,A1297,,API Access,131400.0,USD,2025-10-26,2026-10-26,Quarterly,Active,
S20981,A1263,,API Access,154309.11,USD,2025-10-27,2026-10-27,Annual,Amended,S99007
S20982,A1150,,API Access,100399.94,EUR,2025-10-31,2026-10-31,Annual,Active,
S20983,A1150,,Advanced Analytics,147815.39,EUR,2025-10-31,2026-10-31,Annual,Active,
S20984,A1193,,Advanced Analytics,36685.0,BRL,2025-11-02,2026-11-02,Annual,Active,
S20985,A1221,,Managed Training,79088.49,GBP,2025-11-03,2026-11-03,Monthly,Active,
S20986,A1179,,Managed Training,95286.6,USD,2025-11-04,2026-11-04,Annual,Active,
S20987,A1404,,API Access,190500.0,USD,2025-11-07,2026-11-07,Annual,Active,
S20988,A1188,,Core Platform,260963.38,USD,2025-11-07,2026-11-07,Annual,Amended,S99001
S20989,A1097,,Managed Training,4485.75,USD,2025-11-12,2026-11-12,Annual,Active,
S20990,A1097,,Advanced Analytics,5439.71,USD,2025-11-12,2026-11-12,Annual,Active,
S20991,A1246,,Advanced Analytics,86063.22,EUR,2025-11-14,2026-11-14,Annual,Active,
S20992,A1399,,API Access,9212.7,USD,2025-11-17,2026-11-17,Annual,Active,
S20993,A1123,,Advanced Analytics,9618.0,GBP,2025-11-20,2026-11-20,Quarterly,Active,
S20994,A1031,,Managed Training,5628.0,GBP,2025-11-20,2026-11-20,Annual,Active,
S20995,A1314,,API Access,95800.0,USD,2025-11-25,2026-11-25,Annual,Active,
S20996,A1143,,API Access,140070.0,USD,2025-11-27,2026-11-27,Quarterly,Active,
S20997,A1186,,Advanced Analytics,23578.74,USD,2025-11-27,2026-11-27,Annual,Active,
S20998,A1186,,API Access,21942.38,USD,2025-11-27,2026-11-27,Annual,Active,
S20999,A1224,,Core Platform,22042.0,USD,2025-11-28,2026-11-28,Annual,Active,
S21000,A1189,,Advanced Analytics,58770.0,USD,2025-11-28,2026-11-28,Quarterly,Active,
S21001,A1235,,Core Platform,12900.0,BRL,2025-11-30,2026-11-30,Quarterly,Active,
S21002,A1128,,API Access,23794.65,USD,2025-11-30,2026-11-30,Annual,Active,
S21003,A1128,,Managed Training,26287.51,USD,2025-11-30,2026-11-30,Annual,Active,
S21004,A1397,,API Access,13297.36,USD,2025-12-01,2026-12-01,Annual,Active,
S21005,A1202,,API Access,192635.58,USD,2025-12-03,2026-12-03,Quarterly,Active,
S21006,A1245,,API Access,3730.02,EUR,2025-12-06,2026-12-06,Quarterly,Active,
S21007,A1184,,API Access,64758.54,USD,2025-12-06,2026-12-06,Annual,Active,
S21008,A1000,,Core Platform,28851.48,USD,2025-12-07,2026-12-07,Annual,Active,
S21009,A1154,,API Access,11968.18,GBP,2025-12-08,2026-12-08,Quarterly,Active,
S21010,A1154,,Managed Training,15943.58,GBP,2025-12-08,2026-12-08,Annual,Active,
S21011,A1245,,Managed Training,7631.53,EUR,2025-12-11,2026-12-11,Annual,Active,
S21012,A1017,,API Access,8600.0,EUR,2025-12-11,2026-12-11,Quarterly,Active,
S21013,A1170,,Core Platform,31570.23,USD,2025-12-18,2026-12-18,Quarterly,Active,
S21014,A1136,,Managed Training,11160.0,USD,2025-12-18,2026-12-18,Annual,Active,
S21015,A1400,,Core Platform,122379.13,USD,2025-12-20,2026-12-20,Annual,Active,
S21016,A1400,,API Access,67320.79,USD,2025-12-20,2026-12-20,Annual,Active,
S21017,A1310,,Core Platform,16615.2,USD,2025-12-20,2026-12-20,Annual,Active,
S21018,A1361,,API Access,9043.96,USD,2025-12-22,2026-12-22,Annual,Active,
S21019,A1035,,Managed Training,54437.35,USD,2025-12-22,2026-12-22,Annual,Active,
S21020,A1035,,Advanced Analytics,100674.48,USD,2025-12-22,2026-12-22,Annual,Active,
S21021,A1236,,API Access,8100.0,USD,2025-12-27,2026-12-27,Quarterly,Active,
S21022,A1266,,Core Platform,42141.01,USD,2026-01-01,2027-01-01,Annual,Active,
S21023,A1206,,Managed Training,52236.0,USD,2026-01-05,2027-01-05,Annual,Active,
S21024,A1206,,API Access,48070.12,USD,2026-01-05,2027-01-05,Annual,Active,
S21025,A1102,,Managed Training,52823.33,USD,2026-01-06,2027-01-06,Monthly,Active,
S21026,A1211,,Core Platform,2824.91,BRL,2026-01-14,2027-01-14,Quarterly,Active,
S21027,A1211,,Advanced Analytics,1806.17,BRL,2026-01-14,2027-01-14,Annual,Active,
S21028,A1346,,API Access,24027.9,USD,2026-01-17,2027-01-17,Annual,Active,
S21029,A1024,,Advanced Analytics,92259.98,USD,2026-01-18,2027-01-18,Annual,Active,
S21030,A1024,,Core Platform,84352.99,USD,2026-01-18,2027-01-18,Annual,Active,
S21031,A1204,,API Access,18732.0,USD,2026-01-21,2027-01-21,Monthly,Active,
S21032,A1279,,API Access,14700.0,USD,2026-01-26,2027-01-26,Annual,Active,
S21033,A1392,,Core Platform,7458.08,EUR,2026-01-27,2027-01-27,Annual,Amended,S99049
S21034,A1392,,Advanced Analytics,6127.75,EUR,2026-01-27,2027-01-27,Annual,Active,
S21035,A1233,,Core Platform,23908.08,USD,2026-01-30,2027-01-30,Annual,Active,
S21036,A1236,,Core Platform,14038.18,USD,2026-01-31,2027-01-31,Annual,Active,
S21037,A1236,,Advanced Analytics,17877.84,USD,2026-01-31,2027-01-31,Annual,Active,
S21038,A1274,,Managed Training,84223.19,EUR,2026-02-04,2027-02-04,Annual,Active,
S21039,A1344,,API Access,13424.02,USD,2026-02-07,2027-02-07,Quarterly,Active,
S21040,A1344,,Advanced Analytics,17359.51,USD,2026-02-07,2027-02-07,Quarterly,Active,
S21041,A1366,,Advanced Analytics,33228.37,USD,2026-02-15,2027-02-15,Quarterly,Active,
S21042,A1410,,Managed Training,98600.0,USD,2026-02-17,2027-02-17,Annual,Amended,S99034
S21043,A1087,,Core Platform,8855.13,USD,2026-02-18,2027-02-18,Annual,Active,
S21044,A1087,,API Access,5090.96,USD,2026-02-18,2027-02-18,Quarterly,Active,
S21045,A1136,,Advanced Analytics,18725.0,USD,2026-02-21,2027-02-21,Annual,Active,
S21046,A1286,,Core Platform,28890.0,USD,2026-02-23,2027-02-23,Annual,Active,
S21047,A1078,,Core Platform,27241.2,USD,2026-02-24,2027-02-24,Annual,Active,
S21048,A1209,,Core Platform,27083.0,GBP,2026-02-25,2027-02-25,Annual,Active,
S21049,A1225,,Advanced Analytics,11004.0,USD,2026-02-25,2027-02-25,Annual,Active,
S21050,A1130,,Advanced Analytics,349514.7,USD,2026-03-07,2027-03-07,Quarterly,Active,
S21051,A1130,,Managed Training,172197.89,USD,2026-03-07,2027-03-07,Annual,Active,
S21052,A1251,,Advanced Analytics,17640.0,GBP,2026-03-07,2027-03-07,Annual,Active,
S21053,A1414,,Core Platform,28062.07,USD,2026-03-08,2027-03-08,Annual,Active,
S21054,A1414,,Managed Training,25348.37,USD,2026-03-08,2027-03-08,Annual,Active,
S21055,A1357,,Advanced Analytics,23184.0,GBP,2026-03-09,2027-03-09,Annual,Active,
S21056,A1237,,Managed Training,39742.05,SGD,2026-03-09,2027-03-09,Annual,Active,
S21057,A1088,,API Access,25700.0,EUR,2026-03-13,2027-03-13,Annual,Amended,S99043
S21058,A1178,,API Access,25830.0,USD,2026-03-14,2027-03-14,Annual,Active,
S21059,A1084,,Core Platform,37878.0,USD,2026-03-19,2027-03-19,Monthly,Active,
S21060,A1359,,Managed Training,8738.62,EUR,2026-03-23,2027-03-23,Annual,Active,
S21061,A1302,,Advanced Analytics,18864.67,EUR,2026-03-27,2027-03-27,Annual,Active,
S21062,A1183,,API Access,27433.07,GBP,2026-03-27,2027-03-27,Quarterly,Active,
S21063,A1370,,API Access,21800.0,USD,2026-04-05,2027-04-05,Monthly,Active,
S21064,A1031,,Core Platform,19740.21,GBP,2026-04-09,2027-04-09,Annual,Active,
S21065,A1031,,Advanced Analytics,25516.53,GBP,2026-04-09,2027-04-09,Annual,Active,
S21066,A1066,,Core Platform,34501.07,USD,2026-04-10,2027-04-10,Quarterly,Amended,S99033
S21067,A1066,,Advanced Analytics,61095.57,USD,2026-04-10,2027-04-10,Annual,Active,
S21068,A1416,,Managed Training,23700.03,SGD,2026-04-12,2027-04-12,Annual,Active,
S21069,A1416,,API Access,18321.77,SGD,2026-04-12,2027-04-12,Annual,Active,
S21070,A1057,,Core Platform,137856.6,USD,2026-04-12,2027-04-12,Annual,Amended,S99040
S21071,A1356,,Managed Training,172000.0,BRL,2026-04-14,2027-04-14,Annual,Active,
S21072,A1401,,Core Platform,8200.0,BRL,2026-04-14,2027-04-14,Annual,Active,
S21073,A1289,,Advanced Analytics,5772.71,GBP,2026-04-14,2027-04-14,Quarterly,Active,
S21074,A1289,,Managed Training,5810.93,GBP,2026-04-14,2027-04-14,Annual,Active,
S21075,A1104,,Advanced Analytics,5688.15,USD,2026-04-14,2027-04-14,Annual,Amended,S99013
S21076,A1104,,Managed Training,3504.29,USD,2026-04-14,2027-04-14,Annual,Active,
S21077,A1196,,Managed Training,143360.62,GBP,2026-04-16,2027-04-16,Quarterly,Active,
S21078,A1099,,Managed Training,291895.96,EUR,2026-04-17,2027-04-17,Monthly,Active,
S21079,A1099,,API Access,137431.65,EUR,2026-04-17,2027-04-17,Annual,Active,
S21080,A1031,,API Access,191015.0,GBP,2026-04-18,2027-04-18,Annual,Active,
S21081,A1037,,Core Platform,26881.53,USD,2026-04-18,2027-04-18,Annual,Active,
S21082,A1037,,Managed Training,27374.67,USD,2026-04-18,2027-04-18,Annual,Active,
S21083,A1144,,API Access,4344.75,USD,2026-04-19,2027-04-19,Annual,Active,
S21084,A1219,,Advanced Analytics,12663.81,USD,2026-04-20,2027-04-20,Quarterly,Active,
S21085,A1319,,API Access,191015.0,USD,2026-04-22,2027-04-22,Annual,Active,
S21086,A1228,,Managed Training,18996.93,USD,2026-04-22,2027-04-22,Annual,Active,
S21087,A1228,,Advanced Analytics,9245.21,USD,2026-04-22,2027-04-22,Annual,Active,
S21088,A1329,,Core Platform,114030.0,USD,2026-04-24,2027-04-24,Annual,Active,
S21089,A1154,,Core Platform,37800.0,GBP,2026-04-26,2027-04-26,Annual,Active,
S21090,A1175,,Core Platform,3562.17,USD,2026-04-26,2027-04-26,Annual,Active,
S21091,A1041,,Core Platform,5589.46,USD,2026-04-26,2027-04-26,Monthly,Active,
S21092,A1067,,Advanced Analytics,9258.86,USD,2026-05-01,2027-05-01,Annual,Active,
S21093,A1303,,API Access,21866.43,USD,2026-05-02,2027-05-02,Quarterly,Active,
S21094,A1303,,Managed Training,15089.83,USD,2026-05-02,2027-05-02,Annual,Active,
S21095,A1151,,Advanced Analytics,39681.95,SGD,2026-05-03,2027-05-03,Quarterly,Active,
S21096,A1151,,API Access,22070.65,SGD,2026-05-03,2027-05-03,Annual,Active,
S21097,A1244,,Core Platform,9053.73,USD,2026-05-03,2027-05-03,Annual,Active,
S21098,A1401,,Advanced Analytics,3554.29,BRL,2026-05-05,2027-05-05,Annual,Active,
S21099,A1166,,Managed Training,92080.95,GBP,2026-05-06,2027-05-06,Monthly,Active,
S21100,A1124,,Core Platform,53109.2,USD,2026-05-07,2027-05-07,Annual,Active,
S21101,A1124,,API Access,30745.57,USD,2026-05-07,2027-05-07,Annual,Active,
S21102,A1077,,Core Platform,87800.0,USD,2026-05-09,2027-05-09,Annual,Active,
S21103,A1412,,Advanced Analytics,246695.95,EUR,2026-05-12,2027-05-12,Quarterly,Active,
S21104,A1315,,Core Platform,280342.21,USD,2026-05-20,2027-05-20,Monthly,Active,
S21105,A1261,,Managed Training,50359.37,USD,2026-05-20,2027-05-20,Annual,Active,
S21106,A1354,,Managed Training,6762.0,SGD,2026-05-21,2027-05-21,Monthly,Active,
S21107,A1117,,Advanced Analytics,6261.63,USD,2026-05-21,2027-05-21,Annual,Active,
S21108,A1117,,Managed Training,4034.76,USD,2026-05-21,2027-05-21,Quarterly,Active,
S21109,A1052,,Managed Training,25700.0,USD,2026-05-28,2027-05-28,Annual,Active,
S21110,A1219,,Core Platform,33164.24,USD,2026-05-31,2027-05-31,Annual,Active,
S21111,A1219,,Managed Training,25336.96,USD,2026-05-31,2027-05-31,Annual,Active,
S21112,A1306,,Advanced Analytics,165713.7,USD,2026-06-02,2027-06-02,Annual,Active,
S21113,A1046,,API Access,15054.78,USD,2026-06-15,2027-06-15,Annual,Active,
S21114,A1394,,Advanced Analytics,13876.77,USD,2026-06-16,2027-06-16,Annual,Active,
S21115,A1394,,Managed Training,22169.98,USD,2026-06-16,2027-06-16,Annual,Active,
S21116,A1349,,API Access,14052.58,USD,2026-06-16,2027-06-16,Quarterly,Active,
S21117,A1210,,Advanced Analytics,11253.9,GBP,2026-06-18,2027-06-18,Annual,Active,
S21118,A1293,,Core Platform,46221.77,BRL,2026-06-18,2027-06-18,Annual,Active,
S21119,A1293,,API Access,88669.11,BRL,2026-06-18,2027-06-18,Monthly,Active,
S21120,A1286,,Advanced Analytics,278800.0,USD,2026-06-20,2027-06-20,Annual,Active,
S21121,A1053,,API Access,3851.07,USD,2026-06-21,2027-06-21,Annual,Active,
S21122,A1111,,Advanced Analytics,319636.8,EUR,2026-06-21,2027-06-21,Monthly,Active,
S21123,A1064,,Advanced Analytics,20300.0,USD,2026-06-21,2027-06-21,Quarterly,Active,
S21124,A1312,,Core Platform,42513.24,EUR,2026-06-22,2027-06-22,Annual,Active,
S21125,A1399,,Managed Training,11382.22,USD,2026-06-22,2027-06-22,Annual,Active,
S21126,A1133,,Managed Training,15764.36,BRL,2026-06-23,2027-06-23,Quarterly,Active,
S21127,A1133,,API Access,22048.88,BRL,2026-06-23,2027-06-23,Annual,Active,
S21128,A1087,,Advanced Analytics,107173.36,USD,2026-06-25,2027-06-25,Annual,Active,
S21129,A1157,,API Access,1926.92,EUR,2026-06-25,2027-06-25,Monthly,Active,
S21130,A1385,,Managed Training,6477.0,USD,2026-06-25,2027-06-25,Annual,Active,
S21131,A1385,,Advanced Analytics,6444.76,USD,2026-06-25,2027-06-25,Annual,Active,
S21132,A1195,,Managed Training,56078.3,USD,2026-06-30,2027-06-30,Annual,Amended,S99023
S99000,A1382,,Managed Training,13867.18,GBP,2026-02-17,2027-10-17,Annual,Active,
S99001,A1188,,Core Platform,316039.38,USD,2026-03-07,2026-11-07,Annual,Active,
S99002,A1419,,API Access,13555.09,BRL,2026-10-10,2028-06-10,Annual,Active,
S99003,A1204,,Core Platform,18606.13,USD,2026-02-04,2026-10-04,Annual,Active,
S99004,A1377,,Advanced Analytics,31136.18,USD,2026-08-09,2027-04-09,Annual,Active,
S99005,A1244,,Advanced Analytics,6030.27,USD,2026-01-26,2026-09-26,Monthly,Active,
S99006,A1124,,Managed Training,120376.75,USD,2026-01-18,2026-09-18,Annual,Active,
S99007,A1263,,API Access,230829.92,USD,2026-02-27,2026-10-27,Annual,Active,
S99008,A1302,,API Access,5920.24,EUR,2025-07-27,2027-03-27,Annual,Active,
S99009,A1225,,API Access,13584.49,USD,2025-12-02,2026-08-02,Monthly,Active,
S99010,A1339,,Advanced Analytics,2063.48,GBP,2026-05-11,2029-01-11,Quarterly,Active,
S99011,A1076,,Managed Training,176490.5,BRL,2026-03-11,2026-11-11,Annual,Active,
S99012,A1388,,API Access,183980.25,EUR,2026-10-05,2027-06-05,Annual,Active,
S99013,A1104,,Advanced Analytics,7743.84,USD,2026-08-14,2027-04-14,Annual,Active,
S99014,A1351,,Managed Training,346494.41,EUR,2026-10-16,2027-06-16,Annual,Active,
S99015,A1201,,API Access,33562.74,EUR,2026-02-21,2026-10-21,Annual,Active,
S99016,A1257,,Advanced Analytics,97277.99,BRL,2026-07-01,2029-03-01,Annual,Active,
S99017,A1240,,Advanced Analytics,8046.18,USD,2026-03-18,2026-11-18,Annual,Active,
S99018,A1189,,API Access,48236.14,USD,2026-08-17,2027-04-17,Monthly,Active,
S99019,A1362,,Advanced Analytics,40006.42,USD,2025-11-06,2026-07-06,Annual,Active,
S99020,A1208,,Advanced Analytics,34467.63,USD,2026-01-10,2026-09-10,Quarterly,Active,
S99021,A1305,,API Access,107480.55,USD,2025-11-01,2026-07-01,Quarterly,Active,
S99022,A1041,,API Access,2488.6,USD,2026-10-29,2028-06-29,Annual,Active,
S99023,A1195,,Managed Training,63373.69,USD,2026-10-30,2027-06-30,Annual,Active,
S99024,A1204,,Managed Training,10206.81,USD,2026-02-04,2026-10-04,Annual,Active,
S99025,A1032,,Advanced Analytics,68244.47,USD,2025-12-21,2026-08-21,Monthly,Active,
S99026,A1049,,Advanced Analytics,269026.69,USD,2026-06-09,2027-02-09,Annual,Active,
S99027,A1051,,Advanced Analytics,22446.12,USD,2026-02-12,2026-10-12,Quarterly,Active,
S99028,A1276,,Managed Training,26135.77,EUR,2026-02-25,2026-10-25,Monthly,Active,
S99029,A1335,,Core Platform,143010.72,USD,2026-09-02,2027-05-02,Annual,Active,
S99030,A1168,,API Access,135891.05,USD,2026-04-22,2026-12-22,Quarterly,Active,
S99031,A1366,,API Access,31936.26,USD,2025-11-05,2027-07-05,Annual,Active,
S99032,A1111,,Core Platform,45224.85,EUR,2025-12-25,2026-08-25,Annual,Active,
S99033,A1066,,Core Platform,50809.68,USD,2026-08-10,2027-04-10,Quarterly,Active,
S99034,A1410,,Managed Training,141396.01,USD,2026-06-17,2027-02-17,Annual,Active,
S99035,A1222,,Advanced Analytics,36942.36,EUR,2026-05-17,2027-01-17,Annual,Active,
S99036,A1330,,Managed Training,81832.69,USD,2026-01-30,2027-09-30,Quarterly,Active,
S99037,A1326,,Core Platform,97000.55,USD,2025-01-23,2026-09-23,Annual,Active,
S99038,A1418,,API Access,12354.93,SGD,2026-09-10,2027-05-10,Annual,Active,
S99039,A1098,,Advanced Analytics,675908.08,USD,2026-02-20,2026-10-20,Annual,Active,
S99040,A1057,,Core Platform,212169.29,USD,2026-08-12,2027-04-12,Annual,Active,
S99041,A1134,,Core Platform,70107.62,EUR,2025-11-18,2026-07-18,Monthly,Active,
S99042,A1417,,Core Platform,185563.53,USD,2026-08-17,2027-04-17,Annual,Active,
S99043,A1088,,API Access,38657.12,EUR,2026-07-13,2027-03-13,Annual,Active,
S99044,A1060,,Core Platform,52125.22,USD,2026-02-25,2026-10-25,Quarterly,Active,
S99045,A1402,,Advanced Analytics,29706.93,USD,2026-06-20,2027-02-20,Annual,Active,
S99046,A1370,,Core Platform,3222.21,USD,2025-11-21,2026-07-21,Annual,Active,
S99047,A1287,,Core Platform,48554.73,USD,2026-06-04,2027-02-04,Annual,Active,
S99048,A1007,,Advanced Analytics,66501.11,USD,2026-05-21,2027-01-21,Annual,Active,
S99049,A1392,,Core Platform,9652.75,EUR,2026-05-27,2027-01-27,Annual,Active,
S99050,A1295,,Core Platform,3443.08,USD,2024-09-25,2027-05-25,Annual,Active,
S99051,A1140,,Advanced Analytics,46490.43,BRL,2026-09-02,2027-05-02,Quarterly,Active,
