opportunity_id,account_id,opportunity_name,owner_user_id,opportunity_type,amount,currency,created_date,close_date,stage_name,is_closed,is_won,forecast_category,lead_source
O12517,A1388,Cobalt Financial Pte Ltd - New Business,U216,New Business,124200.0,EUR,2024-02-24,2024-09-16,6-Closed Lost,True,False,Closed,Inbound
O12191,A1175,Orbit Advisors GmbH - New Business,U206,New Business,15700.0,USD,2024-10-17,2024-11-13,6-Closed Lost,True,False,Closed,Inbound
O10621,A1028,Thorne Trust PLC - Expansion,U205,Expansion,102018.0,USD,2024-06-25,2024-10-04,5-Closed Won,True,True,Closed,Event
O99000,A1221,Tessera Networks Inc - Expansion,U223,Expansion,104790.0,GBP,2024-08-28,2024-11-03,5-Closed Won,True,True,Closed,Outbound
O11930,A1127,Palisade Partners PLC - New Business,U223,New Business,267500.0,EUR,2025-08-16,2025-12-27,6-Closed Lost,True,False,Closed,Inbound
O11323,A1414,Redmond Systems SA - Expansion,U208,Expansion,22092.0,USD,2025-08-09,2025-12-25,6-Closed Lost,True,False,Closed,Event
O10520,A1059,Halcyon Analytics Ltd - Expansion,U217,Expansion,205548.0,USD,2025-10-17,2026-03-24,5-Closed Won,True,True,Closed,Event
O12154,A1139,Granite Holdings SA - New Business,U214,New Business,71800.0,EUR,2026-04-26,2026-06-12,6-Closed Lost,True,False,Closed,Event
O12217,A1125,Sable Group SA - New Business,U213,New Business,79400.0,USD,2026-01-16,2026-04-24,6-Closed Lost,True,False,Closed,Referral
O11539,A1310,Dovetail Ventures Inc - Expansion,U208,Expansion,22134.0,USD,2025-03-14,2025-05-27,6-Closed Lost,True,False,Closed,Outbound
O11727,A1040,Lattice Holdings Pte Ltd - Renewal,U219,Renewal,55700.0,USD,2025-05-11,2025-05-20,5-Closed Won,True,True,Closed,Inbound
O10315,A1113,Riverbend Trust LLC - Expansion,U214,Expansion,55566.0,SGD,2024-10-02,2024-12-18,6-Closed Lost,True,False,Closed,Event
O10990,A1273,Fairlane Financial PLC - New Business,U200,New Business,34100.0,USD,2025-02-24,2025-05-21,6-Closed Lost,True,False,Closed,Inbound
O11431,A1389,Inlet Partners Inc - Expansion,U218,Expansion,20202.0,USD,2026-04-20,2026-07-17,2-Qualified,False,False,Commit,Outbound
O11231,A1145,Harrow Labs Pte Ltd - New Business,U211,New Business,15600.0,USD,2024-01-01,2024-02-11,6-Closed Lost,True,False,Closed,Partner
O12271,A1170,Fairlane Analytics Co - Renewal,U220,Renewal,77600.0,USD,2024-03-19,2024-08-20,5-Closed Won,True,True,Closed,Inbound
O10394,A1084,Eastgate Financial GmbH - New Business,U206,New Business,21200.0,USD,2025-02-17,2025-03-17,6-Closed Lost,True,False,Closed,Inbound
O12233,A1401,Eastgate Partners Inc - New Business,U209,New Business,8200.0,BRL,2025-01-15,2025-04-14,5-Closed Won,True,True,Closed,Inbound
O12471,A1327,Palisade Ventures LLC - Expansion,U209,Expansion,3360.0,USD,2026-02-13,2026-04-11,6-Closed Lost,True,False,Closed,Inbound
O10823,A1292,Inlet Group GmbH - New Business,U205,New Business,170000.0,GBP,2024-01-12,2024-06-23,6-Closed Lost,True,False,Closed,Inbound
O11240,A1339,Northwind Payments LLC - New Business,U217,New Business,6200.0,GBP,2025-11-08,2026-01-11,5-Closed Won,True,True,Closed,Outbound
O10529,A1207,Keystone Capital PLC - Renewal,U202,Renewal,18600.0,USD,2024-03-19,2024-03-28,5-Closed Won,True,True,Closed,Referral
O10176,A1128,Quarry Labs GmbH - Renewal,U208,Renewal,389500.0,USD,2024-11-17,2025-03-09,5-Closed Won,True,True,Closed,Outbound
O12580,A1387,Halcyon Securities PLC - Renewal,U216,Renewal,51000.0,USD,2026-06-13,2026-08-02,1-Discovery,False,False,Commit,Outbound
O10921,A1378,Fairlane Bancorp LLC - Renewal,U215,Renewal,123800.0,USD,2026-03-27,2026-09-11,3-Proposal,False,False,Best Case,Event
O99001,A1111,Inlet Securities GmbH - Expansion,U217,Expansion,47712.0,EUR,2026-06-03,2026-09-22,1-Discovery,False,False,Pipeline,Outbound
O10935,A1164,Lumen Securities GmbH - Expansion,U211,Expansion,16548.0,USD,2024-06-13,2024-07-20,6-Closed Lost,True,False,Closed,Outbound
O10614,A1359,Thorne Analytics PLC - Expansion,U208,Expansion,9240.0,EUR,2025-03-13,2025-03-23,5-Closed Won,True,True,Closed,Inbound
O10324,A1417,Lumen Holdings Ltd - New Business,U208,New Business,469900.0,USD,2024-10-25,2025-03-09,5-Closed Won,True,True,Closed,Inbound
O11106,A1283,Caldera Securities PLC - New Business,U202,New Business,18000.0,USD,2026-05-17,2026-05-26,6-Closed Lost,True,False,Closed,Partner
O10435,A1294,Sable Payments SA - Expansion,U208,Expansion,10122.0,EUR,2024-10-19,2024-12-24,6-Closed Lost,True,False,Closed,Inbound
O10227,A1125,Sable Group SA - Renewal,U213,Renewal,78200.0,USD,2024-09-24,2025-01-03,5-Closed Won,True,True,Closed,Inbound
O10876,A1412,Riverbend Payments GmbH - Renewal,U214,Renewal,34700.0,EUR,2025-07-13,2025-09-24,5-Closed Won,True,True,Closed,Outbound
O10709,A1359,Thorne Analytics PLC - Renewal,U208,Renewal,14000.0,EUR,2024-11-07,2024-11-16,5-Closed Won,True,True,Closed,Referral
O11167,A1201,Westford Financial Co - New Business,U220,New Business,27500.0,EUR,2025-12-16,2026-02-25,6-Closed Lost,True,False,Closed,Partner
O99004,A1349,Norsk Securities Inc - New Business,U206,New Business,12300.0,USD,2026-04-12,2026-06-29,6-Closed Lost,True,False,Closed,Outbound
O11631,A1339,Northwind Payments LLC - Renewal,U217,Renewal,7400.0,GBP,2025-11-11,2025-12-22,5-Closed Won,True,True,Closed,Partner
O12332,A1239,Vertex Trust Pte Ltd - Renewal,U207,Renewal,476400.0,USD,2024-04-24,2024-09-24,5-Closed Won,True,True,Closed,Event
O12248,A1400,Stanhope Networks Ltd - Expansion,U201,Expansion,130032.0,USD,2024-09-30,2024-12-20,5-Closed Won,True,True,Closed,Event
O11732,A1039,Norsk Partners Co - New Business,U207,New Business,45000.0,USD,2025-10-05,2025-10-14,6-Closed Lost,True,False,Closed,Outbound
O11805,A1297,Redmond Labs GmbH - Renewal,U218,Renewal,88800.0,USD,2024-05-10,2025-02-08,6-Closed Lost,True,False,Closed,Event
O12570,A1169,Norsk Systems Ltd - New Business,U208,New Business,141100.0,USD,2025-03-13,2025-02-03,6-Closed Lost,True,False,Closed,Inbound
O11747,A1221,Tessera Networks Inc - Expansion,U223,Expansion,77154.0,GBP,2024-03-18,2024-08-27,5-Closed Won,True,True,Closed,Outbound
O11903,A1298,Inlet Systems GmbH - New Business,U219,New Business,150200.0,BRL,2025-03-25,2025-07-27,6-Closed Lost,True,False,Closed,Partner
O11702,A1231,Meridian Networks Co - New Business,U210,New Business,145200.0,BRL,2024-10-02,2025-02-03,6-Closed Lost,True,False,Closed,Outbound
O12124,A1145,Harrow Labs Pte Ltd - Expansion,U211,Expansion,7644.0,USD,2026-05-07,2026-07-18,1-Discovery,False,False,Pipeline,Outbound
O12539,A1264,Lattice Labs Co - Expansion,U220,Expansion,43554.0,EUR,2024-02-26,2024-05-10,5-Closed Won,True,True,Closed,Outbound
O10446,A1038,Dovetail Digital LLC - Expansion,U209,Expansion,13524.0,USD,2025-05-24,2025-07-02,6-Closed Lost,True,False,Closed,Outbound
O11726,A1263,Halcyon Partners SA - New Business,U219,New Business,210600.0,USD,2024-07-18,2024-10-27,5-Closed Won,True,True,Closed,Inbound
O98001,A9001,Norsk Advisors Co - New Business,U206,New Business,67400.0,USD,2025-04-29,2025-08-27,6-Closed Lost,True,False,Closed,Outbound
O10065,A1253,Ironclad Securities PLC - New Business,U216,New Business,68900.0,BRL,2024-09-04,2024-11-27,6-Closed Lost,True,False,Closed,Inbound
O10072,A1109,Meridian Exchange Inc - Renewal,U215,Renewal,53500.0,EUR,2026-01-19,2026-03-16,5-Closed Won,True,True,Closed,Inbound
O10157,A1364,Lumen Group Pte Ltd - Renewal,U202,Renewal,99900.0,EUR,2025-07-06,2025-10-17,6-Closed Lost,True,False,Closed,Partner
O11843,A1326,Beltway Payments Inc - Renewal,U207,Renewal,384800.0,USD,2026-05-09,2026-09-29,3-Proposal,False,False,Pipeline,Outbound
O11391,A1131,Norsk Holdings GmbH - Renewal,U207,Renewal,133200.0,USD,2024-08-29,2025-01-11,5-Closed Won,True,True,Closed,Referral
O10406,A1308,Caldera Partners Ltd - Renewal,U215,Renewal,174600.0,BRL,2025-09-28,2025-12-18,5-Closed Won,True,True,Closed,Outbound
O10805,A1052,Norsk Advisors Co - New Business,U206,New Business,133600.0,USD,2025-07-19,2025-09-24,6-Closed Lost,True,False,Closed,Event
O12056,A1009,Harrow Advisors SA - Renewal,U213,Renewal,166400.0,USD,2024-08-21,2025-01-06,6-Closed Lost,True,False,Closed,Outbound
O10022,A1235,Bluewater Systems LLC - Renewal,U215,Renewal,17600.0,BRL,2024-07-03,2024-07-22,5-Closed Won,True,True,Closed,Outbound
O11535,A1343,Fairlane Group Pte Ltd - New Business,U201,New Business,65100.0,USD,2026-03-31,2026-07-03,2-Qualified,False,False,Pipeline,Inbound
O10697,A1416,Umbra Bancorp GmbH - Expansion,U203,Expansion,20034.0,SGD,2026-04-25,2026-07-08,1-Discovery,False,False,Commit,Inbound
O12350,A1090,Inlet Analytics Inc - Renewal,U207,Renewal,27800.0,USD,2026-01-09,2026-01-18,5-Closed Won,True,True,Closed,Inbound
O11951,A1172,Marrow Networks Pte Ltd - New Business,U221,New Business,59900.0,SGD,2024-08-19,2024-09-09,6-Closed Lost,True,False,Closed,Referral
O11169,A1271,Zenith Trust SA - New Business,U220,New Business,94300.0,USD,2025-09-21,2025-12-12,6-Closed Lost,True,False,Closed,Inbound
O12496,A1164,Lumen Securities GmbH - Expansion,U211,Expansion,17346.0,USD,2025-11-22,2026-01-12,6-Closed Lost,True,False,Closed,Inbound
O11338,A1199,Keystone Partners SA - Expansion,U207,Expansion,15372.0,BRL,2025-07-19,2025-09-19,6-Closed Lost,True,False,Closed,Inbound
O98028,A9003,Quarry Labs Co - New Business,U210,New Business,16300.0,GBP,2026-04-27,2026-05-06,5-Closed Won,True,True,Closed,Outbound
O10866,A1231,Meridian Networks Co - Renewal,U210,Renewal,105900.0,BRL,2024-04-20,2024-09-08,5-Closed Won,True,True,Closed,Outbound
O11305,A1077,Meridian Custody SA - New Business,U203,New Business,115600.0,USD,2024-12-04,2025-02-17,6-Closed Lost,True,False,Closed,Outbound
O12296,A1107,Keystone Bancorp Ltd - New Business,U222,New Business,112600.0,USD,2025-07-09,2025-08-17,6-Closed Lost,True,False,Closed,Outbound
O10374,A1327,Palisade Ventures LLC - New Business,U209,New Business,13900.0,USD,2026-06-04,2026-06-13,5-Closed Won,True,True,Closed,Outbound
O11121,A1081,Zenith Digital Ltd - New Business,U205,New Business,46500.0,USD,2025-08-16,2025-12-29,6-Closed Lost,True,False,Closed,Inbound
O10541,A1091,Sable Group Inc - Renewal,U211,Renewal,282900.0,EUR,2024-09-27,2025-02-16,5-Closed Won,True,True,Closed,Outbound
O11201,A1225,Fairlane Ventures Pte Ltd - New Business,U203,New Business,10400.0,USD,2025-07-10,2025-08-02,5-Closed Won,True,True,Closed,Outbound
O11840,A1021,Pinnacle Trust SA - Renewal,U209,Renewal,9700.0,BRL,2025-07-24,2025-10-08,5-Closed Won,True,True,Closed,Event
O11071,A1197,Sable Group Pte Ltd - Renewal,U215,Renewal,221400.0,USD,2024-02-14,2024-07-12,6-Closed Lost,True,False,Closed,Partner
O12585,A1370,Beltway Capital GmbH - New Business,U220,New Business,4700.0,USD,2025-04-23,2025-05-02,6-Closed Lost,True,False,Closed,Event
O99008,A1363,Riverbend Bancorp LLC - Expansion,U223,Expansion,24906.0,EUR,2024-03-01,2024-04-21,5-Closed Won,True,True,Closed,Event
O10626,A1050,Solstice Bancorp SA - New Business,U215,New Business,56500.0,EUR,2025-09-17,2025-11-27,5-Closed Won,True,True,Closed,Inbound
O10341,A1363,Riverbend Bancorp LLC - Expansion,U223,Expansion,42504.0,EUR,2024-04-21,2024-07-09,6-Closed Lost,True,False,Closed,Inbound
O12562,A1322,Orbit Labs Inc - Renewal,U214,Renewal,39400.0,USD,2025-04-06,2025-09-14,5-Closed Won,True,True,Closed,Inbound
O12261,A1335,Quarry Financial Co - New Business,U213,New Business,159700.0,USD,2024-04-04,2024-07-09,5-Closed Won,True,True,Closed,Inbound
O11111,A1186,Sable Ventures GmbH - Renewal,U206,Renewal,3400.0,USD,2024-12-20,2025-01-29,6-Closed Lost,True,False,Closed,Partner
O11812,A1040,Lattice Holdings Pte Ltd - Expansion,U219,Expansion,33138.0,USD,2024-01-23,2024-04-27,5-Closed Won,True,True,Closed,Partner
O11302,A1398,Dovetail Labs Inc - Renewal,U201,Renewal,19400.0,EUR,2025-11-17,2025-11-26,5-Closed Won,True,True,Closed,Outbound
O11044,A1302,Lattice Bancorp LLC - Expansion,U220,Expansion,19572.0,EUR,2025-02-13,2025-03-27,5-Closed Won,True,True,Closed,Outbound
O10358,A1073,Tessera Securities SA - Renewal,U213,Renewal,87700.0,SGD,2024-12-05,2025-02-13,5-Closed Won,True,True,Closed,Inbound
O11728,A1137,Lumen Digital Inc - New Business,U217,New Business,204800.0,USD,2024-02-24,2024-07-17,6-Closed Lost,True,False,Closed,Event
O11363,A1028,Thorne Trust PLC - New Business,U205,New Business,331000.0,USD,2024-07-16,2025-03-06,6-Closed Lost,True,False,Closed,Partner
O10763,A1168,Keystone Labs PLC - Renewal,U200,Renewal,65500.0,USD,2025-12-02,2026-02-04,5-Closed Won,True,True,Closed,Outbound
O12309,A1357,Thorne Digital LLC - Renewal,U220,Renewal,151000.0,GBP,2024-06-17,2024-09-29,5-Closed Won,True,True,Closed,Outbound
O11187,A1165,Norsk Payments GmbH - Expansion,U209,Expansion,106134.0,USD,2025-01-31,2025-06-11,6-Closed Lost,True,False,Closed,Outbound
O11314,A1262,Eastgate Partners Ltd - Renewal,U217,Renewal,19800.0,USD,2026-04-25,2026-05-14,5-Closed Won,True,True,Closed,Referral
O10210,A1144,Auriga Exchange Inc - Renewal,U212,Renewal,12300.0,USD,2024-03-19,2024-05-16,5-Closed Won,True,True,Closed,Inbound
O10225,A1080,Keystone Networks GmbH - Renewal,U223,Renewal,209900.0,USD,2025-06-30,2025-10-23,5-Closed Won,True,True,Closed,Referral
O11736,A1052,Norsk Advisors Co - New Business,U206,New Business,75800.0,USD,2024-10-03,2024-12-13,5-Closed Won,True,True,Closed,Event
O12303,A1245,Quarry Exchange LLC - Renewal,U205,Renewal,8000.0,EUR,2026-05-18,2026-07-09,1-Discovery,False,False,Pipeline,Outbound
O11138,A1116,Eastgate Securities PLC - New Business,U207,New Business,35200.0,EUR,2025-05-23,2025-08-22,6-Closed Lost,True,False,Closed,Inbound
O10832,A1378,Fairlane Bancorp LLC - Renewal,U215,Renewal,87400.0,USD,2025-05-24,2025-09-11,5-Closed Won,True,True,Closed,Event
O10185,A1338,Tessera Group Inc - Renewal,U217,Renewal,234100.0,EUR,2024-05-05,2024-10-04,6-Closed Lost,True,False,Closed,Inbound
O10033,A1171,Inlet Exchange LLC - Expansion,U206,Expansion,32004.0,USD,2026-04-16,2026-06-11,5-Closed Won,True,True,Closed,Referral
O10286,A1339,Northwind Payments LLC - Expansion,U217,Expansion,7560.0,GBP,2025-10-04,2025-11-21,6-Closed Lost,True,False,Closed,Outbound
O10892,A1322,Orbit Labs Inc - Expansion,U214,Expansion,25452.0,USD,2024-07-06,2024-09-21,6-Closed Lost,True,False,Closed,Referral
O11668,A1308,Caldera Partners Ltd - Renewal,U215,Renewal,111700.0,BRL,2025-12-24,2026-03-03,5-Closed Won,True,True,Closed,Referral
O11372,A1065,Quarry Payments Inc - Renewal,U210,Renewal,47500.0,EUR,2025-08-18,2025-11-08,5-Closed Won,True,True,Closed,Inbound
O12153,A1333,Ironclad Digital Co - New Business,U203,New Business,12600.0,USD,2024-07-15,2024-10-19,6-Closed Lost,True,False,Closed,Inbound
O10121,A1099,Ardent Digital Ltd - New Business,U204,New Business,228400.0,EUR,2025-01-10,2025-06-30,6-Closed Lost,True,False,Closed,Event
O11149,A1356,Eastgate Bancorp Ltd - Renewal,U208,Renewal,316000.0,BRL,2025-01-27,2025-06-25,5-Closed Won,True,True,Closed,Referral
O10098,A1391,Auriga Labs PLC - Renewal,U205,Renewal,130900.0,SGD,2025-04-26,2025-09-15,5-Closed Won,True,True,Closed,Outbound
O12123,A1158,Auriga Labs Ltd - Expansion,U213,Expansion,5418.0,USD,2024-05-06,2024-05-15,6-Closed Lost,True,False,Closed,Event
O10441,A1281,Norsk Trust Pte Ltd - Renewal,U211,Renewal,397100.0,BRL,2025-03-06,2025-09-07,5-Closed Won,True,True,Closed,Referral
O10271,A1389,Inlet Partners Inc - Expansion,U218,Expansion,10626.0,USD,2024-06-19,2024-10-05,6-Closed Lost,True,False,Closed,Partner
O10475,A1286,Cobalt Group Ltd - Renewal,U206,Renewal,57200.0,USD,2024-03-20,2024-05-08,5-Closed Won,True,True,Closed,Referral
O10378,A1236,Marrow Custody GmbH - Renewal,U211,Renewal,9500.0,USD,2024-04-30,2024-05-09,5-Closed Won,True,True,Closed,Referral
O10481,A1050,Solstice Bancorp SA - New Business,U215,New Business,96500.0,EUR,2026-02-26,2026-06-30,6-Closed Lost,True,False,Closed,Event
O11381,A1153,Stanhope Labs Co - Renewal,U215,Renewal,132200.0,GBP,2025-05-12,2025-07-03,5-Closed Won,True,True,Closed,Inbound
O11713,A1332,Pinnacle Capital Co - New Business,U203,New Business,201200.0,USD,2024-06-10,2024-09-22,6-Closed Lost,True,False,Closed,Outbound
O11933,A1094,Solstice Networks LLC - New Business,U206,New Business,135200.0,USD,2025-08-09,2025-11-29,6-Closed Lost,True,False,Closed,Event
O11161,A1280,Lumen Advisors PLC - New Business,U201,New Business,54500.0,SGD,2024-03-20,2024-08-04,6-Closed Lost,True,False,Closed,Event
O11956,A1280,Lumen Advisors PLC - Renewal,U201,Renewal,187800.0,SGD,2025-09-21,2026-02-03,6-Closed Lost,True,False,Closed,Outbound
O11040,A1097,Redmond Networks PLC - Renewal,U223,Renewal,6100.0,USD,2024-01-28,2023-12-22,5-Closed Won,True,True,Closed,Event
O10833,A1127,Palisade Partners PLC - Renewal,U223,Renewal,246700.0,EUR,2025-06-19,2025-09-21,5-Closed Won,True,True,Closed,Inbound
O10085,A1360,Tessera Bancorp Ltd - Renewal,U209,Renewal,56600.0,USD,2025-10-17,2026-03-10,5-Closed Won,True,True,Closed,Event
O10851,A1013,Tessera Financial Inc - New Business,U220,New Business,245900.0,BRL,2024-02-02,2024-06-14,6-Closed Lost,True,False,Closed,Outbound
O10283,A1041,Tessera Partners Inc - Renewal,U222,Renewal,14600.0,USD,2026-04-05,2026-05-24,6-Closed Lost,True,False,Closed,Outbound
O10080,A1048,Umbra Labs LLC - Renewal,U214,Renewal,39000.0,USD,2024-06-04,2024-08-03,5-Closed Won,True,True,Closed,Partner
O10398,A1083,Tessera Networks PLC - Expansion,U205,Expansion,6090.0,USD,2026-04-09,2026-06-05,5-Closed Won,True,True,Closed,Partner
O12031,A1329,Cobalt Securities SA - Expansion,U203,Expansion,114030.0,USD,2025-01-04,2025-04-24,5-Closed Won,True,True,Closed,Inbound
O11268,A1272,Orbit Networks Inc - Expansion,U217,Expansion,8316.0,USD,2025-07-16,2025-07-25,5-Closed Won,True,True,Closed,Inbound
O11458,A1201,Westford Financial Co - New Business,U220,New Business,7700.0,EUR,2025-07-05,2025-07-14,5-Closed Won,True,True,Closed,Outbound
O10793,A1248,Keystone Trust Inc - New Business,U217,New Business,121700.0,USD,2024-12-06,2025-04-09,6-Closed Lost,True,False,Closed,Partner
O10133,A1316,Pinnacle Payments PLC - New Business,U222,New Business,28700.0,USD,2025-08-05,2025-11-20,6-Closed Lost,True,False,Closed,Inbound
O10996,A1393,Stanhope Group Co - New Business,U217,New Business,43800.0,USD,2025-07-14,2025-08-30,6-Closed Lost,True,False,Closed,Outbound
O11866,A1315,Tessera Partners LLC - New Business,U204,New Business,77500.0,USD,2025-11-27,2026-03-28,6-Closed Lost,True,False,Closed,Outbound
O10284,A1166,Kestrel Bancorp Inc - New Business,U215,New Business,169700.0,GBP,2024-09-17,2025-05-06,5-Closed Won,True,True,Closed,Inbound
O11799,A1009,Harrow Advisors SA - New Business,U213,New Business,384000.0,USD,2024-08-06,2025-01-13,6-Closed Lost,True,False,Closed,Inbound
O10371,A1067,Quarry Custody SA - New Business,U220,New Business,35200.0,USD,2024-01-27,2024-02-14,5-Closed Won,True,True,Closed,Inbound
O11023,A1259,Dovetail Trust SA - Renewal,U200,Renewal,172800.0,USD,2026-02-04,2026-08-26,4-Negotiation,False,False,Pipeline,Event
O11477,A1312,Quarry Trust SA - Renewal,U204,Renewal,93000.0,EUR,2025-10-27,2026-01-19,5-Closed Won,True,True,Closed,Outbound
O11616,A1147,Westford Advisors LLC - Expansion,U223,Expansion,5208.0,EUR,2024-03-22,2024-06-14,5-Closed Won,True,True,Closed,Outbound
O11440,A1125,Sable Group SA - New Business,U213,New Business,57500.0,USD,2025-12-09,2026-03-20,6-Closed Lost,True,False,Closed,Outbound
O98045,A9504,Thorne Partners SA - New Business,U204,New Business,411600.0,USD,2026-03-14,2026-07-15,1-Discovery,False,False,Commit,Outbound
O10447,A1194,Riverbend Holdings Ltd - New Business,U217,New Business,101400.0,USD,2024-11-14,2025-02-08,6-Closed Lost,True,False,Closed,Outbound
O12001,A1209,Meridian Payments Inc - Expansion,U216,Expansion,53172.0,GBP,2026-02-22,2026-04-30,5-Closed Won,True,True,Closed,Event
O12177,A1147,Westford Advisors LLC - Renewal,U223,Renewal,13900.0,EUR,2025-05-23,2025-06-10,5-Closed Won,True,True,Closed,Event
O11836,A1052,Norsk Advisors Co - New Business,U206,New Business,64000.0,USD,2026-03-09,2026-04-29,5-Closed Won,True,True,Closed,Outbound
O12441,A1353,Halcyon Ventures Inc - Renewal,U207,Renewal,262200.0,GBP,2025-08-02,2026-02-07,6-Closed Lost,True,False,Closed,Inbound
O10852,A1182,Marrow Group Co - New Business,U203,New Business,248300.0,USD,2024-06-23,2024-11-23,6-Closed Lost,True,False,Closed,Inbound
O12493,A1211,Norsk Financial LLC - Expansion,U207,Expansion,3738.0,BRL,2025-01-05,2025-01-14,5-Closed Won,True,True,Closed,Inbound
O10236,A1233,Bluewater Securities Ltd - Expansion,U214,Expansion,15078.0,USD,2025-12-10,2026-02-07,6-Closed Lost,True,False,Closed,Outbound
O11868,A1326,Beltway Payments Inc - Expansion,U207,Expansion,51408.0,USD,2026-05-18,2026-09-05,2-Qualified,False,False,Pipeline,Outbound
O10528,A1248,Keystone Trust Inc - Expansion,U217,Expansion,97314.0,USD,2025-05-11,2025-10-19,5-Closed Won,True,True,Closed,Event
O10976,A1026,Gilder Ventures LLC - New Business,U208,New Business,29900.0,USD,2026-05-04,2026-06-29,6-Closed Lost,True,False,Closed,Event
O10039,A1052,Norsk Advisors Co - Renewal,U206,Renewal,101600.0,USD,2026-05-26,2026-08-13,1-Discovery,False,False,Best Case,Inbound
O11248,A1051,Bluewater Systems Ltd - New Business,U202,New Business,37400.0,USD,2024-06-16,2024-07-25,6-Closed Lost,True,False,Closed,Partner
O12548,A1331,Sable Capital Co - New Business,U212,New Business,19000.0,BRL,2026-02-02,2026-02-25,6-Closed Lost,True,False,Closed,Inbound
O98018,A9502,Sable Ventures GmbH - New Business,U206,New Business,4800.0,USD,2026-02-18,2026-03-29,6-Closed Lost,True,False,Closed,Outbound
O12249,A1061,Lattice Securities Inc - Expansion,U206,Expansion,9282.0,USD,2025-05-02,2025-05-16,6-Closed Lost,True,False,Closed,Partner
O11881,A1399,Westford Advisors Ltd - New Business,U206,New Business,10200.0,USD,2026-05-25,2026-06-30,5-Closed Won,True,True,Closed,Referral
O11087,A1001,Fairlane Exchange SA - New Business,U220,New Business,41600.0,USD,2025-06-06,2025-10-21,6-Closed Lost,True,False,Closed,Inbound
O12228,A1165,Norsk Payments GmbH - Renewal,U209,Renewal,296900.0,USD,2025-06-16,2025-12-16,6-Closed Lost,True,False,Closed,Referral
O10917,A1179,Thorne Partners SA - Renewal,U204,Renewal,290500.0,USD,2024-04-16,2024-09-08,5-Closed Won,True,True,Closed,Inbound
O11879,A1368,Lumen Labs SA - Renewal,U201,Renewal,261900.0,USD,2025-12-02,2026-02-23,5-Closed Won,True,True,Closed,Partner
O11853,A1195,Auriga Securities Inc - Expansion,U211,Expansion,44814.0,USD,2025-11-25,2026-04-17,5-Closed Won,True,True,Closed,Inbound
O98030,A9005,Tessera Networks Inc - Expansion,U223,Expansion,126000.0,GBP,2026-03-18,2026-08-03,2-Qualified,False,False,Pipeline,Inbound
O10273,A1131,Norsk Holdings GmbH - Expansion,U207,Expansion,56952.0,USD,2025-12-01,2026-03-23,5-Closed Won,True,True,Closed,Referral
O10449,A1236,Marrow Custody GmbH - New Business,U211,New Business,36700.0,USD,2024-01-25,2024-02-12,6-Closed Lost,True,False,Closed,Outbound
O11236,A1319,Fairlane Securities PLC - New Business,U201,New Business,269100.0,USD,2026-04-05,2026-07-30,2-Qualified,False,False,Pipeline,Referral
O10505,A1005,Auriga Systems Co - Expansion,U205,Expansion,16506.0,USD,2025-05-04,2025-07-10,5-Closed Won,True,True,Closed,Outbound
O12509,A1098,Inlet Custody SA - Renewal,U223,Renewal,173100.0,USD,2024-12-28,2025-07-23,5-Closed Won,True,True,Closed,Inbound
O10959,A1400,Stanhope Networks Ltd - New Business,U201,New Business,280500.0,USD,2025-11-28,2026-03-15,5-Closed Won,True,True,Closed,Referral
O11576,A1294,Sable Payments SA - New Business,U208,New Business,125100.0,EUR,2024-07-10,2024-11-02,6-Closed Lost,True,False,Closed,Event
O11540,A1338,Tessera Group Inc - New Business,U217,New Business,411400.0,EUR,2025-03-13,2025-09-13,6-Closed Lost,True,False,Closed,Outbound
O10261,A1416,Umbra Bancorp GmbH - Renewal,U203,Renewal,89400.0,SGD,2024-07-10,2024-08-21,5-Closed Won,True,True,Closed,Inbound
O12097,A1408,Ironclad Networks PLC - New Business,U223,New Business,12800.0,GBP,2024-04-21,2024-06-04,6-Closed Lost,True,False,Closed,Outbound
O11734,A1214,Norsk Digital Pte Ltd - Expansion,U217,Expansion,5334.0,USD,2024-01-02,2024-02-25,6-Closed Lost,True,False,Closed,Inbound
O11543,A1256,Palisade Payments Pte Ltd - New Business,U214,New Business,343300.0,BRL,2026-01-25,2026-05-04,6-Closed Lost,True,False,Closed,Event
O10651,A1277,Zenith Networks Pte Ltd - Expansion,U211,Expansion,4242.0,USD,2026-04-18,2026-04-27,5-Closed Won,True,True,Closed,Outbound
O10925,A1265,Gilder Labs Pte Ltd - Expansion,U218,Expansion,101766.0,USD,2025-10-06,2026-03-26,5-Closed Won,True,True,Closed,Outbound
O10012,A1158,Auriga Labs Ltd - Expansion,U213,Expansion,8442.0,USD,2026-01-13,2026-02-12,5-Closed Won,True,True,Closed,Outbound
O12429,A1009,Harrow Advisors SA - New Business,U213,New Business,153400.0,USD,2026-04-19,2026-06-09,6-Closed Lost,True,False,Closed,Partner
O11417,A1383,Thorne Trust Ltd - Renewal,U202,Renewal,44400.0,USD,2024-06-02,2024-08-06,6-Closed Lost,True,False,Closed,Outbound
O10565,A1274,Tessera Exchange LLC - Renewal,U214,Renewal,284700.0,EUR,2024-08-07,2025-02-06,6-Closed Lost,True,False,Closed,Outbound
O12078,A1211,Norsk Financial LLC - Expansion,U207,Expansion,10500.0,BRL,2024-11-18,2025-02-04,6-Closed Lost,True,False,Closed,Event
O12439,A1142,Northwind Bancorp LLC - Renewal,U220,Renewal,234700.0,USD,2025-11-15,2026-03-11,5-Closed Won,True,True,Closed,Inbound
O99021,A1194,Riverbend Holdings Ltd - New Business,U217,New Business,101400.0,USD,2024-11-14,2025-02-08,6-Closed Lost,True,False,Closed,Outbound
O11692,A1338,Tessera Group Inc - New Business,U217,New Business,314700.0,EUR,2024-01-29,2024-07-16,6-Closed Lost,True,False,Closed,Inbound
O12367,A1140,Dovetail Exchange GmbH - New Business,U202,New Business,163700.0,BRL,2024-09-16,2024-11-17,6-Closed Lost,True,False,Closed,Outbound
O11077,A1102,Kestrel Exchange Ltd - New Business,U210,New Business,125200.0,USD,2024-06-14,2024-08-14,6-Closed Lost,True,False,Closed,Inbound
O11999,A1244,Thorne Securities SA - New Business,U211,New Business,55700.0,USD,2025-01-10,2025-02-19,6-Closed Lost,True,False,Closed,Event
O10610,A1263,Halcyon Partners SA - Renewal,U219,Renewal,344100.0,USD,2024-05-07,2024-09-20,6-Closed Lost,True,False,Closed,Inbound
O10011,A1260,Auriga Bancorp SA - New Business,U220,New Business,57600.0,USD,2024-11-07,2024-12-29,6-Closed Lost,True,False,Closed,Outbound
O12094,A1189,Orbit Trust LLC - New Business,U210,New Business,30800.0,USD,2026-02-02,2026-04-17,5-Closed Won,True,True,Closed,Inbound
O10810,A1366,Cobalt Networks LLC - New Business,U214,New Business,53800.0,USD,2025-01-07,2025-02-15,5-Closed Won,True,True,Closed,Outbound
O10006,A1278,Thorne Systems Pte Ltd - New Business,U217,New Business,49600.0,SGD,2026-02-18,2026-06-09,6-Closed Lost,True,False,Closed,Outbound
O10019,A1277,Zenith Networks Pte Ltd - New Business,U211,New Business,16500.0,USD,2024-06-02,2024-07-05,6-Closed Lost,True,False,Closed,Inbound
O10553,A1353,Halcyon Ventures Inc - Renewal,U207,Renewal,91700.0,GBP,2024-06-19,2025-01-08,5-Closed Won,True,True,Closed,Inbound
O12220,A1131,Norsk Holdings GmbH - Renewal,U207,Renewal,129400.0,USD,2025-02-01,2025-07-23,5-Closed Won,True,True,Closed,Outbound
O12277,A1373,Auriga Ventures Pte Ltd - Renewal,U223,Renewal,15700.0,SGD,2025-06-17,2025-06-26,5-Closed Won,True,True,Closed,Inbound
O11760,A1187,Juniper Partners Inc - Expansion,U202,Expansion,12684.0,USD,2024-01-17,2024-04-21,5-Closed Won,True,True,Closed,Referral
O11047,A1333,Ironclad Digital Co - Expansion,U203,Expansion,12222.0,USD,2025-09-05,2025-09-14,5-Closed Won,True,True,Closed,Partner
O10381,A1403,Halcyon Trust Inc - Expansion,U222,Expansion,36876.0,USD,2025-08-24,2025-11-03,6-Closed Lost,True,False,Closed,Partner
O11051,A1053,Lumen Labs Pte Ltd - New Business,U212,New Business,69500.0,USD,2024-09-27,2024-10-19,6-Closed Lost,True,False,Closed,Referral
O11374,A1174,Granite Ventures Pte Ltd - Expansion,U222,Expansion,33936.0,USD,2024-08-12,2024-12-30,6-Closed Lost,True,False,Closed,Event
O11546,A1368,Lumen Labs SA - Expansion,U201,Expansion,90552.0,USD,2024-01-19,2024-06-18,5-Closed Won,True,True,Closed,Outbound
O12299,A1148,Norsk Trust Co - New Business,U210,New Business,9300.0,USD,2025-07-13,2025-07-31,6-Closed Lost,True,False,Closed,Partner
O10389,A1199,Keystone Partners SA - New Business,U207,New Business,18400.0,BRL,2025-06-12,2025-08-29,6-Closed Lost,True,False,Closed,Outbound
O11945,A1070,Ardent Partners LLC - New Business,U215,New Business,101700.0,USD,2025-01-20,2025-03-05,6-Closed Lost,True,False,Closed,Inbound
O11794,A1246,Redmond Partners GmbH - Expansion,U219,Expansion,29064.0,EUR,2024-03-07,2024-06-27,6-Closed Lost,True,False,Closed,Inbound
O11931,A1166,Kestrel Bancorp Inc - New Business,U215,New Business,94500.0,GBP,2024-06-01,2024-11-26,6-Closed Lost,True,False,Closed,Inbound
O10711,A1399,Westford Advisors Ltd - Renewal,U206,Renewal,12700.0,USD,2024-11-28,2024-12-13,5-Closed Won,True,True,Closed,Event
O10870,A1354,Eastgate Analytics Ltd - Expansion,U207,Expansion,10626.0,SGD,2024-02-18,2024-04-04,5-Closed Won,True,True,Closed,Referral
O11610,A1128,Quarry Labs GmbH - New Business,U208,New Business,151000.0,USD,2025-02-16,2025-06-19,6-Closed Lost,True,False,Closed,Inbound
O11971,A1140,Dovetail Exchange GmbH - Renewal,U202,Renewal,72900.0,BRL,2025-03-27,2025-05-26,5-Closed Won,True,True,Closed,Outbound
O10030,A1312,Quarry Trust SA - Expansion,U204,Expansion,17934.0,EUR,2024-04-07,2024-05-18,5-Closed Won,True,True,Closed,Inbound
O11119,A1377,Northwind Digital Ltd - Renewal,U210,Renewal,40400.0,USD,2025-03-08,2025-06-18,5-Closed Won,True,True,Closed,Inbound
O11823,A1045,Solstice Financial GmbH - New Business,U210,New Business,35700.0,USD,2024-06-09,2024-08-02,6-Closed Lost,True,False,Closed,Outbound
O10444,A1106,Quarry Labs Co - New Business,U210,New Business,14100.0,GBP,2024-01-28,2024-03-13,6-Closed Lost,True,False,Closed,Event
O10103,A1206,Keystone Systems SA - Renewal,U216,Renewal,114600.0,USD,2025-06-26,2025-09-01,5-Closed Won,True,True,Closed,Inbound
O11334,A1341,Bluewater Networks LLC - New Business,U201,New Business,29900.0,USD,2024-07-10,2024-09-24,6-Closed Lost,True,False,Closed,Referral
O10646,A1001,Fairlane Exchange SA - New Business,U220,New Business,55600.0,USD,2025-08-08,2025-10-01,6-Closed Lost,True,False,Closed,Referral
O11735,A1031,Gilder Financial Co - Expansion,U203,Expansion,5628.0,GBP,2024-09-19,2024-11-20,5-Closed Won,True,True,Closed,Outbound
O11221,A1040,Lattice Holdings Pte Ltd - New Business,U219,New Business,69800.0,USD,2025-06-03,2025-06-19,6-Closed Lost,True,False,Closed,Inbound
O10248,A1007,Umbra Networks Inc - New Business,U209,New Business,78300.0,USD,2024-09-10,2024-10-27,6-Closed Lost,True,False,Closed,Inbound
O10624,A1196,Pinnacle Group GmbH - New Business,U211,New Business,17000.0,GBP,2025-02-16,2025-04-24,6-Closed Lost,True,False,Closed,Inbound
O10079,A1280,Lumen Advisors PLC - New Business,U201,New Business,333000.0,SGD,2024-01-15,2024-03-14,6-Closed Lost,True,False,Closed,Outbound
O12106,A1113,Riverbend Trust LLC - Renewal,U214,Renewal,110600.0,SGD,2025-09-28,2025-12-24,5-Closed Won,True,True,Closed,Inbound
O10861,A1028,Thorne Trust PLC - Renewal,U205,Renewal,436400.0,USD,2025-09-22,2026-01-21,5-Closed Won,True,True,Closed,Outbound
O12569,A1090,Inlet Analytics Inc - New Business,U207,New Business,19700.0,USD,2024-08-10,2024-08-19,6-Closed Lost,True,False,Closed,Inbound
O12223,A1237,Caldera Partners Co - New Business,U212,New Business,203900.0,SGD,2025-03-25,2025-07-29,5-Closed Won,True,True,Closed,Inbound
O11694,A1363,Riverbend Bancorp LLC - Renewal,U223,Renewal,184800.0,EUR,2024-03-28,2024-06-24,5-Closed Won,True,True,Closed,Partner
O12386,A1233,Bluewater Securities Ltd - Renewal,U214,Renewal,110000.0,USD,2026-02-15,2026-04-21,6-Closed Lost,True,False,Closed,Event
O12326,A1089,Vertex Digital Co - New Business,U200,New Business,14100.0,BRL,2026-04-15,2026-05-04,5-Closed Won,True,True,Closed,Outbound
O11177,A1127,Palisade Partners PLC - New Business,U223,New Business,115200.0,EUR,2026-01-04,2026-05-19,6-Closed Lost,True,False,Closed,Referral
O11220,A1080,Keystone Networks GmbH - New Business,U223,New Business,472600.0,USD,2025-06-02,2026-02-01,6-Closed Lost,True,False,Closed,Outbound
O10201,A1123,Orbit Trust Inc - New Business,U218,New Business,56200.0,GBP,2024-04-08,2024-06-01,6-Closed Lost,True,False,Closed,Inbound
O11029,A1088,Lattice Labs Pte Ltd - Expansion,U223,Expansion,10962.0,EUR,2024-07-28,2024-09-09,5-Closed Won,True,True,Closed,Inbound
O11212,A1236,Marrow Custody GmbH - New Business,U211,New Business,39900.0,USD,2026-02-25,2026-03-06,6-Closed Lost,True,False,Closed,Partner
O11738,A1359,Thorne Analytics PLC - New Business,U208,New Business,10500.0,EUR,2026-04-22,2026-06-14,6-Closed Lost,True,False,Closed,Referral
O12563,A1009,Harrow Advisors SA - Expansion,U213,Expansion,-9941.4,USD,2024-09-05,2025-03-18,5-Closed Won,True,True,Closed,Outbound
O12294,A1013,Tessera Financial Inc - Renewal,U220,Renewal,234300.0,BRL,2026-06-01,2026-10-26,2-Qualified,False,False,Commit,Outbound
O10454,A1417,Lumen Holdings Ltd - Renewal,U208,Renewal,189900.0,USD,2025-04-15,2025-07-10,6-Closed Lost,True,False,Closed,Outbound
O12257,A1238,Quarry Networks PLC - New Business,U201,New Business,22000.0,USD,2025-10-24,2025-12-19,6-Closed Lost,True,False,Closed,Referral
O99017,A1257,Riverbend Advisors GmbH - New Business,U213,New Business,136800.0,BRL,2025-09-08,2026-01-11,6-Closed Lost,True,False,Closed,Inbound
O10919,A1315,Tessera Partners LLC - Expansion,U204,Expansion,120078.0,USD,2025-02-04,2025-06-02,5-Closed Won,True,True,Closed,Inbound
O12090,A1038,Dovetail Digital LLC - New Business,U209,New Business,30300.0,USD,2024-06-22,2024-07-01,6-Closed Lost,True,False,Closed,Outbound
O10238,A1032,Bluewater Ventures PLC - New Business,U207,New Business,56500.0,USD,2024-12-09,2025-04-07,6-Closed Lost,True,False,Closed,Inbound
O10772,A1365,Vertex Capital Inc - Renewal,U207,Renewal,19000.0,GBP,2026-06-04,2026-08-06,4-Negotiation,False,False,Pipeline,Outbound
O10916,A1383,Thorne Trust Ltd - Expansion,U202,Expansion,28098.0,USD,2026-05-03,2026-07-30,3-Proposal,False,False,Commit,Outbound
O99003,A1336,Northwind Capital PLC - Expansion,U209,Expansion,6762.0,SGD,2024-02-12,2024-04-14,5-Closed Won,True,True,Closed,Referral
O11404,A1387,Halcyon Securities PLC - Renewal,U216,Renewal,39200.0,USD,2024-04-19,2024-06-29,5-Closed Won,True,True,Closed,Outbound
O11343,A1130,Stanhope Capital SA - New Business,U219,New Business,126200.0,USD,2024-12-07,2025-05-26,6-Closed Lost,True,False,Closed,Inbound
O98031,A9006,Northwind Bancorp LLC - New Business,U220,New Business,327300.0,USD,2026-02-13,2026-05-29,6-Closed Lost,True,False,Closed,Referral
O10266,A1228,Marrow Ventures PLC - Renewal,U218,Renewal,73700.0,USD,2025-12-21,2026-04-09,6-Closed Lost,True,False,Closed,Outbound
O99020,A1016,Fairlane Ventures Co - Expansion,U212,Expansion,18564.0,BRL,2025-06-05,2025-07-31,5-Closed Won,True,True,Closed,Inbound
O12383,A1259,Dovetail Trust SA - New Business,U200,New Business,208500.0,USD,2025-07-27,2026-02-20,6-Closed Lost,True,False,Closed,Outbound
O11175,A1246,Redmond Partners GmbH - New Business,U219,New Business,36200.0,EUR,2024-09-19,2024-10-16,6-Closed Lost,True,False,Closed,Partner
O11511,A1168,Keystone Labs PLC - New Business,U200,New Business,63700.0,USD,2024-09-15,2024-11-13,6-Closed Lost,True,False,Closed,Inbound
O11983,A1145,Harrow Labs Pte Ltd - New Business,U211,New Business,26500.0,USD,2026-01-28,2026-02-16,6-Closed Lost,True,False,Closed,Event
O10269,A1418,Redmond Custody GmbH - Expansion,U209,Expansion,11046.0,SGD,2025-08-04,2025-10-05,6-Closed Lost,True,False,Closed,Outbound
O11355,A1222,Pinnacle Holdings LLC - Expansion,U215,Expansion,36372.0,EUR,2024-07-13,2024-09-05,6-Closed Lost,True,False,Closed,Outbound
O10650,A1293,Caldera Bancorp SA - New Business,U203,New Business,125300.0,BRL,2026-01-28,2026-04-08,6-Closed Lost,True,False,Closed,Partner
O12096,A1311,Cobalt Financial Inc - New Business,U214,New Business,119100.0,USD,2024-03-20,2024-07-08,6-Closed Lost,True,False,Closed,Outbound
O12505,A1403,Halcyon Trust Inc - New Business,U222,New Business,135300.0,USD,2024-01-28,2024-05-06,6-Closed Lost,True,False,Closed,Referral
O10950,A1268,Caldera Digital Pte Ltd - Renewal,U210,Renewal,14100.0,GBP,2024-06-12,2024-06-21,6-Closed Lost,True,False,Closed,Event
O10025,A1415,Marrow Advisors GmbH - Renewal,U201,Renewal,16900.0,USD,2024-08-16,2024-10-13,5-Closed Won,True,True,Closed,Partner
O12507,A1394,Riverbend Labs Pte Ltd - Expansion,U202,Expansion,27006.0,USD,2025-06-07,2025-08-01,6-Closed Lost,True,False,Closed,Inbound
O12176,A1166,Kestrel Bancorp Inc - Renewal,U215,Renewal,446000.0,GBP,2025-12-08,2026-05-07,5-Closed Won,True,True,Closed,Event
O10036,A1379,Ardent Ventures PLC - New Business,U203,New Business,402500.0,USD,2025-02-03,2025-06-05,6-Closed Lost,True,False,Closed,Inbound
O10755,A1326,Beltway Payments Inc - Expansion,U207,Expansion,160902.0,USD,2024-05-08,2024-09-23,5-Closed Won,True,True,Closed,Event
O10035,A1085,Solstice Capital Pte Ltd - Expansion,U223,Expansion,4872.0,USD,2025-07-09,2025-07-26,6-Closed Lost,True,False,Closed,Outbound
O11525,A1063,Vertex Capital Co - Renewal,U217,Renewal,93900.0,BRL,2024-03-30,2024-06-19,5-Closed Won,True,True,Closed,Event
O12559,A1303,Auriga Capital Ltd - New Business,U207,New Business,43600.0,USD,2024-03-22,2024-04-30,5-Closed Won,True,True,Closed,Outbound
O11359,A1127,Palisade Partners PLC - Renewal,U223,Renewal,158100.0,EUR,2025-09-27,2026-02-16,5-Closed Won,True,True,Closed,Outbound
O12534,A1049,Juniper Trust Pte Ltd - Renewal,U209,Renewal,207300.0,USD,2025-12-02,2026-02-21,6-Closed Lost,True,False,Closed,Inbound
O10180,A1243,Lumen Capital GmbH - Renewal,U206,Renewal,332900.0,USD,2024-06-24,2024-09-30,5-Closed Won,True,True,Closed,Inbound
O10951,A1261,Westford Payments PLC - Renewal,U214,Renewal,115800.0,USD,2024-08-19,2024-12-18,5-Closed Won,True,True,Closed,Inbound
O10263,A1008,Bluewater Securities GmbH - Expansion,U203,Expansion,29190.0,EUR,2026-03-28,2026-07-28,2-Qualified,False,False,Pipeline,Inbound
O11920,A1130,Stanhope Capital SA - New Business,U219,New Business,414100.0,USD,2026-01-05,2026-05-12,6-Closed Lost,True,False,Closed,Inbound
O10516,A1374,Gilder Advisors PLC - Expansion,U222,Expansion,72702.0,SGD,2026-05-05,2026-09-27,3-Proposal,False,False,Pipeline,Inbound
O10723,A1063,Vertex Capital Co - New Business,U217,New Business,91400.0,BRL,2024-03-26,2024-04-15,6-Closed Lost,True,False,Closed,Outbound
O12206,A1125,Sable Group SA - Expansion,U213,Expansion,28182.0,USD,2025-06-10,2025-07-21,6-Closed Lost,True,False,Closed,Partner
O11926,A1319,Fairlane Securities PLC - New Business,U201,New Business,202000.0,USD,2024-09-13,2025-01-18,6-Closed Lost,True,False,Closed,Outbound
O12443,A1197,Sable Group Pte Ltd - New Business,U215,New Business,491300.0,USD,2024-11-08,2025-03-31,6-Closed Lost,True,False,Closed,Outbound
O12155,A1252,Auriga Capital Pte Ltd - Expansion,U201,Expansion,26166.0,USD,2024-08-20,2024-11-08,6-Closed Lost,True,False,Closed,Inbound
O11741,A1279,Sable Ventures Co - Expansion,U208,Expansion,14700.0,USD,2024-11-30,2025-01-26,5-Closed Won,True,True,Closed,Event
O12419,A1196,Pinnacle Group GmbH - Renewal,U211,Renewal,130100.0,GBP,2025-12-07,2026-03-30,5-Closed Won,True,True,Closed,Inbound
O10691,A1279,Sable Ventures Co - Expansion,U208,Expansion,21084.0,USD,2024-10-06,2025-01-02,5-Closed Won,True,True,Closed,Inbound
O10274,A1205,Riverbend Custody Pte Ltd - Renewal,U212,Renewal,64000.0,USD,2025-12-08,2026-01-13,5-Closed Won,True,True,Closed,Inbound
O10046,A1376,Tessera Systems Inc - New Business,U216,New Business,61800.0,EUR,2025-04-04,2025-06-10,6-Closed Lost,True,False,Closed,Inbound
O10199,A1221,Tessera Networks Inc - Renewal,U223,Renewal,164400.0,GBP,2026-02-26,2026-06-07,5-Closed Won,True,True,Closed,Outbound
O10365,A1396,Thorne Advisors Pte Ltd - Renewal,U209,Renewal,11900.0,USD,2026-01-20,2026-01-29,5-Closed Won,True,True,Closed,Inbound
O10601,A1312,Quarry Trust SA - Expansion,U204,Expansion,11130.0,EUR,2025-12-24,2026-04-30,5-Closed Won,True,True,Closed,Referral
O11762,A1178,Granite Exchange Co - Renewal,U203,Renewal,228100.0,USD,2026-01-14,2026-01-04,5-Closed Won,True,True,Closed,Outbound
O10292,A1145,Harrow Labs Pte Ltd - Renewal,U211,Renewal,8900.0,USD,2025-09-05,2025-09-16,5-Closed Won,True,True,Closed,Event
O11069,A1355,Marrow Capital SA - New Business,U202,New Business,11400.0,USD,2024-04-12,2024-05-30,5-Closed Won,True,True,Closed,Inbound
O10749,A1167,Halcyon Digital GmbH - New Business,U223,New Business,55700.0,USD,2025-02-22,2025-05-06,6-Closed Lost,True,False,Closed,Event
O10195,A1056,Ironclad Payments Inc - Renewal,U206,Renewal,136200.0,USD,2025-04-19,2025-08-06,6-Closed Lost,True,False,Closed,Event
O12192,A1284,Kestrel Bancorp GmbH - New Business,U214,New Business,65300.0,GBP,2026-01-06,2026-03-07,5-Closed Won,True,True,Closed,Inbound
O10777,A1332,Pinnacle Capital Co - New Business,U203,New Business,240800.0,USD,2024-09-06,2025-01-29,6-Closed Lost,True,False,Closed,Inbound
O11710,A1365,Vertex Capital Inc - Expansion,U207,Expansion,5922.0,GBP,2024-09-20,2024-10-30,6-Closed Lost,True,False,Closed,Inbound
O11662,A1019,Keystone Ventures Ltd - Renewal,U217,Renewal,26000.0,USD,2024-04-26,2024-05-05,5-Closed Won,True,True,Closed,Inbound
O10850,A1082,Keystone Ventures GmbH - Expansion,U216,Expansion,40950.0,BRL,2024-09-16,2024-10-20,6-Closed Lost,True,False,Closed,Inbound
O10945,A1138,Northwind Digital SA - New Business,U210,New Business,190300.0,USD,2025-04-24,2025-10-04,6-Closed Lost,True,False,Closed,Inbound
O12064,A1279,Sable Ventures Co - Renewal,U208,Renewal,110600.0,USD,2026-06-09,2026-07-28,1-Discovery,False,False,Best Case,Partner
O10863,A1010,Auriga Ventures SA - Renewal,U219,Renewal,75200.0,EUR,2024-12-29,2025-04-29,6-Closed Lost,True,False,Closed,Event
O11557,A1224,Auriga Exchange Co - New Business,U220,New Business,20600.0,USD,2024-10-04,2024-11-28,5-Closed Won,True,True,Closed,Inbound
O12128,A1411,Harrow Exchange LLC - Expansion,U223,Expansion,3486.0,USD,2024-10-30,2024-12-18,6-Closed Lost,True,False,Closed,Event
O11597,A1301,Palisade Group LLC - New Business,U210,New Business,166100.0,USD,2026-04-20,2026-08-08,2-Qualified,False,False,Pipeline,Inbound
O10116,A1052,Norsk Advisors Co - New Business,U206,New Business,98300.0,USD,2026-03-18,2026-05-07,5-Closed Won,True,True,Closed,Inbound
O12455,A1036,Cobalt Partners Pte Ltd - Expansion,U214,Expansion,16338.0,EUR,2026-03-07,2026-06-08,6-Closed Lost,True,False,Closed,Inbound
O12120,A1366,Cobalt Networks LLC - Renewal,U214,Renewal,60600.0,USD,2024-09-15,2024-11-25,5-Closed Won,True,True,Closed,Inbound
O12134,A1253,Ironclad Securities PLC - New Business,U216,New Business,47300.0,BRL,2024-05-11,2024-09-14,6-Closed Lost,True,False,Closed,Outbound
O12405,A1295,Norsk Ventures LLC - Expansion,U216,Expansion,7392.0,USD,2025-10-12,2025-10-30,5-Closed Won,True,True,Closed,Inbound
O10380,A1323,Tessera Labs Co - Renewal,U215,Renewal,77800.0,SGD,2026-03-31,2026-05-01,5-Closed Won,True,True,Closed,Outbound
O11531,A1363,Riverbend Bancorp LLC - Expansion,U223,Expansion,24906.0,EUR,2024-03-01,2024-04-21,5-Closed Won,True,True,Closed,Event
O10926,A1275,Gilder Exchange Pte Ltd - Renewal,U205,Renewal,35600.0,USD,2025-10-10,2026-02-03,5-Closed Won,True,True,Closed,Outbound
O10575,A1176,Norsk Custody PLC - New Business,U223,New Business,196300.0,BRL,2024-03-03,2024-08-31,6-Closed Lost,True,False,Closed,Inbound
O11831,A1102,Kestrel Exchange Ltd - New Business,U210,New Business,42900.0,USD,2025-03-13,2025-05-27,6-Closed Lost,True,False,Closed,Partner
O11625,A1019,Keystone Ventures Ltd - Renewal,U217,Renewal,11500.0,USD,2024-07-19,2024-08-26,5-Closed Won,True,True,Closed,Referral
O12503,A1416,Umbra Bancorp GmbH - Expansion,U203,Expansion,33852.0,SGD,2025-02-24,2025-04-12,5-Closed Won,True,True,Closed,Referral
O11128,A1399,Westford Advisors Ltd - Renewal,U206,Renewal,21500.0,USD,2026-05-09,2026-07-18,3-Proposal,False,False,Best Case,Inbound
O11285,A1164,Lumen Securities GmbH - Renewal,U211,Renewal,175400.0,USD,2025-10-10,2025-12-20,5-Closed Won,True,True,Closed,Outbound
O11460,A1302,Lattice Bancorp LLC - New Business,U220,New Business,41700.0,EUR,2026-02-24,2026-05-28,5-Closed Won,True,True,Closed,Outbound
O11911,A1132,Westford Financial LLC - New Business,U206,New Business,264600.0,BRL,2024-09-14,2024-10-20,6-Closed Lost,True,False,Closed,Inbound
O11362,A1280,Lumen Advisors PLC - Renewal,U201,Renewal,436700.0,SGD,2025-09-10,2026-02-04,5-Closed Won,True,True,Closed,Outbound
O11528,A1206,Keystone Systems SA - New Business,U216,New Business,43300.0,USD,2024-10-04,2025-01-02,6-Closed Lost,True,False,Closed,Referral
O11052,A1345,Redmond Custody Pte Ltd - Renewal,U206,Renewal,219800.0,USD,2025-12-24,2026-03-14,5-Closed Won,True,True,Closed,Inbound
O10597,A1329,Cobalt Securities SA - Expansion,U203,Expansion,128520.0,USD,2025-11-12,2026-08-03,1-Discovery,False,False,Commit,Referral
O11707,A1180,Sable Ventures PLC - New Business,U208,New Business,104700.0,EUR,2024-05-25,2024-08-02,6-Closed Lost,True,False,Closed,Outbound
O10077,A1132,Westford Financial LLC - New Business,U206,New Business,47100.0,BRL,2025-05-09,2025-07-20,6-Closed Lost,True,False,Closed,Referral
O10738,A1400,Stanhope Networks Ltd - Renewal,U201,Renewal,76300.0,USD,2026-04-01,2026-08-21,1-Discovery,False,False,Best Case,Event
O11626,A1014,Quarry Holdings PLC - Expansion,U210,Expansion,22596.0,SGD,2025-10-20,2025-10-29,5-Closed Won,True,True,Closed,Outbound
O10001,A1245,Quarry Exchange LLC - New Business,U205,New Business,14000.0,EUR,2024-09-23,2024-11-25,6-Closed Lost,True,False,Closed,Inbound
O11494,A1116,Eastgate Securities PLC - New Business,U207,New Business,39100.0,EUR,2024-05-27,2024-08-26,6-Closed Lost,True,False,Closed,Partner
O10569,A1111,Inlet Securities GmbH - Renewal,U217,Renewal,70900.0,EUR,2024-07-21,2024-12-05,5-Closed Won,True,True,Closed,Outbound
O10418,A1414,Redmond Systems SA - Expansion,U208,Expansion,15918.0,USD,2025-06-26,2025-08-02,6-Closed Lost,True,False,Closed,Outbound
O12344,A1045,Solstice Financial GmbH - Renewal,U210,Renewal,168600.0,USD,2024-07-20,2024-10-31,5-Closed Won,True,True,Closed,Inbound
O10952,A1069,Lattice Networks LLC - Renewal,U219,Renewal,61500.0,USD,2024-10-26,2024-12-18,5-Closed Won,True,True,Closed,Outbound
O10721,A1168,Keystone Labs PLC - Renewal,U200,Renewal,38800.0,USD,2026-05-14,2026-07-03,2-Qualified,False,False,Pipeline,Event
O11269,A1293,Caldera Bancorp SA - Expansion,U203,Expansion,117390.0,BRL,2024-07-31,2024-11-27,6-Closed Lost,True,False,Closed,Inbound
O10466,A1237,Caldera Partners Co - Expansion,U212,Expansion,67116.0,SGD,2024-10-26,2025-03-09,5-Closed Won,True,True,Closed,Event
O10836,A1320,Beltway Ventures Pte Ltd - Renewal,U200,Renewal,102500.0,USD,2025-05-25,2025-07-11,5-Closed Won,True,True,Closed,Outbound
O12072,A1049,Juniper Trust Pte Ltd - Renewal,U209,Renewal,251700.0,USD,2025-08-14,2026-01-26,6-Closed Lost,True,False,Closed,Inbound
O98044,A9503,Zenith Trust SA - Renewal,U220,Renewal,71600.0,USD,2024-09-10,2024-12-09,5-Closed Won,True,True,Closed,Outbound
O11548,A1181,Thorne Analytics SA - Renewal,U211,Renewal,110100.0,USD,2024-08-20,2024-09-27,5-Closed Won,True,True,Closed,Outbound
O10775,A1003,Cobalt Bancorp LLC - Expansion,U212,Expansion,297108.0,USD,2024-07-29,2024-11-20,6-Closed Lost,True,False,Closed,Partner
O11904,A1318,Halcyon Labs Inc - Renewal,U209,Renewal,13900.0,SGD,2025-02-04,2025-03-29,5-Closed Won,True,True,Closed,Outbound
O10938,A1040,Lattice Holdings Pte Ltd - Expansion,U219,Expansion,20202.0,USD,2024-04-14,2024-07-08,5-Closed Won,True,True,Closed,Inbound
O11979,A1178,Granite Exchange Co - New Business,U203,New Business,43200.0,USD,2024-08-11,2024-10-19,6-Closed Lost,True,False,Closed,Outbound
O10960,A1354,Eastgate Analytics Ltd - Expansion,U207,Expansion,11004.0,SGD,2025-01-02,2025-01-11,6-Closed Lost,True,False,Closed,Outbound
O11731,A1066,Halcyon Holdings Inc - Renewal,U216,Renewal,42500.0,USD,2025-04-08,2025-06-09,5-Closed Won,True,True,Closed,Partner
O10900,A1299,Norsk Partners SA - Renewal,U216,Renewal,54300.0,EUR,2025-02-08,2025-04-23,5-Closed Won,True,True,Closed,Outbound
O10115,A1069,Lattice Networks LLC - Renewal,U219,Renewal,142100.0,USD,2024-10-02,2024-12-01,6-Closed Lost,True,False,Closed,Outbound
O12508,A1305,Norsk Payments LLC - New Business,U201,New Business,37600.0,USD,2025-11-10,2026-02-11,6-Closed Lost,True,False,Closed,Partner
O10979,A1117,Halcyon Financial GmbH - Expansion,U214,Expansion,8148.0,USD,2024-10-28,2024-11-25,6-Closed Lost,True,False,Closed,Outbound
O12538,A1410,Lattice Ventures Pte Ltd - Renewal,U213,Renewal,104300.0,USD,2025-09-10,2025-10-12,5-Closed Won,True,True,Closed,Partner
O12222,A1372,Quarry Partners LLC - Expansion,U223,Expansion,35826.0,USD,2025-07-08,2025-09-19,5-Closed Won,True,True,Closed,Inbound
O11409,A1185,Beltway Ventures SA - New Business,U210,New Business,19300.0,USD,2025-09-16,2025-10-07,6-Closed Lost,True,False,Closed,Outbound
O10856,A1328,Vantage Partners Inc - Renewal,U221,Renewal,25900.0,USD,2026-03-28,2026-04-06,5-Closed Won,True,True,Closed,Partner
O12273,A1064,Stanhope Capital Inc - New Business,U216,New Business,20300.0,USD,2025-04-12,2025-06-21,5-Closed Won,True,True,Closed,Outbound
O12413,A1129,Inlet Advisors SA - Renewal,U215,Renewal,35000.0,USD,2025-12-23,2026-01-21,5-Closed Won,True,True,Closed,Inbound
O11324,A1166,Kestrel Bancorp Inc - New Business,U215,New Business,283000.0,GBP,2025-10-31,2026-03-25,5-Closed Won,True,True,Closed,Event
O10901,A1323,Tessera Labs Co - New Business,U215,New Business,66300.0,SGD,2025-05-04,2025-07-11,5-Closed Won,True,True,Closed,Inbound
O11443,A1122,Norsk Labs GmbH - Renewal,U206,Renewal,4900.0,USD,2026-01-31,2026-04-19,5-Closed Won,True,True,Closed,Outbound
O11624,A1151,Harrow Digital Co - New Business,U217,New Business,121700.0,SGD,2026-02-03,2026-04-02,6-Closed Lost,True,False,Closed,Outbound
O12039,A1141,Keystone Financial Pte Ltd - New Business,U215,New Business,43900.0,BRL,2026-01-02,2026-03-21,5-Closed Won,True,True,Closed,Outbound
O10927,A1134,Harrow Ventures SA - New Business,U218,New Business,60400.0,EUR,2024-05-04,2024-07-18,5-Closed Won,True,True,Closed,Outbound
O11938,A1388,Cobalt Financial Pte Ltd - Renewal,U216,Renewal,304300.0,EUR,2025-04-12,2025-11-15,5-Closed Won,True,True,Closed,Inbound
O10754,A1136,Fairlane Securities GmbH - New Business,U222,New Business,24300.0,USD,2024-11-06,2024-12-12,6-Closed Lost,True,False,Closed,Outbound
O11316,A1230,Quarry Trust LLC - Renewal,U202,Renewal,89200.0,SGD,2026-01-04,2026-03-19,6-Closed Lost,True,False,Closed,Partner
O10144,A1215,Harrow Partners Pte Ltd - Expansion,U223,Expansion,165018.0,USD,2025-02-11,2025-07-21,5-Closed Won,True,True,Closed,Outbound
O11207,A1021,Pinnacle Trust SA - Renewal,U209,Renewal,22200.0,BRL,2026-02-10,2026-04-07,5-Closed Won,True,True,Closed,Outbound
O11072,A1176,Norsk Custody PLC - Renewal,U223,Renewal,235300.0,BRL,2026-01-14,2026-07-12,1-Discovery,False,False,Best Case,Inbound
O10930,A1392,Kestrel Group Pte Ltd - New Business,U203,New Business,26100.0,EUR,2025-08-17,2025-09-14,6-Closed Lost,True,False,Closed,Partner
O11170,A1414,Redmond Systems SA - Expansion,U208,Expansion,32466.0,USD,2025-01-10,2025-03-08,5-Closed Won,True,True,Closed,Event
O11243,A1186,Sable Ventures GmbH - New Business,U206,New Business,10100.0,USD,2026-03-15,2026-05-07,6-Closed Lost,True,False,Closed,Outbound
O10747,A1277,Zenith Networks Pte Ltd - New Business,U211,New Business,13500.0,USD,2025-07-27,2025-09-16,5-Closed Won,True,True,Closed,Partner
O10293,A1026,Gilder Ventures LLC - New Business,U208,New Business,11200.0,USD,2024-11-07,2025-02-24,5-Closed Won,True,True,Closed,Inbound
O11235,A1251,Juniper Group Co - New Business,U218,New Business,20200.0,GBP,2024-01-05,2024-02-28,5-Closed Won,True,True,Closed,Outbound
O12301,A1357,Thorne Digital LLC - Expansion,U220,Expansion,23184.0,GBP,2025-01-05,2025-03-09,5-Closed Won,True,True,Closed,Inbound
O11159,A1151,Harrow Digital Co - Expansion,U217,Expansion,43302.0,SGD,2025-02-19,2025-04-29,6-Closed Lost,True,False,Closed,Referral
O11936,A1043,Marrow Digital PLC - Renewal,U202,Renewal,35500.0,EUR,2024-02-20,2024-04-28,5-Closed Won,True,True,Closed,Event
O10545,A1068,Pinnacle Payments Ltd - Renewal,U200,Renewal,86800.0,USD,2025-09-14,2026-01-03,5-Closed Won,True,True,Closed,Event
O11964,A1233,Bluewater Securities Ltd - New Business,U214,New Business,65400.0,USD,2025-01-25,2025-03-25,5-Closed Won,True,True,Closed,Outbound
O10974,A1150,Stanhope Capital GmbH - Expansion,U206,Expansion,86562.0,EUR,2025-10-04,2026-01-20,6-Closed Lost,True,False,Closed,Inbound
O10821,A1038,Dovetail Digital LLC - Renewal,U209,Renewal,23200.0,USD,2026-06-10,2026-09-30,1-Discovery,False,False,Commit,Outbound
O11577,A1050,Solstice Bancorp SA - New Business,U215,New Business,79000.0,EUR,2026-02-09,2026-06-11,5-Closed Won,True,True,Closed,Outbound
O11192,A1008,Bluewater Securities GmbH - Renewal,U203,Renewal,86600.0,EUR,2025-03-09,2025-04-01,6-Closed Lost,True,False,Closed,Partner
O10586,A1023,Umbra Networks LLC - New Business,U210,New Business,266500.0,GBP,2024-02-24,2024-09-11,6-Closed Lost,True,False,Closed,Inbound
O10189,A1053,Lumen Labs Pte Ltd - New Business,U212,New Business,19500.0,USD,2024-06-16,2024-06-25,6-Closed Lost,True,False,Closed,Outbound
O12205,A1311,Cobalt Financial Inc - New Business,U214,New Business,98900.0,USD,2024-08-02,2024-10-29,6-Closed Lost,True,False,Closed,Inbound
O11255,A1181,Thorne Analytics SA - New Business,U211,New Business,47000.0,USD,2026-02-05,2026-05-18,6-Closed Lost,True,False,Closed,Inbound
O11198,A1122,Norsk Labs GmbH - Renewal,U206,Renewal,11200.0,USD,2024-11-06,2024-12-08,5-Closed Won,True,True,Closed,Partner
O10088,A1356,Eastgate Bancorp Ltd - Renewal,U208,Renewal,136900.0,BRL,2025-07-21,2025-10-11,6-Closed Lost,True,False,Closed,Inbound
O10600,A1182,Marrow Group Co - New Business,U203,New Business,391700.0,USD,2024-02-25,2024-02-08,6-Closed Lost,True,False,Closed,Partner
O12520,A1186,Sable Ventures GmbH - New Business,U206,New Business,29100.0,USD,2024-09-17,2024-11-27,5-Closed Won,True,True,Closed,Inbound
O10729,A1375,Redmond Ventures PLC - Renewal,U216,Renewal,395300.0,EUR,2024-01-28,2024-03-19,5-Closed Won,True,True,Closed,Event
O12512,A1211,Norsk Financial LLC - Renewal,U207,Renewal,9000.0,BRL,2025-02-18,2025-02-27,5-Closed Won,True,True,Closed,Event
O11551,A1043,Marrow Digital PLC - Renewal,U202,Renewal,15200.0,EUR,2024-12-15,2024-12-06,5-Closed Won,True,True,Closed,Partner
O10247,A1373,Auriga Ventures Pte Ltd - New Business,U223,New Business,18600.0,SGD,2024-10-09,2025-01-06,6-Closed Lost,True,False,Closed,Event
O10887,A1316,Pinnacle Payments PLC - Renewal,U222,Renewal,41900.0,USD,2025-10-25,2026-02-07,5-Closed Won,True,True,Closed,Outbound
O11533,A1082,Keystone Ventures GmbH - Renewal,U216,Renewal,63400.0,BRL,2024-11-12,2025-02-09,5-Closed Won,True,True,Closed,Referral
O10758,A1319,Fairlane Securities PLC - New Business,U201,New Business,166100.0,USD,2025-01-13,2025-04-22,5-Closed Won,True,True,Closed,Outbound
O11975,A1135,Harrow Custody Pte Ltd - Renewal,U214,Renewal,60200.0,GBP,2024-09-26,2024-12-08,5-Closed Won,True,True,Closed,Event
O12403,A1164,Lumen Securities GmbH - Expansion,U211,Expansion,25830.0,USD,2024-03-14,2024-06-04,5-Closed Won,True,True,Closed,Outbound
O11104,A1017,Orbit Group LLC - New Business,U222,New Business,9600.0,EUR,2024-11-23,2024-12-02,6-Closed Lost,True,False,Closed,Inbound
O10796,A1295,Norsk Ventures LLC - Renewal,U216,Renewal,27000.0,USD,2025-05-16,2025-07-03,5-Closed Won,True,True,Closed,Event
O10855,A1087,Pinnacle Ventures Ltd - New Business,U214,New Business,37400.0,USD,2024-10-16,2024-12-30,6-Closed Lost,True,False,Closed,Outbound
O12008,A1353,Halcyon Ventures Inc - New Business,U207,New Business,202000.0,GBP,2024-03-21,2024-09-22,5-Closed Won,True,True,Closed,Outbound
O11006,A1188,Stanhope Holdings Inc - New Business,U217,New Business,258200.0,USD,2026-04-15,2026-09-05,2-Qualified,False,False,Commit,Outbound
O98000,A9000,Riverbend Bancorp LLC - Expansion,U223,Expansion,18900.0,EUR,2025-10-05,2026-01-01,5-Closed Won,True,True,Closed,Inbound
O10282,A1145,Harrow Labs Pte Ltd - New Business,U211,New Business,17700.0,USD,2025-07-21,2025-09-02,5-Closed Won,True,True,Closed,Outbound
O10857,A1314,Zenith Labs Pte Ltd - Expansion,U223,Expansion,7392.0,USD,2024-07-15,2024-10-28,6-Closed Lost,True,False,Closed,Referral
O11806,A1288,Eastgate Holdings LLC - Renewal,U200,Renewal,54900.0,EUR,2024-07-21,2024-09-27,5-Closed Won,True,True,Closed,Event
O12484,A1016,Fairlane Ventures Co - Expansion,U212,Expansion,18564.0,BRL,2025-06-05,2025-07-31,5-Closed Won,True,True,Closed,Inbound
O10830,A1281,Norsk Trust Pte Ltd - Renewal,U211,Renewal,170300.0,BRL,2025-12-25,2026-05-18,5-Closed Won,True,True,Closed,Partner
O12018,A1201,Westford Financial Co - Expansion,U220,Expansion,6636.0,EUR,2024-06-16,2024-07-02,5-Closed Won,True,True,Closed,Inbound
O10820,A1196,Pinnacle Group GmbH - New Business,U211,New Business,204600.0,GBP,2025-04-06,2025-04-16,5-Closed Won,True,True,Closed,Event
O10268,A1383,Thorne Trust Ltd - Renewal,U202,Renewal,60100.0,USD,2025-07-14,2025-09-04,5-Closed Won,True,True,Closed,Outbound
O10831,A1171,Inlet Exchange LLC - New Business,U206,New Business,32500.0,USD,2024-06-28,2024-09-11,6-Closed Lost,True,False,Closed,Partner
O10136,A1314,Zenith Labs Pte Ltd - New Business,U223,New Business,59000.0,USD,2025-12-07,2026-03-02,6-Closed Lost,True,False,Closed,Event
O12034,A1098,Inlet Custody SA - New Business,U223,New Business,156200.0,USD,2026-03-16,2026-10-20,3-Proposal,False,False,Pipeline,Outbound
O11496,A1092,Halcyon Financial PLC - Renewal,U205,Renewal,30800.0,EUR,2024-08-14,2024-08-23,6-Closed Lost,True,False,Closed,Event
O12528,A1166,Kestrel Bancorp Inc - Expansion,U215,Expansion,67578.0,GBP,2024-07-07,2024-12-27,6-Closed Lost,True,False,Closed,Outbound
O10118,A1076,Westford Labs GmbH - New Business,U221,New Business,143600.0,BRL,2025-09-02,2025-11-11,5-Closed Won,True,True,Closed,Inbound
O10509,A1362,Juniper Systems SA - Renewal,U208,Renewal,135900.0,USD,2025-07-01,2025-08-14,6-Closed Lost,True,False,Closed,Partner
O99005,A1312,Quarry Trust SA - Renewal,U204,Renewal,45200.0,EUR,2024-05-09,2024-06-12,6-Closed Lost,True,False,Closed,Partner
O11397,A1285,Quarry Custody PLC - New Business,U214,New Business,9000.0,SGD,2024-03-29,2024-04-08,6-Closed Lost,True,False,Closed,Event
O10352,A1407,Auriga Systems LLC - Renewal,U205,Renewal,136800.0,BRL,2026-06-23,2026-09-19,1-Discovery,False,False,Best Case,Inbound
O12268,A1271,Zenith Trust SA - Expansion,U220,Expansion,27468.0,USD,2026-01-14,2026-03-28,5-Closed Won,True,True,Closed,Inbound
O11214,A1035,Fairlane Capital LLC - Renewal,U205,Renewal,50900.0,USD,2024-10-26,2024-11-15,5-Closed Won,True,True,Closed,Referral
O11537,A1135,Harrow Custody Pte Ltd - New Business,U214,New Business,43100.0,GBP,2024-08-14,2024-09-16,6-Closed Lost,True,False,Closed,Event
O11188,A1370,Beltway Capital GmbH - New Business,U220,New Business,11000.0,USD,2025-08-19,2025-09-15,6-Closed Lost,True,False,Closed,Outbound
O11774,A1103,Granite Financial Ltd - New Business,U221,New Business,82800.0,GBP,2025-10-16,2025-12-03,6-Closed Lost,True,False,Closed,Inbound
O11827,A1245,Quarry Exchange LLC - Renewal,U205,Renewal,16700.0,EUR,2025-11-18,2025-12-05,5-Closed Won,True,True,Closed,Inbound
O12495,A1148,Norsk Trust Co - Renewal,U210,Renewal,15600.0,USD,2024-10-16,2024-11-02,5-Closed Won,True,True,Closed,Outbound
O10348,A1052,Norsk Advisors Co - Renewal,U206,Renewal,111000.0,USD,2025-06-25,2025-07-04,5-Closed Won,True,True,Closed,Outbound
O10432,A1193,Granite Labs Ltd - Expansion,U212,Expansion,5712.0,BRL,2024-08-31,2024-10-16,6-Closed Lost,True,False,Closed,Referral
O10676,A1027,Eastgate Financial SA - Expansion,U200,Expansion,13398.0,USD,2025-02-11,2025-03-24,6-Closed Lost,True,False,Closed,Outbound
O11377,A1076,Westford Labs GmbH - Expansion,U221,Expansion,225834.0,BRL,2025-04-19,2025-08-19,5-Closed Won,True,True,Closed,Outbound
O10687,A1154,Norsk Holdings Inc - Expansion,U223,Expansion,37800.0,GBP,2024-12-13,2025-04-26,5-Closed Won,True,True,Closed,Event
O10686,A1134,Harrow Ventures SA - New Business,U218,New Business,106900.0,EUR,2025-06-09,2025-10-04,6-Closed Lost,True,False,Closed,Inbound
O10214,A1065,Quarry Payments Inc - New Business,U210,New Business,194000.0,EUR,2025-07-22,2025-09-07,6-Closed Lost,True,False,Closed,Outbound
O11073,A1219,Stanhope Partners PLC - New Business,U214,New Business,25200.0,USD,2024-11-10,2025-02-22,6-Closed Lost,True,False,Closed,Outbound
O12460,A1003,Cobalt Bancorp LLC - Renewal,U212,Renewal,262400.0,USD,2026-02-17,2026-07-09,1-Discovery,False,False,Pipeline,Outbound
O11865,A1397,Gilder Exchange Co - New Business,U209,New Business,15500.0,USD,2024-11-19,2024-10-12,5-Closed Won,True,True,Closed,Partner
O10809,A1218,Dovetail Custody PLC - New Business,U221,New Business,281500.0,USD,2026-03-04,2026-06-06,6-Closed Lost,True,False,Closed,Outbound
O10414,A1106,Quarry Labs Co - New Business,U210,New Business,16300.0,GBP,2026-04-27,2026-05-06,5-Closed Won,True,True,Closed,Outbound
O11859,A1196,Pinnacle Group GmbH - New Business,U211,New Business,110800.0,GBP,2024-02-06,2024-05-04,5-Closed Won,True,True,Closed,Referral
O10986,A1046,Fairlane Labs SA - New Business,U216,New Business,180300.0,USD,2025-07-16,2025-10-08,6-Closed Lost,True,False,Closed,Partner
O10612,A1385,Umbra Advisors Ltd - Expansion,U211,Expansion,8778.0,USD,2024-08-12,2024-08-21,6-Closed Lost,True,False,Closed,Outbound
O12021,A1208,Marrow Labs PLC - New Business,U219,New Business,19200.0,USD,2026-02-04,2026-05-13,6-Closed Lost,True,False,Closed,Inbound
O12368,A1383,Thorne Trust Ltd - Expansion,U202,Expansion,31710.0,USD,2025-08-08,2025-08-03,5-Closed Won,True,True,Closed,Outbound
O99016,A1399,Westford Advisors Ltd - Renewal,U206,Renewal,21500.0,USD,2026-05-09,2026-07-18,3-Proposal,False,False,Best Case,Inbound
O10426,A1122,Norsk Labs GmbH - Renewal,U206,Renewal,17400.0,USD,2026-05-22,2026-06-24,5-Closed Won,True,True,Closed,Partner
O10669,A1402,Gilder Networks LLC - Expansion,U213,Expansion,6258.0,USD,2025-10-31,2026-01-15,5-Closed Won,True,True,Closed,Inbound
O11889,A1160,Palisade Labs Inc - New Business,U209,New Business,89500.0,USD,2025-02-16,2025-08-12,5-Closed Won,True,True,Closed,Outbound
O10984,A1231,Meridian Networks Co - Renewal,U210,Renewal,393500.0,BRL,2026-01-14,2026-05-23,5-Closed Won,True,True,Closed,Outbound
O11266,A1409,Eastgate Securities Pte Ltd - Renewal,U209,Renewal,123200.0,USD,2024-08-01,2025-02-07,5-Closed Won,True,True,Closed,Outbound
O10517,A1147,Westford Advisors LLC - Renewal,U223,Renewal,13100.0,EUR,2026-03-02,2026-03-11,5-Closed Won,True,True,Closed,Outbound
O12013,A1052,Norsk Advisors Co - New Business,U206,New Business,97800.0,USD,2025-03-04,2025-04-25,6-Closed Lost,True,False,Closed,Inbound
O12002,A1145,Harrow Labs Pte Ltd - New Business,U211,New Business,10300.0,USD,2024-08-21,2024-09-05,6-Closed Lost,True,False,Closed,Inbound
O11328,A1373,Auriga Ventures Pte Ltd - Renewal,U223,Renewal,7800.0,SGD,2024-12-06,2025-03-20,5-Closed Won,True,True,Closed,Inbound
O11066,A1257,Riverbend Advisors GmbH - New Business,U213,New Business,95800.0,BRL,2025-05-20,2025-10-28,6-Closed Lost,True,False,Closed,Event
O12319,A1162,Lattice Group GmbH - New Business,U205,New Business,266100.0,BRL,2024-06-26,2024-10-08,6-Closed Lost,True,False,Closed,Event
O12251,A1244,Thorne Securities SA - New Business,U211,New Business,12900.0,USD,2025-04-24,2025-05-03,5-Closed Won,True,True,Closed,Inbound
O11912,A1245,Quarry Exchange LLC - New Business,U205,New Business,6500.0,EUR,2025-08-23,2025-11-02,6-Closed Lost,True,False,Closed,Referral
O10502,A1270,Beltway Bancorp Co - New Business,U201,New Business,250100.0,SGD,2025-01-07,2025-05-28,6-Closed Lost,True,False,Closed,Inbound
O12514,A1217,Stanhope Digital PLC - New Business,U215,New Business,21800.0,USD,2025-08-13,2025-10-22,6-Closed Lost,True,False,Closed,Outbound
O10004,A1198,Westford Holdings LLC - Renewal,U217,Renewal,49300.0,USD,2026-03-02,2026-05-30,5-Closed Won,True,True,Closed,Inbound
O11395,A1124,Quarry Exchange SA - Renewal,U214,Renewal,138600.0,USD,2026-05-19,2026-06-29,5-Closed Won,True,True,Closed,Inbound
O10617,A1070,Ardent Partners LLC - New Business,U215,New Business,21400.0,USD,2026-04-14,2026-06-28,6-Closed Lost,True,False,Closed,Outbound
O10584,A1156,Fairlane Networks PLC - Renewal,U211,Renewal,541900.0,USD,2025-09-24,2026-02-05,6-Closed Lost,True,False,Closed,Outbound
O11749,A1185,Beltway Ventures SA - Renewal,U210,Renewal,14300.0,USD,2025-07-08,2025-07-17,5-Closed Won,True,True,Closed,Partner
O11445,A1275,Gilder Exchange Pte Ltd - New Business,U205,New Business,82300.0,USD,2025-10-28,2026-02-23,6-Closed Lost,True,False,Closed,Referral
O11719,A1159,Lattice Analytics Co - Expansion,U200,Expansion,84084.0,USD,2025-07-14,2025-10-27,6-Closed Lost,True,False,Closed,Event
O10761,A1400,Stanhope Networks Ltd - Renewal,U201,Renewal,139700.0,USD,2026-03-05,2026-05-19,6-Closed Lost,True,False,Closed,Referral
O98025,A9000,Vertex Securities LLC - Renewal,U208,Renewal,83100.0,USD,2024-05-03,2024-08-03,5-Closed Won,True,True,Closed,Partner
O12046,A1217,Stanhope Digital PLC - New Business,U215,New Business,30900.0,USD,2026-02-07,2026-04-23,6-Closed Lost,True,False,Closed,Inbound
O11238,A1302,Lattice Bancorp LLC - Renewal,U220,Renewal,96400.0,EUR,2026-04-29,2026-07-14,3-Proposal,False,False,Best Case,Event
O10468,A1377,Northwind Digital Ltd - New Business,U210,New Business,51800.0,USD,2024-06-10,2024-09-26,6-Closed Lost,True,False,Closed,Inbound
O11841,A1238,Quarry Networks PLC - Renewal,U201,Renewal,10800.0,USD,2026-03-21,2026-04-30,6-Closed Lost,True,False,Closed,Outbound
O11271,A1221,Tessera Networks Inc - Expansion,U223,Expansion,49014.0,GBP,2024-06-18,2024-12-16,6-Closed Lost,True,False,Closed,Outbound
O10328,A1034,Riverbend Labs GmbH - Renewal,U216,Renewal,86400.0,USD,2026-04-27,2026-08-24,1-Discovery,False,False,Best Case,Outbound
O11275,A1184,Northwind Securities PLC - New Business,U208,New Business,91300.0,USD,2024-03-15,2024-08-01,6-Closed Lost,True,False,Closed,Outbound
O12102,A1097,Redmond Networks PLC - Renewal,U223,Renewal,15600.0,USD,2024-02-10,2024-03-01,5-Closed Won,True,True,Closed,Outbound
O10675,A1232,Northwind Group GmbH - Expansion,U210,Expansion,64008.0,USD,2024-01-15,2024-02-26,5-Closed Won,True,True,Closed,Outbound
O11792,A1044,Norsk Group GmbH - Renewal,U206,Renewal,65200.0,USD,2026-03-13,2026-05-16,6-Closed Lost,True,False,Closed,Outbound
O10095,A1286,Cobalt Group Ltd - New Business,U206,New Business,64200.0,USD,2025-03-26,2025-06-09,6-Closed Lost,True,False,Closed,Referral
O10169,A1004,Inlet Securities Inc - Expansion,U217,Expansion,-12663.0,BRL,2025-06-22,2025-10-30,6-Closed Lost,True,False,Closed,Partner
O11413,A1300,Beltway Holdings Co - New Business,U220,New Business,498700.0,USD,2026-06-08,2026-10-26,3-Proposal,False,False,Pipeline,Inbound
O12560,A1409,Eastgate Securities Pte Ltd - New Business,U209,New Business,231200.0,USD,2025-09-26,2026-03-02,6-Closed Lost,True,False,Closed,Referral
O11456,A1399,Westford Advisors Ltd - New Business,U206,New Business,16400.0,USD,2025-04-14,2025-06-22,5-Closed Won,True,True,Closed,Event
O12215,A1347,Juniper Partners LLC - New Business,U217,New Business,87800.0,USD,2024-09-04,2025-01-07,6-Closed Lost,True,False,Closed,Inbound
O10634,A1315,Tessera Partners LLC - New Business,U204,New Business,72100.0,USD,2024-12-07,2025-05-15,6-Closed Lost,True,False,Closed,Inbound
O10539,A1115,Harrow Payments PLC - Renewal,U214,Renewal,49700.0,USD,2024-03-30,2024-06-22,5-Closed Won,True,True,Closed,Referral
O12189,A1124,Quarry Exchange SA - Expansion,U214,Expansion,49434.0,USD,2026-01-25,2026-02-24,5-Closed Won,True,True,Closed,Inbound
O11304,A1057,Zenith Capital LLC - New Business,U223,New Business,307100.0,USD,2024-07-28,2025-01-31,6-Closed Lost,True,False,Closed,Outbound
O11371,A1245,Quarry Exchange LLC - Renewal,U205,Renewal,15900.0,EUR,2025-10-23,2025-11-23,5-Closed Won,True,True,Closed,Event
O10160,A1264,Lattice Labs Co - New Business,U220,New Business,144100.0,EUR,2025-02-26,2025-06-11,6-Closed Lost,True,False,Closed,Inbound
O10835,A1292,Inlet Group GmbH - New Business,U205,New Business,390000.0,GBP,2025-08-10,2026-02-16,6-Closed Lost,True,False,Closed,Outbound
O11461,A1303,Auriga Capital Ltd - Renewal,U207,Renewal,40500.0,USD,2025-08-05,2025-11-08,5-Closed Won,True,True,Closed,Outbound
O12100,A1069,Lattice Networks LLC - Renewal,U219,Renewal,94800.0,USD,2024-11-28,2025-01-28,5-Closed Won,True,True,Closed,Inbound
O11277,A1347,Juniper Partners LLC - Expansion,U217,Expansion,59220.0,USD,2025-10-23,2026-02-14,5-Closed Won,True,True,Closed,Inbound
O10780,A1303,Auriga Capital Ltd - Expansion,U207,Expansion,19110.0,USD,2025-12-15,2026-04-27,5-Closed Won,True,True,Closed,Partner
O98037,A9012,Cobalt Financial Inc - Renewal,U214,Renewal,253100.0,USD,2025-06-27,2025-11-08,5-Closed Won,True,True,Closed,Outbound
O11283,A1385,Umbra Advisors Ltd - Renewal,U211,Renewal,9900.0,USD,2025-08-31,2025-09-14,5-Closed Won,True,True,Closed,Inbound
O10304,A1345,Redmond Custody Pte Ltd - Renewal,U206,Renewal,108900.0,USD,2024-10-06,2024-11-21,5-Closed Won,True,True,Closed,Partner
O11804,A1071,Westford Systems Pte Ltd - Renewal,U218,Renewal,84200.0,USD,2024-05-15,2024-12-19,5-Closed Won,True,True,Closed,Outbound
O12203,A1071,Westford Systems Pte Ltd - Expansion,U218,Expansion,40488.0,USD,2025-08-11,2025-12-16,6-Closed Lost,True,False,Closed,Partner
O10081,A1377,Northwind Digital Ltd - New Business,U210,New Business,33700.0,USD,2026-02-02,2026-04-09,5-Closed Won,True,True,Closed,Referral
O10748,A1392,Kestrel Group Pte Ltd - Expansion,U203,Expansion,6552.0,EUR,2025-11-29,2025-12-08,5-Closed Won,True,True,Closed,Partner
O10023,A1282,Kestrel Holdings LLC - Expansion,U212,Expansion,73710.0,USD,2024-09-08,2025-01-19,5-Closed Won,True,True,Closed,Event
O10752,A1191,Juniper Networks Ltd - Renewal,U220,Renewal,60000.0,EUR,2025-07-10,2025-10-22,5-Closed Won,True,True,Closed,Inbound
O10980,A1270,Beltway Bancorp Co - Expansion,U201,Expansion,72954.0,SGD,2025-03-22,2025-10-04,6-Closed Lost,True,False,Closed,Inbound
O11684,A1362,Juniper Systems SA - Expansion,U208,Expansion,90300.0,USD,2025-06-15,2025-09-02,5-Closed Won,True,True,Closed,Outbound
O12574,A1102,Kestrel Exchange Ltd - Renewal,U210,Renewal,39200.0,USD,2025-09-09,2025-11-14,5-Closed Won,True,True,Closed,Inbound
O12213,A1230,Quarry Trust LLC - Renewal,U202,Renewal,49700.0,SGD,2026-03-20,2026-05-25,6-Closed Lost,True,False,Closed,Outbound
O12281,A1053,Lumen Labs Pte Ltd - Renewal,U212,Renewal,26100.0,USD,2025-03-14,2025-05-06,5-Closed Won,True,True,Closed,Outbound
O10355,A1086,Tessera Securities Co - Renewal,U217,Renewal,101600.0,USD,2025-11-17,2026-01-07,5-Closed Won,True,True,Closed,Partner
O11550,A1105,Ardent Holdings Pte Ltd - Renewal,U206,Renewal,384600.0,USD,2025-01-18,2025-07-11,5-Closed Won,True,True,Closed,Outbound
O10550,A1416,Umbra Bancorp GmbH - Expansion,U203,Expansion,15456.0,SGD,2026-05-20,2026-07-18,4-Negotiation,False,False,Pipeline,Referral
O12529,A1162,Lattice Group GmbH - Renewal,U205,Renewal,144600.0,BRL,2026-05-06,2026-09-25,2-Qualified,False,False,Pipeline,Referral
O10720,A1103,Granite Financial Ltd - Renewal,U221,Renewal,51300.0,GBP,2024-02-07,2024-04-23,6-Closed Lost,True,False,Closed,Inbound
O10281,A1075,Caldera Custody PLC - Expansion,U211,Expansion,69636.0,EUR,2026-03-11,2026-07-31,1-Discovery,False,False,Commit,Outbound
O11182,A1025,Orbit Financial SA - New Business,U217,New Business,175500.0,USD,2025-01-11,2025-09-05,6-Closed Lost,True,False,Closed,Referral
O11892,A1412,Riverbend Payments GmbH - Expansion,U214,Expansion,24444.0,EUR,2026-02-07,2026-05-13,6-Closed Lost,True,False,Closed,Inbound
O11402,A1320,Beltway Ventures Pte Ltd - Renewal,U200,Renewal,64300.0,USD,2026-06-01,2026-09-28,2-Qualified,False,False,Pipeline,Partner
O12200,A1108,Quarry Systems Pte Ltd - Expansion,U210,Expansion,9828.0,USD,2024-08-09,2024-09-08,5-Closed Won,True,True,Closed,Inbound
O10620,A1225,Fairlane Ventures Pte Ltd - Renewal,U203,Renewal,10700.0,USD,2025-04-10,2025-05-13,5-Closed Won,True,True,Closed,Outbound
O11915,A1368,Lumen Labs SA - Renewal,U201,Renewal,150900.0,USD,2026-06-11,2026-09-20,1-Discovery,False,False,Pipeline,Event
O12126,A1378,Fairlane Bancorp LLC - New Business,U215,New Business,122300.0,USD,2025-06-26,2025-10-25,5-Closed Won,True,True,Closed,Partner
O10154,A1195,Auriga Securities Inc - Expansion,U211,Expansion,36834.0,USD,2025-04-14,2025-07-31,5-Closed Won,True,True,Closed,Event
O11990,A1083,Tessera Networks PLC - Renewal,U205,Renewal,20900.0,USD,2025-09-03,2025-10-30,5-Closed Won,True,True,Closed,Outbound
O11124,A1047,Halcyon Holdings Co - Renewal,U201,Renewal,11500.0,USD,2024-05-01,2024-05-10,5-Closed Won,True,True,Closed,Partner
O11737,A1161,Sable Securities LLC - Renewal,U217,Renewal,352800.0,GBP,2025-01-10,2025-08-03,5-Closed Won,True,True,Closed,Outbound
O12343,A1112,Vertex Securities LLC - Renewal,U208,Renewal,62800.0,USD,2025-11-19,2025-12-26,5-Closed Won,True,True,Closed,Outbound
O10681,A1105,Ardent Holdings Pte Ltd - Renewal,U206,Renewal,126900.0,USD,2026-04-04,2026-08-20,3-Proposal,False,False,Pipeline,Partner
O11959,A1045,Solstice Financial GmbH - Expansion,U210,Expansion,9618.0,USD,2025-04-05,2025-07-19,6-Closed Lost,True,False,Closed,Partner
O11059,A1006,Pinnacle Systems SA - Renewal,U220,Renewal,172700.0,USD,2025-06-02,2025-11-27,5-Closed Won,True,True,Closed,Inbound
O99012,A1217,Stanhope Digital PLC - New Business,U215,New Business,17200.0,USD,2024-02-20,2024-03-25,6-Closed Lost,True,False,Closed,Outbound
O10765,A1385,Umbra Advisors Ltd - New Business,U211,New Business,20500.0,USD,2024-05-21,2024-05-30,6-Closed Lost,True,False,Closed,Inbound
O11054,A1215,Harrow Partners Pte Ltd - Expansion,U223,Expansion,66528.0,USD,2025-09-03,2026-03-22,5-Closed Won,True,True,Closed,Partner
O10829,A1407,Auriga Systems LLC - Expansion,U205,Expansion,10878.0,BRL,2025-08-21,2025-12-11,5-Closed Won,True,True,Closed,Event
O10531,A1332,Pinnacle Capital Co - Renewal,U203,Renewal,0.0,USD,2026-03-20,2026-10-25,2-Qualified,False,False,Pipeline,Outbound
O10270,A1224,Auriga Exchange Co - New Business,U220,New Business,16400.0,USD,2024-06-01,2024-07-23,6-Closed Lost,True,False,Closed,Outbound
O11256,A1281,Norsk Trust Pte Ltd - New Business,U211,New Business,289100.0,BRL,2026-04-08,2026-10-22,1-Discovery,False,False,Best Case,Partner
O10484,A1241,Auriga Exchange Pte Ltd - New Business,U209,New Business,296400.0,SGD,2026-03-08,2026-07-08,1-Discovery,False,False,Best Case,Inbound
O10091,A1270,Beltway Bancorp Co - Renewal,U201,Renewal,267700.0,SGD,2025-04-23,2025-08-07,5-Closed Won,True,True,Closed,Event
O10688,A1303,Auriga Capital Ltd - Expansion,U207,Expansion,22806.0,USD,2025-03-24,2025-05-02,5-Closed Won,True,True,Closed,Inbound
O10652,A1293,Caldera Bancorp SA - Expansion,U203,Expansion,27258.0,BRL,2024-02-13,2024-05-02,6-Closed Lost,True,False,Closed,Partner
O11340,A1287,Tessera Financial LLC - New Business,U219,New Business,40100.0,USD,2026-01-20,2026-02-04,5-Closed Won,True,True,Closed,Partner
O11321,A1012,Harrow Group Pte Ltd - Expansion,U212,Expansion,12474.0,USD,2025-03-30,2025-06-01,6-Closed Lost,True,False,Closed,Inbound
O11666,A1361,Auriga Trust PLC - New Business,U219,New Business,13200.0,USD,2024-10-30,2024-12-22,5-Closed Won,True,True,Closed,Referral
O11963,A1039,Norsk Partners Co - New Business,U207,New Business,48200.0,USD,2025-02-17,2025-03-14,6-Closed Lost,True,False,Closed,Inbound
O12007,A1195,Auriga Securities Inc - New Business,U211,New Business,105500.0,USD,2025-03-25,2025-06-30,5-Closed Won,True,True,Closed,Inbound
O11745,A1406,Auriga Payments Pte Ltd - Renewal,U205,Renewal,296200.0,EUR,2024-06-14,2024-12-29,5-Closed Won,True,True,Closed,Event
O12375,A1023,Umbra Networks LLC - Renewal,U210,Renewal,206800.0,GBP,2025-11-10,2026-04-27,5-Closed Won,True,True,Closed,Inbound
O11954,A1201,Westford Financial Co - New Business,U220,New Business,46600.0,EUR,2024-01-22,2024-03-23,6-Closed Lost,True,False,Closed,Partner
O11219,A1056,Ironclad Payments Inc - Expansion,U206,Expansion,45444.0,USD,2025-10-08,2026-01-19,6-Closed Lost,True,False,Closed,Inbound
O10139,A1077,Meridian Custody SA - New Business,U203,New Business,125700.0,USD,2024-06-27,2024-08-05,6-Closed Lost,True,False,Closed,Inbound
O11293,A1017,Orbit Group LLC - Renewal,U222,Renewal,20900.0,EUR,2025-10-19,2026-01-07,6-Closed Lost,True,False,Closed,Referral
O11298,A1170,Fairlane Analytics Co - Expansion,U220,Expansion,44520.0,USD,2025-05-12,2025-10-06,6-Closed Lost,True,False,Closed,Inbound
O11929,A1140,Dovetail Exchange GmbH - New Business,U202,New Business,36800.0,BRL,2026-01-06,2026-01-19,6-Closed Lost,True,False,Closed,Partner
O10693,A1363,Riverbend Bancorp LLC - Expansion,U223,Expansion,24276.0,EUR,2025-12-13,2026-01-25,6-Closed Lost,True,False,Closed,Outbound
O11908,A1369,Stanhope Labs SA - Renewal,U201,Renewal,49700.0,GBP,2025-10-05,2025-12-27,6-Closed Lost,True,False,Closed,Outbound
O11152,A1254,Granite Exchange LLC - New Business,U200,New Business,18200.0,USD,2024-11-26,2025-01-03,6-Closed Lost,True,False,Closed,Partner
O11132,A1021,Pinnacle Trust SA - Renewal,U209,Renewal,4000.0,BRL,2025-04-11,2025-06-07,5-Closed Won,True,True,Closed,Outbound
O11176,A1390,Cobalt Labs LLC - New Business,U205,New Business,52700.0,GBP,2026-02-20,2026-03-29,6-Closed Lost,True,False,Closed,Outbound
O10519,A1326,Beltway Payments Inc - Expansion,U207,Expansion,89334.0,USD,2024-01-19,2024-04-15,5-Closed Won,True,True,Closed,Outbound
O10534,A1151,Harrow Digital Co - Renewal,U217,Renewal,76900.0,SGD,2026-01-15,2026-02-24,5-Closed Won,True,True,Closed,Inbound
O10386,A1007,Umbra Networks Inc - New Business,U209,New Business,54900.0,USD,2025-09-17,2026-01-06,6-Closed Lost,True,False,Closed,Event
O11360,A1139,Granite Holdings SA - New Business,U214,New Business,68500.0,EUR,2025-04-04,2025-06-17,6-Closed Lost,True,False,Closed,Inbound
O11383,A1370,Beltway Capital GmbH - New Business,U220,New Business,20100.0,USD,2024-03-24,2024-06-28,5-Closed Won,True,True,Closed,Outbound
O11703,A1340,Sable Advisors SA - Renewal,U213,Renewal,161000.0,USD,2024-02-26,2024-08-09,5-Closed Won,True,True,Closed,Outbound
O10357,A1170,Fairlane Analytics Co - New Business,U220,New Business,140000.0,USD,2025-08-11,2026-02-10,6-Closed Lost,True,False,Closed,Inbound
O11991,A1339,Northwind Payments LLC - Expansion,U217,Expansion,10206.0,GBP,2025-07-02,2025-08-17,6-Closed Lost,True,False,Closed,Partner
O10542,A1042,Vertex Networks LLC - Expansion,U203,Expansion,36372.0,USD,2026-06-24,2027-01-19,2-Qualified,False,False,Pipeline,Referral
O10359,A1061,Lattice Securities Inc - New Business,U206,New Business,15300.0,USD,2024-10-09,2024-10-18,6-Closed Lost,True,False,Closed,Partner
O10228,A1127,Palisade Partners PLC - Renewal,U223,Renewal,177700.0,EUR,2024-06-05,2024-09-02,5-Closed Won,True,True,Closed,Inbound
O10904,A1209,Meridian Payments Inc - New Business,U216,New Business,81700.0,GBP,2026-02-14,2026-04-28,6-Closed Lost,True,False,Closed,Outbound
O10369,A1192,Caldera Capital Pte Ltd - Expansion,U214,Expansion,122136.0,USD,2025-05-13,2025-10-24,5-Closed Won,True,True,Closed,Outbound
O11683,A1136,Fairlane Securities GmbH - Expansion,U222,Expansion,15414.0,USD,2025-06-08,2025-06-17,5-Closed Won,True,True,Closed,Inbound
O10298,A1330,Solstice Advisors SA - Renewal,U204,Renewal,106700.0,USD,2024-08-19,2024-11-08,5-Closed Won,True,True,Closed,Event
O12283,A1258,Eastgate Financial Co - New Business,U207,New Business,14600.0,USD,2025-08-17,2025-10-03,6-Closed Lost,True,False,Closed,Outbound
O10828,A1195,Auriga Securities Inc - Expansion,U211,Expansion,114450.0,USD,2024-07-15,2025-01-20,6-Closed Lost,True,False,Closed,Inbound
O11748,A1260,Auriga Bancorp SA - New Business,U220,New Business,88200.0,USD,2024-12-08,2025-02-14,6-Closed Lost,True,False,Closed,Inbound
O10962,A1373,Auriga Ventures Pte Ltd - New Business,U223,New Business,8000.0,SGD,2025-11-22,2026-01-14,6-Closed Lost,True,False,Closed,Partner
O10187,A1122,Norsk Labs GmbH - New Business,U206,New Business,9800.0,USD,2025-05-17,2025-05-31,6-Closed Lost,True,False,Closed,Outbound
O10421,A1136,Fairlane Securities GmbH - Expansion,U222,Expansion,7602.0,USD,2025-10-04,2025-12-13,6-Closed Lost,True,False,Closed,Inbound
O10888,A1115,Harrow Payments PLC - New Business,U214,New Business,27900.0,USD,2026-05-17,2026-07-02,3-Proposal,False,False,Commit,Outbound
O10566,A1140,Dovetail Exchange GmbH - New Business,U202,New Business,80100.0,BRL,2025-01-28,2025-05-23,6-Closed Lost,True,False,Closed,Event
O11284,A1168,Keystone Labs PLC - New Business,U200,New Business,92500.0,USD,2024-05-17,2024-10-01,6-Closed Lost,True,False,Closed,Outbound
O10607,A1264,Lattice Labs Co - New Business,U220,New Business,208900.0,EUR,2024-10-25,2025-02-12,6-Closed Lost,True,False,Closed,Inbound
O10947,A1200,Juniper Custody Inc - New Business,U220,New Business,18900.0,GBP,2024-01-30,2024-04-03,6-Closed Lost,True,False,Closed,Partner
O12391,A1009,Harrow Advisors SA - New Business,U213,New Business,545100.0,USD,2024-12-02,2024-10-24,5-Closed Won,True,True,Closed,Inbound
O10555,A1004,Inlet Securities Inc - New Business,U217,New Business,61900.0,BRL,2025-04-07,2025-07-08,6-Closed Lost,True,False,Closed,Partner
O10037,A1016,Fairlane Ventures Co - Renewal,U212,Renewal,51000.0,BRL,2024-10-04,2024-11-16,5-Closed Won,True,True,Closed,Outbound
O11013,A1238,Quarry Networks PLC - Expansion,U201,Expansion,15666.0,USD,2026-05-18,2026-05-27,5-Closed Won,True,True,Closed,Outbound
O11758,A1331,Sable Capital Co - Expansion,U212,Expansion,6300.0,BRL,2025-12-18,2026-02-10,5-Closed Won,True,True,Closed,Outbound
O11354,A1111,Inlet Securities GmbH - Renewal,U217,Renewal,225700.0,EUR,2024-02-19,2024-04-18,5-Closed Won,True,True,Closed,Inbound
O10811,A1385,Umbra Advisors Ltd - Expansion,U211,Expansion,8358.0,USD,2024-11-07,2024-11-16,6-Closed Lost,True,False,Closed,Outbound
O12576,A1210,Tessera Trust GmbH - Expansion,U206,Expansion,9786.0,GBP,2025-05-18,2025-06-18,5-Closed Won,True,True,Closed,Event
O12522,A1067,Quarry Custody SA - Expansion,U220,Expansion,14322.0,USD,2025-04-22,2025-05-01,5-Closed Won,True,True,Closed,Outbound
O10396,A1114,Zenith Ventures Inc - Renewal,U215,Renewal,170000.0,USD,2024-01-06,2024-04-19,5-Closed Won,True,True,Closed,Outbound
O10878,A1178,Granite Exchange Co - New Business,U203,New Business,88400.0,USD,2025-05-07,2025-09-15,5-Closed Won,True,True,Closed,Inbound
O11617,A1186,Sable Ventures GmbH - New Business,U206,New Business,7300.0,USD,2025-06-08,2025-06-17,6-Closed Lost,True,False,Closed,Outbound
O10561,A1190,Dovetail Custody GmbH - Renewal,U207,Renewal,376400.0,SGD,2024-10-03,2025-04-18,5-Closed Won,True,True,Closed,Inbound
O11281,A1134,Harrow Ventures SA - Expansion,U218,Expansion,26586.0,EUR,2025-12-09,2025-12-19,5-Closed Won,True,True,Closed,Inbound
O10642,A1017,Orbit Group LLC - New Business,U222,New Business,13000.0,EUR,2024-04-23,2024-05-02,6-Closed Lost,True,False,Closed,Referral
O11249,A1013,Tessera Financial Inc - New Business,U220,New Business,382000.0,BRL,2026-02-09,2026-06-06,5-Closed Won,True,True,Closed,Partner
O11351,A1234,Lattice Digital Pte Ltd - New Business,U210,New Business,37900.0,USD,2025-12-24,2026-01-29,6-Closed Lost,True,False,Closed,Inbound
O12378,A1213,Fairlane Financial GmbH - Renewal,U215,Renewal,247600.0,USD,2025-01-30,2025-05-25,5-Closed Won,True,True,Closed,Inbound
O10179,A1418,Redmond Custody GmbH - New Business,U209,New Business,36100.0,SGD,2025-04-10,2025-06-19,6-Closed Lost,True,False,Closed,Inbound
O11721,A1063,Vertex Capital Co - New Business,U217,New Business,58900.0,BRL,2026-04-26,2026-05-14,6-Closed Lost,True,False,Closed,Inbound
O10477,A1412,Riverbend Payments GmbH - New Business,U214,New Business,106100.0,EUR,2025-05-15,2025-05-30,6-Closed Lost,True,False,Closed,Outbound
O11847,A1415,Marrow Advisors GmbH - Renewal,U201,Renewal,19500.0,USD,2025-05-20,2025-08-13,6-Closed Lost,True,False,Closed,Outbound
O11844,A1216,Ironclad Ventures Pte Ltd - Renewal,U208,Renewal,147400.0,BRL,2024-03-04,2024-08-21,6-Closed Lost,True,False,Closed,Inbound
O12042,A1045,Solstice Financial GmbH - Renewal,U210,Renewal,43400.0,USD,2026-05-08,2026-06-25,5-Closed Won,True,True,Closed,Inbound
O10442,A1093,Thorne Bancorp LLC - Expansion,U216,Expansion,3780.0,USD,2025-06-22,2025-07-03,5-Closed Won,True,True,Closed,Event
O10171,A1213,Fairlane Financial GmbH - New Business,U215,New Business,95900.0,USD,2025-08-15,2025-12-16,5-Closed Won,True,True,Closed,Inbound
O10640,A1112,Vertex Securities LLC - Renewal,U208,Renewal,83100.0,USD,2024-05-03,2024-08-03,5-Closed Won,True,True,Closed,Partner
O10429,A1196,Pinnacle Group GmbH - Renewal,U211,Renewal,64200.0,GBP,2025-09-18,2025-12-16,5-Closed Won,True,True,Closed,Partner
O12412,A1307,Zenith Custody GmbH - New Business,U207,New Business,366200.0,USD,2024-04-09,2024-07-24,5-Closed Won,True,True,Closed,Outbound
O11813,A1022,Orbit Trust Co - New Business,U220,New Business,27100.0,EUR,2024-02-13,2024-02-22,5-Closed Won,True,True,Closed,Referral
O10954,A1127,Palisade Partners PLC - Expansion,U223,Expansion,195216.0,EUR,2025-07-05,2025-11-07,5-Closed Won,True,True,Closed,Event
O10906,A1296,Vertex Digital LLC - Renewal,U205,Renewal,203500.0,USD,2026-05-12,2026-11-03,2-Qualified,False,False,Pipeline,Partner
O11430,A1045,Solstice Financial GmbH - Expansion,U210,Expansion,52248.0,USD,2025-07-23,2025-10-14,6-Closed Lost,True,False,Closed,Inbound
O12526,A1294,Sable Payments SA - Renewal,U208,Renewal,51600.0,EUR,2025-03-16,2025-05-15,6-Closed Lost,True,False,Closed,Partner
O11965,A1143,Granite Advisors GmbH - New Business,U211,New Business,196200.0,USD,2024-06-25,2024-11-28,6-Closed Lost,True,False,Closed,Outbound
O11380,A1153,Stanhope Labs Co - Expansion,U215,Expansion,71064.0,GBP,2024-05-23,2024-06-18,6-Closed Lost,True,False,Closed,Outbound
O10608,A1037,Cobalt Group LLC - New Business,U215,New Business,111100.0,USD,2025-06-26,2025-09-14,5-Closed Won,True,True,Closed,Event
O12393,A1147,Westford Advisors LLC - Expansion,U223,Expansion,7602.0,EUR,2024-06-03,2024-09-08,5-Closed Won,True,True,Closed,Inbound
O10647,A1339,Northwind Payments LLC - Renewal,U217,Renewal,27000.0,GBP,2026-02-22,2026-06-03,5-Closed Won,True,True,Closed,Outbound
O10944,A1387,Halcyon Securities PLC - Renewal,U216,Renewal,119700.0,USD,2024-09-30,2024-10-28,5-Closed Won,True,True,Closed,Event
O11788,A1019,Keystone Ventures Ltd - Expansion,U217,Expansion,3822.0,USD,2025-06-10,2025-06-19,6-Closed Lost,True,False,Closed,Partner
O12320,A1061,Lattice Securities Inc - New Business,U206,New Business,17800.0,USD,2026-02-18,2026-03-25,6-Closed Lost,True,False,Closed,Inbound
O10551,A1061,Lattice Securities Inc - Renewal,U206,Renewal,23800.0,USD,2025-02-05,2025-02-14,5-Closed Won,True,True,Closed,Referral
O11411,A1308,Caldera Partners Ltd - New Business,U215,New Business,101100.0,BRL,2025-01-21,2025-03-29,6-Closed Lost,True,False,Closed,Inbound
O10422,A1358,Palisade Partners Co - New Business,U217,New Business,652000.0,BRL,2025-02-11,2025-08-11,6-Closed Lost,True,False,Closed,Outbound
O10557,A1153,Stanhope Labs Co - Expansion,U215,Expansion,21672.0,GBP,2025-11-06,2026-02-22,5-Closed Won,True,True,Closed,Event
O11647,A1180,Sable Ventures PLC - Expansion,U208,Expansion,51114.0,EUR,2026-03-14,2026-07-30,3-Proposal,False,False,Pipeline,Outbound
O12337,A1291,Ironclad Financial Pte Ltd - Expansion,U213,Expansion,2898.0,USD,2024-01-09,2024-01-22,5-Closed Won,True,True,Closed,Event
O10462,A1196,Pinnacle Group GmbH - New Business,U211,New Business,98800.0,GBP,2024-11-27,2025-01-16,6-Closed Lost,True,False,Closed,Partner
O12145,A1372,Quarry Partners LLC - New Business,U223,New Business,60200.0,USD,2025-12-28,2026-03-12,6-Closed Lost,True,False,Closed,Inbound
O10896,A1110,Redmond Systems Ltd - New Business,U203,New Business,33500.0,EUR,2025-03-23,2025-08-09,5-Closed Won,True,True,Closed,Outbound
O11498,A1361,Auriga Trust PLC - Expansion,U219,Expansion,4914.0,USD,2026-05-29,2026-07-14,2-Qualified,False,False,Best Case,Inbound
O12537,A1242,Tessera Advisors SA - New Business,U209,New Business,17500.0,GBP,2025-03-17,2025-04-29,6-Closed Lost,True,False,Closed,Outbound
O10427,A1288,Eastgate Holdings LLC - New Business,U200,New Business,-41460.0,EUR,2025-02-11,2025-03-25,6-Closed Lost,True,False,Closed,Outbound
O11510,A1246,Redmond Partners GmbH - Expansion,U219,Expansion,11844.0,EUR,2025-04-14,2025-07-29,6-Closed Lost,True,False,Closed,Outbound
O11521,A1180,Sable Ventures PLC - Expansion,U208,Expansion,29400.0,EUR,2024-12-03,2025-04-03,6-Closed Lost,True,False,Closed,Inbound
O11065,A1386,Cobalt Digital Pte Ltd - New Business,U216,New Business,36000.0,GBP,2024-09-11,2024-10-08,5-Closed Won,True,True,Closed,Partner
O11838,A1114,Zenith Ventures Inc - New Business,U215,New Business,255100.0,USD,2025-12-14,2026-04-04,5-Closed Won,True,True,Closed,Inbound
O12373,A1082,Keystone Ventures GmbH - Expansion,U216,Expansion,45864.0,BRL,2024-02-16,2024-05-10,5-Closed Won,True,True,Closed,Inbound
O12370,A1143,Granite Advisors GmbH - Expansion,U211,Expansion,48342.0,USD,2024-04-09,2024-10-29,6-Closed Lost,True,False,Closed,Referral
O10803,A1183,Auriga Networks SA - Expansion,U216,Expansion,32340.0,GBP,2025-02-11,2025-03-27,5-Closed Won,True,True,Closed,Outbound
O11448,A1367,Cobalt Payments Ltd - Expansion,U223,Expansion,128772.0,USD,2024-10-06,2025-02-20,6-Closed Lost,True,False,Closed,Outbound
O10224,A1298,Inlet Systems GmbH - Expansion,U219,Expansion,99960.0,BRL,2025-07-31,2025-11-30,6-Closed Lost,True,False,Closed,Inbound
O11435,A1136,Fairlane Securities GmbH - New Business,U222,New Business,27100.0,USD,2025-11-11,2025-11-20,5-Closed Won,True,True,Closed,Partner
O11015,A1074,Vertex Systems Pte Ltd - Expansion,U213,Expansion,22260.0,GBP,2024-10-02,2024-12-02,6-Closed Lost,True,False,Closed,Inbound
O11412,A1092,Halcyon Financial PLC - Renewal,U205,Renewal,23100.0,EUR,2025-03-17,2025-03-26,5-Closed Won,True,True,Closed,Outbound
O10137,A1238,Quarry Networks PLC - New Business,U201,New Business,16300.0,USD,2024-04-20,2024-04-29,5-Closed Won,True,True,Closed,Outbound
O10897,A1218,Dovetail Custody PLC - New Business,U221,New Business,69200.0,USD,2024-07-07,2024-11-03,6-Closed Lost,True,False,Closed,Inbound
O11570,A1348,Stanhope Custody LLC - New Business,U203,New Business,196400.0,USD,2025-12-12,2026-05-08,6-Closed Lost,True,False,Closed,Inbound
O12561,A1201,Westford Financial Co - New Business,U220,New Business,73400.0,EUR,2025-10-25,2025-11-03,6-Closed Lost,True,False,Closed,Outbound
O11571,A1133,Sable Labs Inc - Renewal,U217,Renewal,45700.0,BRL,2024-04-22,2024-08-05,5-Closed Won,True,True,Closed,Partner
O10494,A1216,Ironclad Ventures Pte Ltd - New Business,U208,New Business,151700.0,BRL,2024-04-24,2024-07-14,6-Closed Lost,True,False,Closed,Event
O10880,A1249,Vantage Trust PLC - New Business,U204,New Business,112200.0,BRL,2024-11-17,2024-12-14,6-Closed Lost,True,False,Closed,Inbound
O10928,A1311,Cobalt Financial Inc - Renewal,U214,Renewal,312600.0,USD,2024-05-22,2024-08-07,5-Closed Won,True,True,Closed,Inbound
O11810,A1183,Auriga Networks SA - New Business,U216,New Business,43300.0,GBP,2025-07-12,2025-09-23,5-Closed Won,True,True,Closed,Referral
O12334,A1039,Norsk Partners Co - Expansion,U207,Expansion,12516.0,USD,2024-01-24,2024-03-04,5-Closed Won,True,True,Closed,Event
O11976,A1203,Harrow Partners Co - Expansion,U207,Expansion,26124.0,USD,2025-06-02,2025-09-15,5-Closed Won,True,True,Closed,Event
O11002,A1371,Palisade Systems Inc - Renewal,U210,Renewal,36900.0,USD,2024-11-27,2025-03-16,5-Closed Won,True,True,Closed,Inbound
O10862,A1305,Norsk Payments LLC - Expansion,U201,Expansion,12558.0,USD,2026-05-03,2026-05-27,5-Closed Won,True,True,Closed,Outbound
O10684,A1155,Keystone Digital PLC - Expansion,U223,Expansion,25032.0,BRL,2026-01-17,2026-05-20,6-Closed Lost,True,False,Closed,Event
O12212,A1081,Zenith Digital Ltd - Expansion,U205,Expansion,32802.0,USD,2025-12-18,2026-01-30,5-Closed Won,True,True,Closed,Outbound
O11012,A1195,Auriga Securities Inc - Expansion,U211,Expansion,80220.0,USD,2025-11-04,2026-03-02,5-Closed Won,True,True,Closed,Referral
O11492,A1045,Solstice Financial GmbH - New Business,U210,New Business,76700.0,USD,2025-10-09,2026-02-01,6-Closed Lost,True,False,Closed,Outbound
O99029,A1077,Meridian Custody SA - New Business,U203,New Business,125700.0,USD,2024-06-27,2024-08-05,6-Closed Lost,True,False,Closed,Inbound
O11164,A1246,Redmond Partners GmbH - New Business,U219,New Business,51900.0,EUR,2025-11-08,2026-01-12,6-Closed Lost,True,False,Closed,Partner
O12148,A1260,Auriga Bancorp SA - New Business,U220,New Business,62800.0,USD,2024-06-10,2024-07-07,5-Closed Won,True,True,Closed,Outbound
O11718,A1319,Fairlane Securities PLC - Expansion,U201,Expansion,168504.0,USD,2025-08-04,2025-10-27,6-Closed Lost,True,False,Closed,Referral
O11555,A1040,Lattice Holdings Pte Ltd - Expansion,U219,Expansion,30996.0,USD,2024-12-29,2025-01-07,5-Closed Won,True,True,Closed,Inbound
O12422,A1219,Stanhope Partners PLC - New Business,U214,New Business,312900.0,USD,2024-06-19,2024-08-21,6-Closed Lost,True,False,Closed,Event
O11800,A1287,Tessera Financial LLC - New Business,U219,New Business,6100.0,USD,2024-02-15,2024-02-24,6-Closed Lost,True,False,Closed,Outbound
O11021,A1286,Cobalt Group Ltd - New Business,U206,New Business,27000.0,USD,2025-01-09,2025-02-23,5-Closed Won,True,True,Closed,Event
O99007,A1181,Thorne Analytics SA - New Business,U211,New Business,80400.0,USD,2025-06-17,2025-09-01,6-Closed Lost,True,False,Closed,Partner
O10698,A1050,Solstice Bancorp SA - Expansion,U215,Expansion,19152.0,EUR,2024-05-25,2024-07-01,5-Closed Won,True,True,Closed,Event
O11893,A1274,Tessera Exchange LLC - Expansion,U214,Expansion,176106.0,EUR,2024-07-12,2025-02-04,5-Closed Won,True,True,Closed,Inbound
O10245,A1335,Quarry Financial Co - Expansion,U213,Expansion,122472.0,USD,2026-04-14,2026-07-20,4-Negotiation,False,False,Pipeline,Partner
O11690,A1217,Stanhope Digital PLC - Renewal,U215,Renewal,25400.0,USD,2026-04-04,2026-05-11,5-Closed Won,True,True,Closed,Inbound
O11828,A1115,Harrow Payments PLC - New Business,U214,New Business,101700.0,USD,2025-02-22,2025-04-26,6-Closed Lost,True,False,Closed,Outbound
O11534,A1266,Vertex Capital Ltd - New Business,U220,New Business,77600.0,USD,2024-08-23,2025-01-01,5-Closed Won,True,True,Closed,Inbound
O12341,A1252,Auriga Capital Pte Ltd - New Business,U201,New Business,35200.0,USD,2026-01-10,2026-02-02,6-Closed Lost,True,False,Closed,Partner
O10314,A1048,Umbra Labs LLC - Renewal,U214,Renewal,46200.0,USD,2024-07-16,2024-10-30,5-Closed Won,True,True,Closed,Event
O12247,A1034,Riverbend Labs GmbH - Expansion,U216,Expansion,27426.0,USD,2026-03-20,2026-04-22,6-Closed Lost,True,False,Closed,Outbound
O98046,A9505,Vertex Trust Pte Ltd - New Business,U207,New Business,143300.0,USD,2026-02-02,2026-06-24,6-Closed Lost,True,False,Closed,Referral
O12030,A1051,Bluewater Systems Ltd - New Business,U202,New Business,56100.0,USD,2025-03-22,2025-05-25,5-Closed Won,True,True,Closed,Inbound
O11292,A1103,Granite Financial Ltd - Renewal,U221,Renewal,48500.0,GBP,2024-03-22,2024-07-17,5-Closed Won,True,True,Closed,Inbound
O11218,A1069,Lattice Networks LLC - New Business,U219,New Business,219900.0,USD,2024-02-13,2024-03-17,6-Closed Lost,True,False,Closed,Inbound
O12095,A1252,Auriga Capital Pte Ltd - Expansion,U201,Expansion,29358.0,USD,2024-02-17,2024-03-27,6-Closed Lost,True,False,Closed,Referral
O10751,A1208,Marrow Labs PLC - Expansion,U219,Expansion,5292.0,USD,2026-06-01,2026-07-13,1-Discovery,False,False,Pipeline,Partner
O10994,A1158,Auriga Labs Ltd - Renewal,U213,Renewal,4400.0,USD,2025-04-08,2025-04-05,5-Closed Won,True,True,Closed,Referral
O11034,A1148,Norsk Trust Co - New Business,U210,New Business,12100.0,USD,2024-05-21,2024-08-28,6-Closed Lost,True,False,Closed,Inbound
O11957,A1305,Norsk Payments LLC - Renewal,U201,Renewal,46200.0,USD,2024-02-05,2024-07-01,5-Closed Won,True,True,Closed,Partner
O10028,A1362,Juniper Systems SA - New Business,U208,New Business,219900.0,USD,2026-03-17,2026-07-15,4-Negotiation,False,False,Best Case,Outbound
O10288,A1262,Eastgate Partners Ltd - Expansion,U217,Expansion,5208.0,USD,2024-07-26,2024-08-11,6-Closed Lost,True,False,Closed,Partner
O11294,A1033,Ironclad Partners Co - New Business,U207,New Business,77500.0,USD,2024-04-20,2024-09-13,5-Closed Won,True,True,Closed,Inbound
O10256,A1373,Auriga Ventures Pte Ltd - Renewal,U223,Renewal,48300.0,SGD,2024-03-01,2024-05-20,5-Closed Won,True,True,Closed,Inbound
O10311,A1268,Caldera Digital Pte Ltd - Renewal,U210,Renewal,10600.0,GBP,2026-02-17,2026-02-26,5-Closed Won,True,True,Closed,Outbound
O10671,A1245,Quarry Exchange LLC - Expansion,U205,Expansion,9954.0,EUR,2024-09-01,2024-10-08,5-Closed Won,True,True,Closed,Outbound
O11706,A1100,Fairlane Trust LLC - New Business,U215,New Business,223000.0,USD,2024-07-17,2024-08-25,6-Closed Lost,True,False,Closed,Outbound
O11202,A1071,Westford Systems Pte Ltd - Expansion,U218,Expansion,36582.0,USD,2024-03-06,2024-09-10,5-Closed Won,True,True,Closed,Inbound
O12167,A1280,Lumen Advisors PLC - New Business,U201,New Business,91700.0,SGD,2026-05-24,2026-09-29,1-Discovery,False,False,Pipeline,Partner
O10360,A1107,Keystone Bancorp Ltd - New Business,U222,New Business,64500.0,USD,2026-02-27,2026-06-20,5-Closed Won,True,True,Closed,Referral
O12402,A1059,Halcyon Analytics Ltd - New Business,U217,New Business,178900.0,USD,2025-05-10,2025-08-08,6-Closed Lost,True,False,Closed,Inbound
O11786,A1138,Northwind Digital SA - New Business,U210,New Business,227500.0,USD,2024-05-18,2024-12-17,6-Closed Lost,True,False,Closed,Event
O11033,A1373,Auriga Ventures Pte Ltd - New Business,U223,New Business,11300.0,SGD,2024-06-05,2024-08-08,6-Closed Lost,True,False,Closed,Outbound
O10656,A1238,Quarry Networks PLC - Expansion,U201,Expansion,6678.0,USD,2024-07-31,2024-08-27,5-Closed Won,True,True,Closed,Inbound
O10707,A1161,Sable Securities LLC - Expansion,U217,Expansion,109410.0,GBP,2026-06-01,2026-11-29,4-Negotiation,False,False,Commit,Outbound
O10581,A1389,Inlet Partners Inc - New Business,U218,New Business,107100.0,USD,2024-08-26,2024-10-26,6-Closed Lost,True,False,Closed,Partner
O12109,A1009,Harrow Advisors SA - Renewal,U213,Renewal,333300.0,USD,2026-05-23,2026-11-18,1-Discovery,False,False,Best Case,Inbound
O10677,A1341,Bluewater Networks LLC - Renewal,U201,Renewal,13600.0,USD,2026-06-17,2026-09-21,4-Negotiation,False,False,Pipeline,Outbound
O99024,A1246,Redmond Partners GmbH - Expansion,U219,Expansion,29064.0,EUR,2024-03-07,2024-06-27,6-Closed Lost,True,False,Closed,Inbound
O10010,A1189,Orbit Trust LLC - New Business,U210,New Business,65300.0,USD,2024-08-17,2024-11-28,5-Closed Won,True,True,Closed,Referral
O12407,A1130,Stanhope Capital SA - New Business,U219,New Business,320700.0,USD,2024-10-24,2025-03-07,5-Closed Won,True,True,Closed,Outbound
O10188,A1418,Redmond Custody GmbH - Expansion,U209,Expansion,22302.0,SGD,2024-01-27,2024-05-10,5-Closed Won,True,True,Closed,Referral
O12110,A1353,Halcyon Ventures Inc - Renewal,U207,Renewal,220800.0,GBP,2025-06-25,2025-12-19,6-Closed Lost,True,False,Closed,Event
O11400,A1050,Solstice Bancorp SA - New Business,U215,New Business,39700.0,EUR,2025-05-04,2025-08-06,6-Closed Lost,True,False,Closed,Outbound
O12431,A1148,Norsk Trust Co - Expansion,U210,Expansion,8736.0,USD,2025-03-19,2025-04-06,5-Closed Won,True,True,Closed,Referral
O10127,A1227,Umbra Analytics Inc - Renewal,U216,Renewal,113000.0,USD,2025-02-09,2025-05-12,5-Closed Won,True,True,Closed,Inbound
O11887,A1207,Keystone Capital PLC - Renewal,U202,Renewal,10300.0,USD,2026-01-25,2026-02-06,5-Closed Won,True,True,Closed,Outbound
O12594,A1151,Harrow Digital Co - Expansion,U217,Expansion,40866.0,SGD,2024-12-15,2025-05-03,5-Closed Won,True,True,Closed,Inbound
O10312,A1163,Marrow Group LLC - Expansion,U206,Expansion,51156.0,USD,2025-03-13,2025-08-01,5-Closed Won,True,True,Closed,Outbound
O10533,A1208,Marrow Labs PLC - Expansion,U219,Expansion,3486.0,USD,2025-06-22,2025-08-22,6-Closed Lost,True,False,Closed,Partner
O11503,A1327,Palisade Ventures LLC - Expansion,U209,Expansion,3108.0,USD,2025-10-16,2025-12-24,6-Closed Lost,True,False,Closed,Outbound
O12567,A1330,Solstice Advisors SA - Expansion,U204,Expansion,36666.0,USD,2024-01-10,2024-04-13,5-Closed Won,True,True,Closed,Outbound
O10153,A1145,Harrow Labs Pte Ltd - Renewal,U211,Renewal,13600.0,USD,2025-10-14,2025-10-23,6-Closed Lost,True,False,Closed,Inbound
O12449,A1406,Auriga Payments Pte Ltd - New Business,U205,New Business,219100.0,EUR,2025-07-13,2026-01-11,6-Closed Lost,True,False,Closed,Inbound
O12181,A1212,Harrow Analytics LLC - Expansion,U200,Expansion,21294.0,USD,2025-05-23,2025-09-10,5-Closed Won,True,True,Closed,Event
O11674,A1063,Vertex Capital Co - Renewal,U217,Renewal,63200.0,BRL,2024-12-23,2025-04-08,5-Closed Won,True,True,Closed,Partner
O10102,A1336,Northwind Capital PLC - Renewal,U209,Renewal,53500.0,SGD,2026-02-23,2026-03-04,5-Closed Won,True,True,Closed,Inbound
O11299,A1050,Solstice Bancorp SA - New Business,U215,New Business,169400.0,EUR,2026-05-10,2026-08-02,4-Negotiation,False,False,Pipeline,Inbound
O11677,A1388,Cobalt Financial Pte Ltd - Renewal,U216,Renewal,232000.0,EUR,2026-01-26,2026-09-14,1-Discovery,False,False,Best Case,Inbound
O11939,A1261,Westford Payments PLC - Renewal,U214,Renewal,52400.0,USD,2024-12-23,2025-05-15,5-Closed Won,True,True,Closed,Partner
O11796,A1406,Auriga Payments Pte Ltd - Expansion,U205,Expansion,108066.0,EUR,2025-07-23,2026-02-08,6-Closed Lost,True,False,Closed,Partner
O11067,A1328,Vantage Partners Inc - Renewal,U221,Renewal,-2340.0,USD,2026-04-05,2026-06-03,5-Closed Won,True,True,Closed,Event
O10733,A1361,Auriga Trust PLC - New Business,U219,New Business,20400.0,USD,2025-11-06,2025-12-31,6-Closed Lost,True,False,Closed,Outbound
O11388,A1052,Norsk Advisors Co - Renewal,U206,Renewal,34100.0,USD,2024-12-17,2025-01-12,5-Closed Won,True,True,Closed,Event
O11426,A1122,Norsk Labs GmbH - New Business,U206,New Business,13300.0,USD,2024-06-04,2024-06-13,6-Closed Lost,True,False,Closed,Partner
O12240,A1113,Riverbend Trust LLC - New Business,U214,New Business,137000.0,SGD,2026-05-05,2026-05-14,6-Closed Lost,True,False,Closed,Outbound
O10067,A1268,Caldera Digital Pte Ltd - New Business,U210,New Business,56400.0,GBP,2024-10-01,2024-11-07,6-Closed Lost,True,False,Closed,Event
O10558,A1158,Auriga Labs Ltd - Renewal,U213,Renewal,13600.0,USD,2025-09-30,2025-11-16,6-Closed Lost,True,False,Closed,Outbound
O11961,A1391,Auriga Labs PLC - Renewal,U205,Renewal,146300.0,SGD,2024-05-19,2024-12-07,6-Closed Lost,True,False,Closed,Event
O10087,A1228,Marrow Ventures PLC - New Business,U218,New Business,84400.0,USD,2026-04-21,2026-06-30,6-Closed Lost,True,False,Closed,Event
O11041,A1212,Harrow Analytics LLC - New Business,U200,New Business,62600.0,USD,2024-10-16,2024-11-27,6-Closed Lost,True,False,Closed,Outbound
O11754,A1063,Vertex Capital Co - Expansion,U217,Expansion,58128.0,BRL,2025-10-24,2025-11-02,5-Closed Won,True,True,Closed,Referral
O11877,A1342,Northwind Capital Ltd - Renewal,U219,Renewal,162100.0,BRL,2025-01-17,2025-03-05,5-Closed Won,True,True,Closed,Inbound
O10700,A1057,Zenith Capital LLC - Renewal,U223,Renewal,185100.0,USD,2024-11-26,2025-02-25,5-Closed Won,True,True,Closed,Outbound
O10473,A1314,Zenith Labs Pte Ltd - New Business,U223,New Business,54000.0,USD,2026-03-25,2026-06-18,6-Closed Lost,True,False,Closed,Outbound
O10375,A1189,Orbit Trust LLC - Renewal,U210,Renewal,173500.0,USD,2025-11-17,2025-12-28,5-Closed Won,True,True,Closed,Outbound
O10971,A1121,Caldera Holdings Ltd - New Business,U219,New Business,115400.0,USD,2025-12-04,2026-01-09,5-Closed Won,True,True,Closed,Outbound
O10804,A1202,Inlet Exchange Co - Expansion,U201,Expansion,91266.0,USD,2026-01-17,2026-07-27,2-Qualified,False,False,Pipeline,Outbound
O10613,A1028,Thorne Trust PLC - New Business,U205,New Business,475400.0,USD,2024-03-11,2024-09-10,6-Closed Lost,True,False,Closed,Inbound
O10351,A1063,Vertex Capital Co - Expansion,U217,Expansion,12516.0,BRL,2026-01-21,2026-03-13,5-Closed Won,True,True,Closed,Referral
O12452,A1195,Auriga Securities Inc - New Business,U211,New Business,94900.0,USD,2025-05-15,2025-10-03,5-Closed Won,True,True,Closed,Inbound
O10943,A1030,Cobalt Digital GmbH - New Business,U202,New Business,55800.0,USD,2026-04-16,2026-07-16,2-Qualified,False,False,Pipeline,Event
O11441,A1093,Thorne Bancorp LLC - Renewal,U216,Renewal,10300.0,USD,2025-11-19,2025-12-13,5-Closed Won,True,True,Closed,Partner
O10736,A1044,Norsk Group GmbH - Expansion,U206,Expansion,37842.0,USD,2025-07-29,2025-10-22,6-Closed Lost,True,False,Closed,Outbound
O10404,A1306,Marrow Exchange Inc - Renewal,U208,Renewal,258600.0,USD,2025-09-05,2026-01-28,6-Closed Lost,True,False,Closed,Outbound
O10063,A1276,Inlet Capital GmbH - Renewal,U211,Renewal,23700.0,EUR,2024-07-20,2024-09-06,5-Closed Won,True,True,Closed,Inbound
O10955,A1101,Riverbend Analytics GmbH - New Business,U205,New Business,128400.0,GBP,2026-05-21,2026-10-13,2-Qualified,False,False,Commit,Inbound
O10946,A1304,Ardent Exchange GmbH - New Business,U209,New Business,31800.0,USD,2026-04-19,2026-06-26,6-Closed Lost,True,False,Closed,Inbound
O10869,A1004,Inlet Securities Inc - Expansion,U217,Expansion,35238.0,BRL,2026-03-18,2026-05-07,6-Closed Lost,True,False,Closed,Inbound
O11787,A1325,Meridian Securities LLC - New Business,U215,New Business,187100.0,USD,2024-05-04,2024-09-04,6-Closed Lost,True,False,Closed,Inbound
O11320,A1168,Keystone Labs PLC - Expansion,U200,Expansion,48594.0,USD,2025-06-14,2025-09-08,6-Closed Lost,True,False,Closed,Referral
O10276,A1073,Tessera Securities SA - Expansion,U213,Expansion,63672.0,SGD,2024-10-12,2025-02-04,6-Closed Lost,True,False,Closed,Referral
O11574,A1071,Westford Systems Pte Ltd - New Business,U218,New Business,146100.0,USD,2025-06-03,2025-12-31,6-Closed Lost,True,False,Closed,Partner
O98005,A9005,Orbit Networks Inc - Renewal,U217,Renewal,13600.0,USD,2026-03-21,2026-05-02,5-Closed Won,True,True,Closed,Event
O11565,A1250,Ironclad Securities Pte Ltd - New Business,U204,New Business,121100.0,USD,2025-04-12,2025-07-23,5-Closed Won,True,True,Closed,Inbound
O11442,A1138,Northwind Digital SA - New Business,U210,New Business,319400.0,USD,2024-12-15,2025-07-06,6-Closed Lost,True,False,Closed,Partner
O10526,A1392,Kestrel Group Pte Ltd - New Business,U203,New Business,8400.0,EUR,2025-11-04,2025-11-22,6-Closed Lost,True,False,Closed,Inbound
O12312,A1378,Fairlane Bancorp LLC - Expansion,U215,Expansion,51156.0,USD,2026-06-23,2026-10-14,1-Discovery,False,False,Best Case,Inbound
O10450,A1001,Fairlane Exchange SA - New Business,U220,New Business,122100.0,USD,2024-12-20,2025-03-01,6-Closed Lost,True,False,Closed,Inbound
O12066,A1168,Keystone Labs PLC - Expansion,U200,Expansion,21840.0,USD,2025-05-22,2025-07-19,5-Closed Won,True,True,Closed,Outbound
O10243,A1054,Granite Custody Inc - New Business,U213,New Business,219000.0,SGD,2025-06-08,2025-11-20,6-Closed Lost,True,False,Closed,Inbound
O10403,A1083,Tessera Networks PLC - New Business,U205,New Business,7900.0,USD,2024-02-15,2024-06-19,6-Closed Lost,True,False,Closed,Outbound
O11103,A1306,Marrow Exchange Inc - Expansion,U208,Expansion,207900.0,USD,2024-12-12,2025-06-02,5-Closed Won,True,True,Closed,Outbound
O10117,A1336,Northwind Capital PLC - Renewal,U209,Renewal,14400.0,SGD,2024-07-17,2024-09-05,6-Closed Lost,True,False,Closed,Outbound
O12527,A1335,Quarry Financial Co - Expansion,U213,Expansion,115290.0,USD,2025-12-27,2026-05-02,5-Closed Won,True,True,Closed,Inbound
O11162,A1124,Quarry Exchange SA - New Business,U214,New Business,45000.0,USD,2026-04-08,2026-06-02,6-Closed Lost,True,False,Closed,Inbound
O11055,A1149,Bluewater Systems Pte Ltd - New Business,U212,New Business,18200.0,EUR,2025-06-26,2025-09-03,6-Closed Lost,True,False,Closed,Outbound
O11659,A1204,Ironclad Trust GmbH - New Business,U203,New Business,76700.0,USD,2026-04-22,2026-06-09,6-Closed Lost,True,False,Closed,Partner
O10049,A1178,Granite Exchange Co - New Business,U203,New Business,47300.0,USD,2026-03-10,2026-05-19,6-Closed Lost,True,False,Closed,Inbound
O98016,A9500,Riverbend Labs Pte Ltd - Expansion,U202,Expansion,27006.0,USD,2025-06-07,2025-08-01,6-Closed Lost,True,False,Closed,Inbound
O11288,A1295,Norsk Ventures LLC - Renewal,U216,Renewal,12400.0,USD,2025-08-04,2025-10-04,5-Closed Won,True,True,Closed,Inbound
O11428,A1363,Riverbend Bancorp LLC - Renewal,U223,Renewal,33800.0,EUR,2024-02-02,2024-05-02,5-Closed Won,True,True,Closed,Inbound
O11098,A1162,Lattice Group GmbH - New Business,U205,New Business,170100.0,BRL,2025-02-23,2025-07-18,6-Closed Lost,True,False,Closed,Inbound
O11475,A1389,Inlet Partners Inc - New Business,U218,New Business,118700.0,USD,2025-02-20,2025-04-19,6-Closed Lost,True,False,Closed,Outbound
O12442,A1054,Granite Custody Inc - Expansion,U213,Expansion,159810.0,SGD,2026-02-18,2026-06-20,6-Closed Lost,True,False,Closed,Event
O12485,A1221,Tessera Networks Inc - Expansion,U223,Expansion,25158.0,GBP,2025-11-21,2026-04-18,6-Closed Lost,True,False,Closed,Outbound
O11476,A1138,Northwind Digital SA - New Business,U210,New Business,265300.0,USD,2026-04-22,2026-08-30,2-Qualified,False,False,Best Case,Partner
O12197,A1375,Redmond Ventures PLC - New Business,U216,New Business,183000.0,EUR,2025-03-05,2025-05-30,6-Closed Lost,True,False,Closed,Outbound
O11851,A1034,Riverbend Labs GmbH - New Business,U216,New Business,63000.0,USD,2024-06-01,2024-07-27,6-Closed Lost,True,False,Closed,Partner
O12183,A1309,Dovetail Digital Pte Ltd - New Business,U201,New Business,24500.0,USD,2025-08-26,2025-09-24,6-Closed Lost,True,False,Closed,Inbound
O11489,A1101,Riverbend Analytics GmbH - New Business,U205,New Business,248300.0,GBP,2024-12-31,2025-07-01,6-Closed Lost,True,False,Closed,Outbound
O11058,A1276,Inlet Capital GmbH - Expansion,U211,Expansion,6174.0,EUR,2025-07-14,2025-08-08,6-Closed Lost,True,False,Closed,Partner
O10239,A1349,Norsk Securities Inc - New Business,U206,New Business,10500.0,USD,2025-09-23,2025-10-23,6-Closed Lost,True,False,Closed,Inbound
O10511,A1007,Umbra Networks Inc - Expansion,U209,Expansion,19068.0,USD,2024-09-05,2025-01-02,6-Closed Lost,True,False,Closed,Outbound
O11611,A1236,Marrow Custody GmbH - Renewal,U211,Renewal,14900.0,USD,2024-11-25,2025-01-18,5-Closed Won,True,True,Closed,Outbound
O10713,A1392,Kestrel Group Pte Ltd - Renewal,U203,Renewal,29600.0,EUR,2024-02-27,2024-03-07,5-Closed Won,True,True,Closed,Inbound
O12358,A1270,Beltway Bancorp Co - New Business,U201,New Business,386100.0,SGD,2024-02-12,2024-05-01,6-Closed Lost,True,False,Closed,Partner
O10146,A1161,Sable Securities LLC - Expansion,U217,Expansion,207270.0,GBP,2025-09-08,2026-03-06,5-Closed Won,True,True,Closed,Event
O11886,A1169,Norsk Systems Ltd - New Business,U208,New Business,147500.0,USD,2025-07-28,2025-10-26,6-Closed Lost,True,False,Closed,Inbound
O12518,A1054,Granite Custody Inc - Renewal,U213,Renewal,205300.0,SGD,2026-04-30,2026-10-28,1-Discovery,False,False,Pipeline,Outbound
O12218,A1005,Auriga Systems Co - Expansion,U205,Expansion,15120.0,USD,2025-12-07,2026-03-04,5-Closed Won,True,True,Closed,Referral
O12513,A1416,Umbra Bancorp GmbH - Renewal,U203,Renewal,53400.0,SGD,2024-07-02,2024-10-03,5-Closed Won,True,True,Closed,Partner
O11446,A1296,Vertex Digital LLC - Renewal,U205,Renewal,252700.0,USD,2025-03-11,2025-07-05,6-Closed Lost,True,False,Closed,Partner
O11193,A1027,Eastgate Financial SA - Expansion,U200,Expansion,20286.0,USD,2025-04-04,2025-06-09,6-Closed Lost,True,False,Closed,Partner
O12036,A1306,Marrow Exchange Inc - Renewal,U208,Renewal,336800.0,USD,2024-10-16,2025-05-12,5-Closed Won,True,True,Closed,Inbound
O11536,A1149,Bluewater Systems Pte Ltd - Renewal,U212,Renewal,46500.0,EUR,2026-03-21,2026-05-14,6-Closed Lost,True,False,Closed,Inbound
O12026,A1332,Pinnacle Capital Co - New Business,U203,New Business,231800.0,USD,2026-04-23,2026-08-22,2-Qualified,False,False,Pipeline,Referral
O11237,A1242,Tessera Advisors SA - New Business,U209,New Business,18300.0,GBP,2025-10-23,2025-11-11,6-Closed Lost,True,False,Closed,Inbound
O12163,A1171,Inlet Exchange LLC - Expansion,U206,Expansion,21462.0,USD,2025-04-30,2025-06-24,6-Closed Lost,True,False,Closed,Inbound
O10567,A1233,Bluewater Securities Ltd - Renewal,U214,Renewal,44400.0,USD,2025-11-25,2025-12-04,5-Closed Won,True,True,Closed,Event
O12060,A1166,Kestrel Bancorp Inc - Renewal,U215,Renewal,265600.0,GBP,2024-05-18,2024-09-11,5-Closed Won,True,True,Closed,Inbound
O11524,A1354,Eastgate Analytics Ltd - Expansion,U207,Expansion,3234.0,SGD,2024-01-30,2024-04-19,5-Closed Won,True,True,Closed,Inbound
O11091,A1255,Granite Capital PLC - New Business,U207,New Business,280600.0,USD,2026-02-11,2026-07-16,3-Proposal,False,False,Best Case,Outbound
O10316,A1316,Pinnacle Payments PLC - New Business,U222,New Business,47300.0,USD,2025-10-23,2026-02-02,6-Closed Lost,True,False,Closed,Partner
O11890,A1249,Vantage Trust PLC - New Business,U204,New Business,77500.0,BRL,2024-08-01,2024-09-19,6-Closed Lost,True,False,Closed,Outbound
O12111,A1077,Meridian Custody SA - New Business,U203,New Business,33400.0,USD,2024-10-15,2024-12-25,6-Closed Lost,True,False,Closed,Inbound
O11004,A1235,Bluewater Systems LLC - New Business,U215,New Business,12900.0,BRL,2024-10-18,2024-11-30,5-Closed Won,True,True,Closed,Partner
O10354,A1388,Cobalt Financial Pte Ltd - Renewal,U216,Renewal,95000.0,EUR,2024-01-15,2024-05-18,5-Closed Won,True,True,Closed,Inbound
O10009,A1312,Quarry Trust SA - Expansion,U204,Expansion,39732.0,EUR,2025-03-24,2025-06-22,5-Closed Won,True,True,Closed,Inbound
O10493,A1154,Norsk Holdings Inc - Expansion,U223,Expansion,19068.0,GBP,2024-10-11,2024-12-08,5-Closed Won,True,True,Closed,Partner
O12566,A1012,Harrow Group Pte Ltd - Expansion,U212,Expansion,21378.0,USD,2024-06-02,2024-07-04,6-Closed Lost,True,False,Closed,Event
O11213,A1074,Vertex Systems Pte Ltd - Renewal,U213,Renewal,139300.0,GBP,2026-06-18,2026-09-08,2-Qualified,False,False,Best Case,Partner
O11596,A1023,Umbra Networks LLC - Renewal,U210,Renewal,326600.0,GBP,2024-05-06,2024-11-14,6-Closed Lost,True,False,Closed,Event
O11251,A1385,Umbra Advisors Ltd - Renewal,U211,Renewal,9300.0,USD,2025-09-04,2025-09-28,5-Closed Won,True,True,Closed,Partner
O10343,A1102,Kestrel Exchange Ltd - Expansion,U210,Expansion,58968.0,USD,2024-12-28,2025-01-06,5-Closed Won,True,True,Closed,Inbound
O10563,A1101,Riverbend Analytics GmbH - New Business,U205,New Business,164100.0,GBP,2025-06-14,2025-09-15,5-Closed Won,True,True,Closed,Inbound
O12208,A1166,Kestrel Bancorp Inc - Renewal,U215,Renewal,270800.0,GBP,2026-05-25,2026-12-31,3-Proposal,False,False,Best Case,Event
O10975,A1071,Westford Systems Pte Ltd - Renewal,U218,Renewal,149200.0,USD,2025-10-19,2026-04-06,6-Closed Lost,True,False,Closed,Partner
O12596,A1005,Auriga Systems Co - New Business,U205,New Business,107900.0,USD,2024-05-08,2024-08-26,6-Closed Lost,True,False,Closed,Referral
O11771,A1219,Stanhope Partners PLC - Expansion,U214,Expansion,30702.0,USD,2025-04-01,2025-05-31,5-Closed Won,True,True,Closed,Outbound
O12054,A1273,Fairlane Financial PLC - Renewal,U200,Renewal,156100.0,USD,2026-06-16,2026-09-14,3-Proposal,False,False,Pipeline,Outbound
O11307,A1098,Inlet Custody SA - Renewal,U223,Renewal,338600.0,USD,2026-05-27,2026-05-06,4-Negotiation,False,False,Pipeline,Event
O10323,A1327,Palisade Ventures LLC - Renewal,U209,Renewal,26600.0,USD,2024-05-22,2024-06-23,5-Closed Won,True,True,Closed,Inbound
O11935,A1278,Thorne Systems Pte Ltd - Renewal,U217,Renewal,58600.0,SGD,2024-05-03,2024-07-03,5-Closed Won,True,True,Closed,Outbound
O11151,A1070,Ardent Partners LLC - Expansion,U215,Expansion,24024.0,USD,2024-01-04,2024-03-17,6-Closed Lost,True,False,Closed,Partner
O12267,A1298,Inlet Systems GmbH - New Business,U219,New Business,147900.0,BRL,2025-02-09,2025-08-08,6-Closed Lost,True,False,Closed,Inbound
O10233,A1137,Lumen Digital Inc - Renewal,U217,Renewal,570600.0,USD,2025-06-16,2025-09-30,5-Closed Won,True,True,Closed,Referral
O10207,A1198,Westford Holdings LLC - Expansion,U217,Expansion,30450.0,USD,2024-05-02,2024-08-02,5-Closed Won,True,True,Closed,Event
O11141,A1358,Palisade Partners Co - Renewal,U217,Renewal,143800.0,BRL,2024-05-01,2024-08-10,5-Closed Won,True,True,Closed,Outbound
O10057,A1225,Fairlane Ventures Pte Ltd - Renewal,U203,Renewal,11200.0,USD,2026-06-16,2026-07-05,3-Proposal,False,False,Commit,Event
O12256,A1062,Solstice Systems Inc - Renewal,U217,Renewal,54800.0,USD,2024-12-03,2025-02-19,5-Closed Won,True,True,Closed,Outbound
O12104,A1361,Auriga Trust PLC - Renewal,U219,Renewal,11900.0,USD,2024-09-02,2024-10-02,5-Closed Won,True,True,Closed,Referral
O12122,A1086,Tessera Securities Co - Renewal,U217,Renewal,99900.0,USD,2024-07-21,2024-08-25,5-Closed Won,True,True,Closed,Partner
O11820,A1052,Norsk Advisors Co - New Business,U206,New Business,60700.0,USD,2025-06-25,2025-10-13,6-Closed Lost,True,False,Closed,Event
O11818,A1174,Granite Ventures Pte Ltd - New Business,U222,New Business,45300.0,USD,2024-04-04,2024-07-07,5-Closed Won,True,True,Closed,Inbound
O11919,A1247,Lumen Analytics Co - New Business,U217,New Business,84600.0,SGD,2025-09-04,2025-11-15,6-Closed Lost,True,False,Closed,Event
O10482,A1280,Lumen Advisors PLC - New Business,U201,New Business,600100.0,SGD,2024-09-18,2025-02-14,6-Closed Lost,True,False,Closed,Outbound
O10641,A1169,Norsk Systems Ltd - New Business,U208,New Business,283200.0,USD,2024-06-03,2024-11-12,6-Closed Lost,True,False,Closed,Partner
O12366,A1137,Lumen Digital Inc - New Business,U217,New Business,71800.0,USD,2025-09-19,2026-01-09,6-Closed Lost,True,False,Closed,Outbound
O12175,A1228,Marrow Ventures PLC - Renewal,U218,Renewal,38900.0,USD,2024-07-15,2024-09-27,5-Closed Won,True,True,Closed,Inbound
O11089,A1202,Inlet Exchange Co - Renewal,U201,Renewal,272100.0,USD,2026-05-29,2026-08-29,2-Qualified,False,False,Pipeline,Event
O10372,A1307,Zenith Custody GmbH - New Business,U207,New Business,88600.0,USD,2024-09-20,2024-12-17,6-Closed Lost,True,False,Closed,Inbound
O99022,A1133,Sable Labs Inc - Renewal,U217,Renewal,45700.0,BRL,2024-04-22,2024-08-05,5-Closed Won,True,True,Closed,Partner
O10222,A1353,Halcyon Ventures Inc - New Business,U207,New Business,117800.0,GBP,2024-04-17,2024-11-22,6-Closed Lost,True,False,Closed,Outbound
O11599,A1257,Riverbend Advisors GmbH - New Business,U213,New Business,136800.0,BRL,2025-09-08,2026-01-11,6-Closed Lost,True,False,Closed,Inbound
O10141,A1109,Meridian Exchange Inc - New Business,U215,New Business,23800.0,EUR,2025-08-01,2025-11-30,6-Closed Lost,True,False,Closed,Partner
O12099,A1233,Bluewater Securities Ltd - Renewal,U214,Renewal,122200.0,USD,2024-08-23,2024-09-18,5-Closed Won,True,True,Closed,Event
O11472,A1144,Auriga Exchange Inc - Expansion,U212,Expansion,4242.0,USD,2025-03-09,2025-04-19,5-Closed Won,True,True,Closed,Outbound
O11634,A1113,Riverbend Trust LLC - Renewal,U214,Renewal,72800.0,SGD,2026-01-04,2026-02-05,5-Closed Won,True,True,Closed,Outbound
O11573,A1123,Orbit Trust Inc - Expansion,U218,Expansion,17178.0,GBP,2024-07-31,2024-10-17,5-Closed Won,True,True,Closed,Event
O10972,A1004,Inlet Securities Inc - Expansion,U217,Expansion,35364.0,BRL,2024-08-01,2024-08-10,6-Closed Lost,True,False,Closed,Referral
O12295,A1093,Thorne Bancorp LLC - Expansion,U216,Expansion,5922.0,USD,2025-04-13,2025-05-21,6-Closed Lost,True,False,Closed,Outbound
O10059,A1007,Umbra Networks Inc - Renewal,U209,Renewal,69200.0,USD,2026-01-04,2026-03-16,5-Closed Won,True,True,Closed,Inbound
O10074,A1381,Dovetail Partners LLC - New Business,U211,New Business,16000.0,EUR,2024-10-28,2024-11-06,6-Closed Lost,True,False,Closed,Referral
O11775,A1175,Orbit Advisors GmbH - Expansion,U206,Expansion,5712.0,USD,2026-04-13,2026-05-09,5-Closed Won,True,True,Closed,Partner
O11672,A1330,Solstice Advisors SA - Expansion,U204,Expansion,95592.0,USD,2025-09-19,2026-02-10,6-Closed Lost,True,False,Closed,Inbound
O10000,A1365,Vertex Capital Inc - Expansion,U207,Expansion,4032.0,GBP,2025-09-05,2025-09-19,5-Closed Won,True,True,Closed,Outbound
O11083,A1348,Stanhope Custody LLC - New Business,U203,New Business,185800.0,USD,2024-05-07,2024-10-17,6-Closed Lost,True,False,Closed,Outbound
O10337,A1084,Eastgate Financial GmbH - New Business,U206,New Business,7300.0,USD,2025-10-24,2025-11-15,6-Closed Lost,True,False,Closed,Inbound
O11814,A1114,Zenith Ventures Inc - New Business,U215,New Business,217100.0,USD,2026-01-27,2026-06-07,5-Closed Won,True,True,Closed,Outbound
O10173,A1109,Meridian Exchange Inc - Renewal,U215,Renewal,33300.0,EUR,2024-08-25,2024-12-20,5-Closed Won,True,True,Closed,Inbound
O12209,A1060,Orbit Advisors PLC - Expansion,U203,Expansion,48426.0,USD,2024-06-02,2024-10-25,5-Closed Won,True,True,Closed,Event
O10155,A1408,Ironclad Networks PLC - Renewal,U223,Renewal,17700.0,GBP,2024-05-06,2024-08-02,5-Closed Won,True,True,Closed,Outbound
O11688,A1011,Umbra Partners PLC - Renewal,U220,Renewal,326000.0,EUR,2026-03-10,2026-06-23,5-Closed Won,True,True,Closed,Partner
O10053,A1130,Stanhope Capital SA - New Business,U219,New Business,624200.0,USD,2025-01-15,2025-07-31,6-Closed Lost,True,False,Closed,Outbound
O10099,A1242,Tessera Advisors SA - Expansion,U209,Expansion,4200.0,GBP,2025-02-16,2025-05-13,6-Closed Lost,True,False,Closed,Event
O11587,A1306,Marrow Exchange Inc - New Business,U208,New Business,238600.0,USD,2024-03-01,2024-06-20,5-Closed Won,True,True,Closed,Inbound
O12087,A1071,Westford Systems Pte Ltd - New Business,U218,New Business,236100.0,USD,2024-12-07,2025-05-30,6-Closed Lost,True,False,Closed,Event
O11883,A1079,Lumen Trust Ltd - Renewal,U210,Renewal,92300.0,USD,2024-12-07,2025-01-18,5-Closed Won,True,True,Closed,Event
O12278,A1019,Keystone Ventures Ltd - Expansion,U217,Expansion,9114.0,USD,2026-01-20,2026-02-07,6-Closed Lost,True,False,Closed,Outbound
O11885,A1355,Marrow Capital SA - Expansion,U202,Expansion,3570.0,USD,2025-06-13,2025-08-21,6-Closed Lost,True,False,Closed,Inbound
O11871,A1314,Zenith Labs Pte Ltd - Renewal,U223,Renewal,94900.0,USD,2024-02-03,2024-03-29,5-Closed Won,True,True,Closed,Event
O12486,A1276,Inlet Capital GmbH - New Business,U211,New Business,10800.0,EUR,2026-05-01,2026-07-14,4-Negotiation,False,False,Best Case,Outbound
O10259,A1317,Norsk Bancorp PLC - Renewal,U206,Renewal,227400.0,SGD,2026-03-17,2026-08-18,1-Discovery,False,False,Pipeline,Partner
O10162,A1233,Bluewater Securities Ltd - New Business,U214,New Business,71600.0,USD,2025-06-20,2025-09-06,6-Closed Lost,True,False,Closed,Event
O12081,A1142,Northwind Bancorp LLC - Expansion,U220,Expansion,172578.0,USD,2024-06-17,2025-01-02,5-Closed Won,True,True,Closed,Outbound
O10272,A1067,Quarry Custody SA - New Business,U220,New Business,28100.0,USD,2025-06-02,2025-07-13,6-Closed Lost,True,False,Closed,Inbound
O12428,A1027,Eastgate Financial SA - Expansion,U200,Expansion,49056.0,USD,2024-07-17,2024-09-24,6-Closed Lost,True,False,Closed,Event
O11530,A1336,Northwind Capital PLC - Renewal,U209,Renewal,3600.0,SGD,2025-01-21,2025-03-28,5-Closed Won,True,True,Closed,Outbound
O11722,A1332,Pinnacle Capital Co - New Business,U203,New Business,277600.0,USD,2024-03-24,2024-08-26,6-Closed Lost,True,False,Closed,Event
O11427,A1015,Vantage Payments Ltd - New Business,U205,New Business,40500.0,USD,2025-02-05,2025-03-27,6-Closed Lost,True,False,Closed,Referral
O11691,A1379,Ardent Ventures PLC - New Business,U203,New Business,118700.0,USD,2025-10-20,2026-03-16,5-Closed Won,True,True,Closed,Inbound
O10387,A1158,Auriga Labs Ltd - Expansion,U213,Expansion,7476.0,USD,2026-02-10,2026-03-14,6-Closed Lost,True,False,Closed,Referral
O11670,A1279,Sable Ventures Co - New Business,U208,New Business,105900.0,USD,2024-11-13,2025-02-24,6-Closed Lost,True,False,Closed,Outbound
O10535,A1089,Vertex Digital Co - New Business,U200,New Business,17000.0,BRL,2024-01-06,2024-03-10,6-Closed Lost,True,False,Closed,Partner
O12016,A1273,Fairlane Financial PLC - New Business,U200,New Business,52600.0,USD,2025-03-27,2025-05-06,6-Closed Lost,True,False,Closed,Inbound
O10413,A1370,Beltway Capital GmbH - New Business,U220,New Business,8600.0,USD,2026-01-07,2026-01-16,6-Closed Lost,True,False,Closed,Inbound
O12593,A1161,Sable Securities LLC - New Business,U217,New Business,170300.0,GBP,2025-07-05,2025-11-11,6-Closed Lost,True,False,Closed,Inbound
O11062,A1399,Westford Advisors Ltd - Expansion,U206,Expansion,8610.0,USD,2024-10-11,2024-11-17,5-Closed Won,True,True,Closed,Inbound
O10915,A1007,Umbra Networks Inc - New Business,U209,New Business,124100.0,USD,2025-09-25,2026-02-03,5-Closed Won,True,True,Closed,Inbound
O11744,A1210,Tessera Trust GmbH - New Business,U206,New Business,13300.0,GBP,2026-04-20,2026-05-19,6-Closed Lost,True,False,Closed,Partner
O10204,A1087,Pinnacle Ventures Ltd - New Business,U214,New Business,121200.0,USD,2024-07-08,2024-09-09,6-Closed Lost,True,False,Closed,Outbound
O12490,A1188,Stanhope Holdings Inc - Expansion,U217,Expansion,330834.0,USD,2024-06-22,2024-11-07,5-Closed Won,True,True,Closed,Inbound
O10737,A1047,Halcyon Holdings Co - Renewal,U201,Renewal,18100.0,USD,2025-11-23,2025-12-19,5-Closed Won,True,True,Closed,Referral
O12433,A1326,Beltway Payments Inc - Expansion,U207,Expansion,117516.0,USD,2025-12-09,2026-03-16,6-Closed Lost,True,False,Closed,Outbound
O12347,A1185,Beltway Ventures SA - Expansion,U210,Expansion,-2331.0,USD,2026-06-16,2026-06-25,6-Closed Lost,True,False,Closed,Referral
O11424,A1098,Inlet Custody SA - New Business,U223,New Business,494600.0,USD,2024-04-24,2024-10-20,5-Closed Won,True,True,Closed,Inbound
O10229,A1043,Marrow Digital PLC - New Business,U202,New Business,9000.0,EUR,2024-07-31,2024-09-16,5-Closed Won,True,True,Closed,Inbound
O10658,A1116,Eastgate Securities PLC - Renewal,U207,Renewal,85200.0,EUR,2024-01-10,2024-04-09,5-Closed Won,True,True,Closed,Inbound
O11332,A1022,Orbit Trust Co - New Business,U220,New Business,42300.0,EUR,2026-01-06,2026-01-30,6-Closed Lost,True,False,Closed,Partner
O10875,A1365,Vertex Capital Inc - New Business,U207,New Business,13300.0,GBP,2024-08-20,2024-08-29,6-Closed Lost,True,False,Closed,Referral
O11606,A1323,Tessera Labs Co - Renewal,U215,Renewal,96600.0,SGD,2024-01-10,2024-04-08,5-Closed Won,True,True,Closed,Outbound
O10865,A1064,Stanhope Capital Inc - New Business,U216,New Business,11400.0,USD,2024-09-19,2024-11-10,6-Closed Lost,True,False,Closed,Outbound
O12446,A1376,Tessera Systems Inc - Expansion,U216,Expansion,44898.0,EUR,2025-08-25,2025-11-08,5-Closed Won,True,True,Closed,Outbound
O10198,A1260,Auriga Bancorp SA - New Business,U220,New Business,75200.0,USD,2026-02-01,2026-04-10,5-Closed Won,True,True,Closed,Partner
O11941,A1313,Vertex Custody PLC - Renewal,U202,Renewal,102000.0,USD,2024-05-23,2024-11-09,5-Closed Won,True,True,Closed,Referral
O11863,A1140,Dovetail Exchange GmbH - New Business,U202,New Business,39000.0,BRL,2026-03-20,2026-05-02,5-Closed Won,True,True,Closed,Inbound
O11118,A1210,Tessera Trust GmbH - Renewal,U206,Renewal,21600.0,GBP,2024-01-29,2024-02-29,6-Closed Lost,True,False,Closed,Inbound
O11891,A1157,Umbra Payments LLC - New Business,U203,New Business,19900.0,EUR,2024-09-01,2024-09-19,6-Closed Lost,True,False,Closed,Partner
O12345,A1272,Orbit Networks Inc - New Business,U217,New Business,24600.0,USD,2025-09-09,2025-10-02,6-Closed Lost,True,False,Closed,Referral
O10393,A1249,Vantage Trust PLC - Expansion,U204,Expansion,67242.0,BRL,2025-06-02,2025-10-02,5-Closed Won,True,True,Closed,Inbound
O11043,A1257,Riverbend Advisors GmbH - Renewal,U213,Renewal,86500.0,BRL,2024-02-07,2024-06-03,5-Closed Won,True,True,Closed,Referral
O10132,A1255,Granite Capital PLC - Expansion,U207,Expansion,81438.0,USD,2026-06-08,2026-09-17,1-Discovery,False,False,Pipeline,Outbound
O11516,A1207,Keystone Capital PLC - New Business,U202,New Business,6800.0,USD,2024-12-17,2025-02-07,6-Closed Lost,True,False,Closed,Outbound
O10816,A1200,Juniper Custody Inc - Renewal,U220,Renewal,16600.0,GBP,2024-09-20,2024-09-29,5-Closed Won,True,True,Closed,Partner
O11315,A1300,Beltway Holdings Co - Renewal,U220,Renewal,384500.0,USD,2024-03-24,2024-08-21,5-Closed Won,True,True,Closed,Inbound
O10890,A1101,Riverbend Analytics GmbH - Expansion,U205,Expansion,35112.0,GBP,2024-12-23,2025-04-08,6-Closed Lost,True,False,Closed,Partner
O11768,A1349,Norsk Securities Inc - New Business,U206,New Business,24100.0,USD,2024-02-13,2024-02-26,5-Closed Won,True,True,Closed,Outbound
O10013,A1144,Auriga Exchange Inc - Renewal,U212,Renewal,16100.0,USD,2026-04-29,2026-06-25,5-Closed Won,True,True,Closed,Partner
O11669,A1228,Marrow Ventures PLC - Renewal,U218,Renewal,40100.0,USD,2024-05-31,2024-08-05,5-Closed Won,True,True,Closed,Event
O11050,A1383,Thorne Trust Ltd - New Business,U202,New Business,76800.0,USD,2026-03-06,2026-06-05,6-Closed Lost,True,False,Closed,Inbound
O12214,A1063,Vertex Capital Co - Renewal,U217,Renewal,36200.0,BRL,2024-07-19,2024-10-11,5-Closed Won,True,True,Closed,Inbound
O10588,A1052,Norsk Advisors Co - New Business,U206,New Business,25700.0,USD,2025-03-08,2025-05-28,5-Closed Won,True,True,Closed,Inbound
O10704,A1159,Lattice Analytics Co - New Business,U200,New Business,146600.0,USD,2024-02-26,2024-08-15,5-Closed Won,True,True,Closed,Partner
O11296,A1053,Lumen Labs Pte Ltd - Expansion,U212,Expansion,4368.0,USD,2025-04-15,2025-06-21,5-Closed Won,True,True,Closed,Referral
O11075,A1212,Harrow Analytics LLC - New Business,U200,New Business,28600.0,USD,2026-03-05,2026-05-21,6-Closed Lost,True,False,Closed,Inbound
O12547,A1255,Granite Capital PLC - New Business,U207,New Business,126400.0,USD,2025-11-21,2026-03-03,6-Closed Lost,True,False,Closed,Outbound
O11671,A1066,Halcyon Holdings Inc - Expansion,U216,Expansion,29610.0,USD,2025-07-02,2025-09-27,5-Closed Won,True,True,Closed,Partner
O11241,A1289,Stanhope Networks GmbH - Expansion,U201,Expansion,6090.0,GBP,2025-04-05,2025-04-14,5-Closed Won,True,True,Closed,Outbound
O12234,A1414,Redmond Systems SA - Renewal,U208,Renewal,29800.0,USD,2025-04-26,2025-06-19,5-Closed Won,True,True,Closed,Outbound
O10791,A1034,Riverbend Labs GmbH - Expansion,U216,Expansion,20874.0,USD,2024-04-19,2024-06-05,6-Closed Lost,True,False,Closed,Outbound
O10844,A1159,Lattice Analytics Co - Expansion,U200,Expansion,53004.0,USD,2025-08-23,2026-01-12,6-Closed Lost,True,False,Closed,Partner
O11497,A1037,Cobalt Group LLC - New Business,U215,New Business,61200.0,USD,2024-02-15,2024-04-12,6-Closed Lost,True,False,Closed,Inbound
O10265,A1282,Kestrel Holdings LLC - New Business,U212,New Business,536400.0,USD,2024-07-20,2024-11-09,6-Closed Lost,True,False,Closed,Outbound
O10064,A1165,Norsk Payments GmbH - New Business,U209,New Business,210300.0,USD,2024-12-29,2025-06-10,6-Closed Lost,True,False,Closed,Outbound
O11215,A1022,Orbit Trust Co - New Business,U220,New Business,18900.0,EUR,2024-06-25,2024-08-17,5-Closed Won,True,True,Closed,Outbound
O11642,A1413,Vertex Capital PLC - Expansion,U210,Expansion,6132.0,USD,2024-04-01,2024-05-02,5-Closed Won,True,True,Closed,Referral
O12211,A1100,Fairlane Trust LLC - New Business,U215,New Business,55900.0,USD,2025-08-27,2025-10-22,6-Closed Lost,True,False,Closed,Event
O10346,A1196,Pinnacle Group GmbH - Expansion,U211,Expansion,24612.0,GBP,2025-02-11,2025-04-05,6-Closed Lost,True,False,Closed,Outbound
O10871,A1016,Fairlane Ventures Co - Expansion,U212,Expansion,15834.0,BRL,2024-09-09,2025-01-21,6-Closed Lost,True,False,Closed,Partner
O10425,A1349,Norsk Securities Inc - New Business,U206,New Business,12300.0,USD,2026-04-12,2026-06-29,6-Closed Lost,True,False,Closed,Outbound
O12003,A1093,Thorne Bancorp LLC - Expansion,U216,Expansion,7644.0,USD,2025-09-04,2025-09-13,5-Closed Won,True,True,Closed,Outbound
O12308,A1152,Ardent Securities Inc - New Business,U217,New Business,31300.0,USD,2026-03-26,2026-04-09,6-Closed Lost,True,False,Closed,Outbound
O11910,A1309,Dovetail Digital Pte Ltd - Renewal,U201,Renewal,8600.0,USD,2024-05-02,2024-06-18,5-Closed Won,True,True,Closed,Outbound
O11661,A1324,Gilder Bancorp Pte Ltd - New Business,U213,New Business,328700.0,BRL,2025-09-30,2026-03-19,6-Closed Lost,True,False,Closed,Outbound
O11875,A1049,Juniper Trust Pte Ltd - Expansion,U209,Expansion,34944.0,USD,2026-04-30,2026-11-01,4-Negotiation,False,False,Pipeline,Event
O11942,A1125,Sable Group SA - Renewal,U213,Renewal,95900.0,USD,2025-02-16,2025-06-12,5-Closed Won,True,True,Closed,Inbound
O12306,A1415,Marrow Advisors GmbH - Renewal,U201,Renewal,70400.0,USD,2025-02-18,2025-05-28,5-Closed Won,True,True,Closed,Outbound
O10075,A1179,Thorne Partners SA - Expansion,U204,Expansion,95466.0,USD,2024-08-05,2024-11-04,5-Closed Won,True,True,Closed,Outbound
O11045,A1155,Keystone Digital PLC - Renewal,U223,Renewal,147200.0,BRL,2025-11-01,2026-02-10,5-Closed Won,True,True,Closed,Inbound
O12592,A1245,Quarry Exchange LLC - New Business,U205,New Business,9300.0,EUR,2024-12-02,2024-12-11,5-Closed Won,True,True,Closed,Event
O10197,A1197,Sable Group Pte Ltd - Renewal,U215,Renewal,205800.0,USD,2025-09-27,2026-02-01,5-Closed Won,True,True,Closed,Inbound
O12552,A1143,Granite Advisors GmbH - Expansion,U211,Expansion,187950.0,USD,2025-05-04,2025-10-31,5-Closed Won,True,True,Closed,Outbound
O12062,A1221,Tessera Networks Inc - Expansion,U223,Expansion,48174.0,GBP,2026-06-03,2026-10-03,3-Proposal,False,False,Best Case,Partner
O10750,A1311,Cobalt Financial Inc - New Business,U214,New Business,174400.0,USD,2026-05-29,2026-09-22,1-Discovery,False,False,Best Case,Outbound
O10135,A1131,Norsk Holdings GmbH - Renewal,U207,Renewal,423700.0,USD,2025-08-01,2025-11-19,5-Closed Won,True,True,Closed,Inbound
O10910,A1329,Cobalt Securities SA - New Business,U203,New Business,312400.0,USD,2026-03-11,2026-09-17,3-Proposal,False,False,Pipeline,Inbound
O10547,A1224,Auriga Exchange Co - Expansion,U220,Expansion,3696.0,USD,2025-09-22,2025-10-01,6-Closed Lost,True,False,Closed,Inbound
O11590,A1169,Norsk Systems Ltd - New Business,U208,New Business,139600.0,USD,2025-07-24,2025-11-09,6-Closed Lost,True,False,Closed,Referral
O10840,A1131,Norsk Holdings GmbH - New Business,U207,New Business,420000.0,USD,2025-07-12,2026-01-13,6-Closed Lost,True,False,Closed,Outbound
O11997,A1131,Norsk Holdings GmbH - New Business,U207,New Business,433800.0,USD,2024-05-09,2024-04-21,6-Closed Lost,True,False,Closed,Inbound
O11289,A1102,Kestrel Exchange Ltd - Renewal,U210,Renewal,83600.0,USD,2024-08-15,2024-09-22,5-Closed Won,True,True,Closed,Outbound
O10159,A1350,Zenith Systems SA - New Business,U201,New Business,282900.0,USD,2024-02-14,2024-08-18,6-Closed Lost,True,False,Closed,Partner
O11650,A1014,Quarry Holdings PLC - Expansion,U210,Expansion,4032.0,SGD,2024-06-17,2024-07-24,5-Closed Won,True,True,Closed,Inbound
O12515,A1380,Beltway Networks Ltd - Expansion,U221,Expansion,4242.0,GBP,2025-08-04,2025-09-11,6-Closed Lost,True,False,Closed,Outbound
O10678,A1008,Bluewater Securities GmbH - Renewal,U203,Renewal,44000.0,EUR,2025-09-13,2026-01-06,5-Closed Won,True,True,Closed,Inbound
O12410,A1089,Vertex Digital Co - Expansion,U200,Expansion,6678.0,BRL,2025-05-06,2025-05-24,5-Closed Won,True,True,Closed,Outbound
O10995,A1408,Ironclad Networks PLC - Renewal,U223,Renewal,10800.0,GBP,2025-10-11,2025-12-17,5-Closed Won,True,True,Closed,Event
O11010,A1370,Beltway Capital GmbH - New Business,U220,New Business,21800.0,USD,2025-03-27,2025-04-05,5-Closed Won,True,True,Closed,Partner
O10042,A1088,Lattice Labs Pte Ltd - Expansion,U223,Expansion,37632.0,EUR,2026-05-06,2026-05-26,5-Closed Won,True,True,Closed,Inbound
O12589,A1119,Eastgate Ventures SA - New Business,U207,New Business,96500.0,USD,2024-04-11,2024-06-30,6-Closed Lost,True,False,Closed,Referral
O11217,A1078,Fairlane Custody GmbH - Renewal,U212,Renewal,187200.0,USD,2025-07-16,2025-07-28,5-Closed Won,True,True,Closed,Referral
O11755,A1226,Dovetail Advisors Pte Ltd - New Business,U214,New Business,35300.0,BRL,2026-06-23,2026-11-06,4-Negotiation,False,False,Best Case,Outbound
O10801,A1041,Tessera Partners Inc - Renewal,U222,Renewal,11200.0,USD,2026-04-26,2026-06-02,5-Closed Won,True,True,Closed,Outbound
O11327,A1374,Gilder Advisors PLC - New Business,U222,New Business,174500.0,SGD,2024-02-22,2024-07-14,6-Closed Lost,True,False,Closed,Outbound
O10278,A1076,Westford Labs GmbH - Renewal,U221,Renewal,336300.0,BRL,2025-01-01,2025-05-31,5-Closed Won,True,True,Closed,Referral
O11329,A1066,Halcyon Holdings Inc - New Business,U216,New Business,123700.0,USD,2025-05-29,2025-08-13,6-Closed Lost,True,False,Closed,Event
O10692,A1321,Umbra Capital GmbH - New Business,U213,New Business,215800.0,USD,2025-02-16,2025-06-27,6-Closed Lost,True,False,Closed,Inbound
O11385,A1143,Granite Advisors GmbH - Expansion,U211,Expansion,140070.0,USD,2024-06-30,2024-11-27,5-Closed Won,True,True,Closed,Outbound
O11966,A1080,Keystone Networks GmbH - Expansion,U223,Expansion,171234.0,USD,2024-06-21,2024-10-09,5-Closed Won,True,True,Closed,Partner
O12472,A1003,Cobalt Bancorp LLC - New Business,U212,New Business,135200.0,USD,2024-10-08,2025-02-14,6-Closed Lost,True,False,Closed,Event
O11462,A1243,Lumen Capital GmbH - Expansion,U206,Expansion,139062.0,USD,2025-10-24,2026-02-27,5-Closed Won,True,True,Closed,Partner
O10226,A1080,Keystone Networks GmbH - New Business,U223,New Business,273400.0,USD,2024-04-22,2024-10-03,6-Closed Lost,True,False,Closed,Inbound
O12235,A1129,Inlet Advisors SA - Renewal,U215,Renewal,32400.0,USD,2026-01-27,2026-02-09,5-Closed Won,True,True,Closed,Inbound
O11030,A1368,Lumen Labs SA - Renewal,U201,Renewal,232500.0,USD,2026-05-18,2026-12-19,3-Proposal,False,False,Pipeline,Partner
O11063,A1399,Westford Advisors Ltd - New Business,U206,New Business,13500.0,USD,2024-05-17,2024-06-28,6-Closed Lost,True,False,Closed,Referral
O98015,A9015,Thorne Trust PLC - Renewal,U205,Renewal,436400.0,USD,2025-09-22,2026-01-21,5-Closed Won,True,True,Closed,Outbound
O11347,A1019,Keystone Ventures Ltd - Renewal,U217,Renewal,16300.0,USD,2024-10-13,2024-10-22,5-Closed Won,True,True,Closed,Outbound
O10885,A1049,Juniper Trust Pte Ltd - Expansion,U209,Expansion,215460.0,USD,2025-06-27,2026-02-09,5-Closed Won,True,True,Closed,Referral
O10052,A1267,Ironclad Digital GmbH - New Business,U202,New Business,56800.0,USD,2024-06-14,2024-09-12,6-Closed Lost,True,False,Closed,Inbound
O12469,A1125,Sable Group SA - Renewal,U213,Renewal,61100.0,USD,2024-08-30,2024-10-28,5-Closed Won,True,True,Closed,Outbound
O11685,A1011,Umbra Partners PLC - New Business,U220,New Business,324900.0,EUR,2025-04-15,2025-08-16,6-Closed Lost,True,False,Closed,Outbound
O10430,A1405,Beltway Group GmbH - New Business,U205,New Business,253900.0,USD,2024-08-14,2024-12-16,6-Closed Lost,True,False,Closed,Partner
O12462,A1154,Norsk Holdings Inc - Expansion,U223,Expansion,40194.0,GBP,2025-10-09,2025-12-28,6-Closed Lost,True,False,Closed,Outbound
O10156,A1400,Stanhope Networks Ltd - New Business,U201,New Business,78800.0,USD,2024-12-01,2025-02-18,6-Closed Lost,True,False,Closed,Event
O12408,A1038,Dovetail Digital LLC - Renewal,U209,Renewal,13500.0,USD,2024-12-06,2024-12-15,5-Closed Won,True,True,Closed,Event
O12184,A1093,Thorne Bancorp LLC - New Business,U216,New Business,23700.0,USD,2026-01-25,2026-04-16,6-Closed Lost,True,False,Closed,Partner
O12221,A1109,Meridian Exchange Inc - Renewal,U215,Renewal,67000.0,EUR,2024-11-26,2025-02-21,5-Closed Won,True,True,Closed,Event
O12059,A1362,Juniper Systems SA - Renewal,U208,Renewal,189300.0,USD,2024-06-13,2024-10-25,5-Closed Won,True,True,Closed,Referral
O10631,A1016,Fairlane Ventures Co - New Business,U212,New Business,65200.0,BRL,2025-04-28,2025-07-01,5-Closed Won,True,True,Closed,Partner
O10873,A1201,Westford Financial Co - New Business,U220,New Business,24100.0,EUR,2025-10-07,2025-10-21,5-Closed Won,True,True,Closed,Inbound
O11589,A1087,Pinnacle Ventures Ltd - New Business,U214,New Business,110900.0,USD,2025-04-15,2025-06-25,5-Closed Won,True,True,Closed,Inbound
O11751,A1419,Vertex Labs PLC - Renewal,U219,Renewal,11200.0,BRL,2024-07-07,2024-09-02,5-Closed Won,True,True,Closed,Event
O11096,A1149,Bluewater Systems Pte Ltd - Renewal,U212,Renewal,7300.0,EUR,2024-11-27,2024-12-12,5-Closed Won,True,True,Closed,Partner
O11009,A1128,Quarry Labs GmbH - Expansion,U208,Expansion,40656.0,USD,2024-02-15,2024-06-06,5-Closed Won,True,True,Closed,Inbound
O11894,A1395,Westford Networks Co - Renewal,U207,Renewal,384200.0,EUR,2026-02-19,2026-07-01,4-Negotiation,False,False,Best Case,Partner
O11873,A1288,Eastgate Holdings LLC - New Business,U200,New Business,189300.0,EUR,2024-02-07,2024-03-10,6-Closed Lost,True,False,Closed,Outbound
O11493,A1224,Auriga Exchange Co - Renewal,U220,Renewal,16600.0,USD,2026-03-25,2026-05-06,5-Closed Won,True,True,Closed,Partner
O11196,A1395,Westford Networks Co - New Business,U207,New Business,159000.0,EUR,2025-08-20,2025-11-13,6-Closed Lost,True,False,Closed,Event
O11609,A1111,Inlet Securities GmbH - New Business,U217,New Business,77400.0,EUR,2025-02-10,2025-07-01,5-Closed Won,True,True,Closed,Outbound
O10636,A1024,Cobalt Financial Ltd - Renewal,U209,Renewal,122800.0,USD,2026-06-19,2026-12-08,3-Proposal,False,False,Pipeline,Partner
O11190,A1264,Lattice Labs Co - New Business,U220,New Business,98200.0,EUR,2025-08-20,2026-01-26,6-Closed Lost,True,False,Closed,Partner
O11186,A1205,Riverbend Custody Pte Ltd - Renewal,U212,Renewal,155000.0,USD,2024-10-18,2025-02-06,5-Closed Won,True,True,Closed,Outbound
O10491,A1156,Fairlane Networks PLC - New Business,U211,New Business,220700.0,USD,2024-03-26,2024-07-08,6-Closed Lost,True,False,Closed,Event
O11014,A1010,Auriga Ventures SA - New Business,U219,New Business,69500.0,EUR,2025-10-27,2026-02-25,5-Closed Won,True,True,Closed,Referral
O12282,A1358,Palisade Partners Co - New Business,U217,New Business,168100.0,BRL,2024-11-23,2025-02-12,6-Closed Lost,True,False,Closed,Event
O10599,A1022,Orbit Trust Co - New Business,U220,New Business,25900.0,EUR,2025-08-15,2025-09-26,6-Closed Lost,True,False,Closed,Partner
O12164,A1152,Ardent Securities Inc - Renewal,U217,Renewal,15200.0,USD,2024-12-12,2024-12-21,5-Closed Won,True,True,Closed,Referral
O11499,A1087,Pinnacle Ventures Ltd - Expansion,U214,Expansion,51996.0,USD,2024-12-08,2025-03-21,6-Closed Lost,True,False,Closed,Partner
O11623,A1346,Riverbend Exchange LLC - New Business,U220,New Business,163000.0,USD,2024-11-29,2025-02-28,6-Closed Lost,True,False,Closed,Event
O11024,A1007,Umbra Networks Inc - Expansion,U209,Expansion,46452.0,USD,2025-12-10,2026-01-21,5-Closed Won,True,True,Closed,Inbound
O12453,A1385,Umbra Advisors Ltd - New Business,U211,New Business,18000.0,USD,2024-04-23,2024-06-13,5-Closed Won,True,True,Closed,Referral
O10722,A1147,Westford Advisors LLC - Renewal,U223,Renewal,17600.0,EUR,2025-01-21,2025-03-02,5-Closed Won,True,True,Closed,Inbound
O12025,A1057,Zenith Capital LLC - Expansion,U223,Expansion,114492.0,USD,2026-04-01,2026-07-13,4-Negotiation,False,False,Best Case,Event
O10883,A1384,Lumen Financial Pte Ltd - Expansion,U216,Expansion,73248.0,USD,2024-01-21,2024-05-03,5-Closed Won,True,True,Closed,Inbound
O12012,A1228,Marrow Ventures PLC - Expansion,U218,Expansion,18060.0,USD,2025-04-01,2025-04-22,5-Closed Won,True,True,Closed,Inbound
O10090,A1019,Keystone Ventures Ltd - Renewal,U217,Renewal,11600.0,USD,2025-05-20,2025-05-29,5-Closed Won,True,True,Closed,Event
O11142,A1130,Stanhope Capital SA - New Business,U219,New Business,272800.0,USD,2026-06-04,2026-11-26,2-Qualified,False,False,Pipeline,Outbound
O10400,A1258,Eastgate Financial Co - Expansion,U207,Expansion,5040.0,USD,2025-09-08,2025-09-19,5-Closed Won,True,True,Closed,Inbound
O10086,A1156,Fairlane Networks PLC - New Business,U211,New Business,-43500.0,USD,2026-06-07,2026-10-05,1-Discovery,False,False,Commit,Partner
O10368,A1298,Inlet Systems GmbH - New Business,U219,New Business,217600.0,BRL,2024-03-24,2024-07-26,5-Closed Won,True,True,Closed,Inbound
O11422,A1227,Umbra Analytics Inc - Renewal,U216,Renewal,30900.0,USD,2025-06-25,2025-10-01,5-Closed Won,True,True,Closed,Outbound
O12542,A1020,Bluewater Labs PLC - Renewal,U210,Renewal,81100.0,SGD,2024-06-19,2024-06-28,6-Closed Lost,True,False,Closed,Inbound
O12290,A1256,Palisade Payments Pte Ltd - Renewal,U214,Renewal,245700.0,BRL,2025-04-09,2025-08-24,5-Closed Won,True,True,Closed,Referral
O10881,A1165,Norsk Payments GmbH - New Business,U209,New Business,595100.0,USD,2026-04-30,2026-10-27,4-Negotiation,False,False,Commit,Referral
O11581,A1342,Northwind Capital Ltd - Renewal,U219,Renewal,198400.0,BRL,2024-07-19,2024-09-19,5-Closed Won,True,True,Closed,Partner
O12169,A1247,Lumen Analytics Co - Renewal,U217,Renewal,123500.0,SGD,2024-01-16,2024-02-29,5-Closed Won,True,True,Closed,Partner
O12541,A1072,Keystone Exchange GmbH - New Business,U213,New Business,15600.0,GBP,2026-03-30,2026-05-20,5-Closed Won,True,True,Closed,Outbound
O12530,A1407,Auriga Systems LLC - Renewal,U205,Renewal,44500.0,BRL,2024-07-09,2024-09-01,5-Closed Won,True,True,Closed,Partner
O11882,A1106,Quarry Labs Co - Expansion,U210,Expansion,10248.0,GBP,2025-02-06,2025-03-12,6-Closed Lost,True,False,Closed,Referral
O11592,A1303,Auriga Capital Ltd - New Business,U207,New Business,56900.0,USD,2024-05-18,2024-09-20,6-Closed Lost,True,False,Closed,Outbound
O11384,A1320,Beltway Ventures Pte Ltd - Expansion,U200,Expansion,24654.0,USD,2025-08-08,2025-11-20,5-Closed Won,True,True,Closed,Inbound
O10537,A1194,Riverbend Holdings Ltd - New Business,U217,New Business,93700.0,USD,2026-02-07,2026-04-09,6-Closed Lost,True,False,Closed,Referral
O11562,A1338,Tessera Group Inc - New Business,U217,New Business,211000.0,EUR,2024-11-19,2025-06-30,6-Closed Lost,True,False,Closed,Outbound
O10161,A1010,Auriga Ventures SA - New Business,U219,New Business,84200.0,EUR,2024-03-11,2024-07-02,6-Closed Lost,True,False,Closed,Inbound
O10305,A1104,Quarry Partners Pte Ltd - New Business,U216,New Business,8700.0,USD,2024-08-21,2024-12-06,6-Closed Lost,True,False,Closed,Event
O10250,A1408,Ironclad Networks PLC - Expansion,U223,Expansion,7728.0,GBP,2025-09-26,2025-11-21,6-Closed Lost,True,False,Closed,Outbound
O11637,A1151,Harrow Digital Co - New Business,U217,New Business,39700.0,SGD,2025-09-04,2025-11-25,6-Closed Lost,True,False,Closed,Partner
O11878,A1357,Thorne Digital LLC - New Business,U220,New Business,147600.0,GBP,2026-01-22,2026-05-04,5-Closed Won,True,True,Closed,Inbound
O10306,A1284,Kestrel Bancorp GmbH - New Business,U214,New Business,55000.0,GBP,2026-06-08,2026-08-09,1-Discovery,False,False,Pipeline,Outbound
O10384,A1298,Inlet Systems GmbH - New Business,U219,New Business,231800.0,BRL,2024-01-10,2024-06-12,6-Closed Lost,True,False,Closed,Inbound
O12250,A1335,Quarry Financial Co - New Business,U213,New Business,174200.0,USD,2024-02-11,2024-05-02,6-Closed Lost,True,False,Closed,Outbound
O10499,A1061,Lattice Securities Inc - New Business,U206,New Business,11200.0,USD,2024-11-25,2024-12-21,6-Closed Lost,True,False,Closed,Inbound
O10106,A1171,Inlet Exchange LLC - Renewal,U206,Renewal,26200.0,USD,2026-01-25,2026-05-03,5-Closed Won,True,True,Closed,Referral
O11876,A1308,Caldera Partners Ltd - Renewal,U215,Renewal,34000.0,BRL,2026-06-12,2026-08-30,1-Discovery,False,False,Best Case,Event
O11852,A1058,Eastgate Analytics GmbH - Expansion,U207,Expansion,7308.0,USD,2025-11-21,2026-01-04,5-Closed Won,True,True,Closed,Partner
O11985,A1088,Lattice Labs Pte Ltd - Renewal,U223,Renewal,45000.0,EUR,2026-06-21,2026-09-28,1-Discovery,False,False,Commit,Inbound
O10757,A1340,Sable Advisors SA - Expansion,U213,Expansion,71316.0,USD,2026-06-14,2026-11-17,1-Discovery,False,False,Best Case,Partner
O11580,A1221,Tessera Networks Inc - Expansion,U223,Expansion,126000.0,GBP,2026-03-18,2026-08-03,2-Qualified,False,False,Pipeline,Inbound
O11952,A1312,Quarry Trust SA - New Business,U204,New Business,149400.0,EUR,2026-05-14,2026-08-18,3-Proposal,False,False,Pipeline,Outbound
O10949,A1107,Keystone Bancorp Ltd - Renewal,U222,Renewal,50900.0,USD,2026-05-27,2026-07-09,2-Qualified,False,False,Commit,Event
O10330,A1140,Dovetail Exchange GmbH - New Business,U202,New Business,86000.0,BRL,2024-08-18,2024-10-19,6-Closed Lost,True,False,Closed,Inbound
O11265,A1088,Lattice Labs Pte Ltd - New Business,U223,New Business,61700.0,EUR,2025-02-19,2025-01-12,6-Closed Lost,True,False,Closed,Event
O10167,A1257,Riverbend Advisors GmbH - Expansion,U213,Expansion,196560.0,BRL,2025-10-23,2026-03-01,5-Closed Won,True,True,Closed,Event
O10303,A1256,Palisade Payments Pte Ltd - Renewal,U214,Renewal,161600.0,BRL,2026-05-02,2026-08-19,2-Qualified,False,False,Commit,Outbound
O11107,A1207,Keystone Capital PLC - New Business,U202,New Business,11700.0,USD,2024-06-23,2024-08-05,5-Closed Won,True,True,Closed,Event
O10993,A1323,Tessera Labs Co - New Business,U215,New Business,44100.0,SGD,2024-10-02,2025-01-07,5-Closed Won,True,True,Closed,Referral
O10459,A1366,Cobalt Networks LLC - New Business,U214,New Business,51700.0,USD,2025-11-10,2025-11-25,6-Closed Lost,True,False,Closed,Partner
O10592,A1141,Keystone Financial Pte Ltd - Renewal,U215,Renewal,16200.0,BRL,2024-04-24,2024-07-08,5-Closed Won,True,True,Closed,Outbound
O10056,A1132,Westford Financial LLC - Renewal,U206,Renewal,136700.0,BRL,2024-01-06,2024-04-07,5-Closed Won,True,True,Closed,Outbound
O11643,A1373,Auriga Ventures Pte Ltd - Renewal,U223,Renewal,13900.0,SGD,2025-12-13,2026-01-20,5-Closed Won,True,True,Closed,Event
O11509,A1364,Lumen Group Pte Ltd - New Business,U202,New Business,81000.0,EUR,2024-06-08,2024-06-25,6-Closed Lost,True,False,Closed,Inbound
O12388,A1125,Sable Group SA - New Business,U213,New Business,76400.0,USD,2025-11-02,2026-02-08,6-Closed Lost,True,False,Closed,Partner
O11612,A1375,Redmond Ventures PLC - New Business,U216,New Business,111700.0,EUR,2025-05-31,2025-09-04,6-Closed Lost,True,False,Closed,Referral
O11276,A1042,Vertex Networks LLC - Expansion,U203,Expansion,208026.0,USD,2026-01-04,2026-04-23,6-Closed Lost,True,False,Closed,Inbound
O12465,A1066,Halcyon Holdings Inc - Renewal,U216,Renewal,96200.0,USD,2025-12-04,2026-03-03,5-Closed Won,True,True,Closed,Partner
O12224,A1125,Sable Group SA - Expansion,U213,Expansion,15120.0,USD,2025-02-04,2025-07-05,5-Closed Won,True,True,Closed,Event
O12049,A1167,Halcyon Digital GmbH - Renewal,U223,Renewal,51000.0,USD,2025-01-01,2025-03-02,5-Closed Won,True,True,Closed,Outbound
O11655,A1164,Lumen Securities GmbH - Renewal,U211,Renewal,17800.0,USD,2026-04-23,2026-07-25,4-Negotiation,False,False,Pipeline,Partner
O12226,A1056,Ironclad Payments Inc - New Business,U206,New Business,215300.0,USD,2025-10-29,2026-02-18,6-Closed Lost,True,False,Closed,Partner
O11468,A1336,Northwind Capital PLC - New Business,U209,New Business,11900.0,SGD,2024-10-02,2024-11-16,6-Closed Lost,True,False,Closed,Outbound
O10970,A1291,Ironclad Financial Pte Ltd - Renewal,U213,Renewal,51800.0,USD,2025-04-18,2025-05-10,5-Closed Won,True,True,Closed,Partner
O10664,A1059,Halcyon Analytics Ltd - Expansion,U217,Expansion,28518.0,USD,2025-05-18,2025-10-03,6-Closed Lost,True,False,Closed,Inbound
O11967,A1207,Keystone Capital PLC - Renewal,U202,Renewal,13500.0,USD,2024-04-02,2024-05-30,5-Closed Won,True,True,Closed,Inbound
O12258,A1151,Harrow Digital Co - Renewal,U217,Renewal,83500.0,SGD,2026-02-02,2026-06-28,5-Closed Won,True,True,Closed,Outbound
O11345,A1170,Fairlane Analytics Co - New Business,U220,New Business,188100.0,USD,2025-02-02,2025-08-05,6-Closed Lost,True,False,Closed,Event
O12043,A1381,Dovetail Partners LLC - Expansion,U211,Expansion,6762.0,EUR,2026-01-13,2026-01-22,6-Closed Lost,True,False,Closed,Outbound
O10998,A1345,Redmond Custody Pte Ltd - Renewal,U206,Renewal,129500.0,USD,2025-12-11,2026-02-12,5-Closed Won,True,True,Closed,Inbound
O11993,A1382,Fairlane Payments Co - Expansion,U216,Expansion,21126.0,GBP,2025-08-26,2025-10-17,5-Closed Won,True,True,Closed,Outbound
O10490,A1180,Sable Ventures PLC - Expansion,U208,Expansion,16800.0,EUR,2026-02-27,2026-04-22,5-Closed Won,True,True,Closed,Outbound
O10905,A1419,Vertex Labs PLC - New Business,U219,New Business,25900.0,BRL,2024-09-21,2024-09-30,6-Closed Lost,True,False,Closed,Referral
O12286,A1273,Fairlane Financial PLC - Expansion,U200,Expansion,31206.0,USD,2024-03-18,2024-06-14,5-Closed Won,True,True,Closed,Event
O98012,A9012,Redmond Labs GmbH - Expansion,U218,Expansion,51954.0,USD,2024-01-24,2024-07-16,5-Closed Won,True,True,Closed,Referral
O10190,A1331,Sable Capital Co - Expansion,U212,Expansion,2982.0,BRL,2026-01-13,2026-01-22,6-Closed Lost,True,False,Closed,Event
O11834,A1297,Redmond Labs GmbH - Expansion,U218,Expansion,51954.0,USD,2024-01-24,2024-07-16,5-Closed Won,True,True,Closed,Referral
O12558,A1308,Caldera Partners Ltd - New Business,U215,New Business,83100.0,BRL,2025-07-05,2025-08-12,6-Closed Lost,True,False,Closed,Event
O12372,A1208,Marrow Labs PLC - New Business,U219,New Business,22500.0,USD,2024-06-22,2024-09-10,5-Closed Won,True,True,Closed,Event
O12156,A1311,Cobalt Financial Inc - Renewal,U214,Renewal,253100.0,USD,2025-06-27,2025-11-08,5-Closed Won,True,True,Closed,Outbound
O10853,A1280,Lumen Advisors PLC - Renewal,U201,Renewal,192300.0,SGD,2026-06-01,2026-10-26,2-Qualified,False,False,Pipeline,Event
O12151,A1312,Quarry Trust SA - Renewal,U204,Renewal,102900.0,EUR,2026-03-15,2026-05-03,5-Closed Won,True,True,Closed,Outbound
O12093,A1226,Dovetail Advisors Pte Ltd - New Business,U214,New Business,38300.0,BRL,2025-08-01,2025-07-18,5-Closed Won,True,True,Closed,Inbound
O12098,A1062,Solstice Systems Inc - New Business,U217,New Business,230100.0,USD,2026-03-27,2026-05-30,6-Closed Lost,True,False,Closed,Inbound
O10860,A1335,Quarry Financial Co - New Business,U213,New Business,180700.0,USD,2024-01-16,2024-05-31,6-Closed Lost,True,False,Closed,Inbound
O98017,A9501,Keystone Bancorp Ltd - Expansion,U222,Expansion,38178.0,USD,2025-12-11,2026-01-20,6-Closed Lost,True,False,Closed,Partner
O11850,A1112,Vertex Securities LLC - Renewal,U208,Renewal,105400.0,USD,2025-09-03,2025-11-22,6-Closed Lost,True,False,Closed,Outbound
O10685,A1084,Eastgate Financial GmbH - Renewal,U206,Renewal,15000.0,USD,2025-01-07,2025-03-02,5-Closed Won,True,True,Closed,Inbound
O10734,A1285,Quarry Custody PLC - Renewal,U214,Renewal,38500.0,SGD,2025-08-06,2025-08-20,5-Closed Won,True,True,Closed,Outbound
O11746,A1419,Vertex Labs PLC - Renewal,U219,Renewal,43900.0,BRL,2024-12-13,2025-01-08,5-Closed Won,True,True,Closed,Outbound
O11937,A1295,Norsk Ventures LLC - Expansion,U216,Expansion,7980.0,USD,2024-02-02,2024-05-25,5-Closed Won,True,True,Closed,Outbound
O11036,A1342,Northwind Capital Ltd - Renewal,U219,Renewal,31100.0,BRL,2025-04-01,2025-07-18,5-Closed Won,True,True,Closed,Outbound
O12108,A1317,Norsk Bancorp PLC - Renewal,U206,Renewal,308400.0,SGD,2026-02-15,2026-08-27,4-Negotiation,False,False,Pipeline,Inbound
O12487,A1394,Riverbend Labs Pte Ltd - New Business,U202,New Business,114800.0,USD,2026-06-24,2026-11-05,2-Qualified,False,False,Best Case,Event
O11466,A1410,Lattice Ventures Pte Ltd - Expansion,U213,Expansion,14448.0,USD,2025-08-15,2025-09-07,6-Closed Lost,True,False,Closed,Partner
O12254,A1393,Stanhope Group Co - Renewal,U217,Renewal,37400.0,USD,2025-11-29,2026-01-08,5-Closed Won,True,True,Closed,Event
O11469,A1219,Stanhope Partners PLC - New Business,U214,New Business,34500.0,USD,2024-03-10,2024-05-09,6-Closed Lost,True,False,Closed,Inbound
O10107,A1044,Norsk Group GmbH - New Business,U206,New Business,116800.0,USD,2024-10-25,2025-02-26,6-Closed Lost,True,False,Closed,Outbound
O10817,A1136,Fairlane Securities GmbH - Renewal,U222,Renewal,8900.0,USD,2024-04-23,2024-05-14,5-Closed Won,True,True,Closed,Inbound
O10114,A1383,Thorne Trust Ltd - Expansion,U202,Expansion,49602.0,USD,2026-01-05,2026-01-14,5-Closed Won,True,True,Closed,Outbound
O12088,A1066,Halcyon Holdings Inc - Expansion,U216,Expansion,16380.0,USD,2024-06-04,2024-08-28,5-Closed Won,True,True,Closed,Inbound
O10552,A1390,Cobalt Labs LLC - Renewal,U205,Renewal,33300.0,GBP,2024-05-16,2024-07-01,5-Closed Won,True,True,Closed,Inbound
O12385,A1068,Pinnacle Payments Ltd - New Business,U200,New Business,75300.0,USD,2024-02-23,2024-06-14,5-Closed Won,True,True,Closed,Inbound
O12116,A1185,Beltway Ventures SA - New Business,U210,New Business,23100.0,USD,2025-09-03,2025-09-12,6-Closed Lost,True,False,Closed,Inbound
O10899,A1025,Orbit Financial SA - Renewal,U217,Renewal,149500.0,USD,2025-08-26,2025-11-29,6-Closed Lost,True,False,Closed,Event
O11131,A1166,Kestrel Bancorp Inc - Renewal,U215,Renewal,263700.0,GBP,2024-01-23,2024-08-11,5-Closed Won,True,True,Closed,Partner
O11148,A1041,Tessera Partners Inc - Expansion,U222,Expansion,5922.0,USD,2025-02-14,2025-04-26,5-Closed Won,True,True,Closed,Event
O10788,A1009,Harrow Advisors SA - Renewal,U213,Renewal,541300.0,USD,2024-08-16,2025-02-05,5-Closed Won,True,True,Closed,Partner
O10467,A1061,Lattice Securities Inc - Expansion,U206,Expansion,6888.0,USD,2025-06-23,2025-07-03,6-Closed Lost,True,False,Closed,Outbound
O12053,A1205,Riverbend Custody Pte Ltd - Renewal,U212,Renewal,33800.0,USD,2024-07-21,2024-10-04,5-Closed Won,True,True,Closed,Outbound
O11227,A1378,Fairlane Bancorp LLC - New Business,U215,New Business,169000.0,USD,2024-02-25,2024-06-29,5-Closed Won,True,True,Closed,Outbound
O10648,A1338,Tessera Group Inc - Renewal,U217,Renewal,201100.0,EUR,2025-09-21,2026-04-09,5-Closed Won,True,True,Closed,Outbound
O11561,A1191,Juniper Networks Ltd - New Business,U220,New Business,40500.0,EUR,2024-12-04,2025-02-26,6-Closed Lost,True,False,Closed,Outbound
O10699,A1385,Umbra Advisors Ltd - Expansion,U211,Expansion,5712.0,USD,2025-11-19,2026-01-30,5-Closed Won,True,True,Closed,Inbound
O11081,A1248,Keystone Trust Inc - Renewal,U217,Renewal,96900.0,USD,2024-12-29,2025-05-18,5-Closed Won,True,True,Closed,Outbound
O11019,A1089,Vertex Digital Co - Expansion,U200,Expansion,2562.0,BRL,2024-04-24,2024-06-18,5-Closed Won,True,True,Closed,Inbound
O11333,A1332,Pinnacle Capital Co - Expansion,U203,Expansion,120162.0,USD,2026-01-12,2026-07-22,2-Qualified,False,False,Commit,Event
O10382,A1000,Keystone Securities Pte Ltd - Expansion,U206,Expansion,26964.0,USD,2024-09-15,2024-12-07,5-Closed Won,True,True,Closed,Outbound
O10706,A1329,Cobalt Securities SA - New Business,U203,New Business,471300.0,USD,2024-08-20,2025-01-02,6-Closed Lost,True,False,Closed,Inbound
O12353,A1187,Juniper Partners Inc - Renewal,U202,Renewal,19500.0,USD,2025-07-12,2025-10-22,5-Closed Won,True,True,Closed,Partner
O10480,A1142,Northwind Bancorp LLC - Renewal,U220,Renewal,283300.0,USD,2024-03-07,2024-09-25,5-Closed Won,True,True,Closed,Outbound
O12157,A1382,Fairlane Payments Co - New Business,U216,New Business,41600.0,GBP,2024-09-26,2024-11-03,6-Closed Lost,True,False,Closed,Inbound
O99030,A1315,Tessera Partners LLC - New Business,U204,New Business,432100.0,USD,2025-01-24,2025-05-20,5-Closed Won,True,True,Closed,Event
O11646,A1258,Eastgate Financial Co - New Business,U207,New Business,33300.0,USD,2026-06-03,2026-07-26,1-Discovery,False,False,Best Case,Inbound
O99010,A1184,Northwind Securities PLC - Expansion,U208,Expansion,190386.0,USD,2024-03-06,2024-05-22,5-Closed Won,True,True,Closed,Inbound
O11455,A1285,Quarry Custody PLC - New Business,U214,New Business,8500.0,SGD,2025-09-02,2025-09-13,6-Closed Lost,True,False,Closed,Inbound
O10350,A1320,Beltway Ventures Pte Ltd - Renewal,U200,Renewal,232100.0,USD,2024-07-12,2024-08-06,5-Closed Won,True,True,Closed,Outbound
O10522,A1228,Marrow Ventures PLC - Renewal,U218,Renewal,21400.0,USD,2025-04-25,2025-07-24,5-Closed Won,True,True,Closed,Inbound
O11968,A1318,Halcyon Labs Inc - New Business,U209,New Business,42100.0,SGD,2026-06-05,2026-08-17,2-Qualified,False,False,Commit,Inbound
O12232,A1042,Vertex Networks LLC - Renewal,U203,Renewal,569000.0,USD,2024-06-06,2024-10-31,6-Closed Lost,True,False,Closed,Partner
O10659,A1386,Cobalt Digital Pte Ltd - Renewal,U216,Renewal,16900.0,GBP,2024-03-06,2024-06-02,5-Closed Won,True,True,Closed,Referral
O11223,A1012,Harrow Group Pte Ltd - New Business,U212,New Business,19100.0,USD,2026-01-12,2026-01-21,6-Closed Lost,True,False,Closed,Outbound
O10329,A1412,Riverbend Payments GmbH - Renewal,U214,Renewal,30100.0,EUR,2025-01-06,2025-03-05,5-Closed Won,True,True,Closed,Event
O10205,A1065,Quarry Payments Inc - New Business,U210,New Business,65500.0,EUR,2025-08-18,2025-11-05,6-Closed Lost,True,False,Closed,Referral
O10679,A1254,Granite Exchange LLC - New Business,U200,New Business,12700.0,USD,2026-02-20,2026-02-09,6-Closed Lost,True,False,Closed,Event
O11914,A1202,Inlet Exchange Co - Expansion,U201,Expansion,67704.0,USD,2024-02-27,2024-07-20,6-Closed Lost,True,False,Closed,Outbound
O12474,A1019,Keystone Ventures Ltd - New Business,U217,New Business,10800.0,USD,2024-08-25,2024-10-15,5-Closed Won,True,True,Closed,Partner
O12480,A1062,Solstice Systems Inc - Expansion,U217,Expansion,17934.0,USD,2024-05-30,2024-07-29,5-Closed Won,True,True,Closed,Inbound
O11184,A1157,Umbra Payments LLC - Renewal,U203,Renewal,12500.0,EUR,2026-06-08,2026-07-21,3-Proposal,False,False,Commit,Inbound
O10838,A1082,Keystone Ventures GmbH - New Business,U216,New Business,70500.0,BRL,2024-07-20,2024-10-08,6-Closed Lost,True,False,Closed,Outbound
O10142,A1040,Lattice Holdings Pte Ltd - Renewal,U219,Renewal,51700.0,USD,2025-12-20,2026-05-01,6-Closed Lost,True,False,Closed,Event
O11517,A1228,Marrow Ventures PLC - Renewal,U218,Renewal,113600.0,USD,2024-02-28,2024-04-17,5-Closed Won,True,True,Closed,Partner
O12245,A1212,Harrow Analytics LLC - Expansion,U200,Expansion,12684.0,USD,2025-05-16,2025-06-26,6-Closed Lost,True,False,Closed,Outbound
O12311,A1098,Inlet Custody SA - New Business,U223,New Business,433500.0,USD,2024-09-01,2025-02-05,6-Closed Lost,True,False,Closed,Partner
O11437,A1403,Halcyon Trust Inc - Renewal,U222,Renewal,33600.0,USD,2024-07-13,2024-09-30,5-Closed Won,True,True,Closed,Partner
O10399,A1207,Keystone Capital PLC - Renewal,U202,Renewal,19300.0,USD,2024-10-23,2024-11-01,5-Closed Won,True,True,Closed,Event
O11657,A1352,Ardent Group GmbH - New Business,U200,New Business,123800.0,EUR,2025-07-27,2025-10-28,5-Closed Won,True,True,Closed,Inbound
O11742,A1142,Northwind Bancorp LLC - New Business,U220,New Business,70100.0,USD,2026-02-22,2026-07-29,4-Negotiation,False,False,Pipeline,Inbound
O10252,A1159,Lattice Analytics Co - Expansion,U200,Expansion,57750.0,USD,2026-06-13,2026-10-09,3-Proposal,False,False,Pipeline,Inbound
O11084,A1223,Cobalt Capital Co - Renewal,U204,Renewal,99300.0,USD,2026-01-13,2026-05-15,5-Closed Won,True,True,Closed,Event
O10423,A1357,Thorne Digital LLC - New Business,U220,New Business,32300.0,GBP,2025-05-16,2025-08-27,6-Closed Lost,True,False,Closed,Partner
O10218,A1369,Stanhope Labs SA - New Business,U201,New Business,299200.0,GBP,2024-08-23,2024-11-26,6-Closed Lost,True,False,Closed,Partner
O10649,A1296,Vertex Digital LLC - New Business,U205,New Business,185700.0,USD,2024-03-17,2024-09-03,5-Closed Won,True,True,Closed,Outbound
O10497,A1385,Umbra Advisors Ltd - Expansion,U211,Expansion,8148.0,USD,2025-03-03,2025-03-12,6-Closed Lost,True,False,Closed,Outbound
O10784,A1171,Inlet Exchange LLC - Expansion,U206,Expansion,21126.0,USD,2025-05-25,2025-07-31,5-Closed Won,True,True,Closed,Inbound
O10402,A1314,Zenith Labs Pte Ltd - New Business,U223,New Business,60900.0,USD,2026-02-27,2026-03-30,6-Closed Lost,True,False,Closed,Referral
O12307,A1089,Vertex Digital Co - Expansion,U200,Expansion,6888.0,BRL,2024-06-21,2024-06-30,5-Closed Won,True,True,Closed,Inbound
O10997,A1080,Keystone Networks GmbH - New Business,U223,New Business,191600.0,USD,2025-01-20,2025-07-23,6-Closed Lost,True,False,Closed,Inbound
O11086,A1214,Norsk Digital Pte Ltd - Renewal,U217,Renewal,46900.0,USD,2024-10-06,2025-01-18,6-Closed Lost,True,False,Closed,Outbound
O10310,A1241,Auriga Exchange Pte Ltd - Renewal,U209,Renewal,343400.0,SGD,2026-03-29,2026-10-19,1-Discovery,False,False,Best Case,Event
O11960,A1140,Dovetail Exchange GmbH - Renewal,U202,Renewal,57000.0,BRL,2025-06-25,2025-10-11,5-Closed Won,True,True,Closed,Inbound
O10060,A1123,Orbit Trust Inc - Expansion,U218,Expansion,10584.0,GBP,2025-06-29,2025-09-21,5-Closed Won,True,True,Closed,Outbound
O11987,A1273,Fairlane Financial PLC - New Business,U200,New Business,66600.0,USD,2025-11-30,2026-02-09,6-Closed Lost,True,False,Closed,Outbound
O12463,A1261,Westford Payments PLC - Expansion,U214,Expansion,34566.0,USD,2026-04-16,2026-06-28,6-Closed Lost,True,False,Closed,Outbound
O12165,A1198,Westford Holdings LLC - New Business,U217,New Business,133000.0,USD,2026-01-09,2026-02-05,5-Closed Won,True,True,Closed,Outbound
O11365,A1345,Redmond Custody Pte Ltd - Expansion,U206,Expansion,36666.0,USD,2026-05-14,2026-08-28,3-Proposal,False,False,Pipeline,Inbound
O12274,A1179,Thorne Partners SA - Expansion,U204,Expansion,179592.0,USD,2026-04-20,2026-08-30,2-Qualified,False,False,Pipeline,Outbound
O11798,A1118,Redmond Trust SA - New Business,U211,New Business,466000.0,BRL,2024-11-22,2025-05-06,6-Closed Lost,True,False,Closed,Outbound
O12230,A1333,Ironclad Digital Co - Expansion,U203,Expansion,9786.0,USD,2024-02-29,2024-04-21,5-Closed Won,True,True,Closed,Event
O11583,A1276,Inlet Capital GmbH - New Business,U211,New Business,8700.0,EUR,2025-07-08,2025-08-05,6-Closed Lost,True,False,Closed,Inbound
O12424,A1239,Vertex Trust Pte Ltd - New Business,U207,New Business,143300.0,USD,2026-02-02,2026-06-24,6-Closed Lost,True,False,Closed,Referral
O10942,A1193,Granite Labs Ltd - Expansion,U212,Expansion,4914.0,BRL,2025-02-09,2025-02-24,6-Closed Lost,True,False,Closed,Outbound
O10837,A1288,Eastgate Holdings LLC - Renewal,U200,Renewal,40000.0,EUR,2025-04-13,2025-06-22,6-Closed Lost,True,False,Closed,Event
O11825,A1419,Vertex Labs PLC - New Business,U219,New Business,18400.0,BRL,2026-04-10,2026-06-10,5-Closed Won,True,True,Closed,Outbound
O11260,A1075,Caldera Custody PLC - Expansion,U211,Expansion,139356.0,EUR,2025-06-01,2025-09-09,6-Closed Lost,True,False,Closed,Inbound
O12447,A1399,Westford Advisors Ltd - Expansion,U206,Expansion,11802.0,USD,2025-04-25,2025-05-04,5-Closed Won,True,True,Closed,Outbound
O12489,A1124,Quarry Exchange SA - Renewal,U214,Renewal,59000.0,USD,2026-05-12,2026-07-09,4-Negotiation,False,False,Pipeline,Referral
O11826,A1090,Inlet Analytics Inc - Renewal,U207,Renewal,12000.0,USD,2025-06-22,2025-08-02,5-Closed Won,True,True,Closed,Referral
O10120,A1190,Dovetail Custody GmbH - Renewal,U207,Renewal,523300.0,SGD,2025-07-24,2026-01-07,6-Closed Lost,True,False,Closed,Inbound
O11336,A1304,Ardent Exchange GmbH - Expansion,U209,Expansion,13734.0,USD,2025-07-20,2025-11-03,6-Closed Lost,True,False,Closed,Partner
O12355,A1013,Tessera Financial Inc - Renewal,U220,Renewal,154200.0,BRL,2024-10-18,2025-03-02,5-Closed Won,True,True,Closed,Outbound
O11720,A1356,Eastgate Bancorp Ltd - Renewal,U208,Renewal,68700.0,BRL,2026-03-23,2026-07-03,2-Qualified,False,False,Commit,Inbound
O12571,A1151,Harrow Digital Co - New Business,U217,New Business,22500.0,SGD,2024-03-08,2024-04-24,5-Closed Won,True,True,Closed,Inbound
O12494,A1095,Caldera Custody Ltd - New Business,U203,New Business,23200.0,USD,2024-09-06,2024-11-20,6-Closed Lost,True,False,Closed,Partner
O10786,A1048,Umbra Labs LLC - Expansion,U214,Expansion,15792.0,USD,2025-05-11,2025-05-30,6-Closed Lost,True,False,Closed,Inbound
O12029,A1365,Vertex Capital Inc - Expansion,U207,Expansion,4326.0,GBP,2026-04-30,2026-05-09,6-Closed Lost,True,False,Closed,Inbound
O11097,A1042,Vertex Networks LLC - Expansion,U203,Expansion,57162.0,USD,2024-10-03,2025-02-13,6-Closed Lost,True,False,Closed,Inbound
O11678,A1106,Quarry Labs Co - Expansion,U210,Expansion,3108.0,GBP,2025-05-17,2025-05-26,6-Closed Lost,True,False,Closed,Outbound
O12381,A1144,Auriga Exchange Inc - New Business,U212,New Business,15500.0,USD,2026-02-01,2026-02-15,6-Closed Lost,True,False,Closed,Outbound
O12444,A1081,Zenith Digital Ltd - Expansion,U205,Expansion,27384.0,USD,2025-01-18,2025-05-24,5-Closed Won,True,True,Closed,Inbound
O11022,A1156,Fairlane Networks PLC - Expansion,U211,Expansion,23016.0,USD,2025-11-10,2026-03-16,5-Closed Won,True,True,Closed,Inbound
O98009,A9009,Inlet Exchange LLC - Expansion,U206,Expansion,33768.0,USD,2025-02-21,2025-06-22,6-Closed Lost,True,False,Closed,Inbound
O10591,A1326,Beltway Payments Inc - Expansion,U207,Expansion,82026.0,USD,2024-08-01,2024-12-16,6-Closed Lost,True,False,Closed,Inbound
O11522,A1208,Marrow Labs PLC - New Business,U219,New Business,31400.0,USD,2025-07-30,2025-06-24,6-Closed Lost,True,False,Closed,Event
O10638,A1321,Umbra Capital GmbH - New Business,U213,New Business,139800.0,USD,2025-07-31,2025-11-26,6-Closed Lost,True,False,Closed,Inbound
O10138,A1321,Umbra Capital GmbH - Renewal,U213,Renewal,272200.0,USD,2026-01-07,2026-05-02,5-Closed Won,True,True,Closed,Referral
O10165,A1159,Lattice Analytics Co - Renewal,U200,Renewal,196100.0,USD,2025-12-19,2026-03-15,5-Closed Won,True,True,Closed,Outbound
O11386,A1133,Sable Labs Inc - New Business,U217,New Business,33500.0,BRL,2025-03-23,2025-06-23,5-Closed Won,True,True,Closed,Outbound
O10914,A1170,Fairlane Analytics Co - New Business,U220,New Business,617400.0,USD,2026-05-03,2026-10-22,4-Negotiation,False,False,Pipeline,Outbound
O10242,A1410,Lattice Ventures Pte Ltd - New Business,U213,New Business,98600.0,USD,2025-01-11,2025-02-17,5-Closed Won,True,True,Closed,Outbound
O11632,A1062,Solstice Systems Inc - Renewal,U217,Renewal,95800.0,USD,2025-01-25,2025-05-11,5-Closed Won,True,True,Closed,Outbound
O11094,A1143,Granite Advisors GmbH - New Business,U211,New Business,105700.0,USD,2025-12-29,2026-05-07,6-Closed Lost,True,False,Closed,Inbound
O11629,A1212,Harrow Analytics LLC - New Business,U200,New Business,97500.0,USD,2026-03-24,2026-05-07,6-Closed Lost,True,False,Closed,Outbound
O11079,A1225,Fairlane Ventures Pte Ltd - Renewal,U203,Renewal,11600.0,USD,2025-05-16,2025-08-24,5-Closed Won,True,True,Closed,Outbound
O10108,A1242,Tessera Advisors SA - New Business,U209,New Business,8300.0,GBP,2024-12-01,2024-12-10,6-Closed Lost,True,False,Closed,Inbound
O12582,A1287,Tessera Financial LLC - Expansion,U219,Expansion,16884.0,USD,2025-03-25,2025-06-28,6-Closed Lost,True,False,Closed,Inbound
O11532,A1017,Orbit Group LLC - New Business,U222,New Business,13400.0,EUR,2026-03-26,2026-06-27,6-Closed Lost,True,False,Closed,Inbound
O12243,A1112,Vertex Securities LLC - New Business,U208,New Business,54700.0,USD,2025-12-26,2026-04-24,6-Closed Lost,True,False,Closed,Inbound
O11419,A1006,Pinnacle Systems SA - Renewal,U220,Renewal,684200.0,USD,2024-05-02,2024-09-25,5-Closed Won,True,True,Closed,Event
O11842,A1370,Beltway Capital GmbH - Renewal,U220,Renewal,10900.0,USD,2024-06-24,2024-11-01,6-Closed Lost,True,False,Closed,Partner
O10373,A1145,Harrow Labs Pte Ltd - New Business,U211,New Business,6400.0,USD,2025-04-28,2025-06-30,6-Closed Lost,True,False,Closed,Inbound
O10267,A1321,Umbra Capital GmbH - Expansion,U213,Expansion,38472.0,USD,2024-03-03,2024-05-11,6-Closed Lost,True,False,Closed,Outbound
O11486,A1280,Lumen Advisors PLC - New Business,U201,New Business,239300.0,SGD,2025-05-09,2025-11-02,6-Closed Lost,True,False,Closed,Outbound
O10244,A1398,Dovetail Labs Inc - Expansion,U201,Expansion,4620.0,EUR,2024-04-01,2024-05-13,5-Closed Won,True,True,Closed,Inbound
O10392,A1380,Beltway Networks Ltd - New Business,U221,New Business,13300.0,GBP,2025-11-23,2026-01-09,6-Closed Lost,True,False,Closed,Outbound
O11153,A1363,Riverbend Bancorp LLC - Renewal,U223,Renewal,44600.0,EUR,2025-01-16,2025-04-09,5-Closed Won,True,True,Closed,Partner
O10377,A1186,Sable Ventures GmbH - Expansion,U206,Expansion,5712.0,USD,2025-06-22,2025-09-08,5-Closed Won,True,True,Closed,Inbound
O11389,A1374,Gilder Advisors PLC - New Business,U222,New Business,228600.0,SGD,2024-03-20,2024-09-14,6-Closed Lost,True,False,Closed,Partner
O10158,A1302,Lattice Bancorp LLC - New Business,U220,New Business,52700.0,EUR,2026-01-29,2026-04-27,6-Closed Lost,True,False,Closed,Partner
O10643,A1046,Fairlane Labs SA - New Business,U216,New Business,125700.0,USD,2025-05-08,2025-06-25,6-Closed Lost,True,False,Closed,Partner
O12149,A1106,Quarry Labs Co - Renewal,U210,Renewal,21000.0,GBP,2025-11-26,2026-01-12,6-Closed Lost,True,False,Closed,Outbound
O11487,A1145,Harrow Labs Pte Ltd - Renewal,U211,Renewal,56700.0,USD,2025-12-01,2025-12-31,5-Closed Won,True,True,Closed,Inbound
O98004,A9004,Zenith Trust SA - New Business,U220,New Business,110900.0,USD,2025-06-13,2025-08-06,5-Closed Won,True,True,Closed,Outbound
O10280,A1188,Stanhope Holdings Inc - New Business,U217,New Business,110100.0,USD,2025-11-16,2026-01-13,6-Closed Lost,True,False,Closed,Inbound
O10327,A1104,Quarry Partners Pte Ltd - New Business,U216,New Business,43300.0,USD,2024-06-12,2024-07-13,6-Closed Lost,True,False,Closed,Event
O10452,A1196,Pinnacle Group GmbH - Expansion,U211,Expansion,13482.0,GBP,2024-03-09,2024-06-04,6-Closed Lost,True,False,Closed,Partner
O11464,A1044,Norsk Group GmbH - New Business,U206,New Business,30700.0,USD,2025-01-01,2025-03-11,6-Closed Lost,True,False,Closed,Event
O10802,A1108,Quarry Systems Pte Ltd - New Business,U210,New Business,8700.0,USD,2024-07-11,2024-10-21,6-Closed Lost,True,False,Closed,Inbound
O11403,A1249,Vantage Trust PLC - Expansion,U204,Expansion,17640.0,BRL,2026-05-11,2026-05-23,5-Closed Won,True,True,Closed,Outbound
O11303,A1331,Sable Capital Co - Expansion,U212,Expansion,15624.0,BRL,2025-09-19,2025-10-10,5-Closed Won,True,True,Closed,Inbound
O12313,A1323,Tessera Labs Co - Renewal,U215,Renewal,69400.0,SGD,2026-01-31,2026-05-12,5-Closed Won,True,True,Closed,Referral
O10644,A1380,Beltway Networks Ltd - New Business,U221,New Business,6600.0,GBP,2026-06-20,2026-06-29,6-Closed Lost,True,False,Closed,Outbound
O11500,A1354,Eastgate Analytics Ltd - New Business,U207,New Business,23600.0,SGD,2024-08-30,2024-11-02,6-Closed Lost,True,False,Closed,Referral
O12305,A1050,Solstice Bancorp SA - Renewal,U215,Renewal,46400.0,EUR,2024-05-01,2024-07-06,5-Closed Won,True,True,Closed,Partner
O10824,A1276,Inlet Capital GmbH - New Business,U211,New Business,28300.0,EUR,2026-03-24,2026-04-02,6-Closed Lost,True,False,Closed,Partner
O12583,A1408,Ironclad Networks PLC - Expansion,U223,Expansion,11718.0,GBP,2025-04-12,2025-06-10,6-Closed Lost,True,False,Closed,Partner
O12252,A1085,Solstice Capital Pte Ltd - New Business,U223,New Business,6500.0,USD,2025-09-05,2025-11-27,6-Closed Lost,True,False,Closed,Inbound
O11815,A1096,Dovetail Networks SA - Expansion,U212,Expansion,48678.0,USD,2025-09-21,2025-12-30,5-Closed Won,True,True,Closed,Inbound
O11944,A1311,Cobalt Financial Inc - Expansion,U214,Expansion,272832.0,USD,2026-02-16,2026-06-08,5-Closed Won,True,True,Closed,Outbound
O99026,A1217,Stanhope Digital PLC - Expansion,U215,Expansion,4620.0,USD,2024-07-20,2024-10-02,5-Closed Won,True,True,Closed,Outbound
O12285,A1029,Quarry Networks LLC - Expansion,U222,Expansion,145362.0,GBP,2024-05-17,2024-09-22,5-Closed Won,True,True,Closed,Inbound
O11125,A1192,Caldera Capital Pte Ltd - Renewal,U214,Renewal,115900.0,USD,2024-06-26,2024-09-17,5-Closed Won,True,True,Closed,Outbound
O10702,A1107,Keystone Bancorp Ltd - Renewal,U222,Renewal,53300.0,USD,2025-09-20,2026-02-18,5-Closed Won,True,True,Closed,Partner
O10050,A1271,Zenith Trust SA - New Business,U220,New Business,69100.0,USD,2024-10-04,2024-12-29,6-Closed Lost,True,False,Closed,Inbound
O12587,A1277,Zenith Networks Pte Ltd - New Business,U211,New Business,59300.0,USD,2025-10-02,2025-10-11,6-Closed Lost,True,False,Closed,Inbound
O11247,A1056,Ironclad Payments Inc - New Business,U206,New Business,176600.0,USD,2026-06-07,2026-11-03,4-Negotiation,False,False,Best Case,Outbound
O12304,A1089,Vertex Digital Co - Expansion,U200,Expansion,9702.0,BRL,2026-06-14,2026-07-09,3-Proposal,False,False,Pipeline,Partner
O99018,A1093,Thorne Bancorp LLC - New Business,U216,New Business,23700.0,USD,2026-01-25,2026-04-16,6-Closed Lost,True,False,Closed,Partner
O10515,A1220,Beltway Holdings Pte Ltd - Expansion,U223,Expansion,115206.0,USD,2025-09-14,2026-02-10,6-Closed Lost,True,False,Closed,Partner
O11078,A1295,Norsk Ventures LLC - Renewal,U216,Renewal,30100.0,USD,2026-01-20,2026-04-13,5-Closed Won,True,True,Closed,Outbound
O10787,A1082,Keystone Ventures GmbH - New Business,U216,New Business,29700.0,BRL,2025-10-23,2026-01-03,5-Closed Won,True,True,Closed,Referral
O11110,A1364,Lumen Group Pte Ltd - Renewal,U202,Renewal,75100.0,EUR,2024-02-09,2024-02-04,5-Closed Won,True,True,Closed,Inbound
O11795,A1408,Ironclad Networks PLC - Renewal,U223,Renewal,6700.0,GBP,2025-01-02,2025-02-05,5-Closed Won,True,True,Closed,Outbound
O11038,A1051,Bluewater Systems Ltd - Expansion,U202,Expansion,31164.0,USD,2025-09-01,2025-12-07,6-Closed Lost,True,False,Closed,Outbound
O11008,A1316,Pinnacle Payments PLC - New Business,U222,New Business,45200.0,USD,2024-11-01,2025-01-24,6-Closed Lost,True,False,Closed,Inbound
O10326,A1117,Halcyon Financial GmbH - New Business,U214,New Business,29400.0,USD,2026-04-05,2026-05-19,5-Closed Won,True,True,Closed,Inbound
O11116,A1333,Ironclad Digital Co - New Business,U203,New Business,15300.0,USD,2025-05-27,2025-08-28,6-Closed Lost,True,False,Closed,Inbound
O10109,A1417,Lumen Holdings Ltd - New Business,U208,New Business,274300.0,USD,2024-03-11,2024-09-05,6-Closed Lost,True,False,Closed,Partner
O12400,A1362,Juniper Systems SA - New Business,U208,New Business,118700.0,USD,2025-04-23,2025-10-19,6-Closed Lost,True,False,Closed,Event
O10622,A1091,Sable Group Inc - New Business,U211,New Business,226500.0,EUR,2026-05-03,2026-07-20,1-Discovery,False,False,Pipeline,Partner
O10715,A1367,Cobalt Payments Ltd - New Business,U223,New Business,258100.0,USD,2026-04-10,2026-10-07,3-Proposal,False,False,Best Case,Inbound
O11481,A1036,Cobalt Partners Pte Ltd - New Business,U214,New Business,48300.0,EUR,2025-07-30,2025-09-14,6-Closed Lost,True,False,Closed,Referral
O11135,A1362,Juniper Systems SA - Expansion,U208,Expansion,39774.0,USD,2024-03-17,2024-07-06,5-Closed Won,True,True,Closed,Outbound
O10728,A1145,Harrow Labs Pte Ltd - Expansion,U211,Expansion,10542.0,USD,2025-07-11,2025-07-20,5-Closed Won,True,True,Closed,Outbound
O11681,A1269,Granite Custody PLC - Expansion,U208,Expansion,170226.0,EUR,2024-07-03,2024-11-27,6-Closed Lost,True,False,Closed,Outbound
O11665,A1310,Dovetail Ventures Inc - Renewal,U208,Renewal,70700.0,USD,2024-10-15,2024-11-14,5-Closed Won,True,True,Closed,Inbound
O11949,A1010,Auriga Ventures SA - New Business,U219,New Business,123500.0,EUR,2024-04-27,2024-07-27,5-Closed Won,True,True,Closed,Outbound
O10847,A1194,Riverbend Holdings Ltd - Renewal,U217,Renewal,18500.0,USD,2025-01-10,2025-01-07,6-Closed Lost,True,False,Closed,Outbound
O12058,A1363,Riverbend Bancorp LLC - Renewal,U223,Renewal,90400.0,EUR,2026-06-20,2026-08-17,1-Discovery,False,False,Best Case,Outbound
O12545,A1060,Orbit Advisors PLC - New Business,U203,New Business,97300.0,USD,2025-08-16,2025-12-20,5-Closed Won,True,True,Closed,Referral
O12027,A1085,Solstice Capital Pte Ltd - Renewal,U223,Renewal,24200.0,USD,2024-05-29,2024-06-07,5-Closed Won,True,True,Closed,Outbound
O12568,A1349,Norsk Securities Inc - New Business,U206,New Business,16700.0,USD,2025-04-20,2025-06-16,5-Closed Won,True,True,Closed,Outbound
O11306,A1267,Ironclad Digital GmbH - New Business,U202,New Business,46700.0,USD,2026-03-20,2026-07-07,1-Discovery,False,False,Pipeline,Outbound
O10297,A1416,Umbra Bancorp GmbH - New Business,U203,New Business,229600.0,SGD,2026-03-10,2026-06-19,6-Closed Lost,True,False,Closed,Inbound
O10294,A1142,Northwind Bancorp LLC - Expansion,U220,Expansion,543270.0,USD,2024-09-15,2025-03-31,6-Closed Lost,True,False,Closed,Inbound
O11862,A1350,Zenith Systems SA - Renewal,U201,Renewal,136000.0,USD,2024-09-21,2025-04-01,5-Closed Won,True,True,Closed,Outbound
O11093,A1302,Lattice Bancorp LLC - Renewal,U220,Renewal,91600.0,EUR,2025-08-16,2025-11-20,5-Closed Won,True,True,Closed,Inbound
O11513,A1401,Eastgate Partners Inc - New Business,U209,New Business,19200.0,BRL,2024-08-02,2024-08-17,6-Closed Lost,True,False,Closed,Outbound
O98007,A9007,Keystone Labs PLC - New Business,U200,New Business,63700.0,USD,2024-09-15,2024-11-13,6-Closed Lost,True,False,Closed,Inbound
O10953,A1386,Cobalt Digital Pte Ltd - New Business,U216,New Business,19500.0,GBP,2024-03-24,2024-04-12,5-Closed Won,True,True,Closed,Outbound
O12397,A1400,Stanhope Networks Ltd - Renewal,U201,Renewal,114100.0,USD,2026-04-28,2026-09-14,1-Discovery,False,False,Pipeline,Event
O11504,A1245,Quarry Exchange LLC - Renewal,U205,Renewal,27800.0,EUR,2024-05-15,2024-06-05,5-Closed Won,True,True,Closed,Outbound
O10461,A1141,Keystone Financial Pte Ltd - Renewal,U215,Renewal,184000.0,BRL,2024-12-30,2024-12-18,5-Closed Won,True,True,Closed,Outbound
O11396,A1160,Palisade Labs Inc - Expansion,U209,Expansion,52794.0,USD,2025-06-05,2025-10-14,5-Closed Won,True,True,Closed,Outbound
O12174,A1332,Pinnacle Capital Co - New Business,U203,New Business,226000.0,USD,2025-09-08,2026-03-19,6-Closed Lost,True,False,Closed,Referral
O11927,A1395,Westford Networks Co - Renewal,U207,Renewal,356800.0,EUR,2025-11-27,2026-02-22,5-Closed Won,True,True,Closed,Inbound
O11680,A1135,Harrow Custody Pte Ltd - Renewal,U214,Renewal,30700.0,GBP,2025-03-29,2025-06-07,5-Closed Won,True,True,Closed,Outbound
O11988,A1018,Dovetail Bancorp LLC - New Business,U206,New Business,256600.0,EUR,2025-10-21,2026-04-06,6-Closed Lost,True,False,Closed,Event
O10069,A1207,Keystone Capital PLC - New Business,U202,New Business,18000.0,USD,2024-12-13,2024-12-22,6-Closed Lost,True,False,Closed,Inbound
O10991,A1388,Cobalt Financial Pte Ltd - Expansion,U216,Expansion,50736.0,EUR,2025-11-13,2026-05-14,6-Closed Lost,True,False,Closed,Event
O12434,A1026,Gilder Ventures LLC - Expansion,U208,Expansion,11424.0,USD,2024-07-31,2024-08-27,5-Closed Won,True,True,Closed,Partner
O12079,A1069,Lattice Networks LLC - New Business,U219,New Business,53600.0,USD,2024-12-22,2025-02-15,6-Closed Lost,True,False,Closed,Outbound
O10744,A1191,Juniper Networks Ltd - Renewal,U220,Renewal,114500.0,EUR,2024-04-16,2024-07-30,5-Closed Won,True,True,Closed,Outbound
O12550,A1246,Redmond Partners GmbH - New Business,U219,New Business,97900.0,EUR,2024-10-08,2024-11-14,5-Closed Won,True,True,Closed,Inbound
O11088,A1124,Quarry Exchange SA - New Business,U214,New Business,50900.0,USD,2025-02-12,2025-05-07,5-Closed Won,True,True,Closed,Outbound
O12481,A1142,Northwind Bancorp LLC - New Business,U220,New Business,418700.0,USD,2025-07-17,2026-02-05,6-Closed Lost,True,False,Closed,Event
O11791,A1073,Tessera Securities SA - New Business,U213,New Business,58500.0,SGD,2024-09-30,2025-01-11,6-Closed Lost,True,False,Closed,Outbound
O11622,A1015,Vantage Payments Ltd - New Business,U205,New Business,26700.0,USD,2025-11-27,2026-01-11,6-Closed Lost,True,False,Closed,Event
O10062,A1386,Cobalt Digital Pte Ltd - New Business,U216,New Business,9200.0,GBP,2024-12-03,2024-12-14,6-Closed Lost,True,False,Closed,Event
O99028,A1125,Sable Group SA - Renewal,U213,Renewal,95900.0,USD,2025-02-16,2025-06-12,5-Closed Won,True,True,Closed,Inbound
O12000,A1272,Orbit Networks Inc - Renewal,U217,Renewal,13500.0,USD,2026-02-07,2026-02-16,5-Closed Won,True,True,Closed,Outbound
O11000,A1124,Quarry Exchange SA - New Business,U214,New Business,81200.0,USD,2025-06-14,2025-09-25,6-Closed Lost,True,False,Closed,Outbound
O10727,A1009,Harrow Advisors SA - Expansion,U213,Expansion,93114.0,USD,2026-02-08,2026-08-13,1-Discovery,False,False,Best Case,Inbound
O11123,A1261,Westford Payments PLC - New Business,U214,New Business,53400.0,USD,2025-01-27,2025-05-20,5-Closed Won,True,True,Closed,Inbound
O10849,A1192,Caldera Capital Pte Ltd - Renewal,U214,Renewal,204300.0,USD,2025-12-10,2026-06-21,5-Closed Won,True,True,Closed,Event
O12573,A1218,Dovetail Custody PLC - Renewal,U221,Renewal,319200.0,USD,2024-08-24,2024-11-29,5-Closed Won,True,True,Closed,Partner
O11183,A1041,Tessera Partners Inc - Expansion,U222,Expansion,3822.0,USD,2026-06-20,2026-06-29,5-Closed Won,True,True,Closed,Event
O10756,A1284,Kestrel Bancorp GmbH - New Business,U214,New Business,41700.0,GBP,2025-07-28,2025-10-27,5-Closed Won,True,True,Closed,Outbound
O11485,A1189,Orbit Trust LLC - Expansion,U210,Expansion,19656.0,USD,2024-02-16,2024-05-02,5-Closed Won,True,True,Closed,Partner
O11090,A1049,Juniper Trust Pte Ltd - New Business,U209,New Business,248700.0,USD,2024-07-26,2024-12-15,6-Closed Lost,True,False,Closed,Partner
O10546,A1417,Lumen Holdings Ltd - New Business,U208,New Business,135800.0,USD,2024-08-03,2025-01-31,6-Closed Lost,True,False,Closed,Event
O12340,A1042,Vertex Networks LLC - New Business,U203,New Business,292100.0,USD,2025-07-03,2025-11-15,6-Closed Lost,True,False,Closed,Partner
O10961,A1361,Auriga Trust PLC - New Business,U219,New Business,37100.0,USD,2025-12-27,2026-01-05,5-Closed Won,True,True,Closed,Outbound
O10084,A1267,Ironclad Digital GmbH - New Business,U202,New Business,100000.0,USD,2025-10-16,2026-01-17,6-Closed Lost,True,False,Closed,Event
O12521,A1066,Halcyon Holdings Inc - Renewal,U216,Renewal,217900.0,USD,2026-06-24,2026-09-16,3-Proposal,False,False,Best Case,Partner
O11739,A1250,Ironclad Securities Pte Ltd - Expansion,U204,Expansion,37212.0,USD,2026-06-19,2026-10-14,2-Qualified,False,False,Commit,Referral
O11195,A1084,Eastgate Financial GmbH - New Business,U206,New Business,35400.0,USD,2025-02-13,2025-03-19,5-Closed Won,True,True,Closed,Outbound
O11708,A1330,Solstice Advisors SA - New Business,U204,New Business,85700.0,USD,2025-06-12,2025-12-02,6-Closed Lost,True,False,Closed,Outbound
O10345,A1198,Westford Holdings LLC - New Business,U217,New Business,40900.0,USD,2024-12-14,2025-01-22,6-Closed Lost,True,False,Closed,Inbound
O12445,A1236,Marrow Custody GmbH - New Business,U211,New Business,8100.0,USD,2024-12-18,2024-12-27,5-Closed Won,True,True,Closed,Referral
O10455,A1336,Northwind Capital PLC - New Business,U209,New Business,27300.0,SGD,2025-10-09,2025-11-06,6-Closed Lost,True,False,Closed,Inbound
O11992,A1369,Stanhope Labs SA - Renewal,U201,Renewal,83100.0,GBP,2024-08-03,2024-07-15,5-Closed Won,True,True,Closed,Outbound
O11830,A1296,Vertex Digital LLC - Expansion,U205,Expansion,84504.0,USD,2024-07-16,2025-01-19,6-Closed Lost,True,False,Closed,Inbound
O10680,A1129,Inlet Advisors SA - New Business,U215,New Business,54200.0,USD,2025-08-13,2025-09-29,5-Closed Won,True,True,Closed,Event
O99013,A1391,Auriga Labs PLC - New Business,U205,New Business,275000.0,SGD,2025-01-29,2025-07-02,6-Closed Lost,True,False,Closed,Outbound
O10152,A1142,Northwind Bancorp LLC - Renewal,U220,Renewal,120100.0,USD,2024-03-09,2024-07-09,5-Closed Won,True,True,Closed,Inbound
O10296,A1377,Northwind Digital Ltd - New Business,U210,New Business,84000.0,USD,2025-10-16,2026-01-04,6-Closed Lost,True,False,Closed,Outbound
O12084,A1220,Beltway Holdings Pte Ltd - Renewal,U223,Renewal,74200.0,USD,2025-02-05,2025-06-14,5-Closed Won,True,True,Closed,Referral
O10922,A1007,Umbra Networks Inc - Renewal,U209,Renewal,50800.0,USD,2024-08-03,2024-07-18,5-Closed Won,True,True,Closed,Referral
O10501,A1323,Tessera Labs Co - Renewal,U215,Renewal,68000.0,SGD,2025-05-27,2025-10-01,5-Closed Won,True,True,Closed,Outbound
O11225,A1022,Orbit Trust Co - New Business,U220,New Business,10400.0,EUR,2024-04-19,2024-05-25,6-Closed Lost,True,False,Closed,Outbound
O11230,A1324,Gilder Bancorp Pte Ltd - Expansion,U213,Expansion,121212.0,BRL,2024-12-01,2025-03-18,6-Closed Lost,True,False,Closed,Outbound
O12524,A1053,Lumen Labs Pte Ltd - Renewal,U212,Renewal,9900.0,USD,2025-09-06,2025-09-15,5-Closed Won,True,True,Closed,Referral
O10753,A1331,Sable Capital Co - Renewal,U212,Renewal,16500.0,BRL,2025-07-15,2025-08-07,6-Closed Lost,True,False,Closed,Inbound
O98022,A9506,Fairlane Group Pte Ltd - New Business,U201,New Business,126300.0,USD,2024-05-25,2024-09-24,5-Closed Won,True,True,Closed,Outbound
O10587,A1046,Fairlane Labs SA - Expansion,U216,Expansion,27384.0,USD,2025-04-07,2025-06-15,5-Closed Won,True,True,Closed,Inbound
O11711,A1006,Pinnacle Systems SA - Renewal,U220,Renewal,104300.0,USD,2026-03-15,2026-09-19,4-Negotiation,False,False,Best Case,Event
O98041,A9500,Quarry Exchange SA - New Business,U214,New Business,45000.0,USD,2026-04-08,2026-06-02,6-Closed Lost,True,False,Closed,Inbound
O10390,A1283,Caldera Securities PLC - Renewal,U202,Renewal,15600.0,USD,2026-06-05,2026-06-20,5-Closed Won,True,True,Closed,Partner
O11560,A1311,Cobalt Financial Inc - Expansion,U214,Expansion,39438.0,USD,2026-01-09,2026-05-25,6-Closed Lost,True,False,Closed,Partner
O12324,A1338,Tessera Group Inc - New Business,U217,New Business,706800.0,EUR,2025-10-17,2025-10-13,6-Closed Lost,True,False,Closed,Inbound
O11717,A1205,Riverbend Custody Pte Ltd - Expansion,U212,Expansion,26712.0,USD,2026-04-27,2026-05-20,5-Closed Won,True,True,Closed,Outbound
O11566,A1209,Meridian Payments Inc - Expansion,U216,Expansion,15414.0,GBP,2026-03-24,2026-05-07,6-Closed Lost,True,False,Closed,Inbound
O12404,A1404,Solstice Analytics Ltd - New Business,U214,New Business,201100.0,USD,2025-12-08,2026-05-03,5-Closed Won,True,True,Closed,Inbound
O10221,A1337,Harrow Capital Pte Ltd - New Business,U205,New Business,251700.0,USD,2025-07-29,2025-12-30,6-Closed Lost,True,False,Closed,Outbound
O10882,A1380,Beltway Networks Ltd - Renewal,U221,Renewal,16000.0,GBP,2026-04-22,2026-05-01,5-Closed Won,True,True,Closed,Inbound
O12011,A1407,Auriga Systems LLC - Renewal,U205,Renewal,56200.0,BRL,2024-07-25,2024-11-11,5-Closed Won,True,True,Closed,Outbound
O10579,A1371,Palisade Systems Inc - Renewal,U210,Renewal,92900.0,USD,2026-01-16,2026-03-30,5-Closed Won,True,True,Closed,Inbound
O10667,A1001,Fairlane Exchange SA - Renewal,U220,Renewal,34900.0,USD,2024-07-15,2024-09-25,5-Closed Won,True,True,Closed,Outbound
O10148,A1219,Stanhope Partners PLC - New Business,U214,New Business,41500.0,USD,2024-10-30,2024-12-29,6-Closed Lost,True,False,Closed,Outbound
O11228,A1087,Pinnacle Ventures Ltd - Expansion,U214,Expansion,11004.0,USD,2024-12-10,2025-02-18,5-Closed Won,True,True,Closed,Inbound
O11478,A1293,Caldera Bancorp SA - New Business,U203,New Business,149200.0,BRL,2024-06-12,2024-09-27,6-Closed Lost,True,False,Closed,Referral
O12092,A1024,Cobalt Financial Ltd - Expansion,U209,Expansion,110334.0,USD,2024-08-11,2025-01-18,5-Closed Won,True,True,Closed,Outbound
O11174,A1204,Ironclad Trust GmbH - Expansion,U203,Expansion,20622.0,USD,2025-02-25,2025-05-26,6-Closed Lost,True,False,Closed,Outbound
O10089,A1134,Harrow Ventures SA - Renewal,U218,Renewal,126600.0,EUR,2025-11-29,2026-03-04,5-Closed Won,True,True,Closed,Partner
O11378,A1205,Riverbend Custody Pte Ltd - Renewal,U212,Renewal,58500.0,USD,2025-06-09,2025-07-28,5-Closed Won,True,True,Closed,Partner
O12374,A1137,Lumen Digital Inc - New Business,U217,New Business,84700.0,USD,2025-06-10,2025-10-08,6-Closed Lost,True,False,Closed,Event
O11905,A1119,Eastgate Ventures SA - Expansion,U207,Expansion,100128.0,USD,2024-10-11,2024-12-08,6-Closed Lost,True,False,Closed,Outbound
O10436,A1021,Pinnacle Trust SA - Renewal,U209,Renewal,26200.0,BRL,2024-04-20,2024-06-02,5-Closed Won,True,True,Closed,Inbound
O10908,A1346,Riverbend Exchange LLC - Renewal,U220,Renewal,63200.0,USD,2025-10-29,2026-01-09,5-Closed Won,True,True,Closed,Event
O10451,A1275,Gilder Exchange Pte Ltd - Renewal,U205,Renewal,32200.0,USD,2026-02-25,2026-05-13,5-Closed Won,True,True,Closed,Outbound
O12553,A1248,Keystone Trust Inc - New Business,U217,New Business,79400.0,USD,2025-08-24,2025-12-25,6-Closed Lost,True,False,Closed,Inbound
O10668,A1036,Cobalt Partners Pte Ltd - Expansion,U214,Expansion,48930.0,EUR,2026-02-25,2026-06-06,6-Closed Lost,True,False,Closed,Partner
O12421,A1378,Fairlane Bancorp LLC - Renewal,U215,Renewal,139700.0,USD,2025-02-09,2025-07-12,5-Closed Won,True,True,Closed,Partner
O10701,A1083,Tessera Networks PLC - Renewal,U205,Renewal,5100.0,USD,2024-08-10,2024-08-19,5-Closed Won,True,True,Closed,Outbound
O12239,A1055,Granite Securities Ltd - Expansion,U208,Expansion,45612.0,BRL,2026-01-20,2026-04-03,5-Closed Won,True,True,Closed,Outbound
O10895,A1188,Stanhope Holdings Inc - New Business,U217,New Business,236000.0,USD,2025-01-06,2025-05-09,6-Closed Lost,True,False,Closed,Partner
O11158,A1338,Tessera Group Inc - Expansion,U217,Expansion,91518.0,EUR,2025-08-07,2026-02-05,6-Closed Lost,True,False,Closed,Outbound
O11663,A1151,Harrow Digital Co - Renewal,U217,Renewal,35100.0,SGD,2025-10-19,2026-01-16,5-Closed Won,True,True,Closed,Referral
O12190,A1143,Granite Advisors GmbH - Renewal,U211,Renewal,353700.0,USD,2024-11-27,2025-05-13,6-Closed Lost,True,False,Closed,Event
O12133,A1008,Bluewater Securities GmbH - New Business,U203,New Business,94200.0,EUR,2024-04-19,2024-07-03,6-Closed Lost,True,False,Closed,Outbound
O10048,A1117,Halcyon Financial GmbH - Expansion,U214,Expansion,11004.0,USD,2025-07-26,2025-08-15,6-Closed Lost,True,False,Closed,Outbound
O10629,A1089,Vertex Digital Co - New Business,U200,New Business,12700.0,BRL,2025-03-02,2025-03-11,5-Closed Won,True,True,Closed,Referral
O11860,A1162,Lattice Group GmbH - Renewal,U205,Renewal,147700.0,BRL,2024-02-17,2024-07-05,5-Closed Won,True,True,Closed,Outbound
O11297,A1403,Halcyon Trust Inc - New Business,U222,New Business,49400.0,USD,2024-07-08,2024-09-22,6-Closed Lost,True,False,Closed,Outbound
O11784,A1260,Auriga Bancorp SA - Expansion,U220,Expansion,11466.0,USD,2025-03-31,2025-09-18,6-Closed Lost,True,False,Closed,Outbound
O10299,A1065,Quarry Payments Inc - New Business,U210,New Business,84500.0,EUR,2024-10-05,2024-12-11,6-Closed Lost,True,False,Closed,Inbound
O10781,A1125,Sable Group SA - Expansion,U213,Expansion,22428.0,USD,2024-05-08,2024-08-19,6-Closed Lost,True,False,Closed,Partner
O10363,A1278,Thorne Systems Pte Ltd - Renewal,U217,Renewal,22000.0,SGD,2025-09-11,2025-12-06,5-Closed Won,True,True,Closed,Event
O12387,A1050,Solstice Bancorp SA - New Business,U215,New Business,53400.0,EUR,2024-12-14,2025-02-26,6-Closed Lost,True,False,Closed,Inbound
O10437,A1215,Harrow Partners Pte Ltd - New Business,U223,New Business,242200.0,USD,2024-01-19,2024-08-26,6-Closed Lost,True,False,Closed,Inbound
O10463,A1355,Marrow Capital SA - New Business,U202,New Business,32700.0,USD,2024-05-12,2024-07-13,6-Closed Lost,True,False,Closed,Partner
O12438,A1301,Palisade Group LLC - New Business,U210,New Business,157300.0,USD,2024-01-14,2024-06-10,6-Closed Lost,True,False,Closed,Inbound
O11166,A1121,Caldera Holdings Ltd - Renewal,U219,Renewal,53100.0,USD,2024-12-02,2025-02-07,6-Closed Lost,True,False,Closed,Outbound
O11473,A1102,Kestrel Exchange Ltd - Renewal,U210,Renewal,52000.0,USD,2024-06-20,2024-08-29,5-Closed Won,True,True,Closed,Referral
O10405,A1177,Westford Partners GmbH - Expansion,U222,Expansion,49476.0,GBP,2025-09-08,2026-03-04,6-Closed Lost,True,False,Closed,Event
O10237,A1354,Eastgate Analytics Ltd - Renewal,U207,Renewal,18300.0,SGD,2026-02-16,2026-02-25,5-Closed Won,True,True,Closed,Partner
O10078,A1171,Inlet Exchange LLC - New Business,U206,New Business,32500.0,USD,2025-11-07,2026-01-30,6-Closed Lost,True,False,Closed,Event
O10194,A1035,Fairlane Capital LLC - Renewal,U205,Renewal,80900.0,USD,2025-04-16,2025-06-19,5-Closed Won,True,True,Closed,Partner
O10498,A1108,Quarry Systems Pte Ltd - Renewal,U210,Renewal,18800.0,USD,2024-11-26,2025-01-23,5-Closed Won,True,True,Closed,Inbound
O11880,A1324,Gilder Bancorp Pte Ltd - Renewal,U213,Renewal,136100.0,BRL,2025-08-12,2025-11-29,6-Closed Lost,True,False,Closed,Outbound
O10168,A1381,Dovetail Partners LLC - Expansion,U211,Expansion,4746.0,EUR,2025-11-17,2025-12-22,5-Closed Won,True,True,Closed,Event
O11331,A1212,Harrow Analytics LLC - New Business,U200,New Business,71600.0,USD,2024-03-29,2024-06-08,5-Closed Won,True,True,Closed,Outbound
O10665,A1244,Thorne Securities SA - Expansion,U211,Expansion,5670.0,USD,2025-09-17,2025-09-26,5-Closed Won,True,True,Closed,Inbound
O11766,A1398,Dovetail Labs Inc - Expansion,U201,Expansion,9156.0,EUR,2024-06-05,2024-07-01,6-Closed Lost,True,False,Closed,Inbound
O10548,A1195,Auriga Securities Inc - Renewal,U211,Renewal,133900.0,USD,2024-10-09,2025-02-21,5-Closed Won,True,True,Closed,Outbound
O12572,A1382,Fairlane Payments Co - Expansion,U216,Expansion,19152.0,GBP,2024-02-16,2024-04-29,6-Closed Lost,True,False,Closed,Partner
O11150,A1032,Bluewater Ventures PLC - New Business,U207,New Business,56900.0,USD,2024-07-25,2024-08-21,5-Closed Won,True,True,Closed,Partner
O12310,A1140,Dovetail Exchange GmbH - New Business,U202,New Business,62600.0,BRL,2025-03-26,2025-06-29,6-Closed Lost,True,False,Closed,Inbound
O12406,A1345,Redmond Custody Pte Ltd - Renewal,U206,Renewal,20000.0,USD,2025-10-22,2025-09-14,5-Closed Won,True,True,Closed,Inbound
O12195,A1363,Riverbend Bancorp LLC - Expansion,U223,Expansion,18900.0,EUR,2025-10-05,2026-01-01,5-Closed Won,True,True,Closed,Inbound
O10068,A1241,Auriga Exchange Pte Ltd - New Business,U209,New Business,267400.0,SGD,2026-02-27,2026-09-09,1-Discovery,False,False,Pipeline,Event
O10439,A1054,Granite Custody Inc - Expansion,U213,Expansion,98070.0,SGD,2024-12-06,2025-03-10,6-Closed Lost,True,False,Closed,Inbound
O12401,A1000,Keystone Securities Pte Ltd - Renewal,U206,Renewal,62200.0,USD,2024-10-23,2025-01-13,5-Closed Won,True,True,Closed,Outbound
O12418,A1145,Harrow Labs Pte Ltd - Renewal,U211,Renewal,26600.0,USD,2026-02-05,2026-03-30,5-Closed Won,True,True,Closed,Outbound
O11439,A1194,Riverbend Holdings Ltd - New Business,U217,New Business,141600.0,USD,2024-03-22,2024-06-26,6-Closed Lost,True,False,Closed,Outbound
O10609,A1018,Dovetail Bancorp LLC - New Business,U206,New Business,218100.0,EUR,2024-03-20,2024-11-03,6-Closed Lost,True,False,Closed,Outbound
O12188,A1078,Fairlane Custody GmbH - Expansion,U212,Expansion,40362.0,USD,2024-11-09,2025-03-06,6-Closed Lost,True,False,Closed,Partner
O12152,A1393,Stanhope Group Co - New Business,U217,New Business,70700.0,USD,2024-06-06,2024-08-15,6-Closed Lost,True,False,Closed,Partner
O11870,A1359,Thorne Analytics PLC - New Business,U208,New Business,58500.0,EUR,2025-12-28,2026-04-26,5-Closed Won,True,True,Closed,Inbound
O11143,A1143,Granite Advisors GmbH - Expansion,U211,Expansion,73332.0,USD,2026-05-20,2026-11-16,2-Qualified,False,False,Pipeline,Outbound
O11366,A1330,Solstice Advisors SA - Expansion,U204,Expansion,118482.0,USD,2026-03-02,2026-06-13,5-Closed Won,True,True,Closed,Inbound
O10654,A1059,Halcyon Analytics Ltd - Renewal,U217,Renewal,407700.0,USD,2025-03-12,2025-07-24,5-Closed Won,True,True,Closed,Outbound
O10598,A1414,Redmond Systems SA - Renewal,U208,Renewal,94500.0,USD,2024-01-03,2024-03-22,5-Closed Won,True,True,Closed,Outbound
O11020,A1189,Orbit Trust LLC - Renewal,U210,Renewal,35700.0,USD,2025-03-27,2025-06-04,5-Closed Won,True,True,Closed,Inbound
O11205,A1031,Gilder Financial Co - New Business,U203,New Business,35100.0,GBP,2025-04-06,2025-06-10,6-Closed Lost,True,False,Closed,Referral
O11136,A1350,Zenith Systems SA - New Business,U201,New Business,176500.0,USD,2024-04-20,2024-10-30,6-Closed Lost,True,False,Closed,Inbound
O10193,A1330,Solstice Advisors SA - New Business,U204,New Business,170500.0,USD,2024-06-29,2024-11-01,5-Closed Won,True,True,Closed,Inbound
O10203,A1062,Solstice Systems Inc - New Business,U217,New Business,93900.0,USD,2025-06-29,2025-10-05,6-Closed Lost,True,False,Closed,Inbound
O11542,A1354,Eastgate Analytics Ltd - Renewal,U207,Renewal,5100.0,SGD,2025-05-29,2025-07-12,5-Closed Won,True,True,Closed,Inbound
O12586,A1006,Pinnacle Systems SA - Renewal,U220,Renewal,218000.0,USD,2024-01-31,2024-05-16,5-Closed Won,True,True,Closed,Inbound
O10322,A1251,Juniper Group Co - New Business,U218,New Business,19600.0,GBP,2025-02-26,2025-03-07,5-Closed Won,True,True,Closed,Referral
O10663,A1024,Cobalt Financial Ltd - Renewal,U209,Renewal,258800.0,USD,2024-10-20,2025-02-05,5-Closed Won,True,True,Closed,Referral
O10408,A1250,Ironclad Securities Pte Ltd - New Business,U204,New Business,132300.0,USD,2024-11-24,2025-02-15,6-Closed Lost,True,False,Closed,Partner
O10779,A1195,Auriga Securities Inc - New Business,U211,New Business,218900.0,USD,2025-02-21,2025-08-13,6-Closed Lost,True,False,Closed,Outbound
O10999,A1263,Halcyon Partners SA - New Business,U219,New Business,280400.0,USD,2026-04-01,2026-08-22,2-Qualified,False,False,Pipeline,Inbound
O11981,A1146,Granite Labs PLC - Renewal,U223,Renewal,21800.0,USD,2025-07-19,2025-08-07,6-Closed Lost,True,False,Closed,Inbound
O11471,A1417,Lumen Holdings Ltd - Expansion,U208,Expansion,161574.0,USD,2025-11-30,2026-04-17,5-Closed Won,True,True,Closed,Inbound
O11858,A1340,Sable Advisors SA - Renewal,U213,Renewal,462500.0,USD,2024-05-20,2024-10-15,5-Closed Won,True,True,Closed,Inbound
O12242,A1360,Tessera Bancorp Ltd - Renewal,U209,Renewal,65900.0,USD,2026-05-23,2026-09-23,1-Discovery,False,False,Pipeline,Partner
O10694,A1217,Stanhope Digital PLC - New Business,U215,New Business,17200.0,USD,2024-02-20,2024-03-25,6-Closed Lost,True,False,Closed,Outbound
O10898,A1321,Umbra Capital GmbH - New Business,U213,New Business,325400.0,USD,2025-07-25,2026-01-13,6-Closed Lost,True,False,Closed,Inbound
O12161,A1217,Stanhope Digital PLC - Expansion,U215,Expansion,4620.0,USD,2024-07-20,2024-10-02,5-Closed Won,True,True,Closed,Outbound
O12075,A1310,Dovetail Ventures Inc - Expansion,U208,Expansion,53424.0,USD,2025-06-23,2025-08-07,5-Closed Won,True,True,Closed,Referral
O10412,A1179,Thorne Partners SA - New Business,U204,New Business,411600.0,USD,2026-03-14,2026-07-15,1-Discovery,False,False,Commit,Outbound
O12017,A1156,Fairlane Networks PLC - New Business,U211,New Business,171500.0,USD,2024-12-18,2025-05-18,6-Closed Lost,True,False,Closed,Partner
O10637,A1126,Lattice Digital Ltd - New Business,U221,New Business,42800.0,USD,2025-09-29,2026-02-09,6-Closed Lost,True,False,Closed,Outbound
O11816,A1222,Pinnacle Holdings LLC - Expansion,U215,Expansion,25536.0,EUR,2024-04-30,2024-06-05,5-Closed Won,True,True,Closed,Partner
O12198,A1017,Orbit Group LLC - Renewal,U222,Renewal,16400.0,EUR,2025-10-14,2025-10-23,5-Closed Won,True,True,Closed,Outbound
O10603,A1186,Sable Ventures GmbH - New Business,U206,New Business,20200.0,USD,2026-03-28,2026-05-22,6-Closed Lost,True,False,Closed,Inbound
O11648,A1393,Stanhope Group Co - Renewal,U217,Renewal,43700.0,USD,2025-02-09,2025-05-07,5-Closed Won,True,True,Closed,Outbound
O11884,A1072,Keystone Exchange GmbH - Renewal,U213,Renewal,14900.0,GBP,2026-05-01,2026-04-22,6-Closed Lost,True,False,Closed,Event
O11869,A1111,Inlet Securities GmbH - Expansion,U217,Expansion,37464.0,EUR,2025-03-11,2025-08-25,5-Closed Won,True,True,Closed,Event
O11418,A1098,Inlet Custody SA - New Business,U223,New Business,171400.0,USD,2025-06-09,2025-11-12,6-Closed Lost,True,False,Closed,Inbound
O10532,A1397,Gilder Exchange Co - Renewal,U209,Renewal,15600.0,USD,2025-10-28,2025-11-06,5-Closed Won,True,True,Closed,Event
O11085,A1117,Halcyon Financial GmbH - New Business,U214,New Business,14000.0,USD,2025-06-16,2025-06-25,6-Closed Lost,True,False,Closed,Event
O11651,A1419,Vertex Labs PLC - Expansion,U219,Expansion,7266.0,BRL,2024-04-27,2024-07-08,5-Closed Won,True,True,Closed,Outbound
O11308,A1076,Westford Labs GmbH - Renewal,U221,Renewal,180100.0,BRL,2024-03-06,2024-05-13,5-Closed Won,True,True,Closed,Partner
O12048,A1265,Gilder Labs Pte Ltd - Renewal,U218,Renewal,201400.0,USD,2025-10-07,2026-03-28,5-Closed Won,True,True,Closed,Event
O11962,A1124,Quarry Exchange SA - New Business,U214,New Business,287700.0,USD,2024-05-13,2024-06-27,6-Closed Lost,True,False,Closed,Outbound
O99002,A1289,Stanhope Networks GmbH - New Business,U201,New Business,11600.0,GBP,2024-11-20,2024-12-27,6-Closed Lost,True,False,Closed,Outbound
O10093,A1410,Lattice Ventures Pte Ltd - New Business,U213,New Business,64200.0,USD,2025-03-17,2025-06-02,6-Closed Lost,True,False,Closed,Referral
O10014,A1021,Pinnacle Trust SA - New Business,U209,New Business,18500.0,BRL,2025-05-08,2025-07-05,6-Closed Lost,True,False,Closed,Outbound
O10602,A1275,Gilder Exchange Pte Ltd - New Business,U205,New Business,61900.0,USD,2026-01-13,2026-03-14,6-Closed Lost,True,False,Closed,Outbound
O10628,A1078,Fairlane Custody GmbH - Renewal,U212,Renewal,65800.0,USD,2024-11-03,2025-01-11,5-Closed Won,True,True,Closed,Outbound
O10217,A1031,Gilder Financial Co - New Business,U203,New Business,166100.0,GBP,2025-01-13,2025-04-18,5-Closed Won,True,True,Closed,Outbound
O10448,A1009,Harrow Advisors SA - Expansion,U213,Expansion,164094.0,USD,2026-03-23,2026-06-27,5-Closed Won,True,True,Closed,Referral
O11154,A1236,Marrow Custody GmbH - New Business,U211,New Business,23800.0,USD,2024-12-25,2025-01-31,5-Closed Won,True,True,Closed,Inbound
O10219,A1292,Inlet Group GmbH - New Business,U205,New Business,140200.0,GBP,2025-08-27,2026-01-18,6-Closed Lost,True,False,Closed,Referral
O12004,A1111,Inlet Securities GmbH - Expansion,U217,Expansion,60606.0,EUR,2024-12-29,2025-03-24,6-Closed Lost,True,False,Closed,Outbound
O10867,A1136,Fairlane Securities GmbH - New Business,U222,New Business,17500.0,USD,2025-01-28,2025-02-21,5-Closed Won,True,True,Closed,Event
O98019,A9503,Gilder Exchange Pte Ltd - New Business,U205,New Business,61900.0,USD,2026-01-13,2026-03-14,6-Closed Lost,True,False,Closed,Outbound
O12315,A1204,Ironclad Trust GmbH - Renewal,U203,Renewal,66800.0,USD,2026-01-25,2026-05-01,6-Closed Lost,True,False,Closed,Event
O10140,A1357,Thorne Digital LLC - New Business,U220,New Business,55600.0,GBP,2025-12-29,2026-03-25,6-Closed Lost,True,False,Closed,Inbound
O11133,A1204,Ironclad Trust GmbH - Renewal,U203,Renewal,39900.0,USD,2025-04-05,2025-08-12,5-Closed Won,True,True,Closed,Referral
O11245,A1368,Lumen Labs SA - New Business,U201,New Business,201900.0,USD,2026-05-15,2026-10-09,3-Proposal,False,False,Pipeline,Inbound
O11270,A1062,Solstice Systems Inc - New Business,U217,New Business,41500.0,USD,2024-06-25,2024-10-15,6-Closed Lost,True,False,Closed,Event
O11375,A1073,Tessera Securities SA - New Business,U213,New Business,204100.0,SGD,2024-01-18,2024-05-01,6-Closed Lost,True,False,Closed,Event
O12067,A1368,Lumen Labs SA - Expansion,U201,Expansion,117936.0,USD,2025-11-08,2026-02-13,6-Closed Lost,True,False,Closed,Event
O11554,A1240,Northwind Capital Pte Ltd - Expansion,U208,Expansion,5922.0,USD,2026-03-24,2026-07-03,1-Discovery,False,False,Pipeline,Inbound
O12193,A1202,Inlet Exchange Co - New Business,U201,New Business,413500.0,USD,2024-05-17,2024-12-03,5-Closed Won,True,True,Closed,Outbound
O99009,A1238,Quarry Networks PLC - Renewal,U201,Renewal,6800.0,USD,2025-04-24,2025-05-10,5-Closed Won,True,True,Closed,Outbound
O10918,A1352,Ardent Group GmbH - Renewal,U200,Renewal,103700.0,EUR,2024-05-05,2024-08-13,5-Closed Won,True,True,Closed,Event
O11579,A1041,Tessera Partners Inc - Expansion,U222,Expansion,11844.0,USD,2024-06-20,2024-08-05,5-Closed Won,True,True,Closed,Referral
O11641,A1181,Thorne Analytics SA - New Business,U211,New Business,80400.0,USD,2025-06-17,2025-09-01,6-Closed Lost,True,False,Closed,Partner
O10735,A1169,Norsk Systems Ltd - New Business,U208,New Business,243400.0,USD,2024-01-09,2024-05-07,6-Closed Lost,True,False,Closed,Partner
O11474,A1411,Harrow Exchange LLC - New Business,U223,New Business,15500.0,USD,2024-08-30,2024-09-08,6-Closed Lost,True,False,Closed,Partner
O11278,A1405,Beltway Group GmbH - Renewal,U205,Renewal,204900.0,USD,2024-10-30,2025-04-16,5-Closed Won,True,True,Closed,Partner
O10151,A1271,Zenith Trust SA - New Business,U220,New Business,110900.0,USD,2025-06-13,2025-08-06,5-Closed Won,True,True,Closed,Outbound
O11932,A1094,Solstice Networks LLC - Renewal,U206,Renewal,115700.0,USD,2026-02-07,2026-08-01,1-Discovery,False,False,Commit,Inbound
O12316,A1287,Tessera Financial LLC - Renewal,U219,Renewal,9800.0,USD,2024-06-12,2024-07-17,5-Closed Won,True,True,Closed,Outbound
O11061,A1087,Pinnacle Ventures Ltd - Expansion,U214,Expansion,31962.0,USD,2024-07-18,2024-08-07,6-Closed Lost,True,False,Closed,Partner
O10611,A1209,Meridian Payments Inc - Expansion,U216,Expansion,30660.0,GBP,2024-12-10,2025-02-25,5-Closed Won,True,True,Closed,Partner
O10538,A1104,Quarry Partners Pte Ltd - Renewal,U216,Renewal,7100.0,USD,2025-07-05,2025-07-18,5-Closed Won,True,True,Closed,Inbound
O10573,A1277,Zenith Networks Pte Ltd - Renewal,U211,Renewal,17600.0,USD,2024-10-20,2024-12-03,6-Closed Lost,True,False,Closed,Outbound
O10623,A1285,Quarry Custody PLC - Expansion,U214,Expansion,9408.0,SGD,2024-11-14,2024-11-23,6-Closed Lost,True,False,Closed,Outbound
O10416,A1040,Lattice Holdings Pte Ltd - Expansion,U219,Expansion,50274.0,USD,2024-07-15,2024-09-11,5-Closed Won,True,True,Closed,Outbound
O11682,A1386,Cobalt Digital Pte Ltd - New Business,U216,New Business,19800.0,GBP,2024-05-18,2024-07-02,6-Closed Lost,True,False,Closed,Inbound
O11028,A1248,Keystone Trust Inc - New Business,U217,New Business,166600.0,USD,2024-01-04,2024-05-21,6-Closed Lost,True,False,Closed,Outbound
O12269,A1315,Tessera Partners LLC - New Business,U204,New Business,432100.0,USD,2025-01-24,2025-05-20,5-Closed Won,True,True,Closed,Event
O12454,A1222,Pinnacle Holdings LLC - Renewal,U215,Renewal,30900.0,EUR,2024-11-05,2025-02-02,5-Closed Won,True,True,Closed,Inbound
O10453,A1096,Dovetail Networks SA - New Business,U212,New Business,67600.0,USD,2025-11-09,2026-01-28,5-Closed Won,True,True,Closed,Outbound
O10215,A1018,Dovetail Bancorp LLC - New Business,U206,New Business,205600.0,EUR,2025-02-01,2025-08-04,6-Closed Lost,True,False,Closed,Partner
O10002,A1352,Ardent Group GmbH - Renewal,U200,Renewal,291300.0,EUR,2025-03-17,2025-07-26,5-Closed Won,True,True,Closed,Outbound
O11948,A1148,Norsk Trust Co - Expansion,U210,Expansion,9366.0,USD,2024-07-31,2024-08-09,6-Closed Lost,True,False,Closed,Partner
O10031,A1084,Eastgate Financial GmbH - New Business,U206,New Business,20500.0,USD,2025-03-31,2025-05-29,6-Closed Lost,True,False,Closed,Outbound
O10253,A1145,Harrow Labs Pte Ltd - Expansion,U211,Expansion,8190.0,USD,2024-10-22,2024-12-06,6-Closed Lost,True,False,Closed,Partner
O11282,A1226,Dovetail Advisors Pte Ltd - Expansion,U214,Expansion,12348.0,BRL,2025-05-20,2025-08-17,5-Closed Won,True,True,Closed,Partner
O11913,A1209,Meridian Payments Inc - New Business,U216,New Business,30200.0,GBP,2025-03-13,2025-08-09,6-Closed Lost,True,False,Closed,Inbound
O12500,A1188,Stanhope Holdings Inc - New Business,U217,New Business,105100.0,USD,2025-12-21,2026-06-14,5-Closed Won,True,True,Closed,Outbound
O11172,A1333,Ironclad Digital Co - Renewal,U203,Renewal,32800.0,USD,2024-01-16,2024-02-13,5-Closed Won,True,True,Closed,Outbound
O12352,A1315,Tessera Partners LLC - Expansion,U204,Expansion,82824.0,USD,2024-04-19,2024-08-06,5-Closed Won,True,True,Closed,Outbound
O10653,A1119,Eastgate Ventures SA - New Business,U207,New Business,306100.0,USD,2025-10-11,2026-03-12,5-Closed Won,True,True,Closed,Partner
O10503,A1188,Stanhope Holdings Inc - New Business,U217,New Business,169800.0,USD,2024-01-22,2024-05-14,6-Closed Lost,True,False,Closed,Event
O10518,A1270,Beltway Bancorp Co - New Business,U201,New Business,144200.0,SGD,2026-02-07,2026-04-16,6-Closed Lost,True,False,Closed,Inbound
O12549,A1173,Lattice Payments Co - New Business,U219,New Business,75400.0,USD,2026-02-26,2026-01-20,6-Closed Lost,True,False,Closed,Inbound
O10379,A1206,Keystone Systems SA - Expansion,U216,Expansion,58338.0,USD,2024-11-10,2025-01-04,6-Closed Lost,True,False,Closed,Outbound
O12348,A1182,Marrow Group Co - New Business,U203,New Business,549800.0,USD,2025-05-23,2025-12-20,6-Closed Lost,True,False,Closed,Referral
O10818,A1339,Northwind Payments LLC - New Business,U217,New Business,11000.0,GBP,2025-08-13,2025-09-14,6-Closed Lost,True,False,Closed,Inbound
O11724,A1298,Inlet Systems GmbH - Renewal,U219,Renewal,295000.0,BRL,2024-01-03,2024-06-08,5-Closed Won,True,True,Closed,Event
O11901,A1200,Juniper Custody Inc - Expansion,U220,Expansion,15162.0,GBP,2024-05-14,2024-07-18,5-Closed Won,True,True,Closed,Outbound
O12451,A1276,Inlet Capital GmbH - Renewal,U211,Renewal,18900.0,EUR,2026-04-18,2026-06-11,5-Closed Won,True,True,Closed,Partner
O11064,A1297,Redmond Labs GmbH - New Business,U218,New Business,131400.0,USD,2024-05-05,2024-10-26,5-Closed Won,True,True,Closed,Outbound
O12351,A1038,Dovetail Digital LLC - New Business,U209,New Business,28000.0,USD,2026-02-14,2026-03-15,5-Closed Won,True,True,Closed,Inbound
O11980,A1140,Dovetail Exchange GmbH - Renewal,U202,Renewal,36100.0,BRL,2026-04-27,2026-07-26,2-Qualified,False,False,Commit,Outbound
O11117,A1271,Zenith Trust SA - New Business,U220,New Business,45300.0,USD,2024-03-23,2024-05-13,6-Closed Lost,True,False,Closed,Outbound
O12204,A1265,Gilder Labs Pte Ltd - Renewal,U218,Renewal,198700.0,USD,2024-08-10,2024-12-11,5-Closed Won,True,True,Closed,Event
O99025,A1325,Meridian Securities LLC - New Business,U215,New Business,87800.0,USD,2024-06-13,2025-01-02,6-Closed Lost,True,False,Closed,Inbound
O10593,A1417,Lumen Holdings Ltd - Expansion,U208,Expansion,87822.0,USD,2025-11-23,2026-05-27,6-Closed Lost,True,False,Closed,Inbound
O99019,A1032,Bluewater Ventures PLC - New Business,U207,New Business,62600.0,USD,2024-02-09,2024-04-16,6-Closed Lost,True,False,Closed,Partner
O10181,A1173,Lattice Payments Co - Expansion,U219,Expansion,14322.0,USD,2025-11-25,2026-02-09,6-Closed Lost,True,False,Closed,Outbound
O10741,A1184,Northwind Securities PLC - Expansion,U208,Expansion,243306.0,USD,2026-06-04,2026-10-02,1-Discovery,False,False,Pipeline,Outbound
O11394,A1170,Fairlane Analytics Co - New Business,U220,New Business,175500.0,USD,2026-04-15,2026-11-07,2-Qualified,False,False,Commit,Inbound
O10232,A1320,Beltway Ventures Pte Ltd - New Business,U200,New Business,79600.0,USD,2025-02-10,2025-03-23,5-Closed Won,True,True,Closed,Inbound
O10521,A1343,Fairlane Group Pte Ltd - Expansion,U201,Expansion,150360.0,USD,2024-03-16,2024-08-04,5-Closed Won,True,True,Closed,Outbound
O11797,A1231,Meridian Networks Co - Renewal,U210,Renewal,254500.0,BRL,2025-11-05,2026-03-01,5-Closed Won,True,True,Closed,Outbound
O11209,A1304,Ardent Exchange GmbH - Renewal,U209,Renewal,53500.0,USD,2025-04-07,2025-08-03,6-Closed Lost,True,False,Closed,Inbound
O10128,A1348,Stanhope Custody LLC - Renewal,U203,Renewal,203400.0,USD,2024-11-09,2025-02-20,5-Closed Won,True,True,Closed,Referral
O12417,A1234,Lattice Digital Pte Ltd - Expansion,U210,Expansion,19194.0,USD,2026-05-09,2026-08-12,1-Discovery,False,False,Pipeline,Referral
O12357,A1028,Thorne Trust PLC - Renewal,U205,Renewal,576800.0,USD,2024-06-03,2024-11-13,5-Closed Won,True,True,Closed,Inbound
O11501,A1374,Gilder Advisors PLC - New Business,U222,New Business,553300.0,SGD,2024-05-06,2024-10-01,6-Closed Lost,True,False,Closed,Referral
O10957,A1121,Caldera Holdings Ltd - New Business,U219,New Business,59700.0,USD,2026-04-19,2026-07-04,1-Discovery,False,False,Commit,Event
O11311,A1204,Ironclad Trust GmbH - Renewal,U203,Renewal,104100.0,USD,2025-08-11,2025-10-17,5-Closed Won,True,True,Closed,Partner
O11204,A1136,Fairlane Securities GmbH - New Business,U222,New Business,12400.0,USD,2024-11-12,2024-12-18,5-Closed Won,True,True,Closed,Inbound
O12599,A1104,Quarry Partners Pte Ltd - Renewal,U216,Renewal,23100.0,USD,2025-11-18,2025-12-18,6-Closed Lost,True,False,Closed,Inbound
O10605,A1219,Stanhope Partners PLC - Expansion,U214,Expansion,14994.0,USD,2025-01-30,2025-04-20,5-Closed Won,True,True,Closed,Partner
O12086,A1223,Cobalt Capital Co - New Business,U204,New Business,33800.0,USD,2026-04-14,2026-07-25,1-Discovery,False,False,Pipeline,Outbound
O11582,A1126,Lattice Digital Ltd - New Business,U221,New Business,49900.0,USD,2025-06-07,2025-07-07,6-Closed Lost,True,False,Closed,Referral
O10764,A1317,Norsk Bancorp PLC - Expansion,U206,Expansion,380520.0,SGD,2025-06-28,2025-12-29,6-Closed Lost,True,False,Closed,Inbound
O11105,A1170,Fairlane Analytics Co - Expansion,U220,Expansion,114450.0,USD,2024-03-05,2024-07-31,5-Closed Won,True,True,Closed,Event
O12363,A1074,Vertex Systems Pte Ltd - New Business,U213,New Business,30300.0,GBP,2025-06-24,2025-09-09,5-Closed Won,True,True,Closed,Event
O10325,A1348,Stanhope Custody LLC - New Business,U203,New Business,138400.0,USD,2024-01-04,2024-04-24,6-Closed Lost,True,False,Closed,Event
O11346,A1095,Caldera Custody Ltd - New Business,U203,New Business,34500.0,USD,2024-04-25,2024-07-13,6-Closed Lost,True,False,Closed,Outbound
O12323,A1125,Sable Group SA - New Business,U213,New Business,149900.0,USD,2024-07-12,2024-12-12,6-Closed Lost,True,False,Closed,Outbound
O10703,A1252,Auriga Capital Pte Ltd - Renewal,U201,Renewal,57100.0,USD,2024-04-15,2024-07-01,5-Closed Won,True,True,Closed,Event
O10474,A1095,Caldera Custody Ltd - Expansion,U203,Expansion,13776.0,USD,2026-05-31,2026-06-24,6-Closed Lost,True,False,Closed,Partner
O11547,A1142,Northwind Bancorp LLC - New Business,U220,New Business,354600.0,USD,2024-09-14,2025-03-14,6-Closed Lost,True,False,Closed,Inbound
O10034,A1071,Westford Systems Pte Ltd - Renewal,U218,Renewal,170000.0,USD,2025-12-20,2026-04-19,5-Closed Won,True,True,Closed,Inbound
O10110,A1090,Inlet Analytics Inc - New Business,U207,New Business,6700.0,USD,2025-11-15,2026-01-05,5-Closed Won,True,True,Closed,Referral
O12032,A1240,Northwind Capital Pte Ltd - New Business,U208,New Business,10600.0,USD,2025-05-04,2025-06-03,6-Closed Lost,True,False,Closed,Partner
O11608,A1248,Keystone Trust Inc - Expansion,U217,Expansion,131880.0,USD,2024-08-18,2024-12-26,5-Closed Won,True,True,Closed,Outbound
O12389,A1289,Stanhope Networks GmbH - New Business,U201,New Business,11900.0,GBP,2025-05-10,2025-07-24,6-Closed Lost,True,False,Closed,Event
O10806,A1222,Pinnacle Holdings LLC - Expansion,U215,Expansion,40362.0,EUR,2025-11-25,2026-01-17,5-Closed Won,True,True,Closed,Partner
O10071,A1382,Fairlane Payments Co - Expansion,U216,Expansion,25032.0,GBP,2024-01-16,2024-03-20,6-Closed Lost,True,False,Closed,Event
O11756,A1366,Cobalt Networks LLC - New Business,U214,New Business,39600.0,USD,2026-01-26,2026-03-26,6-Closed Lost,True,False,Closed,Inbound
O11803,A1293,Caldera Bancorp SA - New Business,U203,New Business,192900.0,BRL,2025-03-16,2025-08-29,6-Closed Lost,True,False,Closed,Event
O11222,A1065,Quarry Payments Inc - Renewal,U210,Renewal,43100.0,EUR,2026-05-25,2026-09-19,2-Qualified,False,False,Pipeline,Event
O11753,A1279,Sable Ventures Co - Renewal,U208,Renewal,69300.0,USD,2025-04-06,2025-07-29,5-Closed Won,True,True,Closed,Inbound
O10366,A1209,Meridian Payments Inc - New Business,U216,New Business,73100.0,GBP,2024-02-04,2024-05-22,6-Closed Lost,True,False,Closed,Outbound
O11452,A1025,Orbit Financial SA - Renewal,U217,Renewal,938600.0,USD,2026-02-20,2026-08-19,4-Negotiation,False,False,Pipeline,Inbound
O11122,A1123,Orbit Trust Inc - Expansion,U218,Expansion,9618.0,GBP,2024-11-04,2024-11-20,5-Closed Won,True,True,Closed,Outbound
O10147,A1391,Auriga Labs PLC - New Business,U205,New Business,275000.0,SGD,2025-01-29,2025-07-02,6-Closed Lost,True,False,Closed,Outbound
O11970,A1188,Stanhope Holdings Inc - New Business,U217,New Business,163700.0,USD,2026-02-22,2026-06-02,6-Closed Lost,True,False,Closed,Event
O98042,A9501,Tessera Financial LLC - New Business,U219,New Business,6100.0,USD,2024-02-15,2024-02-24,6-Closed Lost,True,False,Closed,Outbound
O12461,A1204,Ironclad Trust GmbH - Expansion,U203,Expansion,28308.0,USD,2025-08-17,2025-10-16,5-Closed Won,True,True,Closed,Referral
O10476,A1038,Dovetail Digital LLC - Expansion,U209,Expansion,12180.0,USD,2026-01-31,2026-04-10,5-Closed Won,True,True,Closed,Inbound
O10166,A1270,Beltway Bancorp Co - New Business,U201,New Business,316600.0,SGD,2025-04-17,2025-07-12,6-Closed Lost,True,False,Closed,Inbound
O11370,A1052,Norsk Advisors Co - New Business,U206,New Business,67400.0,USD,2025-04-29,2025-08-27,6-Closed Lost,True,False,Closed,Outbound
O10799,A1268,Caldera Digital Pte Ltd - New Business,U210,New Business,18500.0,GBP,2024-03-29,2024-06-07,6-Closed Lost,True,False,Closed,Outbound
O12359,A1322,Orbit Labs Inc - Renewal,U214,Renewal,144100.0,USD,2025-12-20,2026-03-17,5-Closed Won,True,True,Closed,Inbound
O10570,A1099,Ardent Digital Ltd - New Business,U204,New Business,138900.0,EUR,2025-06-05,2025-11-03,5-Closed Won,True,True,Closed,Event
O98027,A9002,Harrow Exchange LLC - Expansion,U223,Expansion,4620.0,USD,2025-07-18,2025-10-21,5-Closed Won,True,True,Closed,Outbound
O98002,A9002,Stanhope Holdings Inc - Renewal,U217,Renewal,134500.0,USD,2025-07-19,2025-11-04,5-Closed Won,True,True,Closed,Partner
O12380,A1226,Dovetail Advisors Pte Ltd - Expansion,U214,Expansion,14700.0,BRL,2024-12-07,2025-03-05,6-Closed Lost,True,False,Closed,Inbound
O11845,A1025,Orbit Financial SA - Renewal,U217,Renewal,440800.0,USD,2024-04-01,2024-07-18,6-Closed Lost,True,False,Closed,Event
O11969,A1260,Auriga Bancorp SA - Renewal,U220,Renewal,65100.0,USD,2025-03-30,2025-03-20,5-Closed Won,True,True,Closed,Inbound
O12253,A1249,Vantage Trust PLC - New Business,U204,New Business,58100.0,BRL,2024-10-17,2025-02-10,6-Closed Lost,True,False,Closed,Inbound
O11923,A1196,Pinnacle Group GmbH - New Business,U211,New Business,43600.0,GBP,2025-05-14,2025-08-31,6-Closed Lost,True,False,Closed,Partner
O98020,A9504,Ardent Group GmbH - Renewal,U200,Renewal,291300.0,EUR,2025-03-17,2025-07-26,5-Closed Won,True,True,Closed,Outbound
O12300,A1102,Kestrel Exchange Ltd - New Business,U210,New Business,72200.0,USD,2026-03-04,2026-03-13,6-Closed Lost,True,False,Closed,Outbound
O10576,A1271,Zenith Trust SA - Renewal,U220,Renewal,71600.0,USD,2024-09-10,2024-12-09,5-Closed Won,True,True,Closed,Outbound
O10301,A1195,Auriga Securities Inc - Expansion,U211,Expansion,54936.0,USD,2024-09-10,2024-12-21,6-Closed Lost,True,False,Closed,Outbound
O10977,A1189,Orbit Trust LLC - New Business,U210,New Business,16300.0,USD,2024-08-09,2024-11-20,6-Closed Lost,True,False,Closed,Inbound
O11313,A1211,Norsk Financial LLC - Renewal,U207,Renewal,20100.0,BRL,2026-03-13,2026-03-26,5-Closed Won,True,True,Closed,Outbound
O11916,A1185,Beltway Ventures SA - New Business,U210,New Business,22400.0,USD,2025-08-01,2025-08-22,6-Closed Lost,True,False,Closed,Inbound
O12047,A1332,Pinnacle Capital Co - Renewal,U203,Renewal,362900.0,USD,2026-06-02,2026-10-27,2-Qualified,False,False,Pipeline,Inbound
O10016,A1171,Inlet Exchange LLC - New Business,U206,New Business,44100.0,USD,2025-11-10,2026-02-06,6-Closed Lost,True,False,Closed,Inbound
O12595,A1130,Stanhope Capital SA - New Business,U219,New Business,0.0,USD,2025-04-10,2025-11-14,6-Closed Lost,True,False,Closed,Partner
O10344,A1366,Cobalt Networks LLC - Renewal,U214,Renewal,147500.0,USD,2025-11-24,2026-02-07,5-Closed Won,True,True,Closed,Partner
O10936,A1402,Gilder Networks LLC - Expansion,U213,Expansion,23478.0,USD,2026-02-11,2026-02-20,5-Closed Won,True,True,Closed,Outbound
O11553,A1255,Granite Capital PLC - Renewal,U207,Renewal,232300.0,USD,2024-12-13,2025-04-06,5-Closed Won,True,True,Closed,Referral
O10635,A1061,Lattice Securities Inc - Renewal,U206,Renewal,17100.0,USD,2024-03-06,2024-04-13,5-Closed Won,True,True,Closed,Partner
O11060,A1147,Westford Advisors LLC - Renewal,U223,Renewal,15700.0,EUR,2025-10-08,2025-10-17,5-Closed Won,True,True,Closed,Inbound
O11854,A1238,Quarry Networks PLC - Renewal,U201,Renewal,6800.0,USD,2025-04-24,2025-05-10,5-Closed Won,True,True,Closed,Outbound
O10708,A1330,Solstice Advisors SA - New Business,U204,New Business,79300.0,USD,2025-03-09,2025-06-03,6-Closed Lost,True,False,Closed,Partner
O11200,A1251,Juniper Group Co - Renewal,U218,Renewal,16200.0,GBP,2025-01-15,2025-01-26,6-Closed Lost,True,False,Closed,Inbound
O10424,A1203,Harrow Partners Co - Renewal,U207,Renewal,21400.0,USD,2026-05-08,2026-07-02,1-Discovery,False,False,Pipeline,Inbound
O10163,A1284,Kestrel Bancorp GmbH - Expansion,U214,Expansion,41076.0,GBP,2026-05-01,2026-07-02,1-Discovery,False,False,Best Case,Outbound
O11558,A1283,Caldera Securities PLC - Expansion,U202,Expansion,7644.0,USD,2024-03-27,2024-05-04,5-Closed Won,True,True,Closed,Outbound
O99006,A1288,Eastgate Holdings LLC - Renewal,U200,Renewal,54900.0,EUR,2024-07-21,2024-09-27,5-Closed Won,True,True,Closed,Event
O12143,A1400,Stanhope Networks Ltd - Renewal,U201,Renewal,128700.0,USD,2025-08-05,2025-12-21,5-Closed Won,True,True,Closed,Outbound
O98040,A9015,Thorne Partners SA - Expansion,U204,Expansion,136752.0,USD,2025-11-07,2026-02-03,5-Closed Won,True,True,Closed,Referral
O10790,A1087,Pinnacle Ventures Ltd - New Business,U214,New Business,83600.0,USD,2024-04-19,2024-04-28,5-Closed Won,True,True,Closed,Event
O11518,A1256,Palisade Payments Pte Ltd - Renewal,U214,Renewal,543200.0,BRL,2024-11-16,2025-05-12,5-Closed Won,True,True,Closed,Inbound
O11180,A1269,Granite Custody PLC - Renewal,U208,Renewal,200800.0,EUR,2026-01-09,2026-06-08,5-Closed Won,True,True,Closed,Event
O11216,A1326,Beltway Payments Inc - Renewal,U207,Renewal,407500.0,USD,2024-05-16,2024-09-01,6-Closed Lost,True,False,Closed,Outbound
O11839,A1179,Thorne Partners SA - Renewal,U204,Renewal,183700.0,USD,2025-10-01,2026-01-10,5-Closed Won,True,True,Closed,Inbound
O10260,A1085,Solstice Capital Pte Ltd - New Business,U223,New Business,10700.0,USD,2025-09-20,2025-10-17,6-Closed Lost,True,False,Closed,Outbound
O12051,A1413,Vertex Capital PLC - Renewal,U210,Renewal,36100.0,USD,2024-08-28,2024-08-09,6-Closed Lost,True,False,Closed,Partner
O11049,A1410,Lattice Ventures Pte Ltd - Renewal,U213,Renewal,49800.0,USD,2026-05-24,2026-06-08,5-Closed Won,True,True,Closed,Inbound
O12037,A1335,Quarry Financial Co - Expansion,U213,Expansion,63546.0,USD,2025-10-09,2026-03-16,5-Closed Won,True,True,Closed,Inbound
O11613,A1411,Harrow Exchange LLC - Renewal,U223,Renewal,14900.0,USD,2024-04-02,2024-04-11,6-Closed Lost,True,False,Closed,Inbound
O10578,A1310,Dovetail Ventures Inc - Renewal,U208,Renewal,158300.0,USD,2024-04-09,2024-07-18,5-Closed Won,True,True,Closed,Outbound
O11137,A1242,Tessera Advisors SA - Renewal,U209,Renewal,59700.0,GBP,2024-11-14,2024-12-20,5-Closed Won,True,True,Closed,Inbound
O11925,A1322,Orbit Labs Inc - Expansion,U214,Expansion,15036.0,USD,2024-11-26,2025-01-15,6-Closed Lost,True,False,Closed,Inbound
O11569,A1344,Norsk Capital Inc - Expansion,U200,Expansion,25914.0,USD,2024-07-20,2024-08-12,5-Closed Won,True,True,Closed,Outbound
O11514,A1094,Solstice Networks LLC - Expansion,U206,Expansion,66948.0,USD,2026-06-06,2026-10-12,2-Qualified,False,False,Commit,Inbound
O11416,A1074,Vertex Systems Pte Ltd - New Business,U213,New Business,64200.0,GBP,2025-12-15,2026-03-09,6-Closed Lost,True,False,Closed,Referral
O10965,A1038,Dovetail Digital LLC - New Business,U209,New Business,11500.0,USD,2025-01-17,2025-01-26,6-Closed Lost,True,False,Closed,Inbound
O11199,A1153,Stanhope Labs Co - New Business,U215,New Business,65600.0,GBP,2025-05-26,2025-08-07,6-Closed Lost,True,False,Closed,Inbound
O10397,A1052,Norsk Advisors Co - New Business,U206,New Business,58600.0,USD,2024-09-18,2024-10-25,6-Closed Lost,True,False,Closed,Inbound
O10027,A1209,Meridian Payments Inc - Renewal,U216,Renewal,53600.0,GBP,2025-11-21,2026-01-22,5-Closed Won,True,True,Closed,Inbound
O11399,A1056,Ironclad Payments Inc - New Business,U206,New Business,81200.0,USD,2024-05-27,2024-10-29,6-Closed Lost,True,False,Closed,Outbound
O12287,A1079,Lumen Trust Ltd - New Business,U210,New Business,29600.0,USD,2026-06-01,2026-07-18,1-Discovery,False,False,Pipeline,Partner
O10967,A1096,Dovetail Networks SA - Renewal,U212,Renewal,53700.0,USD,2026-03-27,2026-07-02,3-Proposal,False,False,Pipeline,Outbound
O10514,A1195,Auriga Securities Inc - New Business,U211,New Business,125200.0,USD,2024-09-19,2024-12-09,6-Closed Lost,True,False,Closed,Referral
O12231,A1071,Westford Systems Pte Ltd - New Business,U218,New Business,96700.0,USD,2024-05-31,2024-10-29,6-Closed Lost,True,False,Closed,Outbound
O10443,A1068,Pinnacle Payments Ltd - New Business,U200,New Business,143100.0,USD,2025-05-21,2025-07-14,6-Closed Lost,True,False,Closed,Outbound
O10969,A1276,Inlet Capital GmbH - Expansion,U211,Expansion,5082.0,EUR,2026-01-16,2026-04-04,5-Closed Won,True,True,Closed,Partner
O11638,A1256,Palisade Payments Pte Ltd - Renewal,U214,Renewal,248200.0,BRL,2024-05-05,2024-10-04,5-Closed Won,True,True,Closed,Event
O12535,A1283,Caldera Securities PLC - Expansion,U202,Expansion,4242.0,USD,2025-07-29,2025-09-19,5-Closed Won,True,True,Closed,Inbound
O11621,A1079,Lumen Trust Ltd - Expansion,U210,Expansion,24150.0,USD,2026-03-28,2026-05-17,6-Closed Lost,True,False,Closed,Referral
O10941,A1380,Beltway Networks Ltd - Expansion,U221,Expansion,10248.0,GBP,2025-09-24,2025-12-11,6-Closed Lost,True,False,Closed,Outbound
O10574,A1385,Umbra Advisors Ltd - Expansion,U211,Expansion,8904.0,USD,2025-06-16,2025-06-25,5-Closed Won,True,True,Closed,Referral
O12014,A1025,Orbit Financial SA - Renewal,U217,Renewal,322900.0,USD,2024-08-29,2025-02-16,6-Closed Lost,True,False,Closed,Partner
O12259,A1041,Tessera Partners Inc - New Business,U222,New Business,13500.0,USD,2025-10-01,2025-10-10,6-Closed Lost,True,False,Closed,Outbound
O99011,A1036,Cobalt Partners Pte Ltd - New Business,U214,New Business,48300.0,EUR,2025-07-30,2025-09-14,6-Closed Lost,True,False,Closed,Referral
O12112,A1253,Ironclad Securities PLC - New Business,U216,New Business,90300.0,BRL,2025-08-22,2025-12-03,5-Closed Won,True,True,Closed,Referral
O11790,A1396,Thorne Advisors Pte Ltd - Expansion,U209,Expansion,5712.0,USD,2025-10-22,2025-10-31,6-Closed Lost,True,False,Closed,Event
O10768,A1351,Juniper Trust Co - New Business,U203,New Business,239500.0,EUR,2026-01-20,2026-06-16,5-Closed Won,True,True,Closed,Inbound
O12369,A1285,Quarry Custody PLC - Renewal,U214,Renewal,19800.0,SGD,2025-11-27,2025-12-06,5-Closed Won,True,True,Closed,Event
O11593,A1031,Gilder Financial Co - New Business,U203,New Business,45100.0,GBP,2025-08-05,2025-09-26,5-Closed Won,True,True,Closed,Event
O10981,A1042,Vertex Networks LLC - Renewal,U203,Renewal,217500.0,USD,2024-12-16,2025-07-19,5-Closed Won,True,True,Closed,Inbound
O11317,A1357,Thorne Digital LLC - Renewal,U220,Renewal,60300.0,GBP,2025-07-08,2025-11-02,5-Closed Won,True,True,Closed,Inbound
O11782,A1330,Solstice Advisors SA - Expansion,U204,Expansion,123900.0,USD,2025-08-30,2026-01-02,6-Closed Lost,True,False,Closed,Inbound
O10966,A1265,Gilder Labs Pte Ltd - Renewal,U218,Renewal,264100.0,USD,2025-03-07,2025-08-07,6-Closed Lost,True,False,Closed,Event
O10595,A1396,Thorne Advisors Pte Ltd - New Business,U209,New Business,12700.0,USD,2026-03-14,2026-05-11,6-Closed Lost,True,False,Closed,Partner
O10338,A1137,Lumen Digital Inc - New Business,U217,New Business,270200.0,USD,2024-11-21,2025-04-13,5-Closed Won,True,True,Closed,Inbound
O11001,A1209,Meridian Payments Inc - New Business,U216,New Business,55600.0,GBP,2025-12-11,2026-04-29,6-Closed Lost,True,False,Closed,Partner
O11011,A1237,Caldera Partners Co - Renewal,U212,Renewal,181500.0,SGD,2026-05-26,2026-10-04,1-Discovery,False,False,Commit,Partner
O11295,A1307,Zenith Custody GmbH - Renewal,U207,Renewal,127800.0,USD,2026-06-01,2026-10-22,3-Proposal,False,False,Commit,Inbound
O10073,A1104,Quarry Partners Pte Ltd - Expansion,U216,Expansion,6258.0,USD,2026-03-15,2026-04-01,6-Closed Lost,True,False,Closed,Outbound
O11322,A1360,Tessera Bancorp Ltd - Renewal,U209,Renewal,113200.0,USD,2024-07-03,2024-12-17,5-Closed Won,True,True,Closed,Inbound
O11644,A1211,Norsk Financial LLC - New Business,U207,New Business,9400.0,BRL,2025-05-02,2025-05-11,5-Closed Won,True,True,Closed,Outbound
O12168,A1300,Beltway Holdings Co - New Business,U220,New Business,380900.0,USD,2025-01-13,2025-09-09,6-Closed Lost,True,False,Closed,Inbound
O10773,A1138,Northwind Digital SA - New Business,U210,New Business,104900.0,USD,2024-12-28,2025-07-16,5-Closed Won,True,True,Closed,Inbound
O12107,A1118,Redmond Trust SA - New Business,U211,New Business,181900.0,BRL,2025-07-17,2026-02-05,6-Closed Lost,True,False,Closed,Outbound
O12293,A1160,Palisade Labs Inc - New Business,U209,New Business,156100.0,USD,2025-10-14,2026-03-13,6-Closed Lost,True,False,Closed,Referral
O12237,A1359,Thorne Analytics PLC - New Business,U208,New Business,21800.0,EUR,2026-03-17,2026-04-24,6-Closed Lost,True,False,Closed,Inbound
O11140,A1381,Dovetail Partners LLC - Renewal,U211,Renewal,20900.0,EUR,2025-03-22,2025-05-27,5-Closed Won,True,True,Closed,Partner
O10264,A1167,Halcyon Digital GmbH - New Business,U223,New Business,31500.0,USD,2026-02-27,2026-05-30,6-Closed Lost,True,False,Closed,Event
O11733,A1329,Cobalt Securities SA - New Business,U203,New Business,168100.0,USD,2025-09-24,2026-02-15,6-Closed Lost,True,False,Closed,Outbound
O12238,A1131,Norsk Holdings GmbH - New Business,U207,New Business,183000.0,USD,2024-05-31,2024-10-16,5-Closed Won,True,True,Closed,Inbound
O11872,A1062,Solstice Systems Inc - New Business,U217,New Business,46500.0,USD,2025-06-13,2025-11-03,6-Closed Lost,True,False,Closed,Inbound
O10556,A1048,Umbra Labs LLC - New Business,U214,New Business,27800.0,USD,2024-01-13,2024-05-01,5-Closed Won,True,True,Closed,Partner
O11817,A1187,Juniper Partners Inc - Renewal,U202,Renewal,30500.0,USD,2024-03-09,2024-04-16,5-Closed Won,True,True,Closed,Partner
O11444,A1080,Keystone Networks GmbH - Renewal,U223,Renewal,165700.0,USD,2025-03-09,2025-09-11,5-Closed Won,True,True,Closed,Partner
O10670,A1182,Marrow Group Co - Renewal,U203,Renewal,195400.0,USD,2025-09-21,2026-03-10,6-Closed Lost,True,False,Closed,Inbound
O11163,A1381,Dovetail Partners LLC - New Business,U211,New Business,15100.0,EUR,2024-10-15,2024-11-21,6-Closed Lost,True,False,Closed,Partner
O10572,A1040,Lattice Holdings Pte Ltd - New Business,U219,New Business,37200.0,USD,2026-01-15,2026-01-25,6-Closed Lost,True,False,Closed,Event
O12089,A1030,Cobalt Digital GmbH - New Business,U202,New Business,129700.0,USD,2025-08-03,2025-09-21,6-Closed Lost,True,False,Closed,Inbound
O10257,A1316,Pinnacle Payments PLC - Renewal,U222,Renewal,40000.0,USD,2024-03-10,2024-02-04,5-Closed Won,True,True,Closed,Partner
O12135,A1339,Northwind Payments LLC - Expansion,U217,Expansion,8988.0,GBP,2024-11-03,2024-11-12,6-Closed Lost,True,False,Closed,Outbound
O10123,A1304,Ardent Exchange GmbH - Expansion,U209,Expansion,18018.0,USD,2024-01-26,2024-06-16,5-Closed Won,True,True,Closed,Outbound
O11032,A1418,Redmond Custody GmbH - Renewal,U209,Renewal,84400.0,SGD,2024-10-28,2025-01-01,5-Closed Won,True,True,Closed,Referral
O10287,A1035,Fairlane Capital LLC - Expansion,U205,Expansion,18984.0,USD,2024-09-13,2024-11-25,6-Closed Lost,True,False,Closed,Inbound
O12466,A1276,Inlet Capital GmbH - Renewal,U211,Renewal,5400.0,EUR,2024-03-08,2024-03-17,5-Closed Won,True,True,Closed,Inbound
O12349,A1196,Pinnacle Group GmbH - Renewal,U211,Renewal,56300.0,GBP,2024-05-01,2024-07-26,5-Closed Won,True,True,Closed,Inbound
O10029,A1300,Beltway Holdings Co - New Business,U220,New Business,228200.0,USD,2024-01-28,2024-06-19,6-Closed Lost,True,False,Closed,Inbound
O10616,A1109,Meridian Exchange Inc - New Business,U215,New Business,21500.0,EUR,2024-08-19,2024-10-08,6-Closed Lost,True,False,Closed,Outbound
O11811,A1037,Cobalt Group LLC - New Business,U215,New Business,148500.0,USD,2025-12-13,2026-03-31,5-Closed Won,True,True,Closed,Outbound
O98003,A9003,Granite Financial Ltd - Renewal,U221,Renewal,51300.0,GBP,2024-02-07,2024-04-23,6-Closed Lost,True,False,Closed,Inbound
O11026,A1375,Redmond Ventures PLC - New Business,U216,New Business,323400.0,EUR,2024-05-22,2024-09-21,5-Closed Won,True,True,Closed,Partner
O10211,A1276,Inlet Capital GmbH - Expansion,U211,Expansion,10458.0,EUR,2024-07-10,2024-08-31,5-Closed Won,True,True,Closed,Partner
O11950,A1072,Keystone Exchange GmbH - Expansion,U213,Expansion,12810.0,GBP,2024-12-30,2025-02-19,5-Closed Won,True,True,Closed,Inbound
O10113,A1220,Beltway Holdings Pte Ltd - Expansion,U223,Expansion,57120.0,USD,2024-11-03,2025-02-18,6-Closed Lost,True,False,Closed,Event
O10596,A1016,Fairlane Ventures Co - Expansion,U212,Expansion,16128.0,BRL,2026-04-12,2026-07-12,1-Discovery,False,False,Best Case,Outbound
O11763,A1233,Bluewater Securities Ltd - New Business,U214,New Business,73800.0,USD,2024-12-09,2025-04-05,5-Closed Won,True,True,Closed,Outbound
O10858,A1055,Granite Securities Ltd - Expansion,U208,Expansion,17472.0,BRL,2024-08-22,2024-12-08,6-Closed Lost,True,False,Closed,Outbound
O10191,A1256,Palisade Payments Pte Ltd - New Business,U214,New Business,161700.0,BRL,2024-05-01,2024-06-21,5-Closed Won,True,True,Closed,Inbound
O12270,A1298,Inlet Systems GmbH - Expansion,U219,Expansion,46746.0,BRL,2025-08-24,2025-11-28,6-Closed Lost,True,False,Closed,Partner
O10544,A1164,Lumen Securities GmbH - New Business,U211,New Business,30600.0,USD,2025-08-25,2025-09-05,6-Closed Lost,True,False,Closed,Event
O11940,A1227,Umbra Analytics Inc - New Business,U216,New Business,37700.0,USD,2024-08-02,2024-09-05,5-Closed Won,True,True,Closed,Outbound
O12035,A1352,Ardent Group GmbH - New Business,U200,New Business,190600.0,EUR,2025-10-08,2026-02-08,6-Closed Lost,True,False,Closed,Outbound
O11319,A1255,Granite Capital PLC - Renewal,U207,Renewal,77600.0,USD,2025-08-26,2025-12-07,5-Closed Won,True,True,Closed,Referral
O12338,A1366,Cobalt Networks LLC - Renewal,U214,Renewal,55900.0,USD,2025-11-10,2026-02-06,5-Closed Won,True,True,Closed,Inbound
O12185,A1015,Vantage Payments Ltd - Renewal,U205,Renewal,34200.0,USD,2025-03-08,2025-04-16,5-Closed Won,True,True,Closed,Outbound
O11310,A1018,Dovetail Bancorp LLC - Renewal,U206,Renewal,177500.0,EUR,2025-12-16,2026-06-26,5-Closed Won,True,True,Closed,Outbound
O11080,A1207,Keystone Capital PLC - Expansion,U202,Expansion,4284.0,USD,2026-05-08,2026-06-21,5-Closed Won,True,True,Closed,Referral
O11373,A1261,Westford Payments PLC - Expansion,U214,Expansion,10332.0,USD,2024-06-06,2024-08-13,6-Closed Lost,True,False,Closed,Inbound
O10903,A1150,Stanhope Capital GmbH - Expansion,U206,Expansion,169218.0,EUR,2024-05-28,2024-10-31,5-Closed Won,True,True,Closed,Outbound
O11155,A1082,Keystone Ventures GmbH - New Business,U216,New Business,70900.0,BRL,2026-04-11,2026-05-01,5-Closed Won,True,True,Closed,Event
O10223,A1026,Gilder Ventures LLC - Expansion,U208,Expansion,11088.0,USD,2025-06-27,2025-07-25,6-Closed Lost,True,False,Closed,Outbound
O10948,A1410,Lattice Ventures Pte Ltd - Expansion,U213,Expansion,26796.0,USD,2025-06-25,2025-08-22,5-Closed Won,True,True,Closed,Inbound
O11330,A1415,Marrow Advisors GmbH - New Business,U201,New Business,52800.0,USD,2026-05-17,2026-07-05,2-Qualified,False,False,Commit,Referral
O11459,A1229,Marrow Holdings Inc - New Business,U201,New Business,74500.0,USD,2024-05-10,2024-06-30,5-Closed Won,True,True,Closed,Inbound
O12511,A1292,Inlet Group GmbH - Expansion,U205,Expansion,173628.0,GBP,2024-06-11,2024-10-22,6-Closed Lost,True,False,Closed,Outbound
O11900,A1404,Solstice Analytics Ltd - Expansion,U214,Expansion,58422.0,USD,2026-06-18,2026-09-26,1-Discovery,False,False,Pipeline,Inbound
O11778,A1377,Northwind Digital Ltd - Renewal,U210,Renewal,61300.0,USD,2025-10-26,2026-01-16,5-Closed Won,True,True,Closed,Outbound
O10907,A1201,Westford Financial Co - Renewal,U220,Renewal,15400.0,EUR,2025-02-16,2025-02-25,5-Closed Won,True,True,Closed,Partner
O98026,A9001,Bluewater Systems Ltd - Expansion,U202,Expansion,31164.0,USD,2025-09-01,2025-12-07,6-Closed Lost,True,False,Closed,Outbound
O12292,A1390,Cobalt Labs LLC - Expansion,U205,Expansion,27468.0,GBP,2024-12-26,2025-02-24,6-Closed Lost,True,False,Closed,Inbound
O10666,A1369,Stanhope Labs SA - New Business,U201,New Business,54800.0,GBP,2024-04-04,2024-07-08,6-Closed Lost,True,False,Closed,Partner
O11101,A1271,Zenith Trust SA - Renewal,U220,Renewal,20000.0,USD,2024-11-24,2025-02-11,5-Closed Won,True,True,Closed,Partner
O11454,A1153,Stanhope Labs Co - Renewal,U215,Renewal,40900.0,GBP,2024-02-21,2024-07-30,5-Closed Won,True,True,Closed,Referral
O10740,A1278,Thorne Systems Pte Ltd - Expansion,U217,Expansion,15456.0,SGD,2024-08-22,2024-11-22,5-Closed Won,True,True,Closed,Inbound
O10420,A1264,Lattice Labs Co - New Business,U220,New Business,270400.0,EUR,2025-10-20,2026-02-09,6-Closed Lost,True,False,Closed,Event
O11318,A1019,Keystone Ventures Ltd - Renewal,U217,Renewal,17700.0,USD,2024-07-23,2024-10-03,5-Closed Won,True,True,Closed,Referral
O11776,A1205,Riverbend Custody Pte Ltd - New Business,U212,New Business,99000.0,USD,2025-03-30,2025-07-01,6-Closed Lost,True,False,Closed,Event
O10783,A1166,Kestrel Bancorp Inc - Renewal,U215,Renewal,297100.0,GBP,2026-01-12,2026-06-27,5-Closed Won,True,True,Closed,Inbound
O10696,A1371,Palisade Systems Inc - New Business,U210,New Business,73000.0,USD,2024-01-18,2024-03-17,6-Closed Lost,True,False,Closed,Event
O10909,A1352,Ardent Group GmbH - Expansion,U200,Expansion,275352.0,EUR,2026-03-31,2026-06-17,5-Closed Won,True,True,Closed,Referral
O10041,A1113,Riverbend Trust LLC - Renewal,U214,Renewal,122400.0,SGD,2024-05-21,2024-06-30,5-Closed Won,True,True,Closed,Inbound
O10097,A1038,Dovetail Digital LLC - Renewal,U209,Renewal,14900.0,USD,2024-07-31,2024-08-23,5-Closed Won,True,True,Closed,Referral
O12302,A1080,Keystone Networks GmbH - Expansion,U223,Expansion,42546.0,USD,2024-02-22,2024-09-01,5-Closed Won,True,True,Closed,Inbound
O98039,A9014,Fairlane Labs SA - Expansion,U216,Expansion,27384.0,USD,2025-04-07,2025-06-15,5-Closed Won,True,True,Closed,Inbound
O11519,A1197,Sable Group Pte Ltd - Renewal,U215,Renewal,257200.0,USD,2025-02-09,2025-07-02,6-Closed Lost,True,False,Closed,Inbound
O11664,A1216,Ironclad Ventures Pte Ltd - New Business,U208,New Business,114800.0,BRL,2024-12-31,2025-05-15,6-Closed Lost,True,False,Closed,Partner
O11918,A1016,Fairlane Ventures Co - Expansion,U212,Expansion,16632.0,BRL,2026-03-20,2026-07-21,4-Negotiation,False,False,Pipeline,Event
O12336,A1017,Orbit Group LLC - Renewal,U222,Renewal,14900.0,EUR,2025-11-25,2026-01-26,5-Closed Won,True,True,Closed,Partner
O10178,A1226,Dovetail Advisors Pte Ltd - New Business,U214,New Business,84400.0,BRL,2024-11-25,2024-12-09,6-Closed Lost,True,False,Closed,Event
O11601,A1233,Bluewater Securities Ltd - Renewal,U214,Renewal,47700.0,USD,2025-04-26,2025-05-05,6-Closed Lost,True,False,Closed,Outbound
O12050,A1337,Harrow Capital Pte Ltd - Expansion,U205,Expansion,132804.0,USD,2024-07-11,2024-10-20,5-Closed Won,True,True,Closed,Inbound
O11337,A1230,Quarry Trust LLC - Expansion,U202,Expansion,35448.0,SGD,2025-09-10,2025-12-31,5-Closed Won,True,True,Closed,Partner
O10705,A1405,Beltway Group GmbH - New Business,U205,New Business,159000.0,USD,2024-11-07,2025-05-03,6-Closed Lost,True,False,Closed,Outbound
O10506,A1178,Granite Exchange Co - Expansion,U203,Expansion,29232.0,USD,2026-01-21,2026-02-27,6-Closed Lost,True,False,Closed,Event
O11777,A1270,Beltway Bancorp Co - Renewal,U201,Renewal,326700.0,SGD,2024-08-13,2025-01-26,5-Closed Won,True,True,Closed,Outbound
O12448,A1128,Quarry Labs GmbH - Renewal,U208,Renewal,319200.0,USD,2026-05-14,2026-10-01,3-Proposal,False,False,Pipeline,Outbound
O11723,A1215,Harrow Partners Pte Ltd - Expansion,U223,Expansion,114114.0,USD,2025-05-02,2025-09-29,5-Closed Won,True,True,Closed,Partner
O11449,A1262,Eastgate Partners Ltd - New Business,U217,New Business,27900.0,USD,2025-09-07,2025-10-03,6-Closed Lost,True,False,Closed,Outbound
O12411,A1333,Ironclad Digital Co - Renewal,U203,Renewal,24000.0,USD,2025-10-27,2025-12-19,5-Closed Won,True,True,Closed,Referral
O10017,A1302,Lattice Bancorp LLC - Renewal,U220,Renewal,100500.0,EUR,2025-02-27,2025-05-18,5-Closed Won,True,True,Closed,Partner
O11660,A1417,Lumen Holdings Ltd - New Business,U208,New Business,372900.0,USD,2025-08-07,2025-12-29,6-Closed Lost,True,False,Closed,Partner
O10485,A1393,Stanhope Group Co - Expansion,U217,Expansion,11298.0,USD,2025-08-28,2025-09-22,5-Closed Won,True,True,Closed,Outbound
O10639,A1226,Dovetail Advisors Pte Ltd - Expansion,U214,Expansion,18648.0,BRL,2025-05-01,2025-07-14,6-Closed Lost,True,False,Closed,Outbound
O10058,A1383,Thorne Trust Ltd - New Business,U202,New Business,152800.0,USD,2026-06-18,2026-07-28,2-Qualified,False,False,Commit,Outbound
O98011,A9011,Eastgate Bancorp Ltd - New Business,U208,New Business,133900.0,BRL,2024-08-10,2024-11-15,6-Closed Lost,True,False,Closed,Partner
O11056,A1077,Meridian Custody SA - Renewal,U203,Renewal,74900.0,USD,2024-10-24,2025-03-09,5-Closed Won,True,True,Closed,Outbound
O10913,A1002,Caldera Trust GmbH - New Business,U202,New Business,7800.0,GBP,2026-04-15,2026-04-24,6-Closed Lost,True,False,Closed,Inbound
O11267,A1415,Marrow Advisors GmbH - New Business,U201,New Business,79100.0,USD,2025-04-07,2025-05-31,6-Closed Lost,True,False,Closed,Outbound
O10251,A1065,Quarry Payments Inc - Expansion,U210,Expansion,-9991.8,EUR,2025-03-26,2025-04-29,6-Closed Lost,True,False,Closed,Partner
O11922,A1031,Gilder Financial Co - Renewal,U203,Renewal,35000.0,GBP,2026-05-11,2026-06-12,5-Closed Won,True,True,Closed,Inbound
O11849,A1416,Umbra Bancorp GmbH - Renewal,U203,Renewal,35500.0,SGD,2025-06-20,2025-09-07,5-Closed Won,True,True,Closed,Outbound
O11290,A1094,Solstice Networks LLC - New Business,U206,New Business,241000.0,USD,2026-05-18,2026-09-10,1-Discovery,False,False,Pipeline,Outbound
O11491,A1007,Umbra Networks Inc - Renewal,U209,Renewal,21000.0,USD,2025-07-20,2025-10-19,5-Closed Won,True,True,Closed,Referral
O10813,A1367,Cobalt Payments Ltd - New Business,U223,New Business,196900.0,USD,2025-09-19,2026-03-01,6-Closed Lost,True,False,Closed,Outbound
O12346,A1375,Redmond Ventures PLC - New Business,U216,New Business,227100.0,EUR,2026-01-22,2026-05-13,6-Closed Lost,True,False,Closed,Outbound
O11254,A1217,Stanhope Digital PLC - New Business,U215,New Business,14600.0,USD,2026-03-24,2026-06-06,6-Closed Lost,True,False,Closed,Outbound
O11750,A1129,Inlet Advisors SA - New Business,U215,New Business,12700.0,USD,2026-03-27,2026-06-04,5-Closed Won,True,True,Closed,Event
O10745,A1357,Thorne Digital LLC - Renewal,U220,Renewal,108000.0,GBP,2024-06-21,2024-09-04,5-Closed Won,True,True,Closed,Inbound
O11556,A1024,Cobalt Financial Ltd - New Business,U209,New Business,344100.0,USD,2025-01-22,2025-07-13,6-Closed Lost,True,False,Closed,Partner
O10104,A1203,Harrow Partners Co - Renewal,U207,Renewal,37000.0,USD,2025-01-04,2025-03-24,5-Closed Won,True,True,Closed,Outbound
O11538,A1375,Redmond Ventures PLC - Renewal,U216,Renewal,110000.0,EUR,2024-08-19,2024-12-28,5-Closed Won,True,True,Closed,Outbound
O11822,A1294,Sable Payments SA - New Business,U208,New Business,76500.0,EUR,2025-06-03,2025-07-29,6-Closed Lost,True,False,Closed,Inbound
O12519,A1277,Zenith Networks Pte Ltd - New Business,U211,New Business,30600.0,USD,2026-02-23,2026-03-23,6-Closed Lost,True,False,Closed,Outbound
O12436,A1231,Meridian Networks Co - New Business,U210,New Business,446800.0,BRL,2024-11-08,2025-01-11,6-Closed Lost,True,False,Closed,Referral
O12543,A1231,Meridian Networks Co - Expansion,U210,Expansion,322182.0,BRL,2024-06-04,2024-09-30,5-Closed Won,True,True,Closed,Referral
O10061,A1396,Thorne Advisors Pte Ltd - Renewal,U209,Renewal,37500.0,USD,2025-05-02,2025-05-11,6-Closed Lost,True,False,Closed,Outbound
O12146,A1412,Riverbend Payments GmbH - Expansion,U214,Expansion,16884.0,EUR,2024-05-06,2024-07-26,6-Closed Lost,True,False,Closed,Inbound
O12556,A1024,Cobalt Financial Ltd - New Business,U209,New Business,171900.0,USD,2025-11-19,2026-03-05,6-Closed Lost,True,False,Closed,Outbound
O10724,A1297,Redmond Labs GmbH - New Business,U218,New Business,408100.0,USD,2024-10-07,2025-03-06,6-Closed Lost,True,False,Closed,Inbound
O11712,A1170,Fairlane Analytics Co - Renewal,U220,Renewal,314800.0,USD,2026-05-21,2026-11-10,3-Proposal,False,False,Best Case,Outbound
O10130,A1263,Halcyon Partners SA - Renewal,U219,Renewal,107100.0,USD,2024-09-17,2025-03-10,5-Closed Won,True,True,Closed,Event
O10364,A1354,Eastgate Analytics Ltd - Expansion,U207,Expansion,9366.0,SGD,2024-02-18,2024-04-10,5-Closed Won,True,True,Closed,Partner
O12101,A1200,Juniper Custody Inc - New Business,U220,New Business,11000.0,GBP,2024-07-07,2024-08-24,6-Closed Lost,True,False,Closed,Partner
O11003,A1024,Cobalt Financial Ltd - New Business,U209,New Business,132800.0,USD,2024-05-23,2024-08-16,6-Closed Lost,True,False,Closed,Partner
O12288,A1364,Lumen Group Pte Ltd - Renewal,U202,Renewal,22500.0,EUR,2025-05-06,2025-10-03,5-Closed Won,True,True,Closed,Event
O10285,A1212,Harrow Analytics LLC - Renewal,U200,Renewal,76800.0,USD,2024-12-31,2025-02-19,6-Closed Lost,True,False,Closed,Partner
O11667,A1325,Meridian Securities LLC - Renewal,U215,Renewal,388000.0,USD,2025-04-22,2025-07-10,5-Closed Won,True,True,Closed,Outbound
O11457,A1088,Lattice Labs Pte Ltd - Renewal,U223,Renewal,45600.0,EUR,2025-03-08,2025-06-23,5-Closed Won,True,True,Closed,Inbound
O98043,A9502,Gilder Financial Co - Renewal,U203,Renewal,66200.0,GBP,2025-09-01,2025-12-09,5-Closed Won,True,True,Closed,Outbound
O11695,A1036,Cobalt Partners Pte Ltd - Renewal,U214,Renewal,177600.0,EUR,2026-02-16,2026-06-20,5-Closed Won,True,True,Closed,Inbound
O10134,A1236,Marrow Custody GmbH - New Business,U211,New Business,36900.0,USD,2026-04-25,2026-05-04,6-Closed Lost,True,False,Closed,Outbound
O10082,A1312,Quarry Trust SA - Renewal,U204,Renewal,67500.0,EUR,2024-04-03,2024-07-20,5-Closed Won,True,True,Closed,Event
O10129,A1188,Stanhope Holdings Inc - New Business,U217,New Business,379000.0,USD,2024-03-07,2024-09-04,6-Closed Lost,True,False,Closed,Referral
O11588,A1035,Fairlane Capital LLC - New Business,U205,New Business,107700.0,USD,2024-09-24,2024-12-22,5-Closed Won,True,True,Closed,Event
O11263,A1233,Bluewater Securities Ltd - New Business,U214,New Business,24600.0,USD,2024-11-30,2025-02-21,6-Closed Lost,True,False,Closed,Outbound
O11398,A1355,Marrow Capital SA - New Business,U202,New Business,9800.0,USD,2024-10-25,2024-11-20,6-Closed Lost,True,False,Closed,Inbound
O11146,A1074,Vertex Systems Pte Ltd - New Business,U213,New Business,29100.0,GBP,2024-02-05,2024-05-16,5-Closed Won,True,True,Closed,Outbound
O11972,A1225,Fairlane Ventures Pte Ltd - Expansion,U203,Expansion,15246.0,USD,2025-11-16,2026-02-03,5-Closed Won,True,True,Closed,Referral
O10488,A1096,Dovetail Networks SA - Renewal,U212,Renewal,59200.0,USD,2025-02-24,2025-04-30,5-Closed Won,True,True,Closed,Outbound
O11405,A1205,Riverbend Custody Pte Ltd - New Business,U212,New Business,34700.0,USD,2025-11-16,2025-11-25,5-Closed Won,True,True,Closed,Inbound
O10434,A1234,Lattice Digital Pte Ltd - Renewal,U210,Renewal,57500.0,USD,2024-09-27,2024-12-03,5-Closed Won,True,True,Closed,Inbound
O11607,A1166,Kestrel Bancorp Inc - Renewal,U215,Renewal,85800.0,GBP,2024-11-01,2025-02-15,5-Closed Won,True,True,Closed,Outbound
O11636,A1159,Lattice Analytics Co - Expansion,U200,Expansion,45276.0,USD,2025-09-08,2026-03-27,5-Closed Won,True,True,Closed,Referral
O11139,A1319,Fairlane Securities PLC - Expansion,U201,Expansion,42252.0,USD,2024-06-22,2024-10-13,5-Closed Won,True,True,Closed,Event
O11781,A1188,Stanhope Holdings Inc - New Business,U217,New Business,409400.0,USD,2026-05-17,2026-08-09,1-Discovery,False,False,Pipeline,Inbound
O10924,A1150,Stanhope Capital GmbH - Expansion,U206,Expansion,55566.0,EUR,2024-12-12,2025-05-07,6-Closed Lost,True,False,Closed,Partner
O12216,A1000,Keystone Securities Pte Ltd - New Business,U206,New Business,93400.0,USD,2024-11-01,2024-11-20,6-Closed Lost,True,False,Closed,Outbound
O11253,A1051,Bluewater Systems Ltd - New Business,U202,New Business,71900.0,USD,2025-07-13,2025-09-28,6-Closed Lost,True,False,Closed,Inbound
O11846,A1234,Lattice Digital Pte Ltd - Expansion,U210,Expansion,38052.0,USD,2025-10-26,2025-12-12,6-Closed Lost,True,False,Closed,Outbound
O98033,A9008,Westford Labs GmbH - Renewal,U221,Renewal,336300.0,BRL,2025-01-01,2025-05-31,5-Closed Won,True,True,Closed,Referral
O11730,A1198,Westford Holdings LLC - Expansion,U217,Expansion,17640.0,USD,2026-05-19,2026-06-25,6-Closed Lost,True,False,Closed,Outbound
O12074,A1107,Keystone Bancorp Ltd - Renewal,U222,Renewal,151500.0,USD,2025-09-12,2025-11-24,6-Closed Lost,True,False,Closed,Referral
O12420,A1403,Halcyon Trust Inc - Expansion,U222,Expansion,18144.0,USD,2024-03-30,2024-06-16,5-Closed Won,True,True,Closed,Inbound
O11704,A1126,Lattice Digital Ltd - New Business,U221,New Business,105300.0,USD,2025-12-07,2026-01-12,5-Closed Won,True,True,Closed,Inbound
O11895,A1378,Fairlane Bancorp LLC - Renewal,U215,Renewal,245000.0,USD,2024-07-25,2024-12-16,5-Closed Won,True,True,Closed,Partner
O12430,A1246,Redmond Partners GmbH - New Business,U219,New Business,56400.0,EUR,2025-08-16,2025-10-21,5-Closed Won,True,True,Closed,Partner
O10460,A1317,Norsk Bancorp PLC - Expansion,U206,Expansion,119826.0,SGD,2025-11-07,2026-04-02,6-Closed Lost,True,False,Closed,Partner
O11279,A1009,Harrow Advisors SA - New Business,U213,New Business,200000.0,USD,2025-04-12,2025-08-01,6-Closed Lost,True,False,Closed,Outbound
O11344,A1343,Fairlane Group Pte Ltd - New Business,U201,New Business,0.0,USD,2025-03-26,2025-07-10,6-Closed Lost,True,False,Closed,Outbound
O11856,A1270,Beltway Bancorp Co - New Business,U201,New Business,108600.0,SGD,2024-10-09,2025-01-03,6-Closed Lost,True,False,Closed,Inbound
O10279,A1065,Quarry Payments Inc - Expansion,U210,Expansion,23058.0,EUR,2026-03-16,2026-05-09,5-Closed Won,True,True,Closed,Outbound
O10580,A1216,Ironclad Ventures Pte Ltd - Renewal,U208,Renewal,116900.0,BRL,2025-05-14,2025-10-08,5-Closed Won,True,True,Closed,Inbound
O10963,A1261,Westford Payments PLC - Renewal,U214,Renewal,154500.0,USD,2025-06-13,2025-08-03,6-Closed Lost,True,False,Closed,Event
O10126,A1214,Norsk Digital Pte Ltd - Expansion,U217,Expansion,13230.0,USD,2024-08-30,2024-12-16,6-Closed Lost,True,False,Closed,Event
O11376,A1411,Harrow Exchange LLC - Expansion,U223,Expansion,6300.0,USD,2024-02-09,2024-02-23,6-Closed Lost,True,False,Closed,Outbound
O11447,A1126,Lattice Digital Ltd - New Business,U221,New Business,50400.0,USD,2026-06-13,2026-10-23,1-Discovery,False,False,Commit,Partner
O12579,A1238,Quarry Networks PLC - Expansion,U201,Expansion,4830.0,USD,2025-10-29,2025-12-17,5-Closed Won,True,True,Closed,Partner
O10769,A1130,Stanhope Capital SA - New Business,U219,New Business,333600.0,USD,2024-04-02,2024-07-17,6-Closed Lost,True,False,Closed,Partner
O98013,A9013,Zenith Systems SA - New Business,U201,New Business,298000.0,USD,2024-09-04,2025-01-13,6-Closed Lost,True,False,Closed,Outbound
O10782,A1063,Vertex Capital Co - New Business,U217,New Business,116000.0,BRL,2026-04-18,2026-06-01,5-Closed Won,True,True,Closed,Inbound
O12540,A1160,Palisade Labs Inc - Renewal,U209,Renewal,287600.0,USD,2025-08-17,2026-02-15,5-Closed Won,True,True,Closed,Inbound
O12276,A1096,Dovetail Networks SA - Expansion,U212,Expansion,12222.0,USD,2025-12-16,2026-01-21,6-Closed Lost,True,False,Closed,Event
O11114,A1374,Gilder Advisors PLC - New Business,U222,New Business,187800.0,SGD,2024-10-29,2025-03-21,6-Closed Lost,True,False,Closed,Inbound
O10590,A1303,Auriga Capital Ltd - Expansion,U207,Expansion,12264.0,USD,2024-03-12,2024-05-17,6-Closed Lost,True,False,Closed,Event
O10939,A1179,Thorne Partners SA - Expansion,U204,Expansion,136752.0,USD,2025-11-07,2026-02-03,5-Closed Won,True,True,Closed,Referral
O12427,A1401,Eastgate Partners Inc - Expansion,U209,Expansion,6636.0,BRL,2025-04-26,2025-05-05,5-Closed Won,True,True,Closed,Inbound
O11821,A1224,Auriga Exchange Co - Expansion,U220,Expansion,6930.0,USD,2025-10-10,2025-10-19,6-Closed Lost,True,False,Closed,Inbound
O10038,A1191,Juniper Networks Ltd - Renewal,U220,Renewal,133000.0,EUR,2024-07-17,2024-09-29,5-Closed Won,True,True,Closed,Inbound
O10848,A1396,Thorne Advisors Pte Ltd - New Business,U209,New Business,31900.0,USD,2025-01-14,2025-02-18,6-Closed Lost,True,False,Closed,Event
O10893,A1160,Palisade Labs Inc - New Business,U209,New Business,171500.0,USD,2024-12-07,2025-06-08,6-Closed Lost,True,False,Closed,Outbound
O11653,A1407,Auriga Systems LLC - New Business,U205,New Business,37700.0,BRL,2026-03-20,2026-08-06,1-Discovery,False,False,Pipeline,Partner
O11780,A1254,Granite Exchange LLC - New Business,U200,New Business,26100.0,USD,2026-06-19,2026-08-18,1-Discovery,False,False,Pipeline,Event
O10562,A1413,Vertex Capital PLC - Renewal,U210,Renewal,20700.0,USD,2024-08-13,2024-08-22,5-Closed Won,True,True,Closed,Partner
O11130,A1096,Dovetail Networks SA - Renewal,U212,Renewal,133500.0,USD,2026-04-18,2026-06-19,5-Closed Won,True,True,Closed,Outbound
O12591,A1394,Riverbend Labs Pte Ltd - New Business,U202,New Business,23300.0,USD,2025-03-20,2025-06-16,5-Closed Won,True,True,Closed,Inbound
O10417,A1119,Eastgate Ventures SA - New Business,U207,New Business,163300.0,USD,2024-04-07,2024-07-14,6-Closed Lost,True,False,Closed,Outbound
O10632,A1376,Tessera Systems Inc - Renewal,U216,Renewal,18000.0,EUR,2024-09-03,2024-09-12,5-Closed Won,True,True,Closed,Inbound
O12264,A1067,Quarry Custody SA - New Business,U220,New Business,14400.0,USD,2025-01-27,2025-03-16,6-Closed Lost,True,False,Closed,Event
O12598,A1027,Eastgate Financial SA - New Business,U200,New Business,25700.0,USD,2025-09-02,2025-12-12,5-Closed Won,True,True,Closed,Inbound
O10889,A1169,Norsk Systems Ltd - New Business,U208,New Business,160000.0,USD,2024-04-01,2024-08-15,5-Closed Won,True,True,Closed,Referral
O10196,A1275,Gilder Exchange Pte Ltd - New Business,U205,New Business,35600.0,USD,2026-03-30,2026-07-04,3-Proposal,False,False,Best Case,Outbound
O11262,A1205,Riverbend Custody Pte Ltd - Renewal,U212,Renewal,47600.0,USD,2024-05-01,2024-07-14,6-Closed Lost,True,False,Closed,Inbound
O12196,A1368,Lumen Labs SA - Renewal,U201,Renewal,192000.0,USD,2024-12-16,2025-06-02,5-Closed Won,True,True,Closed,Inbound
O11053,A1020,Bluewater Labs PLC - Expansion,U210,Expansion,9366.0,SGD,2025-08-18,2025-10-28,6-Closed Lost,True,False,Closed,Outbound
O11100,A1018,Dovetail Bancorp LLC - Renewal,U206,Renewal,273000.0,EUR,2025-06-01,2025-11-08,5-Closed Won,True,True,Closed,Referral
O11194,A1195,Auriga Securities Inc - Renewal,U211,Renewal,120600.0,USD,2024-04-13,2024-11-10,6-Closed Lost,True,False,Closed,Outbound
O10594,A1103,Granite Financial Ltd - New Business,U221,New Business,17300.0,GBP,2024-10-30,2025-01-25,6-Closed Lost,True,False,Closed,Event
O11978,A1188,Stanhope Holdings Inc - Expansion,U217,Expansion,164304.0,USD,2025-06-25,2025-12-15,6-Closed Lost,True,False,Closed,Partner
O10172,A1021,Pinnacle Trust SA - New Business,U209,New Business,16100.0,BRL,2025-07-12,2025-07-21,6-Closed Lost,True,False,Closed,Inbound
O10407,A1411,Harrow Exchange LLC - New Business,U223,New Business,17100.0,USD,2026-02-23,2026-05-30,6-Closed Lost,True,False,Closed,Outbound
O11529,A1387,Halcyon Securities PLC - New Business,U216,New Business,266600.0,USD,2025-11-26,2026-02-01,6-Closed Lost,True,False,Closed,Referral
O10131,A1008,Bluewater Securities GmbH - Expansion,U203,Expansion,11214.0,EUR,2026-03-28,2026-06-02,6-Closed Lost,True,False,Closed,Inbound
O10726,A1297,Redmond Labs GmbH - New Business,U218,New Business,138000.0,USD,2024-02-07,2024-07-04,6-Closed Lost,True,False,Closed,Inbound
O11700,A1328,Vantage Partners Inc - Renewal,U221,Renewal,30700.0,USD,2025-10-15,2025-12-28,5-Closed Won,True,True,Closed,Outbound
O11226,A1195,Auriga Securities Inc - Renewal,U211,Renewal,237600.0,USD,2025-03-11,2025-08-03,6-Closed Lost,True,False,Closed,Partner
O10719,A1010,Auriga Ventures SA - New Business,U219,New Business,138000.0,EUR,2025-08-27,2025-11-11,6-Closed Lost,True,False,Closed,Inbound
O12456,A1183,Auriga Networks SA - Expansion,U216,Expansion,41328.0,GBP,2025-10-08,2026-01-31,5-Closed Won,True,True,Closed,Outbound
O11953,A1294,Sable Payments SA - Renewal,U208,Renewal,20700.0,EUR,2026-05-31,2026-09-02,3-Proposal,False,False,Best Case,Inbound
O11989,A1243,Lumen Capital GmbH - New Business,U206,New Business,273600.0,USD,2024-03-25,2024-07-28,6-Closed Lost,True,False,Closed,Outbound
O11686,A1077,Meridian Custody SA - New Business,U203,New Business,87800.0,USD,2025-01-14,2025-05-09,5-Closed Won,True,True,Closed,Event
O12488,A1337,Harrow Capital Pte Ltd - New Business,U205,New Business,170600.0,USD,2025-11-06,2026-05-06,6-Closed Lost,True,False,Closed,Partner
O11563,A1056,Ironclad Payments Inc - New Business,U206,New Business,367000.0,USD,2024-03-18,2024-08-22,6-Closed Lost,True,False,Closed,Outbound
O10504,A1376,Tessera Systems Inc - Renewal,U216,Renewal,49000.0,EUR,2026-02-11,2026-02-20,5-Closed Won,True,True,Closed,Inbound
O11115,A1350,Zenith Systems SA - New Business,U201,New Business,144600.0,USD,2024-09-26,2025-05-09,6-Closed Lost,True,False,Closed,Referral
O11039,A1210,Tessera Trust GmbH - New Business,U206,New Business,34600.0,GBP,2026-04-03,2026-04-12,6-Closed Lost,True,False,Closed,Outbound
O10785,A1333,Ironclad Digital Co - New Business,U203,New Business,24100.0,USD,2024-01-16,2024-01-25,6-Closed Lost,True,False,Closed,Event
O11407,A1416,Umbra Bancorp GmbH - New Business,U203,New Business,71500.0,SGD,2025-03-02,2025-04-14,6-Closed Lost,True,False,Closed,Outbound
O11092,A1199,Keystone Partners SA - New Business,U207,New Business,22500.0,BRL,2024-01-09,2024-03-20,6-Closed Lost,True,False,Closed,Outbound
O10549,A1145,Harrow Labs Pte Ltd - New Business,U211,New Business,0.0,USD,2025-06-21,2025-08-17,6-Closed Lost,True,False,Closed,Outbound
O10508,A1139,Granite Holdings SA - Expansion,U214,Expansion,11424.0,EUR,2025-04-17,2025-06-25,6-Closed Lost,True,False,Closed,Outbound
O10005,A1067,Quarry Custody SA - Renewal,U220,Renewal,12700.0,USD,2025-01-15,2025-02-18,5-Closed Won,True,True,Closed,Outbound
O12263,A1305,Norsk Payments LLC - New Business,U201,New Business,105400.0,USD,2025-10-27,2026-02-21,5-Closed Won,True,True,Closed,Event
O11126,A1223,Cobalt Capital Co - Renewal,U204,Renewal,114100.0,USD,2024-11-06,2025-01-21,5-Closed Won,True,True,Closed,Event
O10339,A1140,Dovetail Exchange GmbH - Renewal,U202,Renewal,31800.0,BRL,2025-05-09,2025-09-18,5-Closed Won,True,True,Closed,Outbound
O11627,A1166,Kestrel Bancorp Inc - Renewal,U215,Renewal,295700.0,GBP,2024-04-30,2024-09-18,6-Closed Lost,True,False,Closed,Inbound
O11233,A1231,Meridian Networks Co - Renewal,U210,Renewal,85300.0,BRL,2024-01-12,2024-06-02,5-Closed Won,True,True,Closed,Outbound
O11974,A1316,Pinnacle Payments PLC - New Business,U222,New Business,41000.0,USD,2025-06-24,2025-09-04,5-Closed Won,True,True,Closed,Outbound
O10395,A1021,Pinnacle Trust SA - Renewal,U209,Renewal,25400.0,BRL,2026-01-07,2026-02-12,6-Closed Lost,True,False,Closed,Partner
O10712,A1121,Caldera Holdings Ltd - Expansion,U219,Expansion,16254.0,USD,2024-05-11,2024-08-08,6-Closed Lost,True,False,Closed,Inbound
O11789,A1095,Caldera Custody Ltd - Renewal,U203,Renewal,21300.0,USD,2024-02-27,2024-03-22,5-Closed Won,True,True,Closed,Outbound
O11369,A1167,Halcyon Digital GmbH - Renewal,U223,Renewal,58300.0,USD,2025-07-27,2025-08-28,5-Closed Won,True,True,Closed,Outbound
O98047,A9506,Stanhope Labs SA - New Business,U201,New Business,54800.0,GBP,2024-04-04,2024-07-08,6-Closed Lost,True,False,Closed,Partner
O12117,A1356,Eastgate Bancorp Ltd - Expansion,U208,Expansion,45192.0,BRL,2026-05-07,2026-09-15,4-Negotiation,False,False,Commit,Outbound
O11178,A1287,Tessera Financial LLC - New Business,U219,New Business,45200.0,USD,2026-06-14,2026-07-22,1-Discovery,False,False,Commit,Outbound
O10119,A1418,Redmond Custody GmbH - New Business,U209,New Business,49900.0,SGD,2026-06-24,2026-09-15,1-Discovery,False,False,Pipeline,Event
O12118,A1043,Marrow Digital PLC - New Business,U202,New Business,10000.0,EUR,2024-01-07,2024-01-16,5-Closed Won,True,True,Closed,Outbound
O11693,A1362,Juniper Systems SA - Expansion,U208,Expansion,30534.0,USD,2026-06-14,2026-12-05,1-Discovery,False,False,Commit,Inbound
O12597,A1179,Thorne Partners SA - New Business,U204,New Business,222500.0,USD,2025-08-28,2026-01-21,6-Closed Lost,True,False,Closed,Partner
O11185,A1003,Cobalt Bancorp LLC - New Business,U212,New Business,123500.0,USD,2025-12-24,2026-07-03,3-Proposal,False,False,Best Case,Partner
O12416,A1335,Quarry Financial Co - Renewal,U213,Renewal,83600.0,USD,2026-05-18,2026-10-18,3-Proposal,False,False,Commit,Partner
O12356,A1312,Quarry Trust SA - Renewal,U204,Renewal,92400.0,EUR,2024-06-09,2024-10-04,5-Closed Won,True,True,Closed,Inbound
O10606,A1095,Caldera Custody Ltd - New Business,U203,New Business,16900.0,USD,2025-06-05,2025-06-23,6-Closed Lost,True,False,Closed,Outbound
O10683,A1188,Stanhope Holdings Inc - Renewal,U217,Renewal,176000.0,USD,2025-07-24,2025-12-07,5-Closed Won,True,True,Closed,Partner
O11273,A1327,Palisade Ventures LLC - Renewal,U209,Renewal,12900.0,USD,2024-02-07,2024-02-28,5-Closed Won,True,True,Closed,Outbound
O10347,A1270,Beltway Bancorp Co - Expansion,U201,Expansion,93912.0,SGD,2025-01-30,2025-06-13,6-Closed Lost,True,False,Closed,Partner
O12255,A1126,Lattice Digital Ltd - New Business,U221,New Business,141200.0,USD,2024-10-19,2025-01-03,6-Closed Lost,True,False,Closed,Outbound
O10262,A1017,Orbit Group LLC - New Business,U222,New Business,8600.0,EUR,2024-08-15,2024-12-11,5-Closed Won,True,True,Closed,Event
O12057,A1017,Orbit Group LLC - New Business,U222,New Business,19000.0,EUR,2025-07-23,2025-08-08,6-Closed Lost,True,False,Closed,Event
O10367,A1254,Granite Exchange LLC - New Business,U200,New Business,6800.0,USD,2025-10-29,2025-11-07,5-Closed Won,True,True,Closed,Outbound
O10525,A1253,Ironclad Securities PLC - Renewal,U216,Renewal,47900.0,BRL,2025-08-05,2025-10-19,5-Closed Won,True,True,Closed,Partner
O11421,A1105,Ardent Holdings Pte Ltd - Expansion,U206,Expansion,89964.0,USD,2024-10-25,2025-03-05,6-Closed Lost,True,False,Closed,Inbound
O10255,A1024,Cobalt Financial Ltd - New Business,U209,New Business,222200.0,USD,2026-05-04,2026-08-04,2-Qualified,False,False,Commit,Inbound
O10483,A1246,Redmond Partners GmbH - New Business,U219,New Business,64400.0,EUR,2024-10-12,2024-12-25,6-Closed Lost,True,False,Closed,Referral
O10309,A1346,Riverbend Exchange LLC - New Business,U220,New Business,235800.0,USD,2025-06-19,2025-09-14,6-Closed Lost,True,False,Closed,Inbound
O10797,A1368,Lumen Labs SA - Renewal,U201,Renewal,134900.0,USD,2025-07-20,2026-01-25,6-Closed Lost,True,False,Closed,Outbound
O10258,A1153,Stanhope Labs Co - Renewal,U215,Renewal,38200.0,GBP,2025-08-15,2025-12-10,6-Closed Lost,True,False,Closed,Outbound
O12371,A1307,Zenith Custody GmbH - New Business,U207,New Business,134400.0,USD,2024-05-05,2024-10-04,6-Closed Lost,True,False,Closed,Outbound
O11016,A1309,Dovetail Digital Pte Ltd - New Business,U201,New Business,22200.0,USD,2025-01-08,2025-02-20,6-Closed Lost,True,False,Closed,Event
O11867,A1393,Stanhope Group Co - New Business,U217,New Business,109600.0,USD,2025-12-10,2026-04-03,6-Closed Lost,True,False,Closed,Inbound
O11189,A1020,Bluewater Labs PLC - New Business,U210,New Business,38100.0,SGD,2024-08-31,2024-11-02,6-Closed Lost,True,False,Closed,Inbound
O11102,A1268,Caldera Digital Pte Ltd - New Business,U210,New Business,17300.0,GBP,2026-02-14,2026-03-16,6-Closed Lost,True,False,Closed,Outbound
O10333,A1331,Sable Capital Co - Renewal,U212,Renewal,14200.0,BRL,2026-01-08,2026-03-30,5-Closed Won,True,True,Closed,Event
O12478,A1349,Norsk Securities Inc - Renewal,U206,Renewal,25200.0,USD,2024-06-14,2024-06-12,5-Closed Won,True,True,Closed,Inbound
O12328,A1119,Eastgate Ventures SA - New Business,U207,New Business,234400.0,USD,2024-12-25,2025-06-25,6-Closed Lost,True,False,Closed,Event
O12137,A1055,Granite Securities Ltd - Renewal,U208,Renewal,62300.0,BRL,2025-09-09,2025-11-19,5-Closed Won,True,True,Closed,Inbound
O11995,A1056,Ironclad Payments Inc - New Business,U206,New Business,286800.0,USD,2026-05-22,2026-10-02,2-Qualified,False,False,Pipeline,Inbound
O11907,A1414,Redmond Systems SA - Expansion,U208,Expansion,71316.0,USD,2025-01-09,2025-03-01,5-Closed Won,True,True,Closed,Inbound
O11352,A1200,Juniper Custody Inc - Renewal,U220,Renewal,9100.0,GBP,2025-02-14,2025-03-02,5-Closed Won,True,True,Closed,Inbound
O11390,A1281,Norsk Trust Pte Ltd - Renewal,U211,Renewal,176100.0,BRL,2024-02-06,2024-07-30,6-Closed Lost,True,False,Closed,Partner
O10874,A1233,Bluewater Securities Ltd - Expansion,U214,Expansion,22344.0,USD,2024-12-16,2025-01-30,5-Closed Won,True,True,Closed,Inbound
O11649,A1272,Orbit Networks Inc - New Business,U217,New Business,20200.0,USD,2025-12-22,2026-03-19,5-Closed Won,True,True,Closed,Referral
O12068,A1092,Halcyon Financial PLC - Renewal,U205,Renewal,22900.0,EUR,2025-01-08,2025-03-08,5-Closed Won,True,True,Closed,Partner
O10295,A1248,Keystone Trust Inc - New Business,U217,New Business,91700.0,USD,2026-04-16,2026-10-07,1-Discovery,False,False,Pipeline,Inbound
O12435,A1248,Keystone Trust Inc - Renewal,U217,Renewal,288200.0,USD,2024-06-24,2024-10-29,5-Closed Won,True,True,Closed,Referral
O11523,A1401,Eastgate Partners Inc - Expansion,U209,Expansion,11970.0,BRL,2026-01-18,2026-04-22,5-Closed Won,True,True,Closed,Event
O12376,A1384,Lumen Financial Pte Ltd - Renewal,U216,Renewal,67800.0,USD,2024-03-20,2024-06-30,5-Closed Won,True,True,Closed,Partner
O11520,A1036,Cobalt Partners Pte Ltd - Renewal,U214,Renewal,127800.0,EUR,2025-09-28,2025-12-10,5-Closed Won,True,True,Closed,Outbound
O11740,A1297,Redmond Labs GmbH - Expansion,U218,Expansion,287784.0,USD,2026-05-09,2026-10-17,4-Negotiation,False,False,Pipeline,Outbound
O10101,A1022,Orbit Trust Co - Expansion,U220,Expansion,-1071.0,EUR,2025-06-19,2025-07-28,5-Closed Won,True,True,Closed,Event
O11620,A1372,Quarry Partners LLC - Renewal,U223,Renewal,49000.0,USD,2026-03-29,2026-05-10,5-Closed Won,True,True,Closed,Event
O10361,A1379,Ardent Ventures PLC - Renewal,U203,Renewal,186800.0,USD,2024-04-13,2024-07-19,5-Closed Won,True,True,Closed,Inbound
O10216,A1027,Eastgate Financial SA - Expansion,U200,Expansion,33936.0,USD,2024-08-28,2024-10-03,5-Closed Won,True,True,Closed,Outbound
O10307,A1314,Zenith Labs Pte Ltd - Renewal,U223,Renewal,69700.0,USD,2025-12-17,2025-12-05,5-Closed Won,True,True,Closed,Inbound
O10385,A1046,Fairlane Labs SA - New Business,U216,New Business,59900.0,USD,2026-02-08,2026-06-29,6-Closed Lost,True,False,Closed,Referral
O11819,A1109,Meridian Exchange Inc - Renewal,U215,Renewal,21500.0,EUR,2024-10-14,2024-12-03,5-Closed Won,True,True,Closed,Partner
O10032,A1187,Juniper Partners Inc - Renewal,U202,Renewal,124200.0,USD,2024-04-10,2024-06-29,5-Closed Won,True,True,Closed,Referral
O10336,A1266,Vertex Capital Ltd - Renewal,U220,Renewal,128100.0,USD,2025-08-10,2025-09-22,5-Closed Won,True,True,Closed,Partner
O12121,A1267,Ironclad Digital GmbH - New Business,U202,New Business,59400.0,USD,2026-01-20,2026-03-17,5-Closed Won,True,True,Closed,Referral
O12289,A1020,Bluewater Labs PLC - New Business,U210,New Business,112600.0,SGD,2024-12-20,2025-04-27,6-Closed Lost,True,False,Closed,Referral
O11099,A1268,Caldera Digital Pte Ltd - Renewal,U210,Renewal,17200.0,GBP,2025-03-23,2025-05-17,5-Closed Won,True,True,Closed,Outbound
O11604,A1190,Dovetail Custody GmbH - New Business,U207,New Business,131800.0,SGD,2025-04-24,2025-11-07,6-Closed Lost,True,False,Closed,Referral
O10145,A1414,Redmond Systems SA - New Business,U208,New Business,133700.0,USD,2024-05-12,2024-08-13,6-Closed Lost,True,False,Closed,Inbound
O11470,A1166,Kestrel Bancorp Inc - New Business,U215,New Business,176500.0,GBP,2025-05-10,2025-11-02,6-Closed Lost,True,False,Closed,Event
O10489,A1350,Zenith Systems SA - New Business,U201,New Business,171800.0,USD,2025-04-22,2025-09-26,6-Closed Lost,True,False,Closed,Partner
O12516,A1372,Quarry Partners LLC - New Business,U223,New Business,93500.0,USD,2024-08-10,2024-10-30,5-Closed Won,True,True,Closed,Outbound
O10112,A1323,Tessera Labs Co - Renewal,U215,Renewal,56000.0,SGD,2024-05-10,2024-07-09,5-Closed Won,True,True,Closed,Inbound
O10964,A1131,Norsk Holdings GmbH - Renewal,U207,Renewal,138400.0,USD,2026-03-07,2026-06-20,5-Closed Won,True,True,Closed,Inbound
O11144,A1068,Pinnacle Payments Ltd - New Business,U200,New Business,61900.0,USD,2024-04-14,2024-05-17,6-Closed Lost,True,False,Closed,Inbound
O10540,A1370,Beltway Capital GmbH - Expansion,U220,Expansion,2310.0,USD,2024-06-06,2024-07-21,5-Closed Won,True,True,Closed,Event
O11432,A1348,Stanhope Custody LLC - Renewal,U203,Renewal,250700.0,USD,2026-05-18,2026-10-22,1-Discovery,False,False,Pipeline,Inbound
O12504,A1225,Fairlane Ventures Pte Ltd - Expansion,U203,Expansion,3738.0,USD,2024-01-24,2024-03-04,5-Closed Won,True,True,Closed,Outbound
O10841,A1204,Ironclad Trust GmbH - Expansion,U203,Expansion,12894.0,USD,2025-08-05,2025-10-04,5-Closed Won,True,True,Closed,Partner
O12227,A1142,Northwind Bancorp LLC - New Business,U220,New Business,368100.0,USD,2024-04-25,2024-09-04,6-Closed Lost,True,False,Closed,Partner
O10814,A1051,Bluewater Systems Ltd - New Business,U202,New Business,46900.0,USD,2026-02-05,2026-05-11,5-Closed Won,True,True,Closed,Event
O11070,A1370,Beltway Capital GmbH - Renewal,U220,Renewal,12700.0,USD,2025-03-28,2025-06-17,5-Closed Won,True,True,Closed,Referral
O10842,A1261,Westford Payments PLC - Renewal,U214,Renewal,46000.0,USD,2025-02-15,2025-03-26,5-Closed Won,True,True,Closed,Inbound
O12317,A1103,Granite Financial Ltd - Expansion,U221,Expansion,30030.0,GBP,2025-09-22,2025-11-18,6-Closed Lost,True,False,Closed,Inbound
O11984,A1157,Umbra Payments LLC - Renewal,U203,Renewal,12600.0,EUR,2024-08-17,2024-08-26,5-Closed Won,True,True,Closed,Inbound
O11584,A1416,Umbra Bancorp GmbH - Expansion,U203,Expansion,36288.0,SGD,2024-07-15,2024-09-11,5-Closed Won,True,True,Closed,Inbound
O11120,A1134,Harrow Ventures SA - Expansion,U218,Expansion,64638.0,EUR,2025-01-08,2025-03-19,5-Closed Won,True,True,Closed,Inbound
O12544,A1306,Marrow Exchange Inc - Expansion,U208,Expansion,118608.0,USD,2024-09-15,2025-03-07,6-Closed Lost,True,False,Closed,Inbound
O11451,A1239,Vertex Trust Pte Ltd - New Business,U207,New Business,171400.0,USD,2025-09-20,2026-01-16,5-Closed Won,True,True,Closed,Inbound
O10340,A1343,Fairlane Group Pte Ltd - New Business,U201,New Business,126300.0,USD,2024-05-25,2024-09-24,5-Closed Won,True,True,Closed,Outbound
O10615,A1044,Norsk Group GmbH - Expansion,U206,Expansion,10878.0,USD,2024-03-02,2024-05-17,5-Closed Won,True,True,Closed,Outbound
O11433,A1352,Ardent Group GmbH - New Business,U200,New Business,284700.0,EUR,2025-02-10,2025-06-30,6-Closed Lost,True,False,Closed,Inbound
O12360,A1184,Northwind Securities PLC - Expansion,U208,Expansion,152922.0,USD,2024-01-28,2024-05-30,6-Closed Lost,True,False,Closed,Inbound
O10812,A1202,Inlet Exchange Co - New Business,U201,New Business,151300.0,USD,2026-06-01,2026-10-21,2-Qualified,False,False,Commit,Outbound
O11274,A1275,Gilder Exchange Pte Ltd - Renewal,U205,Renewal,49600.0,USD,2024-10-01,2024-12-11,5-Closed Won,True,True,Closed,Partner
O12150,A1006,Pinnacle Systems SA - Expansion,U220,Expansion,134316.0,USD,2026-02-03,2026-05-17,6-Closed Lost,True,False,Closed,Outbound
O11134,A1316,Pinnacle Payments PLC - Renewal,U222,Renewal,48300.0,USD,2024-09-26,2024-12-31,6-Closed Lost,True,False,Closed,Inbound
O10175,A1147,Westford Advisors LLC - Renewal,U223,Renewal,13600.0,EUR,2024-07-25,2024-09-22,5-Closed Won,True,True,Closed,Partner
O11453,A1301,Palisade Group LLC - New Business,U210,New Business,142700.0,USD,2025-03-03,2025-07-25,6-Closed Lost,True,False,Closed,Partner
O11147,A1351,Juniper Trust Co - New Business,U203,New Business,113100.0,EUR,2025-09-15,2026-03-06,6-Closed Lost,True,False,Closed,Outbound
O10388,A1304,Ardent Exchange GmbH - New Business,U209,New Business,31900.0,USD,2025-09-06,2025-09-17,6-Closed Lost,True,False,Closed,Inbound
O12119,A1288,Eastgate Holdings LLC - New Business,U200,New Business,49000.0,EUR,2025-03-13,2025-04-08,6-Closed Lost,True,False,Closed,Outbound
O12280,A1140,Dovetail Exchange GmbH - Renewal,U202,Renewal,97500.0,BRL,2025-10-09,2025-12-20,6-Closed Lost,True,False,Closed,Event
O11335,A1120,Stanhope Securities Pte Ltd - Renewal,U202,Renewal,10900.0,USD,2024-08-28,2024-09-06,5-Closed Won,True,True,Closed,Outbound
O10513,A1234,Lattice Digital Pte Ltd - Expansion,U210,Expansion,24906.0,USD,2024-02-13,2024-04-26,6-Closed Lost,True,False,Closed,Referral
O10319,A1109,Meridian Exchange Inc - Renewal,U215,Renewal,99900.0,EUR,2024-08-21,2024-10-19,6-Closed Lost,True,False,Closed,Inbound
O10186,A1149,Bluewater Systems Pte Ltd - New Business,U212,New Business,46600.0,EUR,2026-05-23,2026-06-01,5-Closed Won,True,True,Closed,Referral
O10776,A1079,Lumen Trust Ltd - New Business,U210,New Business,45300.0,USD,2025-07-24,2025-09-11,6-Closed Lost,True,False,Closed,Event
O10978,A1298,Inlet Systems GmbH - New Business,U219,New Business,256200.0,BRL,2026-02-09,2026-09-04,2-Qualified,False,False,Pipeline,Inbound
O11326,A1339,Northwind Payments LLC - New Business,U217,New Business,25900.0,GBP,2024-07-10,2024-07-19,6-Closed Lost,True,False,Closed,Event
O12399,A1342,Northwind Capital Ltd - New Business,U219,New Business,62200.0,BRL,2026-03-07,2026-07-31,2-Qualified,False,False,Best Case,Partner
O10559,A1239,Vertex Trust Pte Ltd - New Business,U207,New Business,172400.0,USD,2025-02-09,2025-06-22,6-Closed Lost,True,False,Closed,Outbound
O10868,A1376,Tessera Systems Inc - New Business,U216,New Business,59400.0,EUR,2025-05-21,2025-07-05,6-Closed Lost,True,False,Closed,Inbound
O10431,A1037,Cobalt Group LLC - Renewal,U215,Renewal,174200.0,USD,2024-04-05,2024-06-11,5-Closed Won,True,True,Closed,Inbound
O10674,A1347,Juniper Partners LLC - Expansion,U217,Expansion,46410.0,USD,2025-11-08,2026-04-07,6-Closed Lost,True,False,Closed,Partner
O11484,A1176,Norsk Custody PLC - New Business,U223,New Business,187700.0,BRL,2025-02-15,2025-08-04,6-Closed Lost,True,False,Closed,Event
O10582,A1220,Beltway Holdings Pte Ltd - Renewal,U223,Renewal,179800.0,USD,2024-10-24,2025-01-18,5-Closed Won,True,True,Closed,Partner
O11348,A1031,Gilder Financial Co - Renewal,U203,Renewal,66200.0,GBP,2025-09-01,2025-12-09,5-Closed Won,True,True,Closed,Outbound
O10415,A1416,Umbra Bancorp GmbH - Expansion,U203,Expansion,8064.0,SGD,2025-05-25,2025-07-17,6-Closed Lost,True,False,Closed,Inbound
O11924,A1285,Quarry Custody PLC - Renewal,U214,Renewal,6200.0,SGD,2024-07-06,2024-08-06,5-Closed Won,True,True,Closed,Partner
O10958,A1286,Cobalt Group Ltd - Renewal,U206,Renewal,26800.0,USD,2025-09-20,2025-11-11,5-Closed Won,True,True,Closed,Referral
O11986,A1403,Halcyon Trust Inc - Renewal,U222,Renewal,65300.0,USD,2026-06-05,2026-11-04,1-Discovery,False,False,Commit,Partner
O10200,A1037,Cobalt Group LLC - Expansion,U215,Expansion,24402.0,USD,2024-01-18,2024-04-27,6-Closed Lost,True,False,Closed,Inbound
O12266,A1137,Lumen Digital Inc - Expansion,U217,Expansion,113106.0,USD,2026-03-09,2026-07-13,2-Qualified,False,False,Pipeline,Inbound
O11515,A1313,Vertex Custody PLC - Expansion,U202,Expansion,33012.0,USD,2024-12-26,2025-01-31,6-Closed Lost,True,False,Closed,Partner
O10877,A1004,Inlet Securities Inc - New Business,U217,New Business,101800.0,BRL,2026-05-06,2026-08-02,1-Discovery,False,False,Pipeline,Inbound
O10695,A1286,Cobalt Group Ltd - New Business,U206,New Business,278800.0,USD,2025-06-11,2025-06-20,5-Closed Won,True,True,Closed,Partner
O11801,A1255,Granite Capital PLC - New Business,U207,New Business,104300.0,USD,2026-05-10,2026-08-19,2-Qualified,False,False,Best Case,Outbound
O11482,A1203,Harrow Partners Co - Expansion,U207,Expansion,24402.0,USD,2025-12-06,2026-02-19,6-Closed Lost,True,False,Closed,Inbound
O11145,A1289,Stanhope Networks GmbH - New Business,U201,New Business,4100.0,GBP,2025-07-31,2025-08-26,6-Closed Lost,True,False,Closed,Partner
O11793,A1329,Cobalt Securities SA - Renewal,U203,Renewal,207200.0,USD,2026-06-23,2026-12-09,2-Qualified,False,False,Best Case,Outbound
O11765,A1282,Kestrel Holdings LLC - Expansion,U212,Expansion,195342.0,USD,2024-03-22,2024-10-08,6-Closed Lost,True,False,Closed,Inbound
O10672,A1292,Inlet Group GmbH - New Business,U205,New Business,326900.0,GBP,2025-01-12,2025-05-30,6-Closed Lost,True,False,Closed,Inbound
O10627,A1126,Lattice Digital Ltd - New Business,U221,New Business,92000.0,USD,2024-10-20,2025-01-04,6-Closed Lost,True,False,Closed,Outbound
O10879,A1324,Gilder Bancorp Pte Ltd - Expansion,U213,Expansion,25788.0,BRL,2024-04-19,2024-06-03,5-Closed Won,True,True,Closed,Outbound
O11042,A1293,Caldera Bancorp SA - New Business,U203,New Business,232000.0,BRL,2025-11-02,2026-03-16,5-Closed Won,True,True,Closed,Partner
O11618,A1362,Juniper Systems SA - Expansion,U208,Expansion,89082.0,USD,2024-04-02,2024-09-17,6-Closed Lost,True,False,Closed,Partner
O11018,A1032,Bluewater Ventures PLC - New Business,U207,New Business,62600.0,USD,2024-02-09,2024-04-16,6-Closed Lost,True,False,Closed,Partner
O11309,A1196,Pinnacle Group GmbH - New Business,U211,New Business,43900.0,GBP,2025-06-14,2025-09-01,6-Closed Lost,True,False,Closed,Inbound
O11160,A1068,Pinnacle Payments Ltd - Expansion,U200,Expansion,14826.0,USD,2025-11-10,2026-04-11,6-Closed Lost,True,False,Closed,Outbound
O11074,A1204,Ironclad Trust GmbH - Expansion,U203,Expansion,30072.0,USD,2025-01-18,2025-04-12,6-Closed Lost,True,False,Closed,Outbound
O12390,A1297,Redmond Labs GmbH - New Business,U218,New Business,257900.0,USD,2025-08-29,2026-02-16,5-Closed Won,True,True,Closed,Outbound
O11076,A1168,Keystone Labs PLC - New Business,U200,New Business,108900.0,USD,2025-09-03,2025-12-22,5-Closed Won,True,True,Closed,Referral
O11673,A1080,Keystone Networks GmbH - Renewal,U223,Renewal,234200.0,USD,2024-10-11,2025-02-13,6-Closed Lost,True,False,Closed,Outbound
O12069,A1093,Thorne Bancorp LLC - New Business,U216,New Business,14500.0,USD,2025-09-12,2025-10-13,6-Closed Lost,True,False,Closed,Outbound
O11757,A1017,Orbit Group LLC - Renewal,U222,Renewal,16300.0,EUR,2024-06-22,2024-09-10,5-Closed Won,True,True,Closed,Event
O11300,A1333,Ironclad Digital Co - New Business,U203,New Business,10600.0,USD,2025-06-19,2025-06-28,6-Closed Lost,True,False,Closed,Partner
O10457,A1151,Harrow Digital Co - New Business,U217,New Business,44400.0,SGD,2024-08-28,2024-10-31,6-Closed Lost,True,False,Closed,Partner
O10690,A1229,Marrow Holdings Inc - New Business,U201,New Business,71300.0,USD,2025-06-23,2025-11-06,6-Closed Lost,True,False,Closed,Referral
O12364,A1166,Kestrel Bancorp Inc - Renewal,U215,Renewal,337000.0,GBP,2025-02-11,2025-07-24,5-Closed Won,True,True,Closed,Outbound
O11526,A1415,Marrow Advisors GmbH - Expansion,U201,Expansion,21378.0,USD,2025-04-30,2025-05-21,5-Closed Won,True,True,Closed,Inbound
O10583,A1276,Inlet Capital GmbH - New Business,U211,New Business,22200.0,EUR,2025-09-07,2025-10-25,5-Closed Won,True,True,Closed,Event
O11773,A1312,Quarry Trust SA - Renewal,U204,Renewal,45200.0,EUR,2024-05-09,2024-06-12,6-Closed Lost,True,False,Closed,Partner
O12061,A1114,Zenith Ventures Inc - Renewal,U215,Renewal,179800.0,USD,2026-04-26,2026-09-06,1-Discovery,False,False,Best Case,Partner
O11406,A1167,Halcyon Digital GmbH - New Business,U223,New Business,37800.0,USD,2025-02-23,2025-06-03,6-Closed Lost,True,False,Closed,Outbound
O10795,A1011,Umbra Partners PLC - New Business,U220,New Business,361400.0,EUR,2025-08-21,2025-12-02,5-Closed Won,True,True,Closed,Inbound
O12158,A1209,Meridian Payments Inc - Renewal,U216,Renewal,32600.0,GBP,2026-06-07,2026-09-13,3-Proposal,False,False,Pipeline,Outbound
O12033,A1305,Norsk Payments LLC - New Business,U201,New Business,78500.0,USD,2025-04-07,2025-07-01,5-Closed Won,True,True,Closed,Outbound
O10760,A1034,Riverbend Labs GmbH - New Business,U216,New Business,53000.0,USD,2024-07-05,2024-10-03,6-Closed Lost,True,False,Closed,Partner
O11633,A1015,Vantage Payments Ltd - Renewal,U205,Renewal,28200.0,USD,2026-03-04,2026-03-14,5-Closed Won,True,True,Closed,Outbound
O12329,A1333,Ironclad Digital Co - Renewal,U203,Renewal,37500.0,USD,2025-08-23,2025-09-01,5-Closed Won,True,True,Closed,Outbound
O98038,A9013,Zenith Digital Ltd - Expansion,U205,Expansion,27384.0,USD,2025-01-18,2025-05-24,5-Closed Won,True,True,Closed,Inbound
O12523,A1204,Ironclad Trust GmbH - Expansion,U203,Expansion,18732.0,USD,2024-10-19,2025-01-21,5-Closed Won,True,True,Closed,Outbound
O12229,A1161,Sable Securities LLC - New Business,U217,New Business,355200.0,GBP,2025-07-22,2026-03-05,6-Closed Lost,True,False,Closed,Outbound
O11112,A1156,Fairlane Networks PLC - New Business,U211,New Business,172400.0,USD,2024-06-10,2024-11-20,5-Closed Won,True,True,Closed,Inbound
O12076,A1199,Keystone Partners SA - New Business,U207,New Business,61500.0,BRL,2025-02-02,2025-04-30,6-Closed Lost,True,False,Closed,Inbound
O12502,A1308,Caldera Partners Ltd - New Business,U215,New Business,54200.0,BRL,2024-06-19,2024-09-13,5-Closed Won,True,True,Closed,Partner
O10931,A1236,Marrow Custody GmbH - New Business,U211,New Business,26200.0,USD,2025-06-25,2025-07-29,6-Closed Lost,True,False,Closed,Referral
O11259,A1178,Granite Exchange Co - Expansion,U203,Expansion,14742.0,USD,2025-11-08,2025-12-24,5-Closed Won,True,True,Closed,Outbound
O11567,A1159,Lattice Analytics Co - Renewal,U200,Renewal,124300.0,USD,2024-09-30,2025-01-29,5-Closed Won,True,True,Closed,Outbound
O11898,A1333,Ironclad Digital Co - Renewal,U203,Renewal,24900.0,USD,2025-05-28,2025-06-22,6-Closed Lost,True,False,Closed,Referral
O10094,A1339,Northwind Payments LLC - New Business,U217,New Business,21400.0,GBP,2025-09-08,2025-09-17,6-Closed Lost,True,False,Closed,Outbound
O11057,A1349,Norsk Securities Inc - New Business,U206,New Business,30400.0,USD,2024-11-20,2024-12-18,5-Closed Won,True,True,Closed,Outbound
O11246,A1242,Tessera Advisors SA - New Business,U209,New Business,14900.0,GBP,2025-06-11,2025-09-03,6-Closed Lost,True,False,Closed,Partner
O12457,A1293,Caldera Bancorp SA - Expansion,U203,Expansion,96390.0,BRL,2024-12-21,2025-06-18,5-Closed Won,True,True,Closed,Inbound
O12041,A1414,Redmond Systems SA - New Business,U208,New Business,106900.0,USD,2025-03-07,2025-07-26,5-Closed Won,True,True,Closed,Partner
O11264,A1055,Granite Securities Ltd - Expansion,U208,Expansion,14742.0,BRL,2024-05-02,2024-09-10,5-Closed Won,True,True,Closed,Outbound
O12070,A1153,Stanhope Labs Co - New Business,U215,New Business,42100.0,GBP,2024-04-21,2024-06-24,6-Closed Lost,True,False,Closed,Inbound
O10872,A1198,Westford Holdings LLC - Expansion,U217,Expansion,59514.0,USD,2025-02-22,2025-04-24,5-Closed Won,True,True,Closed,Inbound
O12398,A1115,Harrow Payments PLC - New Business,U214,New Business,61000.0,USD,2024-04-21,2024-07-12,6-Closed Lost,True,False,Closed,Partner
O12244,A1142,Northwind Bancorp LLC - Renewal,U220,Renewal,189200.0,USD,2024-07-24,2025-02-02,5-Closed Won,True,True,Closed,Outbound
O11946,A1326,Beltway Payments Inc - Renewal,U207,Renewal,185700.0,USD,2024-09-15,2025-02-12,5-Closed Won,True,True,Closed,Inbound
O10673,A1119,Eastgate Ventures SA - Renewal,U207,Renewal,229000.0,USD,2024-08-04,2024-12-28,5-Closed Won,True,True,Closed,Outbound
O11410,A1121,Caldera Holdings Ltd - Expansion,U219,Expansion,42924.0,USD,2024-12-14,2025-02-14,5-Closed Won,True,True,Closed,Inbound
O12219,A1177,Westford Partners GmbH - Expansion,U222,Expansion,44058.0,GBP,2024-12-11,2025-07-25,6-Closed Lost,True,False,Closed,Outbound
O11488,A1138,Northwind Digital SA - Expansion,U210,Expansion,39312.0,USD,2026-04-18,2026-09-11,3-Proposal,False,False,Pipeline,Inbound
O12159,A1057,Zenith Capital LLC - Renewal,U223,Renewal,183500.0,USD,2024-10-26,2025-02-14,6-Closed Lost,True,False,Closed,Event
O11341,A1371,Palisade Systems Inc - New Business,U210,New Business,69200.0,USD,2025-11-02,2026-01-26,6-Closed Lost,True,False,Closed,Referral
O10495,A1304,Ardent Exchange GmbH - New Business,U209,New Business,77300.0,USD,2024-12-14,2025-04-09,6-Closed Lost,True,False,Closed,Outbound
O12085,A1202,Inlet Exchange Co - New Business,U201,New Business,181200.0,USD,2024-01-01,2024-08-26,6-Closed Lost,True,False,Closed,Outbound
O10759,A1293,Caldera Bancorp SA - Renewal,U203,Renewal,198900.0,BRL,2025-04-30,2025-09-30,5-Closed Won,True,True,Closed,Inbound
O12482,A1277,Zenith Networks Pte Ltd - Expansion,U211,Expansion,13524.0,USD,2024-05-11,2024-05-27,6-Closed Lost,True,False,Closed,Partner
O11242,A1260,Auriga Bancorp SA - New Business,U220,New Business,38000.0,USD,2025-08-26,2025-12-01,5-Closed Won,True,True,Closed,Outbound
O11450,A1111,Inlet Securities GmbH - Expansion,U217,Expansion,47712.0,EUR,2026-06-03,2026-09-22,1-Discovery,False,False,Pipeline,Outbound
O11572,A1011,Umbra Partners PLC - New Business,U220,New Business,302800.0,EUR,2025-05-22,2025-10-17,6-Closed Lost,True,False,Closed,Inbound
O12335,A1042,Vertex Networks LLC - New Business,U203,New Business,164900.0,USD,2025-05-15,2025-10-06,6-Closed Lost,True,False,Closed,Inbound
O10645,A1084,Eastgate Financial GmbH - New Business,U206,New Business,13300.0,USD,2024-06-03,2024-07-08,6-Closed Lost,True,False,Closed,Inbound
O11874,A1087,Pinnacle Ventures Ltd - Expansion,U214,Expansion,50946.0,USD,2024-12-05,2025-03-05,5-Closed Won,True,True,Closed,Event
O10055,A1323,Tessera Labs Co - Renewal,U215,Renewal,29500.0,SGD,2025-10-23,2025-12-21,6-Closed Lost,True,False,Closed,Inbound
O11232,A1124,Quarry Exchange SA - New Business,U214,New Business,97100.0,USD,2024-04-29,2024-08-13,5-Closed Won,True,True,Closed,Outbound
O12498,A1097,Redmond Networks PLC - Expansion,U223,Expansion,6720.0,USD,2024-11-03,2024-11-12,5-Closed Won,True,True,Closed,Event
O12179,A1102,Kestrel Exchange Ltd - Expansion,U210,Expansion,26334.0,USD,2025-08-29,2025-10-27,6-Closed Lost,True,False,Closed,Outbound
O11896,A1208,Marrow Labs PLC - New Business,U219,New Business,10700.0,USD,2026-02-08,2026-04-23,6-Closed Lost,True,False,Closed,Outbound
O12325,A1281,Norsk Trust Pte Ltd - New Business,U211,New Business,274500.0,BRL,2025-12-31,2026-06-15,6-Closed Lost,True,False,Closed,Outbound
O12063,A1379,Ardent Ventures PLC - Renewal,U203,Renewal,143900.0,USD,2026-05-21,2026-10-03,3-Proposal,False,False,Best Case,Inbound
O11656,A1255,Granite Capital PLC - Renewal,U207,Renewal,151000.0,USD,2025-12-29,2026-06-16,5-Closed Won,True,True,Closed,Outbound
O10798,A1077,Meridian Custody SA - New Business,U203,New Business,49500.0,USD,2025-03-30,2025-06-12,6-Closed Lost,True,False,Closed,Outbound
O12533,A1352,Ardent Group GmbH - Renewal,U200,Renewal,197700.0,EUR,2024-06-18,2024-09-02,5-Closed Won,True,True,Closed,Event
O10300,A1007,Umbra Networks Inc - New Business,U209,New Business,84300.0,USD,2026-05-03,2026-07-20,2-Qualified,False,False,Commit,Event
O11654,A1336,Northwind Capital PLC - Expansion,U209,Expansion,9954.0,SGD,2025-05-27,2025-06-26,6-Closed Lost,True,False,Closed,Inbound
O12499,A1401,Eastgate Partners Inc - Renewal,U209,Renewal,31700.0,BRL,2024-12-05,2025-01-22,5-Closed Won,True,True,Closed,Event
O11602,A1275,Gilder Exchange Pte Ltd - Renewal,U205,Renewal,42400.0,USD,2024-05-24,2024-07-26,5-Closed Won,True,True,Closed,Event
O12588,A1348,Stanhope Custody LLC - Renewal,U203,Renewal,260600.0,USD,2025-08-05,2025-11-25,5-Closed Won,True,True,Closed,Partner
O10834,A1166,Kestrel Bancorp Inc - New Business,U215,New Business,189100.0,GBP,2024-02-09,2024-08-09,5-Closed Won,True,True,Closed,Outbound
O98010,A9010,Vertex Capital PLC - Renewal,U210,Renewal,20700.0,USD,2024-08-13,2024-08-22,5-Closed Won,True,True,Closed,Partner
O10771,A1089,Vertex Digital Co - New Business,U200,New Business,7700.0,BRL,2025-10-06,2025-11-13,6-Closed Lost,True,False,Closed,Inbound
O12468,A1181,Thorne Analytics SA - New Business,U211,New Business,62100.0,USD,2025-08-18,2025-11-10,6-Closed Lost,True,False,Closed,Inbound
O11917,A1268,Caldera Digital Pte Ltd - New Business,U210,New Business,5400.0,GBP,2024-02-16,2024-01-12,6-Closed Lost,True,False,Closed,Outbound
O12080,A1403,Halcyon Trust Inc - New Business,U222,New Business,36600.0,USD,2025-02-23,2025-05-20,6-Closed Lost,True,False,Closed,Inbound
O10321,A1210,Tessera Trust GmbH - New Business,U206,New Business,9800.0,GBP,2026-02-01,2026-04-17,6-Closed Lost,True,False,Closed,Outbound
O10661,A1021,Pinnacle Trust SA - New Business,U209,New Business,21300.0,BRL,2025-08-16,2025-10-05,6-Closed Lost,True,False,Closed,Outbound
O11921,A1259,Dovetail Trust SA - Renewal,U200,Renewal,199400.0,USD,2024-07-27,2025-04-12,6-Closed Lost,True,False,Closed,Outbound
O12546,A1354,Eastgate Analytics Ltd - Renewal,U207,Renewal,9700.0,SGD,2025-04-14,2025-05-08,5-Closed Won,True,True,Closed,Inbound
O99015,A1012,Harrow Group Pte Ltd - Expansion,U212,Expansion,21378.0,USD,2024-06-02,2024-07-04,6-Closed Lost,True,False,Closed,Event
O12055,A1315,Tessera Partners LLC - Renewal,U204,Renewal,205200.0,USD,2025-10-07,2026-01-16,5-Closed Won,True,True,Closed,Referral
O10604,A1137,Lumen Digital Inc - Expansion,U217,Expansion,33264.0,USD,2025-08-29,2025-10-14,5-Closed Won,True,True,Closed,Event
O11614,A1021,Pinnacle Trust SA - Renewal,U209,Renewal,22400.0,BRL,2024-03-25,2024-05-04,5-Closed Won,True,True,Closed,Event
O10929,A1228,Marrow Ventures PLC - Renewal,U218,Renewal,36300.0,USD,2024-03-06,2024-06-28,5-Closed Won,True,True,Closed,Event
O10070,A1086,Tessera Securities Co - New Business,U217,New Business,128400.0,USD,2025-05-06,2025-07-29,6-Closed Lost,True,False,Closed,Outbound
O12172,A1215,Harrow Partners Pte Ltd - Renewal,U223,Renewal,201100.0,USD,2024-01-25,2024-08-08,6-Closed Lost,True,False,Closed,Outbound
O12038,A1038,Dovetail Digital LLC - New Business,U209,New Business,15300.0,USD,2024-10-03,2024-10-12,5-Closed Won,True,True,Closed,Event
O12565,A1216,Ironclad Ventures Pte Ltd - New Business,U208,New Business,271500.0,BRL,2025-11-01,2026-05-13,6-Closed Lost,True,False,Closed,Inbound
O10973,A1034,Riverbend Labs GmbH - New Business,U216,New Business,25200.0,USD,2025-06-07,2025-12-03,6-Closed Lost,True,False,Closed,Partner
O10564,A1192,Caldera Capital Pte Ltd - Expansion,U214,Expansion,108192.0,USD,2025-06-17,2025-11-23,5-Closed Won,True,True,Closed,Outbound
O10083,A1137,Lumen Digital Inc - New Business,U217,New Business,230500.0,USD,2025-07-15,2025-09-22,5-Closed Won,True,True,Closed,Outbound
O12138,A1325,Meridian Securities LLC - New Business,U215,New Business,87800.0,USD,2024-06-13,2025-01-02,6-Closed Lost,True,False,Closed,Inbound
O11698,A1129,Inlet Advisors SA - New Business,U215,New Business,18400.0,USD,2025-02-28,2025-05-04,6-Closed Lost,True,False,Closed,Outbound
O11594,A1162,Lattice Group GmbH - Expansion,U205,Expansion,242592.0,BRL,2025-11-08,2026-03-01,6-Closed Lost,True,False,Closed,Inbound
O10391,A1130,Stanhope Capital SA - Expansion,U219,Expansion,61488.0,USD,2026-04-19,2026-10-18,4-Negotiation,False,False,Best Case,Inbound
O11353,A1067,Quarry Custody SA - Renewal,U220,Renewal,12000.0,USD,2025-08-12,2025-11-04,5-Closed Won,True,True,Closed,Inbound
O12170,A1137,Lumen Digital Inc - New Business,U217,New Business,145000.0,USD,2026-01-02,2026-04-21,6-Closed Lost,True,False,Closed,Outbound
O11715,A1151,Harrow Digital Co - Renewal,U217,Renewal,67500.0,SGD,2024-12-24,2025-02-13,5-Closed Won,True,True,Closed,Event
O10007,A1409,Eastgate Securities Pte Ltd - New Business,U209,New Business,806100.0,USD,2024-12-12,2025-06-07,6-Closed Lost,True,False,Closed,Outbound
O10331,A1271,Zenith Trust SA - New Business,U220,New Business,71300.0,USD,2024-01-29,2024-02-19,6-Closed Lost,True,False,Closed,Inbound
O10317,A1393,Stanhope Group Co - New Business,U217,New Business,90700.0,USD,2025-04-04,2025-07-08,5-Closed Won,True,True,Closed,Inbound
O11802,A1277,Zenith Networks Pte Ltd - New Business,U211,New Business,12600.0,USD,2025-02-03,2025-02-12,6-Closed Lost,True,False,Closed,Outbound
O12414,A1331,Sable Capital Co - Renewal,U212,Renewal,17300.0,BRL,2024-11-05,2025-02-12,5-Closed Won,True,True,Closed,Inbound
O10438,A1065,Quarry Payments Inc - Expansion,U210,Expansion,45990.0,EUR,2026-04-10,2026-07-24,1-Discovery,False,False,Pipeline,Referral
O11392,A1225,Fairlane Ventures Pte Ltd - Expansion,U203,Expansion,11004.0,USD,2025-01-03,2025-02-25,5-Closed Won,True,True,Closed,Referral
O11761,A1263,Halcyon Partners SA - New Business,U219,New Business,59700.0,USD,2026-03-21,2026-07-14,3-Proposal,False,False,Commit,Partner
O10725,A1022,Orbit Trust Co - New Business,U220,New Business,18500.0,EUR,2024-02-01,2024-04-03,6-Closed Lost,True,False,Closed,Outbound
O12464,A1083,Tessera Networks PLC - Renewal,U205,Renewal,6900.0,USD,2024-12-11,2025-02-12,6-Closed Lost,True,False,Closed,Inbound
O11291,A1160,Palisade Labs Inc - Renewal,U209,Renewal,185700.0,USD,2026-01-15,2026-06-10,5-Closed Won,True,True,Closed,Inbound
O10419,A1188,Stanhope Holdings Inc - Renewal,U217,Renewal,134500.0,USD,2025-07-19,2025-11-04,5-Closed Won,True,True,Closed,Partner
O10235,A1287,Tessera Financial LLC - New Business,U219,New Business,13700.0,USD,2024-06-24,2024-07-31,6-Closed Lost,True,False,Closed,Partner
O10111,A1181,Thorne Analytics SA - Renewal,U211,Renewal,250900.0,USD,2025-09-10,2025-12-17,5-Closed Won,True,True,Closed,Event
O10585,A1374,Gilder Advisors PLC - New Business,U222,New Business,165100.0,SGD,2026-04-04,2026-09-27,3-Proposal,False,False,Commit,Outbound
O10409,A1360,Tessera Bancorp Ltd - Renewal,U209,Renewal,229600.0,USD,2024-10-30,2025-04-13,5-Closed Won,True,True,Closed,Referral
O11591,A1294,Sable Payments SA - New Business,U208,New Business,83200.0,EUR,2024-06-08,2024-07-30,6-Closed Lost,True,False,Closed,Event
O11639,A1072,Keystone Exchange GmbH - Renewal,U213,Renewal,15900.0,GBP,2024-11-26,2025-01-09,6-Closed Lost,True,False,Closed,Outbound
O10500,A1322,Orbit Labs Inc - Expansion,U214,Expansion,8862.0,USD,2024-12-20,2025-04-13,5-Closed Won,True,True,Closed,Outbound
O11127,A1034,Riverbend Labs GmbH - Expansion,U216,Expansion,43344.0,USD,2024-04-03,2024-04-12,6-Closed Lost,True,False,Closed,Inbound
O10731,A1140,Dovetail Exchange GmbH - New Business,U202,New Business,45600.0,BRL,2025-08-03,2025-10-04,6-Closed Lost,True,False,Closed,Inbound
O12022,A1378,Fairlane Bancorp LLC - Expansion,U215,Expansion,43428.0,USD,2025-06-13,2025-09-18,6-Closed Lost,True,False,Closed,Outbound
O10714,A1085,Solstice Capital Pte Ltd - Renewal,U223,Renewal,15000.0,USD,2024-01-21,2024-04-20,5-Closed Won,True,True,Closed,Partner
O11767,A1139,Granite Holdings SA - New Business,U214,New Business,57300.0,EUR,2025-08-12,2025-09-20,5-Closed Won,True,True,Closed,Partner
O12492,A1273,Fairlane Financial PLC - New Business,U200,New Business,24400.0,USD,2025-06-28,2025-10-13,5-Closed Won,True,True,Closed,Event
O10213,A1171,Inlet Exchange LLC - Expansion,U206,Expansion,33768.0,USD,2025-02-21,2025-06-22,6-Closed Lost,True,False,Closed,Inbound
O12160,A1178,Granite Exchange Co - Expansion,U203,Expansion,25830.0,USD,2024-11-03,2025-03-14,5-Closed Won,True,True,Closed,Inbound
O10792,A1194,Riverbend Holdings Ltd - New Business,U217,New Business,82100.0,USD,2024-06-26,2024-07-12,6-Closed Lost,True,False,Closed,Inbound
O11709,A1312,Quarry Trust SA - New Business,U204,New Business,49900.0,EUR,2025-03-14,2025-04-11,6-Closed Lost,True,False,Closed,Outbound
O10212,A1185,Beltway Ventures SA - New Business,U210,New Business,10900.0,USD,2024-04-17,2024-04-26,6-Closed Lost,True,False,Closed,Event
O11165,A1351,Juniper Trust Co - New Business,U203,New Business,113100.0,EUR,2026-03-03,2026-07-17,2-Qualified,False,False,Pipeline,Inbound
O11181,A1173,Lattice Payments Co - Renewal,U219,Renewal,17900.0,USD,2025-09-26,2026-01-04,5-Closed Won,True,True,Closed,Inbound
O12071,A1027,Eastgate Financial SA - New Business,U200,New Business,117800.0,USD,2025-07-27,2025-11-29,6-Closed Lost,True,False,Closed,Inbound
O10349,A1136,Fairlane Securities GmbH - Renewal,U222,Renewal,11100.0,USD,2025-02-25,2025-05-05,5-Closed Won,True,True,Closed,Inbound
O10762,A1412,Riverbend Payments GmbH - New Business,U214,New Business,43100.0,EUR,2024-09-09,2024-09-22,6-Closed Lost,True,False,Closed,Partner
O11463,A1013,Tessera Financial Inc - New Business,U220,New Business,198100.0,BRL,2024-12-22,2025-06-10,6-Closed Lost,True,False,Closed,Inbound
O12395,A1128,Quarry Labs GmbH - New Business,U208,New Business,42700.0,USD,2024-06-18,2024-11-30,5-Closed Won,True,True,Closed,Partner
O98032,A9007,Cobalt Financial Pte Ltd - Renewal,U216,Renewal,95000.0,EUR,2024-01-15,2024-05-18,5-Closed Won,True,True,Closed,Inbound
O12322,A1334,Norsk Capital Ltd - Expansion,U210,Expansion,6342.0,BRL,2026-06-09,2026-07-15,3-Proposal,False,False,Pipeline,Outbound
O11808,A1224,Auriga Exchange Co - Renewal,U220,Renewal,6700.0,USD,2024-12-30,2025-02-04,5-Closed Won,True,True,Closed,Event
O10992,A1046,Fairlane Labs SA - Renewal,U216,Renewal,34100.0,USD,2024-06-15,2024-08-25,5-Closed Won,True,True,Closed,Inbound
O11502,A1347,Juniper Partners LLC - New Business,U217,New Business,208200.0,USD,2025-12-17,2026-04-21,6-Closed Lost,True,False,Closed,Event
O12006,A1081,Zenith Digital Ltd - New Business,U205,New Business,102500.0,USD,2025-09-08,2025-08-19,5-Closed Won,True,True,Closed,Inbound
O10827,A1041,Tessera Partners Inc - New Business,U222,New Business,16000.0,USD,2024-03-06,2024-03-15,6-Closed Lost,True,False,Closed,Inbound
O10985,A1193,Granite Labs Ltd - New Business,U212,New Business,6200.0,BRL,2025-05-22,2025-05-31,6-Closed Lost,True,False,Closed,Outbound
O12010,A1345,Redmond Custody Pte Ltd - Renewal,U206,Renewal,59700.0,USD,2024-03-10,2024-05-27,5-Closed Won,True,True,Closed,Outbound
O10254,A1347,Juniper Partners LLC - Expansion,U217,Expansion,142128.0,USD,2025-12-28,2026-05-18,5-Closed Won,True,True,Closed,Inbound
O11564,A1369,Stanhope Labs SA - New Business,U201,New Business,75100.0,GBP,2024-11-02,2024-12-23,6-Closed Lost,True,False,Closed,Event
O10308,A1341,Bluewater Networks LLC - Expansion,U201,Expansion,20286.0,USD,2025-06-17,2025-06-26,6-Closed Lost,True,False,Closed,Event
O12459,A1100,Fairlane Trust LLC - Renewal,U215,Renewal,59500.0,USD,2024-01-22,2024-03-05,5-Closed Won,True,True,Closed,Inbound
O11568,A1093,Thorne Bancorp LLC - Renewal,U216,Renewal,37400.0,USD,2024-06-16,2024-06-25,6-Closed Lost,True,False,Closed,Partner
O11113,A1356,Eastgate Bancorp Ltd - New Business,U208,New Business,172000.0,BRL,2024-12-26,2025-04-14,5-Closed Won,True,True,Closed,Partner
O10458,A1261,Westford Payments PLC - New Business,U214,New Business,63500.0,USD,2025-01-31,2025-01-29,6-Closed Lost,True,False,Closed,Outbound
O11982,A1270,Beltway Bancorp Co - Expansion,U201,Expansion,94122.0,SGD,2026-02-15,2026-07-18,3-Proposal,False,False,Best Case,Inbound
O12141,A1175,Orbit Advisors GmbH - New Business,U206,New Business,9800.0,USD,2024-10-14,2024-12-28,6-Closed Lost,True,False,Closed,Outbound
O10043,A1190,Dovetail Custody GmbH - New Business,U207,New Business,206100.0,SGD,2025-01-26,2025-07-19,5-Closed Won,True,True,Closed,Outbound
O11483,A1066,Halcyon Holdings Inc - New Business,U216,New Business,63600.0,USD,2025-02-11,2025-04-10,5-Closed Won,True,True,Closed,Outbound
O10047,A1166,Kestrel Bancorp Inc - New Business,U215,New Business,241900.0,GBP,2026-02-14,2026-07-15,1-Discovery,False,False,Best Case,Outbound
O12077,A1091,Sable Group Inc - Expansion,U211,Expansion,40278.0,EUR,2025-06-09,2025-10-27,6-Closed Lost,True,False,Closed,Event
O12501,A1295,Norsk Ventures LLC - Renewal,U216,Renewal,23600.0,USD,2025-05-20,2025-05-29,5-Closed Won,True,True,Closed,Event
O11025,A1141,Keystone Financial Pte Ltd - New Business,U215,New Business,107500.0,BRL,2024-11-23,2024-12-02,6-Closed Lost,True,False,Closed,Event
O12415,A1065,Quarry Payments Inc - Renewal,U210,Renewal,71500.0,EUR,2025-06-23,2025-09-29,5-Closed Won,True,True,Closed,Inbound
O10560,A1011,Umbra Partners PLC - Expansion,U220,Expansion,136080.0,EUR,2025-07-28,2025-11-09,6-Closed Lost,True,False,Closed,Referral
O12139,A1063,Vertex Capital Co - Renewal,U217,Renewal,69200.0,BRL,2025-12-14,2026-03-15,5-Closed Won,True,True,Closed,Outbound
O12199,A1122,Norsk Labs GmbH - New Business,U206,New Business,25000.0,USD,2025-08-06,2025-08-15,5-Closed Won,True,True,Closed,Partner
O12262,A1059,Halcyon Analytics Ltd - Expansion,U217,Expansion,69132.0,USD,2025-10-23,2026-02-21,6-Closed Lost,True,False,Closed,Inbound
O11857,A1419,Vertex Labs PLC - New Business,U219,New Business,18300.0,BRL,2025-05-08,2025-07-21,5-Closed Won,True,True,Closed,Inbound
O11829,A1390,Cobalt Labs LLC - New Business,U205,New Business,111800.0,GBP,2025-05-19,2025-08-18,6-Closed Lost,True,False,Closed,Outbound
O12272,A1387,Halcyon Securities PLC - New Business,U216,New Business,211600.0,USD,2024-05-13,2024-06-14,6-Closed Lost,True,False,Closed,Outbound
O10440,A1388,Cobalt Financial Pte Ltd - New Business,U216,New Business,206100.0,EUR,2025-11-24,2026-06-05,5-Closed Won,True,True,Closed,Inbound
O10825,A1155,Keystone Digital PLC - Renewal,U223,Renewal,395700.0,BRL,2025-11-21,2025-10-18,6-Closed Lost,True,False,Closed,Inbound
O12045,A1186,Sable Ventures GmbH - New Business,U206,New Business,4800.0,USD,2026-02-18,2026-03-29,6-Closed Lost,True,False,Closed,Outbound
O11250,A1304,Ardent Exchange GmbH - New Business,U209,New Business,19500.0,USD,2024-08-05,2024-10-02,6-Closed Lost,True,False,Closed,Inbound
O98014,A9014,Granite Financial Ltd - Renewal,U221,Renewal,48500.0,GBP,2024-03-22,2024-07-17,5-Closed Won,True,True,Closed,Inbound
O11007,A1115,Harrow Payments PLC - Renewal,U214,Renewal,196600.0,USD,2025-03-06,2025-06-06,5-Closed Won,True,True,Closed,Outbound
O10445,A1241,Auriga Exchange Pte Ltd - Renewal,U209,Renewal,386100.0,SGD,2025-09-02,2026-03-24,6-Closed Lost,True,False,Closed,Outbound
O12162,A1069,Lattice Networks LLC - Renewal,U219,Renewal,60700.0,USD,2025-09-18,2025-11-03,5-Closed Won,True,True,Closed,Inbound
O11272,A1299,Norsk Partners SA - New Business,U216,New Business,69000.0,EUR,2026-03-09,2026-06-06,6-Closed Lost,True,False,Closed,Outbound
O11676,A1372,Quarry Partners LLC - New Business,U223,New Business,64800.0,USD,2024-03-06,2024-04-16,5-Closed Won,True,True,Closed,Outbound
O12028,A1187,Juniper Partners Inc - New Business,U202,New Business,44600.0,USD,2024-03-30,2024-07-21,5-Closed Won,True,True,Closed,Outbound
O12236,A1292,Inlet Group GmbH - Renewal,U205,Renewal,169000.0,GBP,2025-11-02,2026-05-01,5-Closed Won,True,True,Closed,Inbound
O10982,A1052,Norsk Advisors Co - Renewal,U206,Renewal,70300.0,USD,2024-05-26,2024-07-22,5-Closed Won,True,True,Closed,Inbound
O12477,A1352,Ardent Group GmbH - New Business,U200,New Business,180300.0,EUR,2026-03-30,2026-08-09,1-Discovery,False,False,Best Case,Outbound
O11429,A1216,Ironclad Ventures Pte Ltd - Expansion,U208,Expansion,54306.0,BRL,2025-12-25,2026-03-09,5-Closed Won,True,True,Closed,Outbound
O12555,A1393,Stanhope Group Co - Expansion,U217,Expansion,27552.0,USD,2025-08-14,2025-09-02,5-Closed Won,True,True,Closed,Inbound
O12575,A1143,Granite Advisors GmbH - Renewal,U211,Renewal,-149430.0,USD,2024-08-13,2025-02-02,6-Closed Lost,True,False,Closed,Inbound
O11005,A1142,Northwind Bancorp LLC - New Business,U220,New Business,327300.0,USD,2026-02-13,2026-05-29,6-Closed Lost,True,False,Closed,Referral
O12361,A1100,Fairlane Trust LLC - New Business,U215,New Business,73700.0,USD,2025-08-09,2025-12-03,6-Closed Lost,True,False,Closed,Inbound
O10122,A1037,Cobalt Group LLC - Expansion,U215,Expansion,37674.0,USD,2025-02-24,2025-04-18,5-Closed Won,True,True,Closed,Partner
O11701,A1124,Quarry Exchange SA - Renewal,U214,Renewal,21800.0,USD,2025-11-14,2026-02-11,5-Closed Won,True,True,Closed,Partner
O12073,A1189,Orbit Trust LLC - New Business,U210,New Business,73100.0,USD,2025-07-17,2025-11-13,6-Closed Lost,True,False,Closed,Inbound
O10911,A1082,Keystone Ventures GmbH - New Business,U216,New Business,56400.0,BRL,2026-06-13,2026-09-11,3-Proposal,False,False,Best Case,Partner
O10932,A1339,Northwind Payments LLC - Renewal,U217,Renewal,19700.0,GBP,2024-06-07,2024-06-16,5-Closed Won,True,True,Closed,Outbound
O10464,A1283,Caldera Securities PLC - New Business,U202,New Business,15600.0,USD,2025-02-27,2025-03-20,6-Closed Lost,True,False,Closed,Outbound
O11928,A1182,Marrow Group Co - Expansion,U203,Expansion,57666.0,USD,2024-09-20,2025-04-09,6-Closed Lost,True,False,Closed,Event
O11408,A1099,Ardent Digital Ltd - Expansion,U204,Expansion,135324.0,EUR,2025-10-30,2026-06-11,6-Closed Lost,True,False,Closed,Inbound
O98024,A9508,Stanhope Networks Ltd - New Business,U201,New Business,280500.0,USD,2025-11-28,2026-03-15,5-Closed Won,True,True,Closed,Referral
O10021,A1177,Westford Partners GmbH - New Business,U222,New Business,371300.0,GBP,2025-08-21,2026-01-29,6-Closed Lost,True,False,Closed,Inbound
O11578,A1017,Orbit Group LLC - New Business,U222,New Business,7000.0,EUR,2025-10-24,2025-11-19,6-Closed Lost,True,False,Closed,Inbound
O98034,A9009,Inlet Advisors SA - Renewal,U215,Renewal,32400.0,USD,2026-01-27,2026-02-09,5-Closed Won,True,True,Closed,Inbound
O11357,A1411,Harrow Exchange LLC - Expansion,U223,Expansion,2772.0,USD,2025-01-16,2025-02-15,6-Closed Lost,True,False,Closed,Partner
O11807,A1294,Sable Payments SA - New Business,U208,New Business,40400.0,EUR,2025-07-24,2025-10-17,6-Closed Lost,True,False,Closed,Partner
O11206,A1267,Ironclad Digital GmbH - Renewal,U202,Renewal,152000.0,USD,2024-07-24,2024-10-03,6-Closed Lost,True,False,Closed,Outbound
O10353,A1323,Tessera Labs Co - New Business,U215,New Business,41700.0,SGD,2024-12-28,2025-01-06,6-Closed Lost,True,False,Closed,Inbound
O10401,A1300,Beltway Holdings Co - Renewal,U220,Renewal,159000.0,USD,2026-02-19,2026-09-05,3-Proposal,False,False,Best Case,Partner
O11947,A1052,Norsk Advisors Co - Renewal,U206,Renewal,98300.0,USD,2026-04-25,2026-07-22,2-Qualified,False,False,Best Case,Inbound
O12130,A1157,Umbra Payments LLC - Expansion,U203,Expansion,3696.0,EUR,2026-05-11,2026-06-11,5-Closed Won,True,True,Closed,Outbound
O12437,A1331,Sable Capital Co - Expansion,U212,Expansion,3822.0,BRL,2024-06-16,2024-06-25,6-Closed Lost,True,False,Closed,Referral
O11234,A1379,Ardent Ventures PLC - Renewal,U203,Renewal,181100.0,USD,2025-05-27,2025-09-18,5-Closed Won,True,True,Closed,Outbound
O11833,A1150,Stanhope Capital GmbH - New Business,U206,New Business,254000.0,EUR,2025-10-13,2026-02-21,6-Closed Lost,True,False,Closed,Inbound
O11600,A1302,Lattice Bancorp LLC - New Business,U220,New Business,48500.0,EUR,2026-05-16,2026-07-10,2-Qualified,False,False,Best Case,Inbound
O11652,A1135,Harrow Custody Pte Ltd - New Business,U214,New Business,49600.0,GBP,2024-08-07,2024-09-27,6-Closed Lost,True,False,Closed,Partner
O12331,A1356,Eastgate Bancorp Ltd - New Business,U208,New Business,423300.0,BRL,2025-12-06,2026-04-21,6-Closed Lost,True,False,Closed,Partner
O12082,A1146,Granite Labs PLC - Renewal,U223,Renewal,77000.0,USD,2025-03-26,2025-06-15,6-Closed Lost,True,False,Closed,Event
O10743,A1138,Northwind Digital SA - Expansion,U210,Expansion,79632.0,USD,2025-11-28,2026-05-26,6-Closed Lost,True,False,Closed,Event
O99014,A1404,Solstice Analytics Ltd - New Business,U214,New Business,139600.0,USD,2026-02-06,2026-07-26,2-Qualified,False,False,Pipeline,Outbound
O10472,A1171,Inlet Exchange LLC - New Business,U206,New Business,105900.0,USD,2025-12-29,2026-04-22,6-Closed Lost,True,False,Closed,Outbound
O10527,A1127,Palisade Partners PLC - New Business,U223,New Business,173600.0,EUR,2024-10-10,2025-03-13,6-Closed Lost,True,False,Closed,Outbound
O12091,A1365,Vertex Capital Inc - Renewal,U207,Renewal,12200.0,GBP,2024-02-16,2024-04-10,6-Closed Lost,True,False,Closed,Outbound
O10630,A1277,Zenith Networks Pte Ltd - Renewal,U211,Renewal,18400.0,USD,2024-07-10,2024-09-09,5-Closed Won,True,True,Closed,Outbound
O10183,A1100,Fairlane Trust LLC - New Business,U215,New Business,147200.0,USD,2024-01-19,2024-05-01,6-Closed Lost,True,False,Closed,Event
O10507,A1240,Northwind Capital Pte Ltd - Expansion,U208,Expansion,6846.0,USD,2025-11-09,2025-11-18,5-Closed Won,True,True,Closed,Partner
O10618,A1160,Palisade Labs Inc - New Business,U209,New Business,492500.0,USD,2024-05-16,2024-09-24,6-Closed Lost,True,False,Closed,Outbound
O11495,A1314,Zenith Labs Pte Ltd - New Business,U223,New Business,95800.0,USD,2024-09-12,2024-11-25,5-Closed Won,True,True,Closed,Referral
O12279,A1093,Thorne Bancorp LLC - Renewal,U216,Renewal,9500.0,USD,2025-05-20,2025-06-18,5-Closed Won,True,True,Closed,Referral
O11645,A1034,Riverbend Labs GmbH - Expansion,U216,Expansion,26124.0,USD,2025-05-16,2025-08-10,5-Closed Won,True,True,Closed,Outbound
O11640,A1392,Kestrel Group Pte Ltd - Expansion,U203,Expansion,-2646.0,EUR,2025-01-18,2025-01-27,5-Closed Won,True,True,Closed,Outbound
O11630,A1058,Eastgate Analytics GmbH - New Business,U207,New Business,26500.0,USD,2025-03-13,2025-06-16,6-Closed Lost,True,False,Closed,Partner
O12044,A1231,Meridian Networks Co - Expansion,U210,Expansion,68712.0,BRL,2026-03-22,2026-07-06,3-Proposal,False,False,Commit,Inbound
O11157,A1066,Halcyon Holdings Inc - Renewal,U216,Renewal,141800.0,USD,2025-12-31,2026-01-23,5-Closed Won,True,True,Closed,Referral
O11312,A1378,Fairlane Bancorp LLC - Renewal,U215,Renewal,108600.0,USD,2025-01-26,2025-07-11,5-Closed Won,True,True,Closed,Outbound
O11809,A1031,Gilder Financial Co - Expansion,U203,Expansion,28980.0,GBP,2025-01-03,2025-04-09,5-Closed Won,True,True,Closed,Outbound
O10026,A1038,Dovetail Digital LLC - Renewal,U209,Renewal,11800.0,USD,2025-05-19,2025-08-17,5-Closed Won,True,True,Closed,Outbound
O10456,A1309,Dovetail Digital Pte Ltd - Renewal,U201,Renewal,66900.0,USD,2025-07-05,2025-08-02,5-Closed Won,True,True,Closed,Outbound
O11743,A1224,Auriga Exchange Co - Expansion,U220,Expansion,18606.0,USD,2024-07-24,2024-09-25,5-Closed Won,True,True,Closed,Event
O10246,A1128,Quarry Labs GmbH - Renewal,U208,Renewal,186600.0,USD,2026-02-20,2026-06-24,6-Closed Lost,True,False,Closed,Outbound
O10568,A1395,Westford Networks Co - New Business,U207,New Business,123500.0,EUR,2026-05-30,2026-10-15,2-Qualified,False,False,Best Case,Outbound
O10884,A1366,Cobalt Networks LLC - New Business,U214,New Business,55600.0,USD,2025-06-26,2025-07-05,5-Closed Won,True,True,Closed,Outbound
O12564,A1184,Northwind Securities PLC - Expansion,U208,Expansion,60522.0,USD,2024-06-28,2024-12-06,5-Closed Won,True,True,Closed,Partner
O98029,A9004,Norsk Capital Inc - Expansion,U200,Expansion,21252.0,USD,2024-11-15,2025-02-07,5-Closed Won,True,True,Closed,Inbound
O11764,A1266,Vertex Capital Ltd - Renewal,U220,Renewal,65100.0,USD,2024-06-08,2024-09-06,5-Closed Won,True,True,Closed,Event
O10524,A1313,Vertex Custody PLC - New Business,U202,New Business,87700.0,USD,2025-08-02,2025-09-18,5-Closed Won,True,True,Closed,Event
O10230,A1281,Norsk Trust Pte Ltd - New Business,U211,New Business,124800.0,BRL,2024-02-22,2024-06-05,6-Closed Lost,True,False,Closed,Inbound
O12321,A1125,Sable Group SA - New Business,U213,New Business,81600.0,USD,2026-03-22,2026-04-20,5-Closed Won,True,True,Closed,Outbound
O12510,A1376,Tessera Systems Inc - Expansion,U216,Expansion,16506.0,EUR,2024-11-05,2025-01-07,6-Closed Lost,True,False,Closed,Inbound
O11824,A1090,Inlet Analytics Inc - Expansion,U207,Expansion,5334.0,USD,2024-06-10,2024-06-19,5-Closed Won,True,True,Closed,Referral
O10096,A1030,Cobalt Digital GmbH - Renewal,U202,Renewal,76900.0,USD,2024-11-09,2025-03-19,5-Closed Won,True,True,Closed,Partner
O12171,A1193,Granite Labs Ltd - New Business,U212,New Business,17500.0,BRL,2025-02-25,2025-03-24,6-Closed Lost,True,False,Closed,Event
O10923,A1186,Sable Ventures GmbH - New Business,U206,New Business,28400.0,USD,2025-01-30,2025-02-08,6-Closed Lost,True,False,Closed,Outbound
O12342,A1185,Beltway Ventures SA - Expansion,U210,Expansion,9870.0,USD,2024-08-25,2024-10-07,6-Closed Lost,True,False,Closed,Outbound
O11109,A1273,Fairlane Financial PLC - Expansion,U200,Expansion,10710.0,USD,2024-09-12,2024-12-03,6-Closed Lost,True,False,Closed,Outbound
O10815,A1213,Fairlane Financial GmbH - New Business,U215,New Business,166700.0,USD,2025-05-12,2025-09-18,6-Closed Lost,True,False,Closed,Outbound
O12396,A1143,Granite Advisors GmbH - Expansion,U211,Expansion,221046.0,USD,2025-05-30,2025-12-14,6-Closed Lost,True,False,Closed,Event
O11716,A1102,Kestrel Exchange Ltd - New Business,U210,New Business,37400.0,USD,2026-05-14,2026-09-21,2-Qualified,False,False,Best Case,Outbound
O11301,A1070,Ardent Partners LLC - Expansion,U215,Expansion,19446.0,USD,2025-03-31,2025-05-09,5-Closed Won,True,True,Closed,Outbound
O12275,A1317,Norsk Bancorp PLC - Renewal,U206,Renewal,107800.0,SGD,2024-06-12,2024-12-03,5-Closed Won,True,True,Closed,Inbound
O12182,A1119,Eastgate Ventures SA - Expansion,U207,Expansion,103488.0,USD,2024-03-19,2024-02-15,5-Closed Won,True,True,Closed,Outbound
O10076,A1161,Sable Securities LLC - New Business,U217,New Business,261600.0,GBP,2025-01-09,2025-07-07,6-Closed Lost,True,False,Closed,Event
O10335,A1305,Norsk Payments LLC - Renewal,U201,Renewal,74900.0,USD,2025-04-30,2025-09-03,5-Closed Won,True,True,Closed,Outbound
O12144,A1276,Inlet Capital GmbH - New Business,U211,New Business,23000.0,EUR,2026-01-27,2026-03-14,6-Closed Lost,True,False,Closed,Inbound
O12554,A1184,Northwind Securities PLC - Expansion,U208,Expansion,190386.0,USD,2024-03-06,2024-05-22,5-Closed Won,True,True,Closed,Inbound
O10510,A1078,Fairlane Custody GmbH - New Business,U212,New Business,98600.0,USD,2026-05-15,2026-08-03,2-Qualified,False,False,Commit,Outbound
O10778,A1216,Ironclad Ventures Pte Ltd - Renewal,U208,Renewal,115200.0,BRL,2024-03-18,2024-08-14,5-Closed Won,True,True,Closed,Outbound
O12186,A1363,Riverbend Bancorp LLC - Expansion,U223,Expansion,23982.0,EUR,2024-01-18,2024-04-07,5-Closed Won,True,True,Closed,Partner
O11527,A1389,Inlet Partners Inc - New Business,U218,New Business,32000.0,USD,2026-01-06,2026-04-20,6-Closed Lost,True,False,Closed,Outbound
O12023,A1368,Lumen Labs SA - Renewal,U201,Renewal,193900.0,USD,2025-09-20,2026-03-12,5-Closed Won,True,True,Closed,Inbound
O11848,A1419,Vertex Labs PLC - New Business,U219,New Business,9500.0,BRL,2024-09-13,2024-09-22,5-Closed Won,True,True,Closed,Inbound
O11506,A1048,Umbra Labs LLC - Expansion,U214,Expansion,17808.0,USD,2026-03-28,2026-06-14,6-Closed Lost,True,False,Closed,Outbound
O12365,A1185,Beltway Ventures SA - Expansion,U210,Expansion,12222.0,USD,2025-12-30,2026-02-19,6-Closed Lost,True,False,Closed,Event
O11902,A1270,Beltway Bancorp Co - Expansion,U201,Expansion,48846.0,SGD,2024-03-31,2024-07-22,5-Closed Won,True,True,Closed,Inbound
O10530,A1025,Orbit Financial SA - New Business,U217,New Business,130200.0,USD,2025-08-26,2026-04-25,6-Closed Lost,True,False,Closed,Partner
O11658,A1214,Norsk Digital Pte Ltd - New Business,U217,New Business,54400.0,USD,2025-01-11,2025-05-02,6-Closed Lost,True,False,Closed,Outbound
O10051,A1356,Eastgate Bancorp Ltd - New Business,U208,New Business,291700.0,BRL,2024-03-28,2024-07-01,6-Closed Lost,True,False,Closed,Outbound
O10543,A1389,Inlet Partners Inc - Renewal,U218,Renewal,52200.0,USD,2025-07-14,2025-07-23,5-Closed Won,True,True,Closed,Event
O11832,A1125,Sable Group SA - Expansion,U213,Expansion,73416.0,USD,2025-03-18,2025-07-31,5-Closed Won,True,True,Closed,Inbound
O11280,A1187,Juniper Partners Inc - Renewal,U202,Renewal,145300.0,USD,2026-01-21,2026-06-17,5-Closed Won,True,True,Closed,Inbound
O11436,A1055,Granite Securities Ltd - New Business,U208,New Business,51000.0,BRL,2026-03-30,2026-06-09,6-Closed Lost,True,False,Closed,Outbound
O10044,A1209,Meridian Payments Inc - Renewal,U216,Renewal,28700.0,GBP,2025-01-15,2025-01-24,5-Closed Won,True,True,Closed,Event
O12423,A1247,Lumen Analytics Co - Renewal,U217,Renewal,39800.0,SGD,2024-04-21,2024-08-16,5-Closed Won,True,True,Closed,Event
O10789,A1014,Quarry Holdings PLC - Expansion,U210,Expansion,5292.0,SGD,2025-04-14,2025-05-29,5-Closed Won,True,True,Closed,Event
O10202,A1143,Granite Advisors GmbH - New Business,U211,New Business,324300.0,USD,2024-08-13,2025-03-07,6-Closed Lost,True,False,Closed,Event
O10100,A1396,Thorne Advisors Pte Ltd - New Business,U209,New Business,16900.0,USD,2025-06-06,2025-07-02,5-Closed Won,True,True,Closed,Inbound
O11379,A1184,Northwind Securities PLC - New Business,U208,New Business,116500.0,USD,2024-05-10,2024-07-10,6-Closed Lost,True,False,Closed,Inbound
O11508,A1256,Palisade Payments Pte Ltd - New Business,U214,New Business,49800.0,BRL,2024-02-04,2024-06-08,5-Closed Won,True,True,Closed,Outbound
O11888,A1271,Zenith Trust SA - New Business,U220,New Business,146500.0,USD,2024-04-17,2024-07-06,5-Closed Won,True,True,Closed,Partner
O11973,A1278,Thorne Systems Pte Ltd - New Business,U217,New Business,62200.0,SGD,2025-08-18,2025-11-15,6-Closed Lost,True,False,Closed,Partner
O10554,A1165,Norsk Payments GmbH - Renewal,U209,Renewal,533000.0,USD,2024-12-22,2025-04-20,5-Closed Won,True,True,Closed,Partner
O11544,A1063,Vertex Capital Co - New Business,U217,New Business,26300.0,BRL,2024-01-09,2024-03-18,6-Closed Lost,True,False,Closed,Inbound
O10313,A1310,Dovetail Ventures Inc - Expansion,U208,Expansion,12684.0,USD,2024-08-15,2024-11-06,6-Closed Lost,True,False,Closed,Event
O10886,A1231,Meridian Networks Co - New Business,U210,New Business,154400.0,BRL,2024-02-09,2024-05-10,6-Closed Lost,True,False,Closed,Referral
O12432,A1124,Quarry Exchange SA - Renewal,U214,Renewal,99800.0,USD,2025-07-01,2025-09-15,6-Closed Lost,True,False,Closed,Inbound
O11068,A1055,Granite Securities Ltd - New Business,U208,New Business,69200.0,BRL,2025-05-02,2025-07-28,5-Closed Won,True,True,Closed,Outbound
O10192,A1261,Westford Payments PLC - Renewal,U214,Renewal,84400.0,USD,2024-02-03,2024-04-25,5-Closed Won,True,True,Closed,Outbound
O11909,A1287,Tessera Financial LLC - New Business,U219,New Business,12400.0,USD,2026-01-03,2026-03-10,6-Closed Lost,True,False,Closed,Outbound
O11465,A1228,Marrow Ventures PLC - Renewal,U218,Renewal,67200.0,USD,2025-07-28,2025-09-29,5-Closed Won,True,True,Closed,Event
O10633,A1030,Cobalt Digital GmbH - New Business,U202,New Business,30000.0,USD,2024-06-13,2024-05-10,6-Closed Lost,True,False,Closed,Event
O10718,A1358,Palisade Partners Co - New Business,U217,New Business,154100.0,BRL,2025-05-22,2025-09-02,6-Closed Lost,True,False,Closed,Inbound
O11046,A1196,Pinnacle Group GmbH - Expansion,U211,Expansion,26208.0,GBP,2024-10-07,2025-03-01,6-Closed Lost,True,False,Closed,Inbound
O11575,A1136,Fairlane Securities GmbH - New Business,U222,New Business,8200.0,USD,2024-12-18,2024-12-27,6-Closed Lost,True,False,Closed,Outbound
O10988,A1039,Norsk Partners Co - Expansion,U207,Expansion,47922.0,USD,2024-06-27,2024-08-15,6-Closed Lost,True,False,Closed,Inbound
O12491,A1380,Beltway Networks Ltd - Renewal,U221,Renewal,9000.0,GBP,2024-05-31,2024-06-09,6-Closed Lost,True,False,Closed,Event
O12532,A1172,Marrow Networks Pte Ltd - Renewal,U221,Renewal,24100.0,SGD,2025-03-23,2025-04-16,5-Closed Won,True,True,Closed,Inbound
O11906,A1040,Lattice Holdings Pte Ltd - Renewal,U219,Renewal,57200.0,USD,2025-09-06,2025-12-17,5-Closed Won,True,True,Closed,Inbound
O10512,A1023,Umbra Networks LLC - New Business,U210,New Business,329800.0,GBP,2025-10-23,2026-04-05,6-Closed Lost,True,False,Closed,Inbound
O11358,A1188,Stanhope Holdings Inc - Renewal,U217,Renewal,238200.0,USD,2026-03-19,2026-08-16,3-Proposal,False,False,Commit,Referral
O12470,A1317,Norsk Bancorp PLC - Renewal,U206,Renewal,138800.0,SGD,2026-06-11,2026-11-10,2-Qualified,False,False,Best Case,Inbound
O11541,A1219,Stanhope Partners PLC - New Business,U214,New Business,61000.0,USD,2024-04-18,2024-07-27,6-Closed Lost,True,False,Closed,Inbound
O11996,A1336,Northwind Capital PLC - Expansion,U209,Expansion,6762.0,SGD,2024-02-12,2024-04-14,5-Closed Won,True,True,Closed,Referral
O10054,A1137,Lumen Digital Inc - Renewal,U217,Renewal,142700.0,USD,2024-07-14,2025-01-13,5-Closed Won,True,True,Closed,Outbound
O11434,A1193,Granite Labs Ltd - Expansion,U212,Expansion,11886.0,BRL,2024-04-23,2024-06-17,5-Closed Won,True,True,Closed,Event
O10940,A1398,Dovetail Labs Inc - New Business,U201,New Business,21900.0,EUR,2025-05-17,2025-07-09,6-Closed Lost,True,False,Closed,Outbound
O11725,A1119,Eastgate Ventures SA - New Business,U207,New Business,238700.0,USD,2024-05-18,2024-09-29,5-Closed Won,True,True,Closed,Inbound
O10937,A1057,Zenith Capital LLC - Expansion,U223,Expansion,153174.0,USD,2024-11-01,2025-04-12,5-Closed Won,True,True,Closed,Inbound
O10894,A1060,Orbit Advisors PLC - New Business,U203,New Business,64000.0,USD,2024-02-21,2024-06-23,6-Closed Lost,True,False,Closed,Outbound
O10470,A1068,Pinnacle Payments Ltd - Expansion,U200,Expansion,32802.0,USD,2025-09-13,2025-12-12,6-Closed Lost,True,False,Closed,Inbound
O10839,A1398,Dovetail Labs Inc - New Business,U201,New Business,24500.0,EUR,2024-02-20,2024-05-09,6-Closed Lost,True,False,Closed,Outbound
O11837,A1095,Caldera Custody Ltd - Renewal,U203,Renewal,18900.0,USD,2024-02-03,2024-03-06,5-Closed Won,True,True,Closed,Inbound
O12246,A1239,Vertex Trust Pte Ltd - New Business,U207,New Business,148700.0,USD,2025-08-03,2025-12-02,6-Closed Lost,True,False,Closed,Outbound
O10143,A1133,Sable Labs Inc - New Business,U217,New Business,121600.0,BRL,2024-12-04,2025-03-28,5-Closed Won,True,True,Closed,Inbound
O11479,A1111,Inlet Securities GmbH - Renewal,U217,Renewal,199600.0,EUR,2025-03-22,2025-08-27,5-Closed Won,True,True,Closed,Outbound
O12147,A1403,Halcyon Trust Inc - New Business,U222,New Business,82200.0,USD,2026-06-07,2026-09-30,2-Qualified,False,False,Pipeline,Outbound
O11423,A1078,Fairlane Custody GmbH - Expansion,U212,Expansion,23688.0,USD,2024-12-24,2025-02-24,5-Closed Won,True,True,Closed,Outbound
O12581,A1349,Norsk Securities Inc - Renewal,U206,Renewal,21500.0,USD,2026-06-01,2026-08-26,2-Qualified,False,False,Pipeline,Partner
O12425,A1330,Solstice Advisors SA - Renewal,U204,Renewal,629800.0,USD,2024-03-21,2024-08-04,5-Closed Won,True,True,Closed,Outbound
O10577,A1221,Tessera Networks Inc - Expansion,U223,Expansion,104790.0,GBP,2024-08-28,2024-11-03,5-Closed Won,True,True,Closed,Outbound
O10854,A1402,Gilder Networks LLC - Renewal,U213,Renewal,25800.0,USD,2025-05-23,2025-07-25,5-Closed Won,True,True,Closed,Partner
O12497,A1034,Riverbend Labs GmbH - New Business,U216,New Business,68100.0,USD,2024-08-25,2024-11-28,6-Closed Lost,True,False,Closed,Inbound
O12467,A1395,Westford Networks Co - Expansion,U207,Expansion,18858.0,EUR,2024-05-17,2024-08-21,5-Closed Won,True,True,Closed,Partner
O11325,A1304,Ardent Exchange GmbH - Renewal,U209,Renewal,48100.0,USD,2024-08-23,2024-11-14,5-Closed Won,True,True,Closed,Partner
O10983,A1111,Inlet Securities GmbH - Expansion,U217,Expansion,355152.0,EUR,2025-02-17,2025-06-21,5-Closed Won,True,True,Closed,Event
O11415,A1028,Thorne Trust PLC - Expansion,U205,Expansion,158466.0,USD,2024-01-29,2024-06-21,5-Closed Won,True,True,Closed,Outbound
O12173,A1350,Zenith Systems SA - New Business,U201,New Business,298000.0,USD,2024-09-04,2025-01-13,6-Closed Lost,True,False,Closed,Outbound
O12187,A1185,Beltway Ventures SA - New Business,U210,New Business,13800.0,USD,2025-04-16,2025-04-25,6-Closed Lost,True,False,Closed,Inbound
O10433,A1354,Eastgate Analytics Ltd - Renewal,U207,Renewal,40900.0,SGD,2026-05-24,2026-06-20,5-Closed Won,True,True,Closed,Referral
O10770,A1373,Auriga Ventures Pte Ltd - Renewal,U223,Renewal,10500.0,SGD,2025-12-22,2026-01-17,5-Closed Won,True,True,Closed,Outbound
O10177,A1193,Granite Labs Ltd - New Business,U212,New Business,13500.0,BRL,2026-05-04,2026-05-22,6-Closed Lost,True,False,Closed,Inbound
O12394,A1175,Orbit Advisors GmbH - New Business,U206,New Business,4700.0,USD,2025-04-17,2025-04-26,5-Closed Won,True,True,Closed,Partner
O10655,A1250,Ironclad Securities Pte Ltd - New Business,U204,New Business,91500.0,USD,2026-06-13,2026-07-23,4-Negotiation,False,False,Pipeline,Outbound
O12577,A1307,Zenith Custody GmbH - Expansion,U207,Expansion,104118.0,USD,2024-04-17,2024-09-08,6-Closed Lost,True,False,Closed,Inbound
O10730,A1330,Solstice Advisors SA - Expansion,U204,Expansion,159768.0,USD,2025-04-26,2025-09-30,5-Closed Won,True,True,Closed,Outbound
O11603,A1115,Harrow Payments PLC - Renewal,U214,Renewal,40800.0,USD,2024-12-13,2025-03-14,5-Closed Won,True,True,Closed,Inbound
O10277,A1054,Granite Custody Inc - New Business,U213,New Business,356400.0,SGD,2025-04-12,2025-07-07,5-Closed Won,True,True,Closed,Inbound
O12015,A1316,Pinnacle Payments PLC - New Business,U222,New Business,10900.0,USD,2026-06-03,2026-08-01,1-Discovery,False,False,Pipeline,Partner
O10767,A1323,Tessera Labs Co - Expansion,U215,Expansion,22008.0,SGD,2024-05-21,2024-07-09,5-Closed Won,True,True,Closed,Inbound
O11559,A1352,Ardent Group GmbH - Renewal,U200,Renewal,117300.0,EUR,2024-08-21,2024-11-22,5-Closed Won,True,True,Closed,Referral
O10249,A1173,Lattice Payments Co - Renewal,U219,Renewal,37300.0,USD,2025-03-05,2025-06-25,5-Closed Won,True,True,Closed,Referral
O11835,A1404,Solstice Analytics Ltd - New Business,U214,New Business,139600.0,USD,2026-02-06,2026-07-26,2-Qualified,False,False,Pipeline,Outbound
O11994,A1407,Auriga Systems LLC - Renewal,U205,Renewal,65900.0,BRL,2025-03-15,2025-05-21,5-Closed Won,True,True,Closed,Partner
O12225,A1096,Dovetail Networks SA - Renewal,U212,Renewal,65700.0,USD,2024-07-05,2024-10-23,5-Closed Won,True,True,Closed,Event
O12318,A1136,Fairlane Securities GmbH - Expansion,U222,Expansion,5124.0,USD,2024-01-24,2024-02-02,5-Closed Won,True,True,Closed,Inbound
O12384,A1160,Palisade Labs Inc - New Business,U209,New Business,313700.0,USD,2024-12-27,2025-08-12,5-Closed Won,True,True,Closed,Outbound
O11179,A1107,Keystone Bancorp Ltd - Expansion,U222,Expansion,38178.0,USD,2025-12-11,2026-01-20,6-Closed Lost,True,False,Closed,Partner
O11779,A1223,Cobalt Capital Co - New Business,U204,New Business,62600.0,USD,2025-07-21,2025-11-01,6-Closed Lost,True,False,Closed,Outbound
O10486,A1198,Westford Holdings LLC - Expansion,U217,Expansion,26754.0,USD,2025-03-12,2025-07-04,6-Closed Lost,True,False,Closed,Referral
O12440,A1133,Sable Labs Inc - Expansion,U217,Expansion,39312.0,BRL,2024-03-13,2024-06-29,6-Closed Lost,True,False,Closed,Inbound
O12132,A1291,Ironclad Financial Pte Ltd - New Business,U213,New Business,44600.0,USD,2024-10-29,2025-01-23,6-Closed Lost,True,False,Closed,Outbound
O11785,A1316,Pinnacle Payments PLC - Renewal,U222,Renewal,92800.0,USD,2024-05-16,2024-08-06,6-Closed Lost,True,False,Closed,Outbound
O12125,A1090,Inlet Analytics Inc - New Business,U207,New Business,9600.0,USD,2026-05-09,2026-07-05,2-Qualified,False,False,Best Case,Inbound
O10045,A1086,Tessera Securities Co - New Business,U217,New Business,50000.0,USD,2025-11-16,2026-01-12,6-Closed Lost,True,False,Closed,Inbound
O10657,A1085,Solstice Capital Pte Ltd - New Business,U223,New Business,31400.0,USD,2025-02-04,2025-03-20,6-Closed Lost,True,False,Closed,Inbound
O11899,A1316,Pinnacle Payments PLC - Expansion,U222,Expansion,14112.0,USD,2024-06-06,2024-07-15,5-Closed Won,True,True,Closed,Outbound
O10040,A1264,Lattice Labs Co - Renewal,U220,Renewal,236100.0,EUR,2025-01-16,2025-06-10,5-Closed Won,True,True,Closed,Inbound
O12020,A1089,Vertex Digital Co - Renewal,U200,Renewal,13900.0,BRL,2026-01-08,2026-01-23,6-Closed Lost,True,False,Closed,Inbound
O12551,A1058,Eastgate Analytics GmbH - Expansion,U207,Expansion,10458.0,USD,2026-01-24,2026-02-21,5-Closed Won,True,True,Closed,Partner
O10209,A1041,Tessera Partners Inc - New Business,U222,New Business,21300.0,USD,2025-12-05,2026-02-26,6-Closed Lost,True,False,Closed,Referral
O10410,A1322,Orbit Labs Inc - Renewal,U214,Renewal,68700.0,USD,2024-08-14,2024-09-26,6-Closed Lost,True,False,Closed,Outbound
O12083,A1384,Lumen Financial Pte Ltd - Expansion,U216,Expansion,82110.0,USD,2024-07-05,2024-12-25,6-Closed Lost,True,False,Closed,Inbound
O10710,A1397,Gilder Exchange Co - Expansion,U209,Expansion,10458.0,USD,2024-09-17,2024-10-17,6-Closed Lost,True,False,Closed,Inbound
O12291,A1069,Lattice Networks LLC - New Business,U219,New Business,111100.0,USD,2025-07-25,2025-08-12,6-Closed Lost,True,False,Closed,Inbound
O11356,A1054,Granite Custody Inc - Renewal,U213,Renewal,94500.0,SGD,2025-11-01,2026-03-02,5-Closed Won,True,True,Closed,Partner
O10124,A1018,Dovetail Bancorp LLC - Renewal,U206,Renewal,695600.0,EUR,2026-01-04,2026-05-17,5-Closed Won,True,True,Closed,Referral
O10376,A1272,Orbit Networks Inc - Renewal,U217,Renewal,13600.0,USD,2026-03-21,2026-05-02,5-Closed Won,True,True,Closed,Event
O10024,A1273,Fairlane Financial PLC - Expansion,U200,Expansion,17892.0,USD,2024-02-08,2024-05-05,6-Closed Lost,True,False,Closed,Inbound
O10492,A1089,Vertex Digital Co - New Business,U200,New Business,9800.0,BRL,2025-05-07,2025-06-18,6-Closed Lost,True,False,Closed,Outbound
O11615,A1344,Norsk Capital Inc - Expansion,U200,Expansion,21252.0,USD,2024-11-15,2025-02-07,5-Closed Won,True,True,Closed,Inbound
O10912,A1289,Stanhope Networks GmbH - New Business,U201,New Business,18300.0,GBP,2025-11-27,2025-12-22,6-Closed Lost,True,False,Closed,Inbound
O11769,A1202,Inlet Exchange Co - Expansion,U201,Expansion,44604.0,USD,2024-10-03,2025-04-03,5-Closed Won,True,True,Closed,Partner
O12127,A1338,Tessera Group Inc - Renewal,U217,Renewal,186100.0,EUR,2024-04-02,2024-09-30,5-Closed Won,True,True,Closed,Event
O12354,A1223,Cobalt Capital Co - New Business,U204,New Business,144400.0,USD,2025-05-22,2025-07-25,6-Closed Lost,True,False,Closed,Referral
O11349,A1315,Tessera Partners LLC - Renewal,U204,Renewal,272700.0,USD,2026-02-21,2026-06-22,5-Closed Won,True,True,Closed,Event
O10843,A1100,Fairlane Trust LLC - Expansion,U215,Expansion,93618.0,USD,2026-01-05,2026-04-04,6-Closed Lost,True,False,Closed,Inbound
O98023,A9507,Halcyon Analytics Ltd - Expansion,U217,Expansion,28518.0,USD,2025-05-18,2025-10-03,6-Closed Lost,True,False,Closed,Inbound
O11705,A1138,Northwind Digital SA - Expansion,U210,Expansion,47502.0,USD,2024-07-17,2024-11-15,6-Closed Lost,True,False,Closed,Inbound
O11414,A1315,Tessera Partners LLC - Renewal,U204,Renewal,256000.0,USD,2024-03-12,2024-06-20,5-Closed Won,True,True,Closed,Referral
O12578,A1222,Pinnacle Holdings LLC - New Business,U215,New Business,19200.0,EUR,2025-09-06,2026-01-28,6-Closed Lost,True,False,Closed,Inbound
O11759,A1037,Cobalt Group LLC - Expansion,U215,Expansion,33726.0,USD,2025-07-10,2025-08-26,6-Closed Lost,True,False,Closed,Inbound
O11108,A1292,Inlet Group GmbH - Expansion,U205,Expansion,144900.0,GBP,2025-03-11,2025-08-14,6-Closed Lost,True,False,Closed,Inbound
O10290,A1381,Dovetail Partners LLC - Renewal,U211,Renewal,12300.0,EUR,2024-08-26,2024-10-01,5-Closed Won,True,True,Closed,Inbound
O10184,A1407,Auriga Systems LLC - New Business,U205,New Business,44200.0,BRL,2025-05-20,2025-07-13,5-Closed Won,True,True,Closed,Outbound
O12362,A1394,Riverbend Labs Pte Ltd - Expansion,U202,Expansion,19026.0,USD,2024-09-22,2024-12-27,6-Closed Lost,True,False,Closed,Outbound
O10968,A1240,Northwind Capital Pte Ltd - Expansion,U208,Expansion,7014.0,USD,2024-11-09,2024-11-18,5-Closed Won,True,True,Closed,Partner
O11864,A1019,Keystone Ventures Ltd - Renewal,U217,Renewal,6300.0,USD,2024-09-29,2024-11-17,5-Closed Won,True,True,Closed,Referral
O11361,A1271,Zenith Trust SA - Expansion,U220,Expansion,34314.0,USD,2026-01-31,2026-02-12,5-Closed Won,True,True,Closed,Referral
O11689,A1328,Vantage Partners Inc - New Business,U221,New Business,18000.0,USD,2024-04-25,2024-07-11,6-Closed Lost,True,False,Closed,Partner
O10845,A1382,Fairlane Payments Co - New Business,U216,New Business,53000.0,GBP,2025-03-31,2025-05-06,6-Closed Lost,True,False,Closed,Inbound
O12525,A1343,Fairlane Group Pte Ltd - New Business,U201,New Business,28600.0,USD,2025-08-28,2026-01-19,5-Closed Won,True,True,Closed,Partner
O11239,A1245,Quarry Exchange LLC - Expansion,U205,Expansion,3486.0,EUR,2024-10-10,2024-12-06,5-Closed Won,True,True,Closed,Outbound
O10332,A1227,Umbra Analytics Inc - New Business,U216,New Business,63800.0,USD,2026-05-23,2026-08-07,1-Discovery,False,False,Pipeline,Referral
O11861,A1383,Thorne Trust Ltd - Renewal,U202,Renewal,87400.0,USD,2024-05-07,2024-07-04,5-Closed Won,True,True,Closed,Event
O10428,A1273,Fairlane Financial PLC - Renewal,U200,Renewal,82000.0,USD,2026-01-22,2026-04-24,5-Closed Won,True,True,Closed,Inbound
O10008,A1281,Norsk Trust Pte Ltd - Expansion,U211,Expansion,148890.0,BRL,2025-07-05,2025-12-17,5-Closed Won,True,True,Closed,Outbound
O11696,A1146,Granite Labs PLC - Expansion,U223,Expansion,16632.0,USD,2025-01-10,2025-03-27,6-Closed Lost,True,False,Closed,Event
O98008,A9008,Tessera Trust GmbH - New Business,U206,New Business,34600.0,GBP,2026-04-03,2026-04-12,6-Closed Lost,True,False,Closed,Outbound
O12297,A1051,Bluewater Systems Ltd - Expansion,U202,Expansion,30450.0,USD,2025-08-06,2025-10-12,5-Closed Won,True,True,Closed,Outbound
O11772,A1248,Keystone Trust Inc - New Business,U217,New Business,256200.0,USD,2025-07-03,2025-11-18,6-Closed Lost,True,False,Closed,Outbound
O10819,A1348,Stanhope Custody LLC - New Business,U203,New Business,138900.0,USD,2025-10-18,2026-02-27,6-Closed Lost,True,False,Closed,Inbound
O10739,A1007,Umbra Networks Inc - Expansion,U209,Expansion,9156.0,USD,2025-07-01,2025-09-14,5-Closed Won,True,True,Closed,Outbound
O11401,A1358,Palisade Partners Co - Expansion,U217,Expansion,42546.0,BRL,2024-01-07,2024-06-21,5-Closed Won,True,True,Closed,Event
O10471,A1257,Riverbend Advisors GmbH - Renewal,U213,Renewal,108100.0,BRL,2026-01-25,2026-07-10,3-Proposal,False,False,Best Case,Outbound
O11714,A1251,Juniper Group Co - Expansion,U218,Expansion,16170.0,GBP,2024-08-07,2024-08-16,5-Closed Won,True,True,Closed,Outbound
O11382,A1264,Lattice Labs Co - New Business,U220,New Business,139300.0,EUR,2025-04-07,2025-07-12,5-Closed Won,True,True,Closed,Inbound
O10149,A1185,Beltway Ventures SA - New Business,U210,New Business,29400.0,USD,2026-05-08,2026-05-17,6-Closed Lost,True,False,Closed,Event
O10170,A1328,Vantage Partners Inc - New Business,U221,New Business,27200.0,USD,2024-06-04,2024-06-13,6-Closed Lost,True,False,Closed,Partner
O10150,A1266,Vertex Capital Ltd - Renewal,U220,Renewal,20600.0,USD,2024-04-23,2024-07-14,5-Closed Won,True,True,Closed,Partner
O11342,A1218,Dovetail Custody PLC - Renewal,U221,Renewal,43000.0,USD,2026-03-21,2026-07-01,2-Qualified,False,False,Pipeline,Partner
O11387,A1322,Orbit Labs Inc - Renewal,U214,Renewal,134200.0,USD,2024-06-18,2024-09-15,5-Closed Won,True,True,Closed,Event
O10182,A1312,Quarry Trust SA - Renewal,U204,Renewal,140100.0,EUR,2024-07-01,2024-10-09,5-Closed Won,True,True,Closed,Inbound
O12536,A1388,Cobalt Financial Pte Ltd - Expansion,U216,Expansion,161364.0,EUR,2025-07-31,2026-01-07,6-Closed Lost,True,False,Closed,Inbound
O98021,A9505,Thorne Digital LLC - Renewal,U220,Renewal,108000.0,GBP,2024-06-21,2024-09-04,5-Closed Won,True,True,Closed,Inbound
O12129,A1124,Quarry Exchange SA - Renewal,U214,Renewal,101200.0,USD,2024-07-01,2024-09-30,5-Closed Won,True,True,Closed,Outbound
O11855,A1061,Lattice Securities Inc - New Business,U206,New Business,12700.0,USD,2025-08-30,2025-09-08,5-Closed Won,True,True,Closed,Event
O11129,A1306,Marrow Exchange Inc - New Business,U208,New Business,153900.0,USD,2024-10-21,2025-02-12,6-Closed Lost,True,False,Closed,Event
O11210,A1041,Tessera Partners Inc - New Business,U222,New Business,18200.0,USD,2025-12-20,2026-01-07,6-Closed Lost,True,False,Closed,Outbound
O11364,A1392,Kestrel Group Pte Ltd - Renewal,U203,Renewal,20500.0,EUR,2024-07-24,2024-08-20,5-Closed Won,True,True,Closed,Outbound
O11252,A1181,Thorne Analytics SA - Renewal,U211,Renewal,72800.0,USD,2025-06-06,2025-07-24,5-Closed Won,True,True,Closed,Outbound
O12392,A1352,Ardent Group GmbH - Renewal,U200,Renewal,291400.0,EUR,2026-05-26,2026-11-22,3-Proposal,False,False,Commit,Event
O10989,A1125,Sable Group SA - New Business,U213,New Business,29500.0,USD,2025-04-24,2025-06-16,6-Closed Lost,True,False,Closed,Inbound
O12426,A1287,Tessera Financial LLC - Renewal,U219,Renewal,25000.0,USD,2025-09-19,2025-09-28,5-Closed Won,True,True,Closed,Event
O10383,A1353,Halcyon Ventures Inc - New Business,U207,New Business,95300.0,GBP,2026-01-14,2026-07-19,1-Discovery,False,False,Best Case,Outbound
O12379,A1142,Northwind Bancorp LLC - Expansion,U220,Expansion,55482.0,USD,2025-12-08,2026-06-25,6-Closed Lost,True,False,Closed,Referral
O11048,A1218,Dovetail Custody PLC - Expansion,U221,Expansion,38850.0,USD,2024-05-10,2024-09-19,6-Closed Lost,True,False,Closed,Outbound
O12476,A1289,Stanhope Networks GmbH - New Business,U201,New Business,11600.0,GBP,2024-11-20,2024-12-27,6-Closed Lost,True,False,Closed,Outbound
O12024,A1164,Lumen Securities GmbH - Renewal,U211,Renewal,62700.0,USD,2024-05-01,2024-06-18,5-Closed Won,True,True,Closed,Partner
O10496,A1401,Eastgate Partners Inc - New Business,U209,New Business,10900.0,BRL,2024-11-11,2024-11-20,6-Closed Lost,True,False,Closed,Inbound
O10105,A1338,Tessera Group Inc - New Business,U217,New Business,213500.0,EUR,2026-02-27,2026-07-01,1-Discovery,False,False,Pipeline,Outbound
O11224,A1407,Auriga Systems LLC - Renewal,U205,Renewal,36300.0,BRL,2025-07-26,2025-09-15,5-Closed Won,True,True,Closed,Outbound
O11467,A1304,Ardent Exchange GmbH - New Business,U209,New Business,68800.0,USD,2025-09-26,2025-12-21,6-Closed Lost,True,False,Closed,Inbound
O10003,A1194,Riverbend Holdings Ltd - New Business,U217,New Business,165800.0,USD,2025-06-27,2025-09-19,6-Closed Lost,True,False,Closed,Inbound
O12506,A1222,Pinnacle Holdings LLC - Renewal,U215,Renewal,58000.0,EUR,2025-07-17,2025-09-01,5-Closed Won,True,True,Closed,Outbound
O11897,A1104,Quarry Partners Pte Ltd - Expansion,U216,Expansion,4998.0,USD,2026-02-15,2026-04-11,6-Closed Lost,True,False,Closed,Outbound
O10478,A1193,Granite Labs Ltd - Renewal,U212,Renewal,37000.0,BRL,2025-01-29,2025-02-18,5-Closed Won,True,True,Closed,Inbound
O10411,A1210,Tessera Trust GmbH - Expansion,U206,Expansion,6594.0,GBP,2025-02-05,2025-02-14,6-Closed Lost,True,False,Closed,Outbound
O10625,A1277,Zenith Networks Pte Ltd - New Business,U211,New Business,11300.0,USD,2025-10-13,2025-10-22,6-Closed Lost,True,False,Closed,Event
O11635,A1086,Tessera Securities Co - Expansion,U217,Expansion,21546.0,USD,2025-05-13,2025-08-12,6-Closed Lost,True,False,Closed,Inbound
O11585,A1186,Sable Ventures GmbH - Renewal,U206,Renewal,11900.0,USD,2024-02-16,2024-01-24,5-Closed Won,True,True,Closed,Outbound
O10291,A1117,Halcyon Financial GmbH - Expansion,U214,Expansion,6384.0,USD,2025-04-05,2025-02-27,5-Closed Won,True,True,Closed,Inbound
O12450,A1065,Quarry Payments Inc - Expansion,U210,Expansion,38052.0,EUR,2025-04-19,2025-06-16,6-Closed Lost,True,False,Closed,Outbound
O11287,A1367,Cobalt Payments Ltd - Renewal,U223,Renewal,262800.0,USD,2025-11-05,2026-02-28,5-Closed Won,True,True,Closed,Partner
O11339,A1085,Solstice Capital Pte Ltd - New Business,U223,New Business,13900.0,USD,2025-10-14,2025-11-02,6-Closed Lost,True,False,Closed,Partner
O11586,A1305,Norsk Payments LLC - Expansion,U201,Expansion,34734.0,USD,2024-12-20,2025-04-13,6-Closed Lost,True,False,Closed,Referral
O10206,A1144,Auriga Exchange Inc - New Business,U212,New Business,18700.0,USD,2025-12-09,2026-01-25,6-Closed Lost,True,False,Closed,Event
O11598,A1317,Norsk Bancorp PLC - New Business,U206,New Business,132600.0,SGD,2024-08-27,2025-02-12,6-Closed Lost,True,False,Closed,Outbound
O12202,A1365,Vertex Capital Inc - Expansion,U207,Expansion,7014.0,GBP,2024-05-04,2024-06-01,5-Closed Won,True,True,Closed,Partner
O11197,A1206,Keystone Systems SA - New Business,U216,New Business,59100.0,USD,2024-08-26,2025-01-05,5-Closed Won,True,True,Closed,Event
O12531,A1084,Eastgate Financial GmbH - Expansion,U206,Expansion,18060.0,USD,2024-03-30,2024-05-23,6-Closed Lost,True,False,Closed,Outbound
O10362,A1098,Inlet Custody SA - Renewal,U223,Renewal,466700.0,USD,2024-06-30,2024-11-30,5-Closed Won,True,True,Closed,Inbound
O12201,A1068,Pinnacle Payments Ltd - Renewal,U200,Renewal,105900.0,USD,2026-01-14,2026-05-25,6-Closed Lost,True,False,Closed,Outbound
O11697,A1267,Ironclad Digital GmbH - New Business,U202,New Business,66800.0,USD,2024-12-26,2025-04-23,6-Closed Lost,True,False,Closed,Inbound
O11031,A1252,Auriga Capital Pte Ltd - New Business,U201,New Business,75000.0,USD,2026-06-09,2026-10-26,3-Proposal,False,False,Pipeline,Outbound
O12339,A1054,Granite Custody Inc - New Business,U213,New Business,343600.0,SGD,2025-10-22,2026-03-03,6-Closed Lost,True,False,Closed,Inbound
O12479,A1246,Redmond Partners GmbH - Renewal,U219,Renewal,57300.0,EUR,2025-12-29,2026-04-18,5-Closed Won,True,True,Closed,Event
O10794,A1212,Harrow Analytics LLC - Expansion,U200,Expansion,18144.0,USD,2025-02-09,2025-05-29,6-Closed Lost,True,False,Closed,Inbound
O11675,A1079,Lumen Trust Ltd - Renewal,U210,Renewal,60900.0,USD,2024-08-01,2024-09-17,5-Closed Won,True,True,Closed,Inbound
O10220,A1147,Westford Advisors LLC - Expansion,U223,Expansion,9408.0,EUR,2024-03-03,2024-06-02,5-Closed Won,True,True,Closed,Event
O10370,A1085,Solstice Capital Pte Ltd - New Business,U223,New Business,26700.0,USD,2026-06-22,2026-09-10,2-Qualified,False,False,Pipeline,Outbound
O11017,A1285,Quarry Custody PLC - Renewal,U214,Renewal,21600.0,SGD,2025-11-18,2026-01-02,5-Closed Won,True,True,Closed,Inbound
O12105,A1383,Thorne Trust Ltd - Renewal,U202,Renewal,52800.0,USD,2026-06-01,2026-09-05,1-Discovery,False,False,Best Case,Outbound
O11095,A1147,Westford Advisors LLC - New Business,U223,New Business,9400.0,EUR,2025-01-28,2025-02-06,5-Closed Won,True,True,Closed,Inbound
O10066,A1213,Fairlane Financial GmbH - New Business,U215,New Business,176000.0,USD,2024-08-20,2024-12-31,5-Closed Won,True,True,Closed,Outbound
O10487,A1212,Harrow Analytics LLC - Expansion,U200,Expansion,49098.0,USD,2026-02-13,2026-05-09,5-Closed Won,True,True,Closed,Partner
O11943,A1213,Fairlane Financial GmbH - Renewal,U215,Renewal,240800.0,USD,2024-01-30,2024-06-27,5-Closed Won,True,True,Closed,Inbound
O11628,A1296,Vertex Digital LLC - Renewal,U205,Renewal,512700.0,USD,2024-01-08,2024-06-15,6-Closed Lost,True,False,Closed,Event
O10231,A1411,Harrow Exchange LLC - New Business,U223,New Business,15200.0,USD,2024-11-24,2025-01-18,6-Closed Lost,True,False,Closed,Inbound
O11350,A1292,Inlet Group GmbH - New Business,U205,New Business,181200.0,GBP,2024-03-20,2024-07-06,6-Closed Lost,True,False,Closed,Inbound
O12584,A1149,Bluewater Systems Pte Ltd - New Business,U212,New Business,14500.0,EUR,2024-08-01,2024-10-15,6-Closed Lost,True,False,Closed,Referral
O12458,A1419,Vertex Labs PLC - Expansion,U219,Expansion,10794.0,BRL,2025-09-08,2025-09-17,6-Closed Lost,True,False,Closed,Outbound
O10240,A1169,Norsk Systems Ltd - Expansion,U208,Expansion,115122.0,USD,2024-02-21,2024-07-13,6-Closed Lost,True,False,Closed,Referral
O11770,A1383,Thorne Trust Ltd - New Business,U202,New Business,42900.0,USD,2024-12-14,2025-01-17,6-Closed Lost,True,False,Closed,Inbound
O11171,A1341,Bluewater Networks LLC - Renewal,U201,Renewal,12500.0,USD,2025-06-13,2025-07-13,5-Closed Won,True,True,Closed,Inbound
O12314,A1413,Vertex Capital PLC - New Business,U210,New Business,9700.0,USD,2026-05-03,2026-06-29,6-Closed Lost,True,False,Closed,Event
O11699,A1117,Halcyon Financial GmbH - New Business,U214,New Business,21900.0,USD,2024-10-20,2024-10-29,6-Closed Lost,True,False,Closed,Outbound
O10318,A1410,Lattice Ventures Pte Ltd - New Business,U213,New Business,0.0,USD,2026-04-07,2026-06-21,6-Closed Lost,True,False,Closed,Outbound
O11934,A1157,Umbra Payments LLC - Expansion,U203,Expansion,4116.0,EUR,2025-04-28,2025-06-25,5-Closed Won,True,True,Closed,Inbound
O11082,A1051,Bluewater Systems Ltd - New Business,U202,New Business,20400.0,USD,2024-09-23,2024-11-09,6-Closed Lost,True,False,Closed,Inbound
O12166,A1065,Quarry Payments Inc - New Business,U210,New Business,192300.0,EUR,2026-02-10,2026-05-08,5-Closed Won,True,True,Closed,Event
O11258,A1011,Umbra Partners PLC - Renewal,U220,Renewal,160400.0,EUR,2024-06-29,2024-11-03,5-Closed Won,True,True,Closed,Outbound
O12131,A1210,Tessera Trust GmbH - New Business,U206,New Business,19000.0,GBP,2024-11-12,2025-01-11,6-Closed Lost,True,False,Closed,Partner
O12483,A1233,Bluewater Securities Ltd - New Business,U214,New Business,142700.0,USD,2025-12-21,2026-01-12,6-Closed Lost,True,False,Closed,Outbound
O11783,A1411,Harrow Exchange LLC - Expansion,U223,Expansion,4620.0,USD,2025-07-18,2025-10-21,5-Closed Won,True,True,Closed,Outbound
O11679,A1176,Norsk Custody PLC - New Business,U223,New Business,293100.0,BRL,2024-02-21,2024-07-22,6-Closed Lost,True,False,Closed,Inbound
O12207,A1030,Cobalt Digital GmbH - New Business,U202,New Business,61400.0,USD,2024-11-20,2025-01-26,6-Closed Lost,True,False,Closed,Event
O12136,A1371,Palisade Systems Inc - Renewal,U210,Renewal,50200.0,USD,2025-11-24,2026-01-04,5-Closed Won,True,True,Closed,Outbound
O10746,A1282,Kestrel Holdings LLC - New Business,U212,New Business,59000.0,USD,2024-12-11,2025-04-08,6-Closed Lost,True,False,Closed,Inbound
O10807,A1213,Fairlane Financial GmbH - Expansion,U215,Expansion,62034.0,USD,2025-04-21,2025-08-09,6-Closed Lost,True,False,Closed,Event
O11958,A1362,Juniper Systems SA - Expansion,U208,Expansion,79086.0,USD,2025-04-08,2025-09-10,6-Closed Lost,True,False,Closed,Referral
O11619,A1259,Dovetail Trust SA - New Business,U200,New Business,322700.0,USD,2025-10-11,2026-02-26,6-Closed Lost,True,False,Closed,Outbound
O11168,A1222,Pinnacle Holdings LLC - New Business,U215,New Business,54300.0,EUR,2025-01-29,2025-02-07,6-Closed Lost,True,False,Closed,Inbound
O11438,A1345,Redmond Custody Pte Ltd - New Business,U206,New Business,55900.0,USD,2026-06-07,2026-09-03,3-Proposal,False,False,Pipeline,Inbound
O11425,A1067,Quarry Custody SA - Renewal,U220,Renewal,15100.0,USD,2024-12-14,2025-01-22,5-Closed Won,True,True,Closed,Outbound
O11367,A1407,Auriga Systems LLC - Expansion,U205,Expansion,57456.0,BRL,2025-06-15,2025-09-18,5-Closed Won,True,True,Closed,Event
O10125,A1042,Vertex Networks LLC - Renewal,U203,Renewal,148900.0,USD,2024-12-26,2025-09-03,5-Closed Won,True,True,Closed,Inbound
O11507,A1346,Riverbend Exchange LLC - Expansion,U220,Expansion,32508.0,USD,2024-12-27,2025-01-17,5-Closed Won,True,True,Closed,Outbound
O12265,A1382,Fairlane Payments Co - Renewal,U216,Renewal,24900.0,GBP,2026-06-05,2026-08-26,4-Negotiation,False,False,Best Case,Partner
O11480,A1402,Gilder Networks LLC - Renewal,U213,Renewal,54100.0,USD,2024-10-09,2024-12-01,6-Closed Lost,True,False,Closed,Inbound
O11368,A1083,Tessera Networks PLC - New Business,U205,New Business,58000.0,USD,2026-02-28,2026-04-05,5-Closed Won,True,True,Closed,Referral
O10774,A1281,Norsk Trust Pte Ltd - Expansion,U211,Expansion,154434.0,BRL,2024-03-23,2024-08-15,6-Closed Lost,True,False,Closed,Event
O10174,A1395,Westford Networks Co - Expansion,U207,Expansion,167706.0,EUR,2025-01-12,2025-08-19,5-Closed Won,True,True,Closed,Inbound
O12194,A1404,Solstice Analytics Ltd - New Business,U214,New Business,190500.0,USD,2024-04-24,2024-11-07,5-Closed Won,True,True,Closed,Partner
O11420,A1382,Fairlane Payments Co - Expansion,U216,Expansion,44520.0,GBP,2025-09-21,2026-01-02,6-Closed Lost,True,False,Closed,Outbound
O12377,A1086,Tessera Securities Co - Renewal,U217,Renewal,102400.0,USD,2024-03-23,2024-07-05,5-Closed Won,True,True,Closed,Inbound
O11605,A1357,Thorne Digital LLC - New Business,U220,New Business,64000.0,GBP,2025-06-21,2025-08-30,6-Closed Lost,True,False,Closed,Inbound
O11173,A1373,Auriga Ventures Pte Ltd - Renewal,U223,Renewal,4600.0,SGD,2024-01-20,2024-03-12,6-Closed Lost,True,False,Closed,Outbound
O11512,A1206,Keystone Systems SA - New Business,U216,New Business,117300.0,USD,2024-06-27,2024-10-12,5-Closed Won,True,True,Closed,Inbound
O11037,A1163,Marrow Group LLC - Renewal,U206,Renewal,573700.0,USD,2025-10-12,2026-02-09,5-Closed Won,True,True,Closed,Event
O99023,A1117,Halcyon Financial GmbH - New Business,U214,New Business,21900.0,USD,2024-10-20,2024-10-29,6-Closed Lost,True,False,Closed,Outbound
O10589,A1281,Norsk Trust Pte Ltd - Expansion,U211,Expansion,93030.0,BRL,2026-04-30,2026-08-18,2-Qualified,False,False,Best Case,Inbound
O11595,A1111,Inlet Securities GmbH - Renewal,U217,Renewal,272300.0,EUR,2025-05-08,2025-10-03,5-Closed Won,True,True,Closed,Outbound
O12590,A1383,Thorne Trust Ltd - Renewal,U202,Renewal,166900.0,USD,2024-01-21,2024-03-23,5-Closed Won,True,True,Closed,Event
O10859,A1412,Riverbend Payments GmbH - New Business,U214,New Business,257800.0,EUR,2025-04-21,2025-05-12,5-Closed Won,True,True,Closed,Outbound
O11729,A1257,Riverbend Advisors GmbH - New Business,U213,New Business,87000.0,BRL,2025-12-27,2026-04-07,6-Closed Lost,True,False,Closed,Partner
O11505,A1195,Auriga Securities Inc - New Business,U211,New Business,155700.0,USD,2024-09-04,2024-12-23,5-Closed Won,True,True,Closed,Outbound
O10092,A1256,Palisade Payments Pte Ltd - New Business,U214,New Business,122400.0,BRL,2024-08-12,2024-12-25,6-Closed Lost,True,False,Closed,Outbound
O12113,A1256,Palisade Payments Pte Ltd - Expansion,U214,Expansion,69972.0,BRL,2025-08-17,2025-12-13,5-Closed Won,True,True,Closed,Inbound
O12065,A1179,Thorne Partners SA - New Business,U204,New Business,-85050.0,USD,2026-02-01,2026-05-27,5-Closed Won,True,True,Closed,Referral
O10275,A1012,Harrow Group Pte Ltd - Expansion,U212,Expansion,4872.0,USD,2025-12-05,2025-12-14,5-Closed Won,True,True,Closed,Outbound
O10717,A1138,Northwind Digital SA - Renewal,U210,Renewal,170300.0,USD,2024-08-31,2024-11-29,5-Closed Won,True,True,Closed,Inbound
O12475,A1278,Thorne Systems Pte Ltd - New Business,U217,New Business,57900.0,SGD,2024-09-02,2024-12-13,6-Closed Lost,True,False,Closed,Outbound
O10732,A1325,Meridian Securities LLC - New Business,U215,New Business,332300.0,USD,2026-05-19,2026-08-01,4-Negotiation,False,False,Best Case,Outbound
O11257,A1161,Sable Securities LLC - New Business,U217,New Business,148500.0,GBP,2026-06-06,2026-10-11,4-Negotiation,False,False,Pipeline,Event
O10234,A1104,Quarry Partners Pte Ltd - Expansion,U216,Expansion,6720.0,USD,2024-12-11,2025-04-14,5-Closed Won,True,True,Closed,Event
O12473,A1310,Dovetail Ventures Inc - Expansion,U208,Expansion,14448.0,USD,2024-09-02,2024-12-20,5-Closed Won,True,True,Closed,Outbound
O10742,A1045,Solstice Financial GmbH - New Business,U210,New Business,-19620.0,USD,2025-10-03,2025-12-24,6-Closed Lost,True,False,Closed,Event
O10018,A1390,Cobalt Labs LLC - Expansion,U205,Expansion,71106.0,GBP,2024-04-17,2024-06-21,6-Closed Lost,True,False,Closed,Outbound
O11977,A1251,Juniper Group Co - New Business,U218,New Business,13600.0,GBP,2025-10-19,2025-12-01,6-Closed Lost,True,False,Closed,Event
O12019,A1143,Granite Advisors GmbH - New Business,U211,New Business,318700.0,USD,2026-01-10,2026-05-27,6-Closed Lost,True,False,Closed,Outbound
O10289,A1070,Ardent Partners LLC - Renewal,U215,Renewal,89400.0,USD,2025-01-11,2025-02-05,6-Closed Lost,True,False,Closed,Partner
O11286,A1354,Eastgate Analytics Ltd - Expansion,U207,Expansion,6762.0,SGD,2025-05-12,2025-05-21,5-Closed Won,True,True,Closed,Outbound
O12103,A1112,Vertex Securities LLC - New Business,U208,New Business,54500.0,USD,2025-11-10,2025-12-20,6-Closed Lost,True,False,Closed,Referral
O12210,A1164,Lumen Securities GmbH - Renewal,U211,Renewal,35000.0,USD,2025-12-10,2026-03-02,5-Closed Won,True,True,Closed,Referral
O10356,A1237,Caldera Partners Co - Expansion,U212,Expansion,87402.0,SGD,2024-01-14,2024-06-01,6-Closed Lost,True,False,Closed,Inbound
O11752,A1090,Inlet Analytics Inc - Expansion,U207,Expansion,7854.0,USD,2025-12-22,2025-12-31,6-Closed Lost,True,False,Closed,Event
O10689,A1098,Inlet Custody SA - New Business,U223,New Business,87100.0,USD,2025-10-01,2026-01-25,5-Closed Won,True,True,Closed,Event
O12009,A1368,Lumen Labs SA - New Business,U201,New Business,339500.0,USD,2026-04-17,2026-09-09,4-Negotiation,False,False,Pipeline,Outbound
O12140,A1168,Keystone Labs PLC - Renewal,U200,Renewal,50600.0,USD,2026-05-24,2026-09-17,1-Discovery,False,False,Best Case,Outbound
O10822,A1060,Orbit Advisors PLC - Renewal,U203,Renewal,133500.0,USD,2024-02-28,2024-05-14,5-Closed Won,True,True,Closed,Event
O11545,A1283,Caldera Securities PLC - New Business,U202,New Business,42200.0,USD,2025-07-10,2025-08-10,6-Closed Lost,True,False,Closed,Partner
O10934,A1113,Riverbend Trust LLC - Expansion,U214,Expansion,13398.0,SGD,2026-01-17,2026-02-15,5-Closed Won,True,True,Closed,Event
O10342,A1417,Lumen Holdings Ltd - Renewal,U208,Renewal,141500.0,USD,2024-11-08,2025-02-01,6-Closed Lost,True,False,Closed,Referral
O98036,A9011,Granite Advisors GmbH - Expansion,U211,Expansion,140070.0,USD,2024-06-30,2024-11-27,5-Closed Won,True,True,Closed,Outbound
O98006,A9006,Umbra Networks Inc - Expansion,U209,Expansion,19068.0,USD,2024-09-05,2025-01-02,6-Closed Lost,True,False,Closed,Outbound
O99027,A1026,Gilder Ventures LLC - Expansion,U208,Expansion,11088.0,USD,2025-06-27,2025-07-25,6-Closed Lost,True,False,Closed,Outbound
O10465,A1050,Solstice Bancorp SA - New Business,U215,New Business,77100.0,EUR,2025-06-22,2025-08-19,6-Closed Lost,True,False,Closed,Outbound
O10469,A1021,Pinnacle Trust SA - New Business,U209,New Business,47000.0,BRL,2025-07-14,2025-08-26,5-Closed Won,True,True,Closed,Event
O11261,A1155,Keystone Digital PLC - Expansion,U223,Expansion,52416.0,BRL,2024-10-26,2025-02-28,6-Closed Lost,True,False,Closed,Outbound
O98035,A9010,Halcyon Ventures Inc - New Business,U207,New Business,202000.0,GBP,2024-03-21,2024-09-22,5-Closed Won,True,True,Closed,Outbound
O10523,A1169,Norsk Systems Ltd - Renewal,U208,Renewal,588200.0,USD,2025-12-26,2026-05-01,5-Closed Won,True,True,Closed,Partner
O11156,A1372,Quarry Partners LLC - New Business,U223,New Business,25200.0,USD,2024-02-13,2024-05-19,6-Closed Lost,True,False,Closed,Inbound
O10987,A1099,Ardent Digital Ltd - New Business,U204,New Business,284300.0,EUR,2024-09-08,2025-04-17,5-Closed Won,True,True,Closed,Inbound
O10846,A1282,Kestrel Holdings LLC - New Business,U212,New Business,214600.0,USD,2025-01-27,2025-06-17,6-Closed Lost,True,False,Closed,Outbound
O10302,A1124,Quarry Exchange SA - New Business,U214,New Business,104700.0,USD,2025-08-08,2025-09-18,5-Closed Won,True,True,Closed,Partner
O12115,A1259,Dovetail Trust SA - New Business,U200,New Business,264000.0,USD,2024-02-25,2024-07-03,6-Closed Lost,True,False,Closed,Inbound
O10682,A1138,Northwind Digital SA - Renewal,U210,Renewal,513200.0,USD,2025-05-11,2025-11-28,6-Closed Lost,True,False,Closed,Outbound
O11203,A1076,Westford Labs GmbH - Renewal,U221,Renewal,84700.0,BRL,2025-03-10,2025-07-03,5-Closed Won,True,True,Closed,Event
O10933,A1364,Lumen Group Pte Ltd - Renewal,U202,Renewal,68100.0,EUR,2025-09-27,2025-12-13,6-Closed Lost,True,False,Closed,Inbound
O12052,A1096,Dovetail Networks SA - Renewal,U212,Renewal,74000.0,USD,2024-05-17,2024-08-07,5-Closed Won,True,True,Closed,Inbound
O11552,A1407,Auriga Systems LLC - Expansion,U205,Expansion,20076.0,BRL,2025-03-04,2025-06-18,5-Closed Won,True,True,Closed,Outbound
O10334,A1154,Norsk Holdings Inc - Renewal,U223,Renewal,49000.0,GBP,2024-07-07,2024-08-01,5-Closed Won,True,True,Closed,Inbound
O11208,A1195,Auriga Securities Inc - Expansion,U211,Expansion,108234.0,USD,2024-07-19,2024-12-12,5-Closed Won,True,True,Closed,Outbound
O12180,A1197,Sable Group Pte Ltd - New Business,U215,New Business,137300.0,USD,2026-03-07,2026-10-10,3-Proposal,False,False,Best Case,Inbound
O11955,A1114,Zenith Ventures Inc - Renewal,U215,Renewal,184300.0,USD,2024-04-06,2024-08-31,5-Closed Won,True,True,Closed,Inbound
O11490,A1246,Redmond Partners GmbH - New Business,U219,New Business,35700.0,EUR,2024-11-26,2025-02-19,6-Closed Lost,True,False,Closed,Inbound
O10956,A1259,Dovetail Trust SA - Renewal,U200,Renewal,325500.0,USD,2024-12-01,2025-05-24,5-Closed Won,True,True,Closed,Inbound
O10619,A1001,Fairlane Exchange SA - Renewal,U220,Renewal,190400.0,USD,2025-05-01,2025-07-03,5-Closed Won,True,True,Closed,Referral
O12333,A1297,Redmond Labs GmbH - New Business,U218,New Business,396600.0,USD,2024-12-22,2025-05-11,6-Closed Lost,True,False,Closed,Outbound
O11211,A1209,Meridian Payments Inc - Renewal,U216,Renewal,102800.0,GBP,2025-10-05,2026-02-06,5-Closed Won,True,True,Closed,Outbound
O10902,A1014,Quarry Holdings PLC - Renewal,U210,Renewal,23000.0,SGD,2024-03-04,2024-05-26,6-Closed Lost,True,False,Closed,Inbound
O11244,A1144,Auriga Exchange Inc - Expansion,U212,Expansion,-3024.0,USD,2025-10-29,2025-12-15,5-Closed Won,True,True,Closed,Event
O10571,A1398,Dovetail Labs Inc - Renewal,U201,Renewal,18800.0,EUR,2026-01-14,2026-01-23,5-Closed Won,True,True,Closed,Event
O10020,A1417,Lumen Holdings Ltd - New Business,U208,New Business,351100.0,USD,2025-08-24,2026-03-01,6-Closed Lost,True,False,Closed,Outbound
O12241,A1097,Redmond Networks PLC - New Business,U223,New Business,27000.0,USD,2025-12-02,2025-12-11,6-Closed Lost,True,False,Closed,Outbound
O10891,A1180,Sable Ventures PLC - Renewal,U208,Renewal,49300.0,EUR,2025-03-20,2025-05-31,5-Closed Won,True,True,Closed,Inbound
O12114,A1027,Eastgate Financial SA - Renewal,U200,Renewal,63100.0,USD,2024-09-04,2024-10-19,5-Closed Won,True,True,Closed,Partner
O12298,A1007,Umbra Networks Inc - New Business,U209,New Business,0.0,USD,2025-10-17,2025-11-30,6-Closed Lost,True,False,Closed,Inbound
O10208,A1185,Beltway Ventures SA - New Business,U210,New Business,18600.0,USD,2025-10-17,2025-11-15,6-Closed Lost,True,False,Closed,Outbound
O10800,A1399,Westford Advisors Ltd - Expansion,U206,Expansion,5964.0,USD,2025-06-30,2025-08-29,6-Closed Lost,True,False,Closed,Inbound
O10766,A1224,Auriga Exchange Co - Expansion,U220,Expansion,3066.0,USD,2024-01-09,2024-02-02,5-Closed Won,True,True,Closed,Inbound
O12260,A1095,Caldera Custody Ltd - Renewal,U203,Renewal,15800.0,USD,2025-07-17,2025-09-30,5-Closed Won,True,True,Closed,Event
O12327,A1014,Quarry Holdings PLC - New Business,U210,New Business,11300.0,SGD,2025-08-04,2025-10-01,5-Closed Won,True,True,Closed,Outbound
O11229,A1287,Tessera Financial LLC - Renewal,U219,Renewal,6000.0,USD,2026-04-23,2026-05-19,5-Closed Won,True,True,Closed,Inbound
O10662,A1354,Eastgate Analytics Ltd - Expansion,U207,Expansion,7098.0,SGD,2024-11-17,2025-01-04,5-Closed Won,True,True,Closed,Outbound
O11549,A1143,Granite Advisors GmbH - Expansion,U211,Expansion,54180.0,USD,2026-05-19,2026-12-06,1-Discovery,False,False,Pipeline,Outbound
O12330,A1037,Cobalt Group LLC - Renewal,U215,Renewal,59700.0,USD,2025-03-10,2025-05-15,5-Closed Won,True,True,Closed,Inbound
O12382,A1389,Inlet Partners Inc - Renewal,U218,Renewal,67100.0,USD,2025-04-27,2025-08-23,5-Closed Won,True,True,Closed,Event
O10716,A1016,Fairlane Ventures Co - New Business,U212,New Business,148800.0,BRL,2024-04-28,2024-06-23,6-Closed Lost,True,False,Closed,Partner
O11027,A1175,Orbit Advisors GmbH - New Business,U206,New Business,11400.0,USD,2025-07-03,2025-08-06,6-Closed Lost,True,False,Closed,Outbound
O10536,A1018,Dovetail Bancorp LLC - Renewal,U206,Renewal,293300.0,EUR,2025-12-17,2026-05-14,5-Closed Won,True,True,Closed,Inbound
O11035,A1362,Juniper Systems SA - Expansion,U208,Expansion,99498.0,USD,2025-09-30,2026-03-15,5-Closed Won,True,True,Closed,Referral
O10826,A1350,Zenith Systems SA - New Business,U201,New Business,102400.0,USD,2025-06-21,2025-12-08,5-Closed Won,True,True,Closed,Outbound
O10479,A1303,Auriga Capital Ltd - New Business,U207,New Business,69500.0,USD,2024-07-20,2024-09-20,5-Closed Won,True,True,Closed,Outbound
O11191,A1356,Eastgate Bancorp Ltd - New Business,U208,New Business,133900.0,BRL,2024-08-10,2024-11-15,6-Closed Lost,True,False,Closed,Partner
O10015,A1222,Pinnacle Holdings LLC - New Business,U215,New Business,83600.0,EUR,2024-05-04,2024-06-05,5-Closed Won,True,True,Closed,Referral
O12178,A1255,Granite Capital PLC - Expansion,U207,Expansion,24486.0,USD,2024-03-15,2024-08-03,6-Closed Lost,True,False,Closed,Inbound
O10164,A1193,Granite Labs Ltd - New Business,U212,New Business,31900.0,BRL,2024-09-05,2024-11-02,5-Closed Won,True,True,Closed,Inbound
O10320,A1040,Lattice Holdings Pte Ltd - Renewal,U219,Renewal,59700.0,USD,2025-09-10,2026-01-08,5-Closed Won,True,True,Closed,Outbound
O11687,A1080,Keystone Networks GmbH - New Business,U223,New Business,396900.0,USD,2024-04-28,2024-10-23,6-Closed Lost,True,False,Closed,Outbound
O11998,A1218,Dovetail Custody PLC - New Business,U221,New Business,304600.0,USD,2024-06-21,2024-11-03,6-Closed Lost,True,False,Closed,Outbound
O10660,A1242,Tessera Advisors SA - New Business,U209,New Business,9400.0,GBP,2024-05-06,2024-05-15,6-Closed Lost,True,False,Closed,Outbound
O10241,A1339,Northwind Payments LLC - New Business,U217,New Business,11000.0,GBP,2025-02-10,2025-02-19,6-Closed Lost,True,False,Closed,Partner
O12040,A1170,Fairlane Analytics Co - Expansion,U220,Expansion,74130.0,USD,2024-07-21,2024-12-18,5-Closed Won,True,True,Closed,Inbound
O12142,A1361,Auriga Trust PLC - Renewal,U219,Renewal,13600.0,USD,2026-01-20,2026-03-08,5-Closed Won,True,True,Closed,Outbound
O12005,A1088,Lattice Labs Pte Ltd - New Business,U223,New Business,25700.0,EUR,2024-11-23,2025-03-13,5-Closed Won,True,True,Closed,Outbound
O10920,A1343,Fairlane Group Pte Ltd - Renewal,U201,Renewal,216500.0,USD,2024-01-18,2024-05-13,5-Closed Won,True,True,Closed,Inbound
O11393,A1288,Eastgate Holdings LLC - New Business,U200,New Business,81800.0,EUR,2024-05-23,2024-06-19,6-Closed Lost,True,False,Closed,Inbound
O12409,A1183,Auriga Networks SA - New Business,U216,New Business,76400.0,GBP,2024-09-19,2024-12-19,6-Closed Lost,True,False,Closed,Inbound
O10864,A1284,Kestrel Bancorp GmbH - New Business,U214,New Business,73300.0,GBP,2025-08-11,2025-09-25,6-Closed Lost,True,False,Closed,Inbound
O10808,A1363,Riverbend Bancorp LLC - New Business,U223,New Business,80900.0,EUR,2026-06-16,2026-09-09,1-Discovery,False,False,Pipeline,Partner
O12557,A1145,Harrow Labs Pte Ltd - Renewal,U211,Renewal,9500.0,USD,2025-05-09,2025-06-19,5-Closed Won,True,True,Closed,Event
O12284,A1197,Sable Group Pte Ltd - New Business,U215,New Business,177100.0,USD,2026-05-07,2026-08-01,3-Proposal,False,False,Pipeline,Inbound
