history_id,opportunity_id,from_stage,to_stage,changed_at,changed_by_user_id
H000001,O10000,,2-Qualified,2025-09-07 00:00:00,U207
H000002,O10000,2-Qualified,3-Proposal,2025-09-09 00:00:00,U207
H000003,O10000,3-Proposal,4-Negotiation,2025-09-11 00:00:00,U207
H000004,O10000,4-Negotiation,5-Closed Won,2025-09-13 00:00:00,U207
H000005,O10001,,2-Qualified,2024-10-08 00:00:00,U205
H000006,O10001,2-Qualified,3-Proposal,2024-10-28 00:00:00,U205
H000007,O10001,3-Proposal,6-Closed Lost,2024-11-22 00:00:00,U205
H000008,O10002,,2-Qualified,2025-04-18 00:00:00,U200
H000009,O10002,2-Qualified,3-Proposal,2025-05-22 00:00:00,U200
H000010,O10002,3-Proposal,4-Negotiation,2025-07-04 00:00:00,U200
H000011,O10002,4-Negotiation,5-Closed Won,2025-07-26 00:00:00,U200
H000012,O10003,,2-Qualified,2025-08-23 00:00:00,U217
H000013,O10003,2-Qualified,6-Closed Lost,2025-09-19 00:00:00,U217
H000014,O10004,,2-Qualified,2026-03-28 00:00:00,U217
H000015,O10004,2-Qualified,3-Proposal,2026-04-24 00:00:00,U217
H000016,O10004,3-Proposal,4-Negotiation,2026-05-24 00:00:00,U217
H000017,O10004,4-Negotiation,5-Closed Won,2026-05-30 00:00:00,U217
H000018,O10005,,2-Qualified,2025-01-21 00:00:00,U220
H000019,O10005,2-Qualified,3-Proposal,2025-01-30 00:00:00,U220
H000020,O10005,3-Proposal,4-Negotiation,2025-02-09 00:00:00,U220
H000021,O10005,4-Negotiation,5-Closed Won,2025-02-15 00:00:00,U220
H000022,O10006,,2-Qualified,2026-03-12 00:00:00,U217
H000023,O10006,2-Qualified,3-Proposal,2026-04-15 00:00:00,U217
H000024,O10006,3-Proposal,6-Closed Lost,2026-05-28 00:00:00,U217
H000025,O10007,,2-Qualified,2025-03-05 00:00:00,U209
H000026,O10007,2-Qualified,6-Closed Lost,2025-05-26 00:00:00,U209
H000027,O10008,,2-Qualified,2025-08-16 00:00:00,U211
H000028,O10008,2-Qualified,3-Proposal,2025-09-27 00:00:00,U211
H000029,O10008,3-Proposal,4-Negotiation,2025-10-29 00:00:00,U211
H000030,O10008,4-Negotiation,5-Closed Won,2025-12-17 00:00:00,U211
H000031,O10009,,2-Qualified,2025-04-15 00:00:00,U204
H000032,O10009,2-Qualified,3-Proposal,2025-05-12 00:00:00,U204
H000033,O10009,3-Proposal,4-Negotiation,2025-05-28 00:00:00,U204
H000034,O10009,4-Negotiation,5-Closed Won,2025-06-20 00:00:00,U204
H000035,O10010,,2-Qualified,2024-09-17 00:00:00,U210
H000036,O10010,2-Qualified,3-Proposal,2024-10-15 00:00:00,U210
H000037,O10010,3-Proposal,4-Negotiation,2024-11-12 00:00:00,U210
H000038,O10010,4-Negotiation,5-Closed Won,2024-11-28 00:00:00,U210
H000039,O10011,,2-Qualified,2024-11-30 00:00:00,U220
H000040,O10011,2-Qualified,3-Proposal,2024-12-22 00:00:00,U220
H000041,O10011,3-Proposal,6-Closed Lost,2024-12-29 00:00:00,U220
H000042,O10012,,2-Qualified,2026-01-21 00:00:00,U213
H000043,O10012,2-Qualified,3-Proposal,2026-01-25 00:00:00,U213
H000044,O10012,3-Proposal,4-Negotiation,2026-02-01 00:00:00,U213
H000045,O10012,4-Negotiation,5-Closed Won,2026-02-10 00:00:00,U213
H000046,O10013,,2-Qualified,2026-05-12 00:00:00,U212
H000047,O10013,2-Qualified,3-Proposal,2026-05-22 00:00:00,U212
H000048,O10013,3-Proposal,4-Negotiation,2026-06-06 00:00:00,U212
H000049,O10013,4-Negotiation,5-Closed Won,2026-06-24 00:00:00,U212
H000050,O10014,,2-Qualified,2025-05-20 00:00:00,U209
H000051,O10014,2-Qualified,3-Proposal,2025-06-08 00:00:00,U209
H000052,O10014,3-Proposal,4-Negotiation,2025-06-25 00:00:00,U209
H000053,O10014,4-Negotiation,6-Closed Lost,2025-07-04 00:00:00,U209
H000054,O10015,,2-Qualified,2024-05-09 00:00:00,U215
H000055,O10015,2-Qualified,3-Proposal,2024-05-17 00:00:00,U215
H000056,O10015,3-Proposal,4-Negotiation,2024-05-26 00:00:00,U215
H000057,O10015,4-Negotiation,5-Closed Won,2024-06-05 00:00:00,U215
H000058,O10016,,2-Qualified,2025-11-26 00:00:00,U206
H000059,O10016,2-Qualified,3-Proposal,2025-12-15 00:00:00,U206
H000060,O10016,3-Proposal,4-Negotiation,2025-12-31 00:00:00,U206
H000061,O10016,4-Negotiation,6-Closed Lost,2026-01-28 00:00:00,U206
H000062,O10017,,2-Qualified,2025-03-15 00:00:00,U220
H000063,O10017,2-Qualified,3-Proposal,2025-04-02 00:00:00,U220
H000064,O10017,3-Proposal,4-Negotiation,2025-04-17 00:00:00,U220
H000065,O10017,4-Negotiation,5-Closed Won,2025-04-30 00:00:00,U220
H000066,O10018,,2-Qualified,2024-04-28 00:00:00,U205
H000067,O10018,2-Qualified,3-Proposal,2024-05-12 00:00:00,U205
H000068,O10018,3-Proposal,4-Negotiation,2024-06-02 00:00:00,U205
H000069,O10018,4-Negotiation,6-Closed Lost,2024-06-15 00:00:00,U205
H000070,O10019,,2-Qualified,2024-06-13 00:00:00,U211
H000071,O10019,2-Qualified,3-Proposal,2024-06-20 00:00:00,U211
H000072,O10019,3-Proposal,4-Negotiation,2024-06-30 00:00:00,U211
H000073,O10019,4-Negotiation,6-Closed Lost,2024-07-05 00:00:00,U211
H000074,O10021,,2-Qualified,2025-10-24 00:00:00,U222
H000075,O10021,2-Qualified,3-Proposal,2025-12-02 00:00:00,U222
H000076,O10021,3-Proposal,6-Closed Lost,2026-01-29 00:00:00,U222
H000077,O10022,,2-Qualified,2024-07-07 00:00:00,U215
H000078,O10022,2-Qualified,3-Proposal,2024-07-11 00:00:00,U215
H000079,O10022,3-Proposal,4-Negotiation,2024-07-15 00:00:00,U215
H000080,O10022,4-Negotiation,5-Closed Won,2024-07-19 00:00:00,U215
H000081,O10023,,2-Qualified,2024-09-29 00:00:00,U212
H000082,O10023,2-Qualified,3-Proposal,2024-10-30 00:00:00,U212
H000083,O10023,3-Proposal,4-Negotiation,2024-11-23 00:00:00,U212
H000084,O10023,4-Negotiation,5-Closed Won,2025-01-04 00:00:00,U212
H000085,O10024,,2-Qualified,2024-03-14 00:00:00,U200
H000086,O10024,2-Qualified,3-Proposal,2024-04-09 00:00:00,U200
H000087,O10024,3-Proposal,6-Closed Lost,2024-05-05 00:00:00,U200
H000088,O10025,,2-Qualified,2024-08-27 00:00:00,U201
H000089,O10025,2-Qualified,3-Proposal,2024-09-06 00:00:00,U201
H000090,O10025,3-Proposal,4-Negotiation,2024-09-21 00:00:00,U201
H000091,O10025,4-Negotiation,5-Closed Won,2024-10-02 00:00:00,U201
H000092,O10026,,2-Qualified,2025-06-14 00:00:00,U209
H000093,O10026,2-Qualified,3-Proposal,2025-07-11 00:00:00,U209
H000094,O10026,3-Proposal,4-Negotiation,2025-08-07 00:00:00,U209
H000095,O10026,4-Negotiation,5-Closed Won,2025-08-17 00:00:00,U209
H000096,O10027,,2-Qualified,2025-12-10 00:00:00,U216
H000097,O10027,2-Qualified,3-Proposal,2025-12-20 00:00:00,U216
H000098,O10027,3-Proposal,4-Negotiation,2026-01-10 00:00:00,U216
H000099,O10027,4-Negotiation,5-Closed Won,2026-01-22 00:00:00,U216
H000100,O10028,,2-Qualified,2026-04-12 00:00:00,U208
H000101,O10028,2-Qualified,3-Proposal,2026-06-06 00:00:00,U208
H000102,O10028,3-Proposal,4-Negotiation,2026-07-15 00:00:00,U208
H000103,O10029,,2-Qualified,2024-03-23 00:00:00,U220
H000104,O10029,2-Qualified,6-Closed Lost,2024-05-19 00:00:00,U220
H000105,O10030,,2-Qualified,2024-04-17 00:00:00,U204
H000106,O10030,2-Qualified,3-Proposal,2024-04-30 00:00:00,U204
H000107,O10030,3-Proposal,4-Negotiation,2024-05-09 00:00:00,U204
H000108,O10030,4-Negotiation,5-Closed Won,2024-05-15 00:00:00,U204
H000109,O10031,,2-Qualified,2025-04-16 00:00:00,U206
H000110,O10031,2-Qualified,3-Proposal,2025-04-25 00:00:00,U206
H000111,O10031,3-Proposal,4-Negotiation,2025-05-05 00:00:00,U206
H000112,O10031,4-Negotiation,6-Closed Lost,2025-05-15 00:00:00,U206
H000113,O10032,,2-Qualified,2024-04-23 00:00:00,U202
H000114,O10032,2-Qualified,3-Proposal,2024-05-08 00:00:00,U202
H000115,O10032,3-Proposal,4-Negotiation,2024-05-31 00:00:00,U202
H000116,O10032,4-Negotiation,5-Closed Won,2024-06-20 00:00:00,U202
H000117,O10033,,2-Qualified,2026-05-01 00:00:00,U206
H000118,O10033,2-Qualified,3-Proposal,2026-05-14 00:00:00,U206
H000119,O10033,3-Proposal,4-Negotiation,2026-05-28 00:00:00,U206
H000120,O10033,4-Negotiation,5-Closed Won,2026-06-07 00:00:00,U206
H000121,O10034,,2-Qualified,2026-01-27 00:00:00,U218
H000122,O10034,2-Qualified,3-Proposal,2026-03-07 00:00:00,U218
H000123,O10034,3-Proposal,4-Negotiation,2026-03-30 00:00:00,U218
H000124,O10034,4-Negotiation,5-Closed Won,2026-04-19 00:00:00,U218
H000125,O10035,,2-Qualified,2025-07-16 00:00:00,U223
H000126,O10035,2-Qualified,6-Closed Lost,2025-07-26 00:00:00,U223
H000127,O10036,,2-Qualified,2025-02-23 00:00:00,U203
H000128,O10036,2-Qualified,3-Proposal,2025-04-03 00:00:00,U203
H000129,O10036,3-Proposal,4-Negotiation,2025-04-25 00:00:00,U203
H000130,O10036,4-Negotiation,6-Closed Lost,2025-05-28 00:00:00,U203
H000131,O10037,,2-Qualified,2024-10-13 00:00:00,U212
H000132,O10037,2-Qualified,3-Proposal,2024-10-26 00:00:00,U212
H000133,O10037,3-Proposal,4-Negotiation,2024-11-08 00:00:00,U212
H000134,O10037,4-Negotiation,5-Closed Won,2024-11-16 00:00:00,U212
H000135,O10038,,2-Qualified,2024-07-30 00:00:00,U220
H000136,O10038,2-Qualified,3-Proposal,2024-08-19 00:00:00,U220
H000137,O10038,3-Proposal,4-Negotiation,2024-09-06 00:00:00,U220
H000138,O10038,4-Negotiation,5-Closed Won,2024-09-17 00:00:00,U220
H000139,O10040,,2-Qualified,2025-02-20 00:00:00,U220
H000140,O10040,2-Qualified,3-Proposal,2025-03-15 00:00:00,U220
H000141,O10040,3-Proposal,4-Negotiation,2025-05-01 00:00:00,U220
H000142,O10040,4-Negotiation,5-Closed Won,2025-06-10 00:00:00,U220
H000143,O10041,,2-Qualified,2024-06-02 00:00:00,U214
H000144,O10041,2-Qualified,3-Proposal,2024-06-12 00:00:00,U214
H000145,O10041,3-Proposal,4-Negotiation,2024-06-20 00:00:00,U214
H000146,O10041,4-Negotiation,5-Closed Won,2024-06-28 00:00:00,U214
H000147,O10042,,2-Qualified,2026-05-11 00:00:00,U223
H000148,O10042,2-Qualified,3-Proposal,2026-05-16 00:00:00,U223
H000149,O10042,3-Proposal,4-Negotiation,2026-05-21 00:00:00,U223
H000150,O10042,4-Negotiation,5-Closed Won,2026-05-25 00:00:00,U223
H000151,O10043,,2-Qualified,2025-03-13 00:00:00,U207
H000152,O10043,2-Qualified,3-Proposal,2025-05-03 00:00:00,U207
H000153,O10043,3-Proposal,4-Negotiation,2025-05-31 00:00:00,U207
H000154,O10043,4-Negotiation,5-Closed Won,2025-06-27 00:00:00,U207
H000155,O10044,,2-Qualified,2025-01-17 00:00:00,U216
H000156,O10044,2-Qualified,3-Proposal,2025-01-18 00:00:00,U216
H000157,O10044,3-Proposal,4-Negotiation,2025-01-20 00:00:00,U216
H000158,O10044,4-Negotiation,5-Closed Won,2025-01-22 00:00:00,U216
H000159,O10045,,2-Qualified,2025-12-13 00:00:00,U217
H000160,O10045,2-Qualified,6-Closed Lost,2026-01-05 00:00:00,U217
H000161,O10048,,2-Qualified,2025-08-08 00:00:00,U214
H000162,O10048,2-Qualified,6-Closed Lost,2025-08-15 00:00:00,U214
H000163,O10049,,2-Qualified,2026-03-26 00:00:00,U203
H000164,O10049,2-Qualified,3-Proposal,2026-04-12 00:00:00,U203
H000165,O10049,3-Proposal,4-Negotiation,2026-04-30 00:00:00,U203
H000166,O10049,4-Negotiation,6-Closed Lost,2026-05-19 00:00:00,U203
H000167,O10050,,2-Qualified,2024-11-22 00:00:00,U220
H000168,O10050,2-Qualified,6-Closed Lost,2024-12-21 00:00:00,U220
H000169,O10051,,2-Qualified,2024-05-15 00:00:00,U208
H000170,O10051,2-Qualified,6-Closed Lost,2024-07-01 00:00:00,U208
H000171,O10052,,2-Qualified,2024-07-08 00:00:00,U202
H000172,O10052,2-Qualified,3-Proposal,2024-08-03 00:00:00,U202
H000173,O10052,3-Proposal,6-Closed Lost,2024-09-09 00:00:00,U202
H000174,O10053,,2-Qualified,2025-02-26 00:00:00,U219
H000175,O10053,2-Qualified,3-Proposal,2025-04-15 00:00:00,U219
H000176,O10053,3-Proposal,6-Closed Lost,2025-07-01 00:00:00,U219
H000177,O10054,,2-Qualified,2024-09-12 00:00:00,U217
H000178,O10054,2-Qualified,3-Proposal,2024-11-06 00:00:00,U217
H000179,O10054,3-Proposal,4-Negotiation,2024-12-18 00:00:00,U217
H000180,O10054,4-Negotiation,5-Closed Won,2025-01-13 00:00:00,U217
H000181,O10055,,2-Qualified,2025-11-10 00:00:00,U215
H000182,O10055,2-Qualified,3-Proposal,2025-11-25 00:00:00,U215
H000183,O10055,3-Proposal,4-Negotiation,2025-12-12 00:00:00,U215
H000184,O10055,4-Negotiation,6-Closed Lost,2025-12-21 00:00:00,U215
H000185,O10056,,2-Qualified,2024-01-28 00:00:00,U206
H000186,O10056,2-Qualified,3-Proposal,2024-02-20 00:00:00,U206
H000187,O10056,3-Proposal,4-Negotiation,2024-03-15 00:00:00,U206
H000188,O10056,4-Negotiation,5-Closed Won,2024-03-31 00:00:00,U206
H000189,O10057,,2-Qualified,2026-06-23 00:00:00,U203
H000190,O10057,2-Qualified,3-Proposal,2026-07-03 00:00:00,U203
H000191,O10058,,2-Qualified,2026-07-12 00:00:00,U202
H000192,O10059,,2-Qualified,2026-01-16 00:00:00,U209
H000193,O10059,2-Qualified,3-Proposal,2026-02-04 00:00:00,U209
H000194,O10059,3-Proposal,4-Negotiation,2026-02-18 00:00:00,U209
H000195,O10059,4-Negotiation,5-Closed Won,2026-03-09 00:00:00,U209
H000196,O10060,,2-Qualified,2025-07-20 00:00:00,U218
H000197,O10060,2-Qualified,3-Proposal,2025-08-15 00:00:00,U218
H000198,O10060,3-Proposal,4-Negotiation,2025-09-08 00:00:00,U218
H000199,O10060,4-Negotiation,5-Closed Won,2025-09-21 00:00:00,U218
H000200,O10061,,2-Qualified,2025-05-05 00:00:00,U209
H000201,O10061,2-Qualified,6-Closed Lost,2025-05-08 00:00:00,U209
H000202,O10062,,2-Qualified,2024-12-07 00:00:00,U216
H000203,O10062,2-Qualified,3-Proposal,2024-12-11 00:00:00,U216
H000204,O10062,3-Proposal,6-Closed Lost,2024-12-14 00:00:00,U216
H000205,O10063,,2-Qualified,2024-08-01 00:00:00,U211
H000206,O10063,2-Qualified,3-Proposal,2024-08-11 00:00:00,U211
H000207,O10063,3-Proposal,4-Negotiation,2024-08-19 00:00:00,U211
H000208,O10063,4-Negotiation,5-Closed Won,2024-09-03 00:00:00,U211
H000209,O10064,,2-Qualified,2025-02-18 00:00:00,U209
H000210,O10064,2-Qualified,3-Proposal,2025-03-24 00:00:00,U209
H000211,O10064,3-Proposal,6-Closed Lost,2025-06-04 00:00:00,U209
H000212,O10065,,2-Qualified,2024-09-23 00:00:00,U216
H000213,O10065,2-Qualified,3-Proposal,2024-10-16 00:00:00,U216
H000214,O10065,3-Proposal,4-Negotiation,2024-11-02 00:00:00,U216
H000215,O10065,4-Negotiation,6-Closed Lost,2024-11-15 00:00:00,U216
H000216,O10066,,2-Qualified,2024-09-25 00:00:00,U215
H000217,O10066,2-Qualified,3-Proposal,2024-11-07 00:00:00,U215
H000218,O10066,3-Proposal,4-Negotiation,2024-12-07 00:00:00,U215
H000219,O10066,4-Negotiation,5-Closed Won,2024-12-31 00:00:00,U215
H000220,O10067,,2-Qualified,2024-10-18 00:00:00,U210
H000221,O10067,2-Qualified,6-Closed Lost,2024-11-01 00:00:00,U210
H000222,O10069,,2-Qualified,2024-12-19 00:00:00,U202
H000223,O10069,2-Qualified,6-Closed Lost,2024-12-22 00:00:00,U202
H000224,O10070,,2-Qualified,2025-06-02 00:00:00,U217
H000225,O10070,2-Qualified,3-Proposal,2025-06-28 00:00:00,U217
H000226,O10070,3-Proposal,6-Closed Lost,2025-07-29 00:00:00,U217
H000227,O10071,,2-Qualified,2024-02-19 00:00:00,U216
H000228,O10071,2-Qualified,6-Closed Lost,2024-03-20 00:00:00,U216
H000229,O10072,,2-Qualified,2026-02-05 00:00:00,U215
H000230,O10072,2-Qualified,3-Proposal,2026-02-13 00:00:00,U215
H000231,O10072,3-Proposal,4-Negotiation,2026-02-28 00:00:00,U215
H000232,O10072,4-Negotiation,5-Closed Won,2026-03-15 00:00:00,U215
H000233,O10073,,2-Qualified,2026-03-25 00:00:00,U216
H000234,O10073,2-Qualified,6-Closed Lost,2026-04-01 00:00:00,U216
H000235,O10074,,2-Qualified,2024-10-30 00:00:00,U211
H000236,O10074,2-Qualified,3-Proposal,2024-11-01 00:00:00,U211
H000237,O10074,3-Proposal,4-Negotiation,2024-11-02 00:00:00,U211
H000238,O10074,4-Negotiation,6-Closed Lost,2024-11-03 00:00:00,U211
H000239,O10075,,2-Qualified,2024-08-24 00:00:00,U204
H000240,O10075,2-Qualified,3-Proposal,2024-09-21 00:00:00,U204
H000241,O10075,3-Proposal,4-Negotiation,2024-10-16 00:00:00,U204
H000242,O10075,4-Negotiation,5-Closed Won,2024-11-04 00:00:00,U204
H000243,O10076,,2-Qualified,2025-03-11 00:00:00,U217
H000244,O10076,2-Qualified,3-Proposal,2025-04-18 00:00:00,U217
H000245,O10076,3-Proposal,6-Closed Lost,2025-06-27 00:00:00,U217
H000246,O10077,,2-Qualified,2025-05-29 00:00:00,U206
H000247,O10077,2-Qualified,3-Proposal,2025-06-11 00:00:00,U206
H000248,O10077,3-Proposal,4-Negotiation,2025-06-22 00:00:00,U206
H000249,O10077,4-Negotiation,6-Closed Lost,2025-07-03 00:00:00,U206
H000250,O10078,,2-Qualified,2025-11-29 00:00:00,U206
H000251,O10078,2-Qualified,3-Proposal,2025-12-26 00:00:00,U206
H000252,O10078,3-Proposal,6-Closed Lost,2026-01-22 00:00:00,U206
H000253,O10079,,2-Qualified,2024-02-03 00:00:00,U201
H000254,O10079,2-Qualified,3-Proposal,2024-02-14 00:00:00,U201
H000255,O10079,3-Proposal,4-Negotiation,2024-02-27 00:00:00,U201
H000256,O10079,4-Negotiation,6-Closed Lost,2024-03-07 00:00:00,U201
H000257,O10080,,2-Qualified,2024-06-24 00:00:00,U214
H000258,O10080,2-Qualified,3-Proposal,2024-07-06 00:00:00,U214
H000259,O10080,3-Proposal,4-Negotiation,2024-07-23 00:00:00,U214
H000260,O10080,4-Negotiation,5-Closed Won,2024-08-03 00:00:00,U214
H000261,O10081,,2-Qualified,2026-02-17 00:00:00,U210
H000262,O10081,2-Qualified,3-Proposal,2026-03-11 00:00:00,U210
H000263,O10081,3-Proposal,4-Negotiation,2026-04-01 00:00:00,U210
H000264,O10081,4-Negotiation,5-Closed Won,2026-04-09 00:00:00,U210
H000265,O10083,,2-Qualified,2025-07-25 00:00:00,U217
H000266,O10083,2-Qualified,3-Proposal,2025-08-15 00:00:00,U217
H000267,O10083,3-Proposal,4-Negotiation,2025-09-06 00:00:00,U217
H000268,O10083,4-Negotiation,5-Closed Won,2025-09-21 00:00:00,U217
H000269,O10084,,2-Qualified,2025-11-27 00:00:00,U202
H000270,O10084,2-Qualified,3-Proposal,2026-01-07 00:00:00,U202
H000271,O10084,3-Proposal,6-Closed Lost,2026-01-17 00:00:00,U202
H000272,O10085,,2-Qualified,2025-12-01 00:00:00,U209
H000273,O10085,2-Qualified,3-Proposal,2026-01-07 00:00:00,U209
H000274,O10085,3-Proposal,4-Negotiation,2026-02-17 00:00:00,U209
H000275,O10085,4-Negotiation,5-Closed Won,2026-03-10 00:00:00,U209
H000276,O10087,,2-Qualified,2026-05-07 00:00:00,U218
H000277,O10087,2-Qualified,3-Proposal,2026-05-18 00:00:00,U218
H000278,O10087,3-Proposal,4-Negotiation,2026-06-08 00:00:00,U218
H000279,O10087,4-Negotiation,6-Closed Lost,2026-06-29 00:00:00,U218
H000280,O10088,,2-Qualified,2025-08-06 00:00:00,U208
H000281,O10088,2-Qualified,3-Proposal,2025-08-26 00:00:00,U208
H000282,O10088,3-Proposal,6-Closed Lost,2025-09-16 00:00:00,U208
H000283,O10089,,2-Qualified,2025-12-20 00:00:00,U218
H000284,O10089,2-Qualified,3-Proposal,2026-01-04 00:00:00,U218
H000285,O10089,3-Proposal,4-Negotiation,2026-01-22 00:00:00,U218
H000286,O10089,4-Negotiation,5-Closed Won,2026-02-17 00:00:00,U218
H000287,O10090,,2-Qualified,2025-05-22 00:00:00,U217
H000288,O10090,2-Qualified,3-Proposal,2025-05-24 00:00:00,U217
H000289,O10090,3-Proposal,4-Negotiation,2025-05-26 00:00:00,U217
H000290,O10090,4-Negotiation,5-Closed Won,2025-05-28 00:00:00,U217
H000291,O10091,,2-Qualified,2025-05-17 00:00:00,U201
H000292,O10091,2-Qualified,3-Proposal,2025-06-06 00:00:00,U201
H000293,O10091,3-Proposal,4-Negotiation,2025-06-25 00:00:00,U201
H000294,O10091,4-Negotiation,5-Closed Won,2025-07-23 00:00:00,U201
H000295,O10092,,2-Qualified,2024-09-14 00:00:00,U214
H000296,O10092,2-Qualified,3-Proposal,2024-10-11 00:00:00,U214
H000297,O10092,3-Proposal,6-Closed Lost,2024-11-26 00:00:00,U214
H000298,O10093,,2-Qualified,2025-04-09 00:00:00,U213
H000299,O10093,2-Qualified,3-Proposal,2025-05-04 00:00:00,U213
H000300,O10093,3-Proposal,4-Negotiation,2025-05-30 00:00:00,U213
H000301,O10093,4-Negotiation,6-Closed Lost,2025-06-02 00:00:00,U213
H000302,O10094,,2-Qualified,2025-09-12 00:00:00,U217
H000303,O10094,2-Qualified,6-Closed Lost,2025-09-15 00:00:00,U217
H000304,O10095,,2-Qualified,2025-05-02 00:00:00,U206
H000305,O10095,2-Qualified,6-Closed Lost,2025-05-26 00:00:00,U206
H000306,O10096,,2-Qualified,2024-12-20 00:00:00,U202
H000307,O10096,2-Qualified,3-Proposal,2025-01-15 00:00:00,U202
H000308,O10096,3-Proposal,4-Negotiation,2025-02-18 00:00:00,U202
H000309,O10096,4-Negotiation,5-Closed Won,2025-03-13 00:00:00,U202
H000310,O10097,,2-Qualified,2024-08-05 00:00:00,U209
H000311,O10097,2-Qualified,3-Proposal,2024-08-09 00:00:00,U209
H000312,O10097,3-Proposal,4-Negotiation,2024-08-12 00:00:00,U209
H000313,O10097,4-Negotiation,5-Closed Won,2024-08-18 00:00:00,U209
H000314,O10098,,2-Qualified,2025-06-11 00:00:00,U205
H000315,O10098,2-Qualified,3-Proposal,2025-07-24 00:00:00,U205
H000316,O10098,3-Proposal,4-Negotiation,2025-08-15 00:00:00,U205
H000317,O10098,4-Negotiation,5-Closed Won,2025-09-15 00:00:00,U205
H000318,O10099,,2-Qualified,2025-03-06 00:00:00,U209
H000319,O10099,2-Qualified,3-Proposal,2025-04-03 00:00:00,U209
H000320,O10099,3-Proposal,4-Negotiation,2025-05-02 00:00:00,U209
H000321,O10099,4-Negotiation,6-Closed Lost,2025-05-13 00:00:00,U209
H000322,O10100,,2-Qualified,2025-06-13 00:00:00,U209
H000323,O10100,2-Qualified,3-Proposal,2025-06-20 00:00:00,U209
H000324,O10100,3-Proposal,4-Negotiation,2025-06-28 00:00:00,U209
H000325,O10100,4-Negotiation,5-Closed Won,2025-07-02 00:00:00,U209
H000326,O10101,,2-Qualified,2025-06-26 00:00:00,U220
H000327,O10101,2-Qualified,3-Proposal,2025-07-07 00:00:00,U220
H000328,O10101,3-Proposal,4-Negotiation,2025-07-18 00:00:00,U220
H000329,O10101,4-Negotiation,5-Closed Won,2025-07-24 00:00:00,U220
H000330,O10102,,2-Qualified,2026-02-25 00:00:00,U209
H000331,O10102,2-Qualified,3-Proposal,2026-02-27 00:00:00,U209
H000332,O10102,3-Proposal,4-Negotiation,2026-02-28 00:00:00,U209
H000333,O10102,4-Negotiation,5-Closed Won,2026-03-02 00:00:00,U209
H000334,O10103,,2-Qualified,2025-07-11 00:00:00,U216
H000335,O10103,2-Qualified,3-Proposal,2025-07-28 00:00:00,U216
H000336,O10103,3-Proposal,4-Negotiation,2025-08-20 00:00:00,U216
H000337,O10103,4-Negotiation,5-Closed Won,2025-08-31 00:00:00,U216
H000338,O10104,,2-Qualified,2025-01-28 00:00:00,U207
H000339,O10104,2-Qualified,3-Proposal,2025-02-15 00:00:00,U207
H000340,O10104,3-Proposal,4-Negotiation,2025-03-04 00:00:00,U207
H000341,O10104,4-Negotiation,5-Closed Won,2025-03-24 00:00:00,U207
H000342,O10106,,2-Qualified,2026-02-18 00:00:00,U206
H000343,O10106,2-Qualified,3-Proposal,2026-03-05 00:00:00,U206
H000344,O10106,3-Proposal,4-Negotiation,2026-03-29 00:00:00,U206
H000345,O10106,4-Negotiation,5-Closed Won,2026-04-28 00:00:00,U206
H000346,O10107,,2-Qualified,2024-12-17 00:00:00,U206
H000347,O10107,2-Qualified,3-Proposal,2025-02-12 00:00:00,U206
H000348,O10107,3-Proposal,6-Closed Lost,2025-02-26 00:00:00,U206
H000349,O10108,,2-Qualified,2024-12-05 00:00:00,U209
H000350,O10108,2-Qualified,6-Closed Lost,2024-12-08 00:00:00,U209
H000351,O10109,,2-Qualified,2024-04-21 00:00:00,U208
H000352,O10109,2-Qualified,3-Proposal,2024-06-06 00:00:00,U208
H000353,O10109,3-Proposal,6-Closed Lost,2024-07-11 00:00:00,U208
H000354,O10110,,2-Qualified,2025-12-01 00:00:00,U207
H000355,O10110,2-Qualified,3-Proposal,2025-12-13 00:00:00,U207
H000356,O10110,3-Proposal,4-Negotiation,2025-12-26 00:00:00,U207
H000357,O10110,4-Negotiation,5-Closed Won,2026-01-05 00:00:00,U207
H000358,O10111,,2-Qualified,2025-10-11 00:00:00,U211
H000359,O10111,2-Qualified,3-Proposal,2025-10-30 00:00:00,U211
H000360,O10111,3-Proposal,4-Negotiation,2025-11-17 00:00:00,U211
H000361,O10111,4-Negotiation,5-Closed Won,2025-12-09 00:00:00,U211
H000362,O10112,,2-Qualified,2024-05-20 00:00:00,U215
H000363,O10112,2-Qualified,3-Proposal,2024-06-09 00:00:00,U215
H000364,O10112,3-Proposal,4-Negotiation,2024-06-19 00:00:00,U215
H000365,O10112,4-Negotiation,5-Closed Won,2024-07-02 00:00:00,U215
H000366,O10113,,2-Qualified,2024-12-02 00:00:00,U223
H000367,O10113,2-Qualified,3-Proposal,2024-12-25 00:00:00,U223
H000368,O10113,3-Proposal,4-Negotiation,2025-01-18 00:00:00,U223
H000369,O10113,4-Negotiation,6-Closed Lost,2025-02-12 00:00:00,U223
H000370,O10114,,2-Qualified,2026-01-06 00:00:00,U202
H000371,O10114,2-Qualified,3-Proposal,2026-01-08 00:00:00,U202
H000372,O10114,3-Proposal,4-Negotiation,2026-01-09 00:00:00,U202
H000373,O10114,4-Negotiation,5-Closed Won,2026-01-11 00:00:00,U202
H000374,O10115,,2-Qualified,2024-10-11 00:00:00,U219
H000375,O10115,2-Qualified,3-Proposal,2024-10-31 00:00:00,U219
H000376,O10115,3-Proposal,4-Negotiation,2024-11-14 00:00:00,U219
H000377,O10115,4-Negotiation,6-Closed Lost,2024-11-26 00:00:00,U219
H000378,O10116,,2-Qualified,2026-03-26 00:00:00,U206
H000379,O10116,2-Qualified,3-Proposal,2026-04-02 00:00:00,U206
H000380,O10116,3-Proposal,4-Negotiation,2026-04-11 00:00:00,U206
H000381,O10116,4-Negotiation,5-Closed Won,2026-04-23 00:00:00,U206
H000382,O10117,,2-Qualified,2024-08-13 00:00:00,U209
H000383,O10117,2-Qualified,6-Closed Lost,2024-09-05 00:00:00,U209
H000384,O10118,,2-Qualified,2025-09-23 00:00:00,U221
H000385,O10118,2-Qualified,3-Proposal,2025-10-16 00:00:00,U221
H000386,O10118,3-Proposal,4-Negotiation,2025-10-26 00:00:00,U221
H000387,O10118,4-Negotiation,5-Closed Won,2025-11-11 00:00:00,U221
H000388,O10120,,2-Qualified,2025-08-22 00:00:00,U207
H000389,O10120,2-Qualified,3-Proposal,2025-10-07 00:00:00,U207
H000390,O10120,3-Proposal,4-Negotiation,2025-11-05 00:00:00,U207
H000391,O10120,4-Negotiation,6-Closed Lost,2025-12-22 00:00:00,U207
H000392,O10121,,2-Qualified,2025-02-22 00:00:00,U204
H000393,O10121,2-Qualified,3-Proposal,2025-04-28 00:00:00,U204
H000394,O10121,3-Proposal,6-Closed Lost,2025-06-08 00:00:00,U204
H000395,O10122,,2-Qualified,2025-03-13 00:00:00,U215
H000396,O10122,2-Qualified,3-Proposal,2025-03-28 00:00:00,U215
H000397,O10122,3-Proposal,4-Negotiation,2025-04-09 00:00:00,U215
H000398,O10122,4-Negotiation,5-Closed Won,2025-04-18 00:00:00,U215
H000399,O10123,,2-Qualified,2024-02-19 00:00:00,U209
H000400,O10123,2-Qualified,3-Proposal,2024-03-25 00:00:00,U209
H000401,O10123,3-Proposal,4-Negotiation,2024-04-28 00:00:00,U209
H000402,O10123,4-Negotiation,5-Closed Won,2024-05-28 00:00:00,U209
H000403,O10124,,2-Qualified,2026-02-09 00:00:00,U206
H000404,O10124,2-Qualified,3-Proposal,2026-03-17 00:00:00,U206
H000405,O10124,3-Proposal,4-Negotiation,2026-04-06 00:00:00,U206
H000406,O10124,4-Negotiation,5-Closed Won,2026-05-13 00:00:00,U206
H000407,O10126,,2-Qualified,2024-10-17 00:00:00,U217
H000408,O10126,2-Qualified,3-Proposal,2024-11-09 00:00:00,U217
H000409,O10126,3-Proposal,6-Closed Lost,2024-12-16 00:00:00,U217
H000410,O10127,,2-Qualified,2025-03-06 00:00:00,U216
H000411,O10127,2-Qualified,3-Proposal,2025-03-27 00:00:00,U216
H000412,O10127,3-Proposal,4-Negotiation,2025-04-18 00:00:00,U216
H000413,O10127,4-Negotiation,5-Closed Won,2025-05-12 00:00:00,U216
H000414,O10128,,2-Qualified,2024-12-08 00:00:00,U203
H000415,O10128,2-Qualified,3-Proposal,2024-12-27 00:00:00,U203
H000416,O10128,3-Proposal,4-Negotiation,2025-01-22 00:00:00,U203
H000417,O10128,4-Negotiation,5-Closed Won,2025-02-10 00:00:00,U203
H000418,O10129,,2-Qualified,2024-05-13 00:00:00,U217
H000419,O10129,2-Qualified,6-Closed Lost,2024-08-04 00:00:00,U217
H000420,O10130,,2-Qualified,2024-10-17 00:00:00,U219
H000421,O10130,2-Qualified,3-Proposal,2024-12-16 00:00:00,U219
H000422,O10130,3-Proposal,4-Negotiation,2025-01-27 00:00:00,U219
H000423,O10130,4-Negotiation,5-Closed Won,2025-03-10 00:00:00,U219
H000424,O10131,,2-Qualified,2026-04-21 00:00:00,U203
H000425,O10131,2-Qualified,6-Closed Lost,2026-05-14 00:00:00,U203
H000426,O10133,,2-Qualified,2025-09-09 00:00:00,U222
H000427,O10133,2-Qualified,3-Proposal,2025-09-25 00:00:00,U222
H000428,O10133,3-Proposal,4-Negotiation,2025-10-19 00:00:00,U222
H000429,O10133,4-Negotiation,6-Closed Lost,2025-11-19 00:00:00,U222
H000430,O10134,,2-Qualified,2026-04-28 00:00:00,U211
H000431,O10134,2-Qualified,3-Proposal,2026-05-01 00:00:00,U211
H000432,O10134,3-Proposal,6-Closed Lost,2026-05-03 00:00:00,U211
H000433,O10135,,2-Qualified,2025-08-28 00:00:00,U207
H000434,O10135,2-Qualified,3-Proposal,2025-09-28 00:00:00,U207
H000435,O10135,3-Proposal,4-Negotiation,2025-10-15 00:00:00,U207
H000436,O10135,4-Negotiation,5-Closed Won,2025-11-17 00:00:00,U207
H000437,O10136,,2-Qualified,2025-12-20 00:00:00,U223
H000438,O10136,2-Qualified,3-Proposal,2026-01-09 00:00:00,U223
H000439,O10136,3-Proposal,4-Negotiation,2026-02-01 00:00:00,U223
H000440,O10136,4-Negotiation,6-Closed Lost,2026-03-01 00:00:00,U223
H000441,O10137,,2-Qualified,2024-04-22 00:00:00,U201
H000442,O10137,2-Qualified,3-Proposal,2024-04-24 00:00:00,U201
H000443,O10137,3-Proposal,4-Negotiation,2024-04-26 00:00:00,U201
H000444,O10137,4-Negotiation,5-Closed Won,2024-04-28 00:00:00,U201
H000445,O10138,,2-Qualified,2026-01-29 00:00:00,U213
H000446,O10138,2-Qualified,3-Proposal,2026-03-02 00:00:00,U213
H000447,O10138,3-Proposal,4-Negotiation,2026-03-27 00:00:00,U213
H000448,O10138,4-Negotiation,5-Closed Won,2026-05-01 00:00:00,U213
H000449,O10139,,2-Qualified,2024-07-10 00:00:00,U203
H000450,O10139,2-Qualified,6-Closed Lost,2024-07-30 00:00:00,U203
H000451,O10140,,2-Qualified,2026-01-16 00:00:00,U220
H000452,O10140,2-Qualified,3-Proposal,2026-02-18 00:00:00,U220
H000453,O10140,3-Proposal,6-Closed Lost,2026-03-21 00:00:00,U220
H000454,O10141,,2-Qualified,2025-10-22 00:00:00,U215
H000455,O10141,2-Qualified,6-Closed Lost,2025-11-30 00:00:00,U215
H000456,O10142,,2-Qualified,2026-02-12 00:00:00,U219
H000457,O10142,2-Qualified,6-Closed Lost,2026-05-01 00:00:00,U219
H000458,O10143,,2-Qualified,2025-01-07 00:00:00,U217
H000459,O10143,2-Qualified,3-Proposal,2025-02-12 00:00:00,U217
H000460,O10143,3-Proposal,4-Negotiation,2025-03-14 00:00:00,U217
H000461,O10143,4-Negotiation,5-Closed Won,2025-03-28 00:00:00,U217
H000462,O10144,,2-Qualified,2025-03-28 00:00:00,U223
H000463,O10144,2-Qualified,3-Proposal,2025-05-14 00:00:00,U223
H000464,O10144,3-Proposal,4-Negotiation,2025-07-01 00:00:00,U223
H000465,O10144,4-Negotiation,5-Closed Won,2025-07-21 00:00:00,U223
H000466,O10145,,2-Qualified,2024-07-14 00:00:00,U208
H000467,O10145,2-Qualified,6-Closed Lost,2024-08-13 00:00:00,U208
H000468,O10146,,2-Qualified,2025-10-31 00:00:00,U217
H000469,O10146,2-Qualified,3-Proposal,2025-12-07 00:00:00,U217
H000470,O10146,3-Proposal,4-Negotiation,2026-02-03 00:00:00,U217
H000471,O10146,4-Negotiation,5-Closed Won,2026-03-06 00:00:00,U217
H000472,O10147,,2-Qualified,2025-03-14 00:00:00,U205
H000473,O10147,2-Qualified,3-Proposal,2025-04-24 00:00:00,U205
H000474,O10147,3-Proposal,4-Negotiation,2025-05-24 00:00:00,U205
H000475,O10147,4-Negotiation,6-Closed Lost,2025-07-02 00:00:00,U205
H000476,O10148,,2-Qualified,2024-11-14 00:00:00,U214
H000477,O10148,2-Qualified,3-Proposal,2024-11-27 00:00:00,U214
H000478,O10148,3-Proposal,4-Negotiation,2024-12-09 00:00:00,U214
H000479,O10148,4-Negotiation,6-Closed Lost,2024-12-19 00:00:00,U214
H000480,O10149,,2-Qualified,2026-05-09 00:00:00,U210
H000481,O10149,2-Qualified,3-Proposal,2026-05-10 00:00:00,U210
H000482,O10149,3-Proposal,4-Negotiation,2026-05-12 00:00:00,U210
H000483,O10149,4-Negotiation,6-Closed Lost,2026-05-13 00:00:00,U210
H000484,O10150,,2-Qualified,2024-05-20 00:00:00,U220
H000485,O10150,2-Qualified,3-Proposal,2024-06-12 00:00:00,U220
H000486,O10150,3-Proposal,4-Negotiation,2024-06-28 00:00:00,U220
H000487,O10150,4-Negotiation,5-Closed Won,2024-07-14 00:00:00,U220
H000488,O10151,,2-Qualified,2025-06-29 00:00:00,U220
H000489,O10151,2-Qualified,3-Proposal,2025-07-10 00:00:00,U220
H000490,O10151,3-Proposal,4-Negotiation,2025-07-27 00:00:00,U220
H000491,O10151,4-Negotiation,5-Closed Won,2025-08-06 00:00:00,U220
H000492,O10152,,2-Qualified,2024-03-29 00:00:00,U220
H000493,O10152,2-Qualified,3-Proposal,2024-05-10 00:00:00,U220
H000494,O10152,3-Proposal,4-Negotiation,2024-06-09 00:00:00,U220
H000495,O10152,4-Negotiation,5-Closed Won,2024-07-01 00:00:00,U220
H000496,O10153,,2-Qualified,2025-10-19 00:00:00,U211
H000497,O10153,2-Qualified,6-Closed Lost,2025-10-23 00:00:00,U211
H000498,O10154,,2-Qualified,2025-05-07 00:00:00,U211
H000499,O10154,2-Qualified,3-Proposal,2025-06-01 00:00:00,U211
H000500,O10154,3-Proposal,4-Negotiation,2025-06-30 00:00:00,U211
H000501,O10154,4-Negotiation,5-Closed Won,2025-07-26 00:00:00,U211
H000502,O10155,,2-Qualified,2024-06-05 00:00:00,U223
H000503,O10155,2-Qualified,3-Proposal,2024-06-30 00:00:00,U223
H000504,O10155,3-Proposal,4-Negotiation,2024-07-30 00:00:00,U223
H000505,O10155,4-Negotiation,5-Closed Won,2024-08-02 00:00:00,U223
H000506,O10156,,2-Qualified,2025-01-02 00:00:00,U201
H000507,O10156,2-Qualified,3-Proposal,2025-01-30 00:00:00,U201
H000508,O10156,3-Proposal,6-Closed Lost,2025-02-18 00:00:00,U201
H000509,O10157,,2-Qualified,2025-08-19 00:00:00,U202
H000510,O10157,2-Qualified,3-Proposal,2025-09-16 00:00:00,U202
H000511,O10157,3-Proposal,6-Closed Lost,2025-10-17 00:00:00,U202
H000512,O10158,,2-Qualified,2026-03-20 00:00:00,U220
H000513,O10158,2-Qualified,6-Closed Lost,2026-04-27 00:00:00,U220
H000514,O10159,,2-Qualified,2024-03-29 00:00:00,U201
H000515,O10159,2-Qualified,3-Proposal,2024-05-11 00:00:00,U201
H000516,O10159,3-Proposal,6-Closed Lost,2024-07-16 00:00:00,U201
H000517,O10160,,2-Qualified,2025-04-02 00:00:00,U220
H000518,O10160,2-Qualified,6-Closed Lost,2025-05-30 00:00:00,U220
H000519,O10161,,2-Qualified,2024-05-13 00:00:00,U219
H000520,O10161,2-Qualified,6-Closed Lost,2024-06-17 00:00:00,U219
H000521,O10164,,2-Qualified,2024-09-15 00:00:00,U212
H000522,O10164,2-Qualified,3-Proposal,2024-09-29 00:00:00,U212
H000523,O10164,3-Proposal,4-Negotiation,2024-10-16 00:00:00,U212
H000524,O10164,4-Negotiation,5-Closed Won,2024-10-25 00:00:00,U212
H000525,O10165,,2-Qualified,2026-01-13 00:00:00,U200
H000526,O10165,2-Qualified,3-Proposal,2026-01-31 00:00:00,U200
H000527,O10165,3-Proposal,4-Negotiation,2026-02-13 00:00:00,U200
H000528,O10165,4-Negotiation,5-Closed Won,2026-03-11 00:00:00,U200
H000529,O10166,,2-Qualified,2025-06-10 00:00:00,U201
H000530,O10166,2-Qualified,6-Closed Lost,2025-07-07 00:00:00,U201
H000531,O10167,,2-Qualified,2025-11-22 00:00:00,U213
H000532,O10167,2-Qualified,3-Proposal,2025-12-27 00:00:00,U213
H000533,O10167,3-Proposal,4-Negotiation,2026-02-04 00:00:00,U213
H000534,O10167,4-Negotiation,5-Closed Won,2026-03-01 00:00:00,U213
H000535,O10168,,2-Qualified,2025-11-25 00:00:00,U211
H000536,O10168,2-Qualified,3-Proposal,2025-12-05 00:00:00,U211
H000537,O10168,3-Proposal,4-Negotiation,2025-12-15 00:00:00,U211
H000538,O10168,4-Negotiation,5-Closed Won,2025-12-21 00:00:00,U211
H000539,O10169,,2-Qualified,2025-08-01 00:00:00,U217
H000540,O10169,2-Qualified,3-Proposal,2025-09-14 00:00:00,U217
H000541,O10169,3-Proposal,4-Negotiation,2025-10-08 00:00:00,U217
H000542,O10169,4-Negotiation,6-Closed Lost,2025-10-30 00:00:00,U217
H000543,O10170,,2-Qualified,2024-06-07 00:00:00,U221
H000544,O10170,2-Qualified,3-Proposal,2024-06-08 00:00:00,U221
H000545,O10170,3-Proposal,6-Closed Lost,2024-06-11 00:00:00,U221
H000546,O10171,,2-Qualified,2025-09-10 00:00:00,U215
H000547,O10171,2-Qualified,3-Proposal,2025-09-30 00:00:00,U215
H000548,O10171,3-Proposal,4-Negotiation,2025-11-02 00:00:00,U215
H000549,O10171,4-Negotiation,5-Closed Won,2025-12-07 00:00:00,U215
H000550,O10172,,2-Qualified,2025-07-16 00:00:00,U209
H000551,O10172,2-Qualified,6-Closed Lost,2025-07-20 00:00:00,U209
H000552,O10174,,2-Qualified,2025-03-18 00:00:00,U207
H000553,O10174,2-Qualified,3-Proposal,2025-04-24 00:00:00,U207
H000554,O10174,3-Proposal,4-Negotiation,2025-06-14 00:00:00,U207
H000555,O10174,4-Negotiation,5-Closed Won,2025-08-13 00:00:00,U207
H000556,O10175,,2-Qualified,2024-08-09 00:00:00,U223
H000557,O10175,2-Qualified,3-Proposal,2024-08-29 00:00:00,U223
H000558,O10175,3-Proposal,4-Negotiation,2024-09-13 00:00:00,U223
H000559,O10175,4-Negotiation,5-Closed Won,2024-09-22 00:00:00,U223
H000560,O10176,,2-Qualified,2024-12-17 00:00:00,U208
H000561,O10176,2-Qualified,3-Proposal,2025-01-17 00:00:00,U208
H000562,O10176,3-Proposal,4-Negotiation,2025-02-24 00:00:00,U208
H000563,O10176,4-Negotiation,5-Closed Won,2025-03-09 00:00:00,U208
H000564,O10177,,2-Qualified,2026-05-10 00:00:00,U212
H000565,O10177,2-Qualified,6-Closed Lost,2026-05-21 00:00:00,U212
H000566,O10178,,2-Qualified,2024-12-01 00:00:00,U214
H000567,O10178,2-Qualified,6-Closed Lost,2024-12-09 00:00:00,U214
H000568,O10180,,2-Qualified,2024-07-14 00:00:00,U206
H000569,O10180,2-Qualified,3-Proposal,2024-07-31 00:00:00,U206
H000570,O10180,3-Proposal,4-Negotiation,2024-08-16 00:00:00,U206
H000571,O10180,4-Negotiation,5-Closed Won,2024-09-17 00:00:00,U206
H000572,O10181,,2-Qualified,2026-01-11 00:00:00,U219
H000573,O10181,2-Qualified,6-Closed Lost,2026-02-09 00:00:00,U219
H000574,O10182,,2-Qualified,2024-07-24 00:00:00,U204
H000575,O10182,2-Qualified,3-Proposal,2024-08-25 00:00:00,U204
H000576,O10182,3-Proposal,4-Negotiation,2024-09-18 00:00:00,U204
H000577,O10182,4-Negotiation,5-Closed Won,2024-10-09 00:00:00,U204
H000578,O10183,,2-Qualified,2024-02-21 00:00:00,U215
H000579,O10183,2-Qualified,6-Closed Lost,2024-05-01 00:00:00,U215
H000580,O10184,,2-Qualified,2025-05-30 00:00:00,U205
H000581,O10184,2-Qualified,3-Proposal,2025-06-08 00:00:00,U205
H000582,O10184,3-Proposal,4-Negotiation,2025-06-22 00:00:00,U205
H000583,O10184,4-Negotiation,5-Closed Won,2025-06-30 00:00:00,U205
H000584,O10185,,2-Qualified,2024-05-29 00:00:00,U217
H000585,O10185,2-Qualified,3-Proposal,2024-06-24 00:00:00,U217
H000586,O10185,3-Proposal,4-Negotiation,2024-08-11 00:00:00,U217
H000587,O10185,4-Negotiation,6-Closed Lost,2024-09-12 00:00:00,U217
H000588,O10186,,2-Qualified,2026-05-24 00:00:00,U212
H000589,O10186,2-Qualified,3-Proposal,2026-05-25 00:00:00,U212
H000590,O10186,3-Proposal,4-Negotiation,2026-05-27 00:00:00,U212
H000591,O10186,4-Negotiation,5-Closed Won,2026-05-29 00:00:00,U212
H000592,O10187,,2-Qualified,2025-05-20 00:00:00,U206
H000593,O10187,2-Qualified,3-Proposal,2025-05-26 00:00:00,U206
H000594,O10187,3-Proposal,6-Closed Lost,2025-05-28 00:00:00,U206
H000595,O10188,,2-Qualified,2024-02-21 00:00:00,U209
H000596,O10188,2-Qualified,3-Proposal,2024-03-12 00:00:00,U209
H000597,O10188,3-Proposal,4-Negotiation,2024-04-16 00:00:00,U209
H000598,O10188,4-Negotiation,5-Closed Won,2024-05-10 00:00:00,U209
H000599,O10189,,2-Qualified,2024-06-19 00:00:00,U212
H000600,O10189,2-Qualified,3-Proposal,2024-06-21 00:00:00,U212
H000601,O10189,3-Proposal,6-Closed Lost,2024-06-24 00:00:00,U212
H000602,O10190,,2-Qualified,2026-01-14 00:00:00,U212
H000603,O10190,2-Qualified,3-Proposal,2026-01-16 00:00:00,U212
H000604,O10190,3-Proposal,4-Negotiation,2026-01-18 00:00:00,U212
H000605,O10190,4-Negotiation,6-Closed Lost,2026-01-20 00:00:00,U212
H000606,O10192,,2-Qualified,2024-02-21 00:00:00,U214
H000607,O10192,2-Qualified,3-Proposal,2024-03-13 00:00:00,U214
H000608,O10192,3-Proposal,4-Negotiation,2024-04-10 00:00:00,U214
H000609,O10192,4-Negotiation,5-Closed Won,2024-04-25 00:00:00,U214
H000610,O10193,,2-Qualified,2024-07-19 00:00:00,U204
H000611,O10193,2-Qualified,3-Proposal,2024-08-21 00:00:00,U204
H000612,O10193,3-Proposal,4-Negotiation,2024-09-11 00:00:00,U204
H000613,O10193,4-Negotiation,5-Closed Won,2024-10-18 00:00:00,U204
H000614,O10194,,2-Qualified,2025-04-29 00:00:00,U205
H000615,O10194,2-Qualified,3-Proposal,2025-05-15 00:00:00,U205
H000616,O10194,3-Proposal,4-Negotiation,2025-05-31 00:00:00,U205
H000617,O10194,4-Negotiation,5-Closed Won,2025-06-18 00:00:00,U205
H000618,O10195,,2-Qualified,2025-05-27 00:00:00,U206
H000619,O10195,2-Qualified,3-Proposal,2025-07-12 00:00:00,U206
H000620,O10195,3-Proposal,6-Closed Lost,2025-08-06 00:00:00,U206
H000621,O10197,,2-Qualified,2025-10-20 00:00:00,U215
H000622,O10197,2-Qualified,3-Proposal,2025-11-13 00:00:00,U215
H000623,O10197,3-Proposal,4-Negotiation,2025-12-11 00:00:00,U215
H000624,O10197,4-Negotiation,5-Closed Won,2026-01-18 00:00:00,U215
H000625,O10198,,2-Qualified,2026-02-24 00:00:00,U220
H000626,O10198,2-Qualified,3-Proposal,2026-03-10 00:00:00,U220
H000627,O10198,3-Proposal,4-Negotiation,2026-03-31 00:00:00,U220
H000628,O10198,4-Negotiation,5-Closed Won,2026-04-10 00:00:00,U220
H000629,O10199,,2-Qualified,2026-03-31 00:00:00,U223
H000630,O10199,2-Qualified,3-Proposal,2026-04-15 00:00:00,U223
H000631,O10199,3-Proposal,4-Negotiation,2026-05-04 00:00:00,U223
H000632,O10199,4-Negotiation,5-Closed Won,2026-05-30 00:00:00,U223
H000633,O10200,,2-Qualified,2024-03-16 00:00:00,U215
H000634,O10200,2-Qualified,6-Closed Lost,2024-04-27 00:00:00,U215
H000635,O10201,,2-Qualified,2024-04-22 00:00:00,U218
H000636,O10201,2-Qualified,3-Proposal,2024-05-04 00:00:00,U218
H000637,O10201,3-Proposal,4-Negotiation,2024-05-17 00:00:00,U218
H000638,O10201,4-Negotiation,6-Closed Lost,2024-06-01 00:00:00,U218
H000639,O10202,,2-Qualified,2024-10-19 00:00:00,U211
H000640,O10202,2-Qualified,3-Proposal,2024-11-24 00:00:00,U211
H000641,O10202,3-Proposal,4-Negotiation,2024-12-25 00:00:00,U211
H000642,O10202,4-Negotiation,6-Closed Lost,2025-02-14 00:00:00,U211
H000643,O10203,,2-Qualified,2025-08-12 00:00:00,U217
H000644,O10203,2-Qualified,3-Proposal,2025-09-11 00:00:00,U217
H000645,O10203,3-Proposal,6-Closed Lost,2025-10-05 00:00:00,U217
H000646,O10204,,2-Qualified,2024-07-21 00:00:00,U214
H000647,O10204,2-Qualified,3-Proposal,2024-08-07 00:00:00,U214
H000648,O10204,3-Proposal,6-Closed Lost,2024-08-27 00:00:00,U214
H000649,O10205,,2-Qualified,2025-09-07 00:00:00,U210
H000650,O10205,2-Qualified,3-Proposal,2025-10-01 00:00:00,U210
H000651,O10205,3-Proposal,4-Negotiation,2025-10-22 00:00:00,U210
H000652,O10205,4-Negotiation,6-Closed Lost,2025-11-05 00:00:00,U210
H000653,O10206,,2-Qualified,2025-12-22 00:00:00,U212
H000654,O10206,2-Qualified,3-Proposal,2026-01-04 00:00:00,U212
H000655,O10206,3-Proposal,4-Negotiation,2026-01-16 00:00:00,U212
H000656,O10206,4-Negotiation,6-Closed Lost,2026-01-25 00:00:00,U212
H000657,O10207,,2-Qualified,2024-05-23 00:00:00,U217
H000658,O10207,2-Qualified,3-Proposal,2024-06-17 00:00:00,U217
H000659,O10207,3-Proposal,4-Negotiation,2024-07-07 00:00:00,U217
H000660,O10207,4-Negotiation,5-Closed Won,2024-08-01 00:00:00,U217
H000661,O10208,,2-Qualified,2025-11-05 00:00:00,U210
H000662,O10208,2-Qualified,6-Closed Lost,2025-11-15 00:00:00,U210
H000663,O10209,,2-Qualified,2025-12-29 00:00:00,U222
H000664,O10209,2-Qualified,3-Proposal,2026-01-14 00:00:00,U222
H000665,O10209,3-Proposal,4-Negotiation,2026-02-04 00:00:00,U222
H000666,O10209,4-Negotiation,6-Closed Lost,2026-02-26 00:00:00,U222
H000667,O10210,,2-Qualified,2024-03-28 00:00:00,U212
H000668,O10210,2-Qualified,3-Proposal,2024-04-14 00:00:00,U212
H000669,O10210,3-Proposal,4-Negotiation,2024-05-01 00:00:00,U212
H000670,O10210,4-Negotiation,5-Closed Won,2024-05-16 00:00:00,U212
H000671,O10211,,2-Qualified,2024-07-24 00:00:00,U211
H000672,O10211,2-Qualified,3-Proposal,2024-08-07 00:00:00,U211
H000673,O10211,3-Proposal,4-Negotiation,2024-08-19 00:00:00,U211
H000674,O10211,4-Negotiation,5-Closed Won,2024-08-31 00:00:00,U211
H000675,O10212,,2-Qualified,2024-04-21 00:00:00,U210
H000676,O10212,2-Qualified,6-Closed Lost,2024-04-26 00:00:00,U210
H000677,O10213,,2-Qualified,2025-04-12 00:00:00,U206
H000678,O10213,2-Qualified,3-Proposal,2025-05-23 00:00:00,U206
H000679,O10213,3-Proposal,6-Closed Lost,2025-06-22 00:00:00,U206
H000680,O10214,,2-Qualified,2025-08-06 00:00:00,U210
H000681,O10214,2-Qualified,3-Proposal,2025-08-23 00:00:00,U210
H000682,O10214,3-Proposal,6-Closed Lost,2025-09-06 00:00:00,U210
H000683,O10215,,2-Qualified,2025-03-23 00:00:00,U206
H000684,O10215,2-Qualified,3-Proposal,2025-05-28 00:00:00,U206
H000685,O10215,3-Proposal,6-Closed Lost,2025-08-03 00:00:00,U206
H000686,O10217,,2-Qualified,2025-02-02 00:00:00,U203
H000687,O10217,2-Qualified,3-Proposal,2025-03-04 00:00:00,U203
H000688,O10217,3-Proposal,4-Negotiation,2025-03-30 00:00:00,U203
H000689,O10217,4-Negotiation,5-Closed Won,2025-04-13 00:00:00,U203
H000690,O10218,,2-Qualified,2024-09-18 00:00:00,U201
H000691,O10218,2-Qualified,3-Proposal,2024-10-13 00:00:00,U201
H000692,O10218,3-Proposal,4-Negotiation,2024-11-13 00:00:00,U201
H000693,O10218,4-Negotiation,6-Closed Lost,2024-11-26 00:00:00,U201
H000694,O10219,,2-Qualified,2025-10-20 00:00:00,U205
H000695,O10219,2-Qualified,6-Closed Lost,2025-12-22 00:00:00,U205
H000696,O10220,,2-Qualified,2024-03-24 00:00:00,U223
H000697,O10220,2-Qualified,3-Proposal,2024-04-21 00:00:00,U223
H000698,O10220,3-Proposal,4-Negotiation,2024-05-07 00:00:00,U223
H000699,O10220,4-Negotiation,5-Closed Won,2024-05-25 00:00:00,U223
H000700,O10221,,2-Qualified,2025-08-26 00:00:00,U205
H000701,O10221,2-Qualified,3-Proposal,2025-10-17 00:00:00,U205
H000702,O10221,3-Proposal,4-Negotiation,2025-11-24 00:00:00,U205
H000703,O10221,4-Negotiation,6-Closed Lost,2025-12-24 00:00:00,U205
H000704,O10222,,2-Qualified,2024-06-25 00:00:00,U207
H000705,O10222,2-Qualified,3-Proposal,2024-08-26 00:00:00,U207
H000706,O10222,3-Proposal,4-Negotiation,2024-10-27 00:00:00,U207
H000707,O10222,4-Negotiation,6-Closed Lost,2024-11-22 00:00:00,U207
H000708,O10223,,2-Qualified,2025-07-01 00:00:00,U208
H000709,O10223,2-Qualified,3-Proposal,2025-07-09 00:00:00,U208
H000710,O10223,3-Proposal,4-Negotiation,2025-07-18 00:00:00,U208
H000711,O10223,4-Negotiation,6-Closed Lost,2025-07-22 00:00:00,U208
H000712,O10224,,2-Qualified,2025-09-03 00:00:00,U219
H000713,O10224,2-Qualified,3-Proposal,2025-10-10 00:00:00,U219
H000714,O10224,3-Proposal,6-Closed Lost,2025-11-25 00:00:00,U219
H000715,O10225,,2-Qualified,2025-08-01 00:00:00,U223
H000716,O10225,2-Qualified,3-Proposal,2025-08-18 00:00:00,U223
H000717,O10225,3-Proposal,4-Negotiation,2025-09-26 00:00:00,U223
H000718,O10225,4-Negotiation,5-Closed Won,2025-10-23 00:00:00,U223
H000719,O10226,,2-Qualified,2024-05-23 00:00:00,U223
H000720,O10226,2-Qualified,3-Proposal,2024-06-28 00:00:00,U223
H000721,O10226,3-Proposal,4-Negotiation,2024-08-06 00:00:00,U223
H000722,O10226,4-Negotiation,6-Closed Lost,2024-09-24 00:00:00,U223
H000723,O10227,,2-Qualified,2024-10-15 00:00:00,U213
H000724,O10227,2-Qualified,3-Proposal,2024-11-17 00:00:00,U213
H000725,O10227,3-Proposal,4-Negotiation,2024-12-14 00:00:00,U213
H000726,O10227,4-Negotiation,5-Closed Won,2024-12-31 00:00:00,U213
H000727,O10228,,2-Qualified,2024-07-03 00:00:00,U223
H000728,O10228,2-Qualified,3-Proposal,2024-07-19 00:00:00,U223
H000729,O10228,3-Proposal,4-Negotiation,2024-08-13 00:00:00,U223
H000730,O10228,4-Negotiation,5-Closed Won,2024-08-29 00:00:00,U223
H000731,O10229,,2-Qualified,2024-08-08 00:00:00,U202
H000732,O10229,2-Qualified,3-Proposal,2024-08-17 00:00:00,U202
H000733,O10229,3-Proposal,4-Negotiation,2024-08-24 00:00:00,U202
H000734,O10229,4-Negotiation,5-Closed Won,2024-09-02 00:00:00,U202
H000735,O10230,,2-Qualified,2024-05-02 00:00:00,U211
H000736,O10230,2-Qualified,6-Closed Lost,2024-06-05 00:00:00,U211
H000737,O10231,,2-Qualified,2024-12-31 00:00:00,U223
H000738,O10231,2-Qualified,6-Closed Lost,2025-01-16 00:00:00,U223
H000739,O10232,,2-Qualified,2025-02-19 00:00:00,U200
H000740,O10232,2-Qualified,3-Proposal,2025-02-28 00:00:00,U200
H000741,O10232,3-Proposal,4-Negotiation,2025-03-10 00:00:00,U200
H000742,O10232,4-Negotiation,5-Closed Won,2025-03-20 00:00:00,U200
H000743,O10233,,2-Qualified,2025-07-06 00:00:00,U217
H000744,O10233,2-Qualified,3-Proposal,2025-07-23 00:00:00,U217
H000745,O10233,3-Proposal,4-Negotiation,2025-08-12 00:00:00,U217
H000746,O10233,4-Negotiation,5-Closed Won,2025-08-31 00:00:00,U217
H000747,O10234,,2-Qualified,2025-01-17 00:00:00,U216
H000748,O10234,2-Qualified,3-Proposal,2025-02-17 00:00:00,U216
H000749,O10234,3-Proposal,4-Negotiation,2025-03-28 00:00:00,U216
H000750,O10234,4-Negotiation,5-Closed Won,2025-04-14 00:00:00,U216
H000751,O10235,,2-Qualified,2024-07-10 00:00:00,U219
H000752,O10235,2-Qualified,3-Proposal,2024-07-19 00:00:00,U219
H000753,O10235,3-Proposal,6-Closed Lost,2024-07-31 00:00:00,U219
H000754,O10236,,2-Qualified,2025-12-24 00:00:00,U214
H000755,O10236,2-Qualified,3-Proposal,2026-01-09 00:00:00,U214
H000756,O10236,3-Proposal,4-Negotiation,2026-01-20 00:00:00,U214
H000757,O10236,4-Negotiation,6-Closed Lost,2026-02-01 00:00:00,U214
H000758,O10237,,2-Qualified,2026-02-17 00:00:00,U207
H000759,O10237,2-Qualified,3-Proposal,2026-02-19 00:00:00,U207
H000760,O10237,3-Proposal,4-Negotiation,2026-02-20 00:00:00,U207
H000761,O10237,4-Negotiation,5-Closed Won,2026-02-21 00:00:00,U207
H000762,O10238,,2-Qualified,2025-01-02 00:00:00,U207
H000763,O10238,2-Qualified,3-Proposal,2025-01-26 00:00:00,U207
H000764,O10238,3-Proposal,4-Negotiation,2025-02-15 00:00:00,U207
H000765,O10238,4-Negotiation,6-Closed Lost,2025-03-21 00:00:00,U207
H000766,O10239,,2-Qualified,2025-10-08 00:00:00,U206
H000767,O10239,2-Qualified,6-Closed Lost,2025-10-20 00:00:00,U206
H000768,O10240,,2-Qualified,2024-03-28 00:00:00,U208
H000769,O10240,2-Qualified,3-Proposal,2024-05-02 00:00:00,U208
H000770,O10240,3-Proposal,6-Closed Lost,2024-07-01 00:00:00,U208
H000771,O10241,,2-Qualified,2025-02-14 00:00:00,U217
H000772,O10241,2-Qualified,6-Closed Lost,2025-02-17 00:00:00,U217
H000773,O10243,,2-Qualified,2025-08-12 00:00:00,U213
H000774,O10243,2-Qualified,3-Proposal,2025-09-26 00:00:00,U213
H000775,O10243,3-Proposal,6-Closed Lost,2025-11-07 00:00:00,U213
H000776,O10245,,2-Qualified,2026-05-04 00:00:00,U213
H000777,O10245,2-Qualified,3-Proposal,2026-05-24 00:00:00,U213
H000778,O10245,3-Proposal,4-Negotiation,2026-06-28 00:00:00,U213
H000779,O10246,,2-Qualified,2026-03-19 00:00:00,U208
H000780,O10246,2-Qualified,3-Proposal,2026-04-20 00:00:00,U208
H000781,O10246,3-Proposal,4-Negotiation,2026-05-13 00:00:00,U208
H000782,O10246,4-Negotiation,6-Closed Lost,2026-06-06 00:00:00,U208
H000783,O10247,,2-Qualified,2024-11-09 00:00:00,U223
H000784,O10247,2-Qualified,6-Closed Lost,2024-12-11 00:00:00,U223
H000785,O10248,,2-Qualified,2024-09-23 00:00:00,U209
H000786,O10248,2-Qualified,3-Proposal,2024-10-07 00:00:00,U209
H000787,O10248,3-Proposal,6-Closed Lost,2024-10-25 00:00:00,U209
H000788,O10249,,2-Qualified,2025-04-01 00:00:00,U219
H000789,O10249,2-Qualified,3-Proposal,2025-04-27 00:00:00,U219
H000790,O10249,3-Proposal,4-Negotiation,2025-05-19 00:00:00,U219
H000791,O10249,4-Negotiation,5-Closed Won,2025-06-18 00:00:00,U219
H000792,O10251,,2-Qualified,2025-04-01 00:00:00,U210
H000793,O10251,2-Qualified,3-Proposal,2025-04-07 00:00:00,U210
H000794,O10251,3-Proposal,4-Negotiation,2025-04-16 00:00:00,U210
H000795,O10251,4-Negotiation,6-Closed Lost,2025-04-22 00:00:00,U210
H000796,O10252,,2-Qualified,2026-08-28 00:00:00,U200
H000797,O10252,2-Qualified,3-Proposal,2026-10-09 00:00:00,U200
H000798,O10253,,2-Qualified,2024-10-31 00:00:00,U211
H000799,O10253,2-Qualified,3-Proposal,2024-11-13 00:00:00,U211
H000800,O10253,3-Proposal,6-Closed Lost,2024-11-29 00:00:00,U211
H000801,O10254,,2-Qualified,2026-02-14 00:00:00,U217
H000802,O10254,2-Qualified,3-Proposal,2026-03-19 00:00:00,U217
H000803,O10254,3-Proposal,4-Negotiation,2026-05-06 00:00:00,U217
H000804,O10254,4-Negotiation,5-Closed Won,2026-05-18 00:00:00,U217
H000805,O10255,,2-Qualified,2026-08-01 00:00:00,U209
H000806,O10256,,2-Qualified,2024-03-22 00:00:00,U223
H000807,O10256,2-Qualified,3-Proposal,2024-04-09 00:00:00,U223
H000808,O10256,3-Proposal,4-Negotiation,2024-04-28 00:00:00,U223
H000809,O10256,4-Negotiation,5-Closed Won,2024-05-14 00:00:00,U223
H000810,O10257,,2-Qualified,2024-04-01 00:00:00,U222
H000811,O10257,2-Qualified,3-Proposal,2024-04-22 00:00:00,U222
H000812,O10257,3-Proposal,4-Negotiation,2024-05-09 00:00:00,U222
H000813,O10257,4-Negotiation,5-Closed Won,2024-05-24 00:00:00,U222
H000814,O10258,,2-Qualified,2025-10-06 00:00:00,U215
H000815,O10258,2-Qualified,3-Proposal,2025-11-23 00:00:00,U215
H000816,O10258,3-Proposal,6-Closed Lost,2025-12-10 00:00:00,U215
H000817,O10260,,2-Qualified,2025-09-28 00:00:00,U223
H000818,O10260,2-Qualified,6-Closed Lost,2025-10-08 00:00:00,U223
H000819,O10261,,2-Qualified,2024-07-23 00:00:00,U203
H000820,O10261,2-Qualified,3-Proposal,2024-08-05 00:00:00,U203
H000821,O10261,3-Proposal,4-Negotiation,2024-08-13 00:00:00,U203
H000822,O10261,4-Negotiation,5-Closed Won,2024-08-21 00:00:00,U203
H000823,O10262,,2-Qualified,2024-09-04 00:00:00,U222
H000824,O10262,2-Qualified,3-Proposal,2024-10-12 00:00:00,U222
H000825,O10262,3-Proposal,4-Negotiation,2024-11-19 00:00:00,U222
H000826,O10262,4-Negotiation,5-Closed Won,2024-12-11 00:00:00,U222
H000827,O10263,,2-Qualified,2026-07-28 00:00:00,U203
H000828,O10264,,2-Qualified,2026-03-26 00:00:00,U223
H000829,O10264,2-Qualified,6-Closed Lost,2026-05-10 00:00:00,U223
H000830,O10265,,2-Qualified,2024-08-23 00:00:00,U212
H000831,O10265,2-Qualified,3-Proposal,2024-09-20 00:00:00,U212
H000832,O10265,3-Proposal,4-Negotiation,2024-10-19 00:00:00,U212
H000833,O10265,4-Negotiation,6-Closed Lost,2024-11-09 00:00:00,U212
H000834,O10266,,2-Qualified,2026-02-15 00:00:00,U218
H000835,O10266,2-Qualified,6-Closed Lost,2026-03-31 00:00:00,U218
H000836,O10267,,2-Qualified,2024-03-18 00:00:00,U213
H000837,O10267,2-Qualified,3-Proposal,2024-03-29 00:00:00,U213
H000838,O10267,3-Proposal,4-Negotiation,2024-04-17 00:00:00,U213
H000839,O10267,4-Negotiation,6-Closed Lost,2024-04-28 00:00:00,U213
H000840,O10268,,2-Qualified,2025-07-27 00:00:00,U202
H000841,O10268,2-Qualified,3-Proposal,2025-08-04 00:00:00,U202
H000842,O10268,3-Proposal,4-Negotiation,2025-08-20 00:00:00,U202
H000843,O10268,4-Negotiation,5-Closed Won,2025-09-01 00:00:00,U202
H000844,O10269,,2-Qualified,2025-09-05 00:00:00,U209
H000845,O10269,2-Qualified,6-Closed Lost,2025-10-05 00:00:00,U209
H000846,O10271,,2-Qualified,2024-07-08 00:00:00,U218
H000847,O10271,2-Qualified,3-Proposal,2024-08-14 00:00:00,U218
H000848,O10271,3-Proposal,4-Negotiation,2024-09-05 00:00:00,U218
H000849,O10271,4-Negotiation,6-Closed Lost,2024-10-03 00:00:00,U218
H000850,O10272,,2-Qualified,2025-06-11 00:00:00,U220
H000851,O10272,2-Qualified,3-Proposal,2025-06-22 00:00:00,U220
H000852,O10272,3-Proposal,4-Negotiation,2025-07-06 00:00:00,U220
H000853,O10272,4-Negotiation,6-Closed Lost,2025-07-13 00:00:00,U220
H000854,O10273,,2-Qualified,2026-01-02 00:00:00,U207
H000855,O10273,2-Qualified,3-Proposal,2026-02-06 00:00:00,U207
H000856,O10273,3-Proposal,4-Negotiation,2026-03-08 00:00:00,U207
H000857,O10273,4-Negotiation,5-Closed Won,2026-03-23 00:00:00,U207
H000858,O10274,,2-Qualified,2025-12-17 00:00:00,U212
H000859,O10274,2-Qualified,3-Proposal,2025-12-24 00:00:00,U212
H000860,O10274,3-Proposal,4-Negotiation,2025-12-29 00:00:00,U212
H000861,O10274,4-Negotiation,5-Closed Won,2026-01-07 00:00:00,U212
H000862,O10275,,2-Qualified,2025-12-08 00:00:00,U212
H000863,O10275,2-Qualified,3-Proposal,2025-12-10 00:00:00,U212
H000864,O10275,3-Proposal,4-Negotiation,2025-12-12 00:00:00,U212
H000865,O10275,4-Negotiation,5-Closed Won,2025-12-13 00:00:00,U212
H000866,O10276,,2-Qualified,2024-11-07 00:00:00,U213
H000867,O10276,2-Qualified,3-Proposal,2024-12-02 00:00:00,U213
H000868,O10276,3-Proposal,4-Negotiation,2024-12-21 00:00:00,U213
H000869,O10276,4-Negotiation,6-Closed Lost,2025-01-26 00:00:00,U213
H000870,O10277,,2-Qualified,2025-05-06 00:00:00,U213
H000871,O10277,2-Qualified,3-Proposal,2025-05-26 00:00:00,U213
H000872,O10277,3-Proposal,4-Negotiation,2025-06-15 00:00:00,U213
H000873,O10277,4-Negotiation,5-Closed Won,2025-07-07 00:00:00,U213
H000874,O10278,,2-Qualified,2025-02-16 00:00:00,U221
H000875,O10278,2-Qualified,3-Proposal,2025-03-27 00:00:00,U221
H000876,O10278,3-Proposal,4-Negotiation,2025-05-10 00:00:00,U221
H000877,O10278,4-Negotiation,5-Closed Won,2025-05-31 00:00:00,U221
H000878,O10279,,2-Qualified,2026-04-02 00:00:00,U210
H000879,O10279,2-Qualified,3-Proposal,2026-04-12 00:00:00,U210
H000880,O10279,3-Proposal,4-Negotiation,2026-04-27 00:00:00,U210
H000881,O10279,4-Negotiation,5-Closed Won,2026-05-05 00:00:00,U210
H000882,O10280,,2-Qualified,2025-12-05 00:00:00,U217
H000883,O10280,2-Qualified,3-Proposal,2025-12-17 00:00:00,U217
H000884,O10280,3-Proposal,6-Closed Lost,2026-01-04 00:00:00,U217
H000885,O10282,,2-Qualified,2025-08-03 00:00:00,U211
H000886,O10282,2-Qualified,3-Proposal,2025-08-11 00:00:00,U211
H000887,O10282,3-Proposal,4-Negotiation,2025-08-24 00:00:00,U211
H000888,O10282,4-Negotiation,5-Closed Won,2025-09-02 00:00:00,U211
H000889,O10283,,2-Qualified,2026-04-30 00:00:00,U222
H000890,O10283,2-Qualified,6-Closed Lost,2026-05-24 00:00:00,U222
H000891,O10285,,2-Qualified,2025-01-25 00:00:00,U200
H000892,O10285,2-Qualified,6-Closed Lost,2025-02-17 00:00:00,U200
H000893,O10286,,2-Qualified,2025-10-14 00:00:00,U217
H000894,O10286,2-Qualified,3-Proposal,2025-10-25 00:00:00,U217
H000895,O10286,3-Proposal,4-Negotiation,2025-11-08 00:00:00,U217
H000896,O10286,4-Negotiation,6-Closed Lost,2025-11-21 00:00:00,U217
H000897,O10287,,2-Qualified,2024-10-09 00:00:00,U205
H000898,O10287,2-Qualified,6-Closed Lost,2024-11-25 00:00:00,U205
H000899,O10288,,2-Qualified,2024-07-29 00:00:00,U217
H000900,O10288,2-Qualified,3-Proposal,2024-07-31 00:00:00,U217
H000901,O10288,3-Proposal,4-Negotiation,2024-08-04 00:00:00,U217
H000902,O10288,4-Negotiation,6-Closed Lost,2024-08-06 00:00:00,U217
H000903,O10290,,2-Qualified,2024-09-06 00:00:00,U211
H000904,O10290,2-Qualified,3-Proposal,2024-09-12 00:00:00,U211
H000905,O10290,3-Proposal,4-Negotiation,2024-09-21 00:00:00,U211
H000906,O10290,4-Negotiation,5-Closed Won,2024-10-01 00:00:00,U211
H000907,O10291,,2-Qualified,2025-04-17 00:00:00,U214
H000908,O10291,2-Qualified,3-Proposal,2025-04-27 00:00:00,U214
H000909,O10291,3-Proposal,4-Negotiation,2025-05-09 00:00:00,U214
H000910,O10291,4-Negotiation,5-Closed Won,2025-05-16 00:00:00,U214
H000911,O10292,,2-Qualified,2025-09-06 00:00:00,U211
H000912,O10292,2-Qualified,3-Proposal,2025-09-08 00:00:00,U211
H000913,O10292,3-Proposal,4-Negotiation,2025-09-10 00:00:00,U211
H000914,O10292,4-Negotiation,5-Closed Won,2025-09-13 00:00:00,U211
H000915,O10293,,2-Qualified,2024-11-29 00:00:00,U208
H000916,O10293,2-Qualified,3-Proposal,2024-12-29 00:00:00,U208
H000917,O10293,3-Proposal,4-Negotiation,2025-02-02 00:00:00,U208
H000918,O10293,4-Negotiation,5-Closed Won,2025-02-19 00:00:00,U208
H000919,O10294,,2-Qualified,2024-11-03 00:00:00,U220
H000920,O10294,2-Qualified,3-Proposal,2025-02-02 00:00:00,U220
H000921,O10294,3-Proposal,6-Closed Lost,2025-03-28 00:00:00,U220
H000922,O10296,,2-Qualified,2025-11-13 00:00:00,U210
H000923,O10296,2-Qualified,6-Closed Lost,2026-01-01 00:00:00,U210
H000924,O10297,,2-Qualified,2026-03-27 00:00:00,U203
H000925,O10297,2-Qualified,3-Proposal,2026-05-01 00:00:00,U203
H000926,O10297,3-Proposal,4-Negotiation,2026-05-24 00:00:00,U203
H000927,O10297,4-Negotiation,6-Closed Lost,2026-06-19 00:00:00,U203
H000928,O10298,,2-Qualified,2024-09-01 00:00:00,U204
H000929,O10298,2-Qualified,3-Proposal,2024-09-24 00:00:00,U204
H000930,O10298,3-Proposal,4-Negotiation,2024-10-22 00:00:00,U204
H000931,O10298,4-Negotiation,5-Closed Won,2024-11-08 00:00:00,U204
H000932,O10299,,2-Qualified,2024-10-26 00:00:00,U210
H000933,O10299,2-Qualified,6-Closed Lost,2024-11-18 00:00:00,U210
H000934,O10300,,2-Qualified,2026-07-12 00:00:00,U209
H000935,O10301,,2-Qualified,2024-10-25 00:00:00,U211
H000936,O10301,2-Qualified,3-Proposal,2024-11-16 00:00:00,U211
H000937,O10301,3-Proposal,6-Closed Lost,2024-12-21 00:00:00,U211
H000938,O10302,,2-Qualified,2025-08-22 00:00:00,U214
H000939,O10302,2-Qualified,3-Proposal,2025-09-02 00:00:00,U214
H000940,O10302,3-Proposal,4-Negotiation,2025-09-15 00:00:00,U214
H000941,O10302,4-Negotiation,5-Closed Won,2025-09-18 00:00:00,U214
H000942,O10303,,2-Qualified,2026-07-31 00:00:00,U214
H000943,O10304,,2-Qualified,2024-10-15 00:00:00,U206
H000944,O10304,2-Qualified,3-Proposal,2024-10-28 00:00:00,U206
H000945,O10304,3-Proposal,4-Negotiation,2024-11-12 00:00:00,U206
H000946,O10304,4-Negotiation,5-Closed Won,2024-11-19 00:00:00,U206
H000947,O10305,,2-Qualified,2024-10-25 00:00:00,U216
H000948,O10305,2-Qualified,6-Closed Lost,2024-11-28 00:00:00,U216
H000949,O10307,,2-Qualified,2026-01-04 00:00:00,U223
H000950,O10307,2-Qualified,3-Proposal,2026-01-23 00:00:00,U223
H000951,O10307,3-Proposal,4-Negotiation,2026-02-11 00:00:00,U223
H000952,O10307,4-Negotiation,5-Closed Won,2026-02-25 00:00:00,U223
H000953,O10308,,2-Qualified,2025-06-19 00:00:00,U201
H000954,O10308,2-Qualified,3-Proposal,2025-06-21 00:00:00,U201
H000955,O10308,3-Proposal,6-Closed Lost,2025-06-23 00:00:00,U201
H000956,O10309,,2-Qualified,2025-07-25 00:00:00,U220
H000957,O10309,2-Qualified,3-Proposal,2025-08-28 00:00:00,U220
H000958,O10309,3-Proposal,6-Closed Lost,2025-09-14 00:00:00,U220
H000959,O10311,,2-Qualified,2026-02-19 00:00:00,U210
H000960,O10311,2-Qualified,3-Proposal,2026-02-20 00:00:00,U210
H000961,O10311,3-Proposal,4-Negotiation,2026-02-21 00:00:00,U210
H000962,O10311,4-Negotiation,5-Closed Won,2026-02-23 00:00:00,U210
H000963,O10312,,2-Qualified,2025-04-03 00:00:00,U206
H000964,O10312,2-Qualified,3-Proposal,2025-05-18 00:00:00,U206
H000965,O10312,3-Proposal,4-Negotiation,2025-06-15 00:00:00,U206
H000966,O10312,4-Negotiation,5-Closed Won,2025-07-27 00:00:00,U206
H000967,O10313,,2-Qualified,2024-09-12 00:00:00,U208
H000968,O10313,2-Qualified,3-Proposal,2024-10-03 00:00:00,U208
H000969,O10313,3-Proposal,4-Negotiation,2024-10-30 00:00:00,U208
H000970,O10313,4-Negotiation,6-Closed Lost,2024-11-06 00:00:00,U208
H000971,O10314,,2-Qualified,2024-08-17 00:00:00,U214
H000972,O10314,2-Qualified,3-Proposal,2024-09-17 00:00:00,U214
H000973,O10314,3-Proposal,4-Negotiation,2024-10-22 00:00:00,U214
H000974,O10314,4-Negotiation,5-Closed Won,2024-10-30 00:00:00,U214
H000975,O10315,,2-Qualified,2024-10-20 00:00:00,U214
H000976,O10315,2-Qualified,3-Proposal,2024-11-09 00:00:00,U214
H000977,O10315,3-Proposal,4-Negotiation,2024-12-02 00:00:00,U214
H000978,O10315,4-Negotiation,6-Closed Lost,2024-12-18 00:00:00,U214
H000979,O10316,,2-Qualified,2025-11-27 00:00:00,U222
H000980,O10316,2-Qualified,3-Proposal,2025-12-14 00:00:00,U222
H000981,O10316,3-Proposal,4-Negotiation,2026-01-12 00:00:00,U222
H000982,O10316,4-Negotiation,6-Closed Lost,2026-02-02 00:00:00,U222
H000983,O10317,,2-Qualified,2025-05-05 00:00:00,U217
H000984,O10317,2-Qualified,3-Proposal,2025-05-31 00:00:00,U217
H000985,O10317,3-Proposal,4-Negotiation,2025-06-25 00:00:00,U217
H000986,O10317,4-Negotiation,5-Closed Won,2025-07-08 00:00:00,U217
H000987,O10318,,2-Qualified,2026-05-02 00:00:00,U213
H000988,O10318,2-Qualified,3-Proposal,2026-05-22 00:00:00,U213
H000989,O10318,3-Proposal,6-Closed Lost,2026-06-07 00:00:00,U213
H000990,O10319,,2-Qualified,2024-09-14 00:00:00,U215
H000991,O10319,2-Qualified,3-Proposal,2024-10-03 00:00:00,U215
H000992,O10319,3-Proposal,6-Closed Lost,2024-10-19 00:00:00,U215
H000993,O10320,,2-Qualified,2025-10-01 00:00:00,U219
H000994,O10320,2-Qualified,3-Proposal,2025-10-23 00:00:00,U219
H000995,O10320,3-Proposal,4-Negotiation,2025-11-29 00:00:00,U219
H000996,O10320,4-Negotiation,5-Closed Won,2025-12-24 00:00:00,U219
H000997,O10321,,2-Qualified,2026-03-07 00:00:00,U206
H000998,O10321,2-Qualified,6-Closed Lost,2026-04-10 00:00:00,U206
H000999,O10322,,2-Qualified,2025-02-27 00:00:00,U218
H001000,O10322,2-Qualified,3-Proposal,2025-03-02 00:00:00,U218
H001001,O10322,3-Proposal,4-Negotiation,2025-03-04 00:00:00,U218
H001002,O10322,4-Negotiation,5-Closed Won,2025-03-06 00:00:00,U218
H001003,O10323,,2-Qualified,2024-05-28 00:00:00,U209
H001004,O10323,2-Qualified,3-Proposal,2024-06-04 00:00:00,U209
H001005,O10323,3-Proposal,4-Negotiation,2024-06-11 00:00:00,U209
H001006,O10323,4-Negotiation,5-Closed Won,2024-06-19 00:00:00,U209
H001007,O10324,,2-Qualified,2024-12-01 00:00:00,U208
H001008,O10324,2-Qualified,3-Proposal,2024-12-27 00:00:00,U208
H001009,O10324,3-Proposal,4-Negotiation,2025-01-19 00:00:00,U208
H001010,O10324,4-Negotiation,5-Closed Won,2025-02-21 00:00:00,U208
H001011,O10325,,2-Qualified,2024-02-23 00:00:00,U203
H001012,O10325,2-Qualified,6-Closed Lost,2024-04-07 00:00:00,U203
H001013,O10326,,2-Qualified,2026-04-13 00:00:00,U214
H001014,O10326,2-Qualified,3-Proposal,2026-04-24 00:00:00,U214
H001015,O10326,3-Proposal,4-Negotiation,2026-05-04 00:00:00,U214
H001016,O10326,4-Negotiation,5-Closed Won,2026-05-18 00:00:00,U214
H001017,O10327,,2-Qualified,2024-06-25 00:00:00,U216
H001018,O10327,2-Qualified,3-Proposal,2024-07-08 00:00:00,U216
H001019,O10327,3-Proposal,6-Closed Lost,2024-07-13 00:00:00,U216
H001020,O10329,,2-Qualified,2025-01-21 00:00:00,U214
H001021,O10329,2-Qualified,3-Proposal,2025-02-07 00:00:00,U214
H001022,O10329,3-Proposal,4-Negotiation,2025-02-25 00:00:00,U214
H001023,O10329,4-Negotiation,5-Closed Won,2025-03-05 00:00:00,U214
H001024,O10330,,2-Qualified,2024-09-05 00:00:00,U202
H001025,O10330,2-Qualified,3-Proposal,2024-10-03 00:00:00,U202
H001026,O10330,3-Proposal,6-Closed Lost,2024-10-19 00:00:00,U202
H001027,O10331,,2-Qualified,2024-02-02 00:00:00,U220
H001028,O10331,2-Qualified,3-Proposal,2024-02-07 00:00:00,U220
H001029,O10331,3-Proposal,4-Negotiation,2024-02-11 00:00:00,U220
H001030,O10331,4-Negotiation,6-Closed Lost,2024-02-14 00:00:00,U220
H001031,O10333,,2-Qualified,2026-02-04 00:00:00,U212
H001032,O10333,2-Qualified,3-Proposal,2026-02-19 00:00:00,U212
H001033,O10333,3-Proposal,4-Negotiation,2026-03-08 00:00:00,U212
H001034,O10333,4-Negotiation,5-Closed Won,2026-03-29 00:00:00,U212
H001035,O10334,,2-Qualified,2024-07-12 00:00:00,U223
H001036,O10334,2-Qualified,3-Proposal,2024-07-18 00:00:00,U223
H001037,O10334,3-Proposal,4-Negotiation,2024-07-21 00:00:00,U223
H001038,O10334,4-Negotiation,5-Closed Won,2024-07-25 00:00:00,U223
H001039,O10335,,2-Qualified,2025-05-28 00:00:00,U201
H001040,O10335,2-Qualified,3-Proposal,2025-06-20 00:00:00,U201
H001041,O10335,3-Proposal,4-Negotiation,2025-07-29 00:00:00,U201
H001042,O10335,4-Negotiation,5-Closed Won,2025-09-03 00:00:00,U201
H001043,O10336,,2-Qualified,2025-08-17 00:00:00,U220
H001044,O10336,2-Qualified,3-Proposal,2025-08-26 00:00:00,U220
H001045,O10336,3-Proposal,4-Negotiation,2025-09-03 00:00:00,U220
H001046,O10336,4-Negotiation,5-Closed Won,2025-09-15 00:00:00,U220
H001047,O10337,,2-Qualified,2025-10-31 00:00:00,U206
H001048,O10337,2-Qualified,3-Proposal,2025-11-09 00:00:00,U206
H001049,O10337,3-Proposal,6-Closed Lost,2025-11-13 00:00:00,U206
H001050,O10338,,2-Qualified,2025-01-02 00:00:00,U217
H001051,O10338,2-Qualified,3-Proposal,2025-02-10 00:00:00,U217
H001052,O10338,3-Proposal,4-Negotiation,2025-03-19 00:00:00,U217
H001053,O10338,4-Negotiation,5-Closed Won,2025-04-12 00:00:00,U217
H001054,O10339,,2-Qualified,2025-06-05 00:00:00,U202
H001055,O10339,2-Qualified,3-Proposal,2025-06-30 00:00:00,U202
H001056,O10339,3-Proposal,4-Negotiation,2025-07-21 00:00:00,U202
H001057,O10339,4-Negotiation,5-Closed Won,2025-08-13 00:00:00,U202
H001058,O10340,,2-Qualified,2024-06-26 00:00:00,U201
H001059,O10340,2-Qualified,3-Proposal,2024-07-29 00:00:00,U201
H001060,O10340,3-Proposal,4-Negotiation,2024-08-16 00:00:00,U201
H001061,O10340,4-Negotiation,5-Closed Won,2024-09-09 00:00:00,U201
H001062,O10341,,2-Qualified,2024-06-14 00:00:00,U223
H001063,O10341,2-Qualified,6-Closed Lost,2024-07-09 00:00:00,U223
H001064,O10342,,2-Qualified,2024-11-25 00:00:00,U208
H001065,O10342,2-Qualified,3-Proposal,2024-12-12 00:00:00,U208
H001066,O10342,3-Proposal,4-Negotiation,2025-01-02 00:00:00,U208
H001067,O10342,4-Negotiation,6-Closed Lost,2025-01-30 00:00:00,U208
H001068,O10343,,2-Qualified,2024-12-30 00:00:00,U210
H001069,O10343,2-Qualified,3-Proposal,2024-12-31 00:00:00,U210
H001070,O10343,3-Proposal,4-Negotiation,2025-01-02 00:00:00,U210
H001071,O10343,4-Negotiation,5-Closed Won,2025-01-05 00:00:00,U210
H001072,O10344,,2-Qualified,2025-12-06 00:00:00,U214
H001073,O10344,2-Qualified,3-Proposal,2025-12-25 00:00:00,U214
H001074,O10344,3-Proposal,4-Negotiation,2026-01-14 00:00:00,U214
H001075,O10344,4-Negotiation,5-Closed Won,2026-02-07 00:00:00,U214
H001076,O10345,,2-Qualified,2024-12-29 00:00:00,U217
H001077,O10345,2-Qualified,6-Closed Lost,2025-01-17 00:00:00,U217
H001078,O10346,,2-Qualified,2025-02-25 00:00:00,U211
H001079,O10346,2-Qualified,3-Proposal,2025-03-05 00:00:00,U211
H001080,O10346,3-Proposal,4-Negotiation,2025-03-13 00:00:00,U211
H001081,O10346,4-Negotiation,6-Closed Lost,2025-03-23 00:00:00,U211
H001082,O10348,,2-Qualified,2025-06-26 00:00:00,U206
H001083,O10348,2-Qualified,3-Proposal,2025-06-28 00:00:00,U206
H001084,O10348,3-Proposal,4-Negotiation,2025-07-01 00:00:00,U206
H001085,O10348,4-Negotiation,5-Closed Won,2025-07-02 00:00:00,U206
H001086,O10349,,2-Qualified,2025-03-19 00:00:00,U222
H001087,O10349,2-Qualified,3-Proposal,2025-03-31 00:00:00,U222
H001088,O10349,3-Proposal,4-Negotiation,2025-04-10 00:00:00,U222
H001089,O10349,4-Negotiation,5-Closed Won,2025-04-29 00:00:00,U222
H001090,O10350,,2-Qualified,2024-07-18 00:00:00,U200
H001091,O10350,2-Qualified,3-Proposal,2024-07-24 00:00:00,U200
H001092,O10350,3-Proposal,4-Negotiation,2024-08-01 00:00:00,U200
H001093,O10350,4-Negotiation,5-Closed Won,2024-08-06 00:00:00,U200
H001094,O10351,,2-Qualified,2026-01-30 00:00:00,U217
H001095,O10351,2-Qualified,3-Proposal,2026-02-07 00:00:00,U217
H001096,O10351,3-Proposal,4-Negotiation,2026-02-16 00:00:00,U217
H001097,O10351,4-Negotiation,5-Closed Won,2026-02-25 00:00:00,U217
H001098,O10353,,2-Qualified,2024-12-31 00:00:00,U215
H001099,O10353,2-Qualified,6-Closed Lost,2025-01-03 00:00:00,U215
H001100,O10354,,2-Qualified,2024-02-03 00:00:00,U216
H001101,O10354,2-Qualified,3-Proposal,2024-02-27 00:00:00,U216
H001102,O10354,3-Proposal,4-Negotiation,2024-03-29 00:00:00,U216
H001103,O10354,4-Negotiation,5-Closed Won,2024-05-01 00:00:00,U216
H001104,O10355,,2-Qualified,2025-12-01 00:00:00,U217
H001105,O10355,2-Qualified,3-Proposal,2025-12-11 00:00:00,U217
H001106,O10355,3-Proposal,4-Negotiation,2025-12-19 00:00:00,U217
H001107,O10355,4-Negotiation,5-Closed Won,2025-12-31 00:00:00,U217
H001108,O10356,,2-Qualified,2024-02-07 00:00:00,U212
H001109,O10356,2-Qualified,3-Proposal,2024-02-28 00:00:00,U212
H001110,O10356,3-Proposal,4-Negotiation,2024-04-05 00:00:00,U212
H001111,O10356,4-Negotiation,6-Closed Lost,2024-05-12 00:00:00,U212
H001112,O10357,,2-Qualified,2025-09-26 00:00:00,U220
H001113,O10357,2-Qualified,3-Proposal,2025-11-11 00:00:00,U220
H001114,O10357,3-Proposal,4-Negotiation,2025-12-24 00:00:00,U220
H001115,O10357,4-Negotiation,6-Closed Lost,2026-01-25 00:00:00,U220
H001116,O10358,,2-Qualified,2024-12-16 00:00:00,U213
H001117,O10358,2-Qualified,3-Proposal,2024-12-26 00:00:00,U213
H001118,O10358,3-Proposal,4-Negotiation,2025-01-12 00:00:00,U213
H001119,O10358,4-Negotiation,5-Closed Won,2025-01-29 00:00:00,U213
H001120,O10359,,2-Qualified,2024-10-14 00:00:00,U206
H001121,O10359,2-Qualified,6-Closed Lost,2024-10-17 00:00:00,U206
H001122,O10360,,2-Qualified,2026-04-01 00:00:00,U222
H001123,O10360,2-Qualified,3-Proposal,2026-04-22 00:00:00,U222
H001124,O10360,3-Proposal,4-Negotiation,2026-05-26 00:00:00,U222
H001125,O10360,4-Negotiation,5-Closed Won,2026-06-15 00:00:00,U222
H001126,O10361,,2-Qualified,2024-05-06 00:00:00,U203
H001127,O10361,2-Qualified,3-Proposal,2024-06-02 00:00:00,U203
H001128,O10361,3-Proposal,4-Negotiation,2024-06-30 00:00:00,U203
H001129,O10361,4-Negotiation,5-Closed Won,2024-07-19 00:00:00,U203
H001130,O10362,,2-Qualified,2024-08-11 00:00:00,U223
H001131,O10362,2-Qualified,3-Proposal,2024-09-08 00:00:00,U223
H001132,O10362,3-Proposal,4-Negotiation,2024-10-28 00:00:00,U223
H001133,O10362,4-Negotiation,5-Closed Won,2024-11-29 00:00:00,U223
H001134,O10363,,2-Qualified,2025-10-08 00:00:00,U217
H001135,O10363,2-Qualified,3-Proposal,2025-10-29 00:00:00,U217
H001136,O10363,3-Proposal,4-Negotiation,2025-11-16 00:00:00,U217
H001137,O10363,4-Negotiation,5-Closed Won,2025-11-30 00:00:00,U217
H001138,O10364,,2-Qualified,2024-02-28 00:00:00,U207
H001139,O10364,2-Qualified,3-Proposal,2024-03-07 00:00:00,U207
H001140,O10364,3-Proposal,4-Negotiation,2024-03-19 00:00:00,U207
H001141,O10364,4-Negotiation,5-Closed Won,2024-03-27 00:00:00,U207
H001142,O10365,,2-Qualified,2026-01-21 00:00:00,U209
H001143,O10365,2-Qualified,3-Proposal,2026-01-24 00:00:00,U209
H001144,O10365,3-Proposal,4-Negotiation,2026-01-26 00:00:00,U209
H001145,O10365,4-Negotiation,5-Closed Won,2026-01-28 00:00:00,U209
H001146,O10366,,2-Qualified,2024-03-13 00:00:00,U216
H001147,O10366,2-Qualified,6-Closed Lost,2024-05-17 00:00:00,U216
H001148,O10367,,2-Qualified,2025-10-30 00:00:00,U200
H001149,O10367,2-Qualified,3-Proposal,2025-10-31 00:00:00,U200
H001150,O10367,3-Proposal,4-Negotiation,2025-11-02 00:00:00,U200
H001151,O10367,4-Negotiation,5-Closed Won,2025-11-03 00:00:00,U200
H001152,O10368,,2-Qualified,2024-05-04 00:00:00,U219
H001153,O10368,2-Qualified,3-Proposal,2024-06-11 00:00:00,U219
H001154,O10368,3-Proposal,4-Negotiation,2024-07-03 00:00:00,U219
H001155,O10368,4-Negotiation,5-Closed Won,2024-07-26 00:00:00,U219
H001156,O10369,,2-Qualified,2025-06-26 00:00:00,U214
H001157,O10369,2-Qualified,3-Proposal,2025-08-18 00:00:00,U214
H001158,O10369,3-Proposal,4-Negotiation,2025-09-28 00:00:00,U214
H001159,O10369,4-Negotiation,5-Closed Won,2025-10-24 00:00:00,U214
H001160,O10370,,2-Qualified,2026-09-10 00:00:00,U223
H001161,O10371,,2-Qualified,2024-01-29 00:00:00,U220
H001162,O10371,2-Qualified,3-Proposal,2024-02-03 00:00:00,U220
H001163,O10371,3-Proposal,4-Negotiation,2024-02-06 00:00:00,U220
H001164,O10371,4-Negotiation,5-Closed Won,2024-02-09 00:00:00,U220
H001165,O10372,,2-Qualified,2024-10-30 00:00:00,U207
H001166,O10372,2-Qualified,3-Proposal,2024-12-08 00:00:00,U207
H001167,O10372,3-Proposal,6-Closed Lost,2024-12-17 00:00:00,U207
H001168,O10373,,2-Qualified,2025-06-08 00:00:00,U211
H001169,O10373,2-Qualified,6-Closed Lost,2025-06-30 00:00:00,U211
H001170,O10375,,2-Qualified,2025-11-30 00:00:00,U210
H001171,O10375,2-Qualified,3-Proposal,2025-12-13 00:00:00,U210
H001172,O10375,3-Proposal,4-Negotiation,2025-12-24 00:00:00,U210
H001173,O10375,4-Negotiation,5-Closed Won,2025-12-28 00:00:00,U210
H001174,O10376,,2-Qualified,2026-03-31 00:00:00,U217
H001175,O10376,2-Qualified,3-Proposal,2026-04-09 00:00:00,U217
H001176,O10376,3-Proposal,4-Negotiation,2026-04-20 00:00:00,U217
H001177,O10376,4-Negotiation,5-Closed Won,2026-05-01 00:00:00,U217
H001178,O10377,,2-Qualified,2025-07-06 00:00:00,U206
H001179,O10377,2-Qualified,3-Proposal,2025-07-22 00:00:00,U206
H001180,O10377,3-Proposal,4-Negotiation,2025-08-13 00:00:00,U206
H001181,O10377,4-Negotiation,5-Closed Won,2025-09-07 00:00:00,U206
H001182,O10378,,2-Qualified,2024-05-01 00:00:00,U211
H001183,O10378,2-Qualified,3-Proposal,2024-05-04 00:00:00,U211
H001184,O10378,3-Proposal,4-Negotiation,2024-05-06 00:00:00,U211
H001185,O10378,4-Negotiation,5-Closed Won,2024-05-08 00:00:00,U211
H001186,O10380,,2-Qualified,2026-04-04 00:00:00,U215
H001187,O10380,2-Qualified,3-Proposal,2026-04-11 00:00:00,U215
H001188,O10380,3-Proposal,4-Negotiation,2026-04-19 00:00:00,U215
H001189,O10380,4-Negotiation,5-Closed Won,2026-04-27 00:00:00,U215
H001190,O10381,,2-Qualified,2025-09-04 00:00:00,U222
H001191,O10381,2-Qualified,3-Proposal,2025-09-16 00:00:00,U222
H001192,O10381,3-Proposal,4-Negotiation,2025-10-04 00:00:00,U222
H001193,O10381,4-Negotiation,6-Closed Lost,2025-10-21 00:00:00,U222
H001194,O10382,,2-Qualified,2024-10-11 00:00:00,U206
H001195,O10382,2-Qualified,3-Proposal,2024-11-01 00:00:00,U206
H001196,O10382,3-Proposal,4-Negotiation,2024-11-19 00:00:00,U206
H001197,O10382,4-Negotiation,5-Closed Won,2024-12-07 00:00:00,U206
H001198,O10384,,2-Qualified,2024-02-11 00:00:00,U219
H001199,O10384,2-Qualified,3-Proposal,2024-03-17 00:00:00,U219
H001200,O10384,3-Proposal,4-Negotiation,2024-05-03 00:00:00,U219
H001201,O10384,4-Negotiation,6-Closed Lost,2024-06-05 00:00:00,U219
H001202,O10385,,2-Qualified,2026-03-17 00:00:00,U216
H001203,O10385,2-Qualified,3-Proposal,2026-05-21 00:00:00,U216
H001204,O10385,3-Proposal,6-Closed Lost,2026-06-29 00:00:00,U216
H001205,O10386,,2-Qualified,2025-10-11 00:00:00,U209
H001206,O10386,2-Qualified,3-Proposal,2025-11-16 00:00:00,U209
H001207,O10386,3-Proposal,4-Negotiation,2025-12-21 00:00:00,U209
H001208,O10386,4-Negotiation,6-Closed Lost,2026-01-06 00:00:00,U209
H001209,O10387,,2-Qualified,2026-02-17 00:00:00,U213
H001210,O10387,2-Qualified,3-Proposal,2026-03-03 00:00:00,U213
H001211,O10387,3-Proposal,6-Closed Lost,2026-03-13 00:00:00,U213
H001212,O10388,,2-Qualified,2025-09-09 00:00:00,U209
H001213,O10388,2-Qualified,3-Proposal,2025-09-11 00:00:00,U209
H001214,O10388,3-Proposal,6-Closed Lost,2025-09-15 00:00:00,U209
H001215,O10389,,2-Qualified,2025-07-07 00:00:00,U207
H001216,O10389,2-Qualified,3-Proposal,2025-07-28 00:00:00,U207
H001217,O10389,3-Proposal,4-Negotiation,2025-08-19 00:00:00,U207
H001218,O10389,4-Negotiation,6-Closed Lost,2025-08-29 00:00:00,U207
H001219,O10390,,2-Qualified,2026-06-07 00:00:00,U202
H001220,O10390,2-Qualified,3-Proposal,2026-06-09 00:00:00,U202
H001221,O10390,3-Proposal,4-Negotiation,2026-06-11 00:00:00,U202
H001222,O10390,4-Negotiation,5-Closed Won,2026-06-14 00:00:00,U202
H001223,O10391,,2-Qualified,2026-07-03 00:00:00,U219
H001224,O10391,2-Qualified,3-Proposal,2026-08-31 00:00:00,U219
H001225,O10391,3-Proposal,4-Negotiation,2026-10-18 00:00:00,U219
H001226,O10392,,2-Qualified,2025-12-06 00:00:00,U221
H001227,O10392,2-Qualified,3-Proposal,2025-12-17 00:00:00,U221
H001228,O10392,3-Proposal,4-Negotiation,2025-12-26 00:00:00,U221
H001229,O10392,4-Negotiation,6-Closed Lost,2026-01-02 00:00:00,U221
H001230,O10393,,2-Qualified,2025-07-06 00:00:00,U204
H001231,O10393,2-Qualified,3-Proposal,2025-07-27 00:00:00,U204
H001232,O10393,3-Proposal,4-Negotiation,2025-08-26 00:00:00,U204
H001233,O10393,4-Negotiation,5-Closed Won,2025-09-27 00:00:00,U204
H001234,O10394,,2-Qualified,2025-02-24 00:00:00,U206
H001235,O10394,2-Qualified,3-Proposal,2025-03-08 00:00:00,U206
H001236,O10394,3-Proposal,6-Closed Lost,2025-03-17 00:00:00,U206
H001237,O10395,,2-Qualified,2026-01-14 00:00:00,U209
H001238,O10395,2-Qualified,3-Proposal,2026-01-25 00:00:00,U209
H001239,O10395,3-Proposal,4-Negotiation,2026-02-01 00:00:00,U209
H001240,O10395,4-Negotiation,6-Closed Lost,2026-02-11 00:00:00,U209
H001241,O10396,,2-Qualified,2024-02-06 00:00:00,U215
H001242,O10396,2-Qualified,3-Proposal,2024-02-24 00:00:00,U215
H001243,O10396,3-Proposal,4-Negotiation,2024-03-18 00:00:00,U215
H001244,O10396,4-Negotiation,5-Closed Won,2024-04-16 00:00:00,U215
H001245,O10397,,2-Qualified,2024-10-13 00:00:00,U206
H001246,O10397,2-Qualified,6-Closed Lost,2024-10-25 00:00:00,U206
H001247,O10398,,2-Qualified,2026-04-19 00:00:00,U205
H001248,O10398,2-Qualified,3-Proposal,2026-05-08 00:00:00,U205
H001249,O10398,3-Proposal,4-Negotiation,2026-05-24 00:00:00,U205
H001250,O10398,4-Negotiation,5-Closed Won,2026-06-03 00:00:00,U205
H001251,O10399,,2-Qualified,2024-10-24 00:00:00,U202
H001252,O10399,2-Qualified,3-Proposal,2024-10-25 00:00:00,U202
H001253,O10399,3-Proposal,4-Negotiation,2024-10-27 00:00:00,U202
H001254,O10399,4-Negotiation,5-Closed Won,2024-10-29 00:00:00,U202
H001255,O10400,,2-Qualified,2025-09-11 00:00:00,U207
H001256,O10400,2-Qualified,3-Proposal,2025-09-13 00:00:00,U207
H001257,O10400,3-Proposal,4-Negotiation,2025-09-16 00:00:00,U207
H001258,O10400,4-Negotiation,5-Closed Won,2025-09-18 00:00:00,U207
H001259,O10401,,2-Qualified,2026-06-12 00:00:00,U220
H001260,O10401,2-Qualified,3-Proposal,2026-08-11 00:00:00,U220
H001261,O10402,,2-Qualified,2026-03-06 00:00:00,U223
H001262,O10402,2-Qualified,3-Proposal,2026-03-10 00:00:00,U223
H001263,O10402,3-Proposal,4-Negotiation,2026-03-15 00:00:00,U223
H001264,O10402,4-Negotiation,6-Closed Lost,2026-03-24 00:00:00,U223
H001265,O10403,,2-Qualified,2024-04-25 00:00:00,U205
H001266,O10403,2-Qualified,6-Closed Lost,2024-06-19 00:00:00,U205
H001267,O10404,,2-Qualified,2025-10-27 00:00:00,U208
H001268,O10404,2-Qualified,3-Proposal,2025-12-02 00:00:00,U208
H001269,O10404,3-Proposal,6-Closed Lost,2026-01-28 00:00:00,U208
H001270,O10405,,2-Qualified,2025-10-30 00:00:00,U222
H001271,O10405,2-Qualified,3-Proposal,2025-12-07 00:00:00,U222
H001272,O10405,3-Proposal,4-Negotiation,2026-01-17 00:00:00,U222
H001273,O10405,4-Negotiation,6-Closed Lost,2026-03-01 00:00:00,U222
H001274,O10406,,2-Qualified,2025-10-22 00:00:00,U215
H001275,O10406,2-Qualified,3-Proposal,2025-11-12 00:00:00,U215
H001276,O10406,3-Proposal,4-Negotiation,2025-11-29 00:00:00,U215
H001277,O10406,4-Negotiation,5-Closed Won,2025-12-18 00:00:00,U215
H001278,O10407,,2-Qualified,2026-03-26 00:00:00,U223
H001279,O10407,2-Qualified,3-Proposal,2026-04-19 00:00:00,U223
H001280,O10407,3-Proposal,4-Negotiation,2026-05-14 00:00:00,U223
H001281,O10407,4-Negotiation,6-Closed Lost,2026-05-30 00:00:00,U223
H001282,O10408,,2-Qualified,2024-12-07 00:00:00,U204
H001283,O10408,2-Qualified,3-Proposal,2024-12-22 00:00:00,U204
H001284,O10408,3-Proposal,4-Negotiation,2025-01-15 00:00:00,U204
H001285,O10408,4-Negotiation,6-Closed Lost,2025-02-06 00:00:00,U204
H001286,O10409,,2-Qualified,2024-12-12 00:00:00,U209
H001287,O10409,2-Qualified,3-Proposal,2025-01-18 00:00:00,U209
H001288,O10409,3-Proposal,4-Negotiation,2025-03-10 00:00:00,U209
H001289,O10409,4-Negotiation,5-Closed Won,2025-04-13 00:00:00,U209
H001290,O10410,,2-Qualified,2024-09-02 00:00:00,U214
H001291,O10410,2-Qualified,3-Proposal,2024-09-15 00:00:00,U214
H001292,O10410,3-Proposal,6-Closed Lost,2024-09-26 00:00:00,U214
H001293,O10411,,2-Qualified,2025-02-07 00:00:00,U206
H001294,O10411,2-Qualified,3-Proposal,2025-02-08 00:00:00,U206
H001295,O10411,3-Proposal,4-Negotiation,2025-02-10 00:00:00,U206
H001296,O10411,4-Negotiation,6-Closed Lost,2025-02-11 00:00:00,U206
H001297,O10413,,2-Qualified,2026-01-10 00:00:00,U220
H001298,O10413,2-Qualified,3-Proposal,2026-01-13 00:00:00,U220
H001299,O10413,3-Proposal,6-Closed Lost,2026-01-16 00:00:00,U220
H001300,O10414,,2-Qualified,2026-04-29 00:00:00,U210
H001301,O10414,2-Qualified,3-Proposal,2026-05-01 00:00:00,U210
H001302,O10414,3-Proposal,4-Negotiation,2026-05-02 00:00:00,U210
H001303,O10414,4-Negotiation,5-Closed Won,2026-05-04 00:00:00,U210
H001304,O10415,,2-Qualified,2025-06-06 00:00:00,U203
H001305,O10415,2-Qualified,3-Proposal,2025-06-18 00:00:00,U203
H001306,O10415,3-Proposal,4-Negotiation,2025-06-28 00:00:00,U203
H001307,O10415,4-Negotiation,6-Closed Lost,2025-07-10 00:00:00,U203
H001308,O10416,,2-Qualified,2024-07-25 00:00:00,U219
H001309,O10416,2-Qualified,3-Proposal,2024-08-06 00:00:00,U219
H001310,O10416,3-Proposal,4-Negotiation,2024-08-20 00:00:00,U219
H001311,O10416,4-Negotiation,5-Closed Won,2024-09-06 00:00:00,U219
H001312,O10417,,2-Qualified,2024-05-02 00:00:00,U207
H001313,O10417,2-Qualified,3-Proposal,2024-05-29 00:00:00,U207
H001314,O10417,3-Proposal,4-Negotiation,2024-06-25 00:00:00,U207
H001315,O10417,4-Negotiation,6-Closed Lost,2024-07-14 00:00:00,U207
H001316,O10418,,2-Qualified,2025-07-08 00:00:00,U208
H001317,O10418,2-Qualified,3-Proposal,2025-07-20 00:00:00,U208
H001318,O10418,3-Proposal,6-Closed Lost,2025-07-30 00:00:00,U208
H001319,O10419,,2-Qualified,2025-08-07 00:00:00,U217
H001320,O10419,2-Qualified,3-Proposal,2025-08-25 00:00:00,U217
H001321,O10419,3-Proposal,4-Negotiation,2025-09-28 00:00:00,U217
H001322,O10419,4-Negotiation,5-Closed Won,2025-10-22 00:00:00,U217
H001323,O10420,,2-Qualified,2026-01-05 00:00:00,U220
H001324,O10420,2-Qualified,6-Closed Lost,2026-02-09 00:00:00,U220
H001325,O10421,,2-Qualified,2025-10-27 00:00:00,U222
H001326,O10421,2-Qualified,3-Proposal,2025-11-22 00:00:00,U222
H001327,O10421,3-Proposal,6-Closed Lost,2025-12-13 00:00:00,U222
H001328,O10422,,2-Qualified,2025-04-13 00:00:00,U217
H001329,O10422,2-Qualified,3-Proposal,2025-06-03 00:00:00,U217
H001330,O10422,3-Proposal,6-Closed Lost,2025-08-11 00:00:00,U217
H001331,O10423,,2-Qualified,2025-06-14 00:00:00,U220
H001332,O10423,2-Qualified,3-Proposal,2025-07-06 00:00:00,U220
H001333,O10423,3-Proposal,4-Negotiation,2025-08-06 00:00:00,U220
H001334,O10423,4-Negotiation,6-Closed Lost,2025-08-23 00:00:00,U220
H001335,O10426,,2-Qualified,2026-06-02 00:00:00,U206
H001336,O10426,2-Qualified,3-Proposal,2026-06-08 00:00:00,U206
H001337,O10426,3-Proposal,4-Negotiation,2026-06-13 00:00:00,U206
H001338,O10426,4-Negotiation,5-Closed Won,2026-06-21 00:00:00,U206
H001339,O10427,,2-Qualified,2025-02-18 00:00:00,U200
H001340,O10427,2-Qualified,3-Proposal,2025-02-25 00:00:00,U200
H001341,O10427,3-Proposal,4-Negotiation,2025-03-06 00:00:00,U200
H001342,O10427,4-Negotiation,6-Closed Lost,2025-03-13 00:00:00,U200
H001343,O10428,,2-Qualified,2026-02-21 00:00:00,U200
H001344,O10428,2-Qualified,3-Proposal,2026-03-08 00:00:00,U200
H001345,O10428,3-Proposal,4-Negotiation,2026-03-29 00:00:00,U200
H001346,O10428,4-Negotiation,5-Closed Won,2026-04-24 00:00:00,U200
H001347,O10429,,2-Qualified,2025-10-06 00:00:00,U211
H001348,O10429,2-Qualified,3-Proposal,2025-10-21 00:00:00,U211
H001349,O10429,3-Proposal,4-Negotiation,2025-11-08 00:00:00,U211
H001350,O10429,4-Negotiation,5-Closed Won,2025-11-22 00:00:00,U211
H001351,O10430,,2-Qualified,2024-10-05 00:00:00,U205
H001352,O10430,2-Qualified,3-Proposal,2024-11-30 00:00:00,U205
H001353,O10430,3-Proposal,6-Closed Lost,2024-12-16 00:00:00,U205
H001354,O10431,,2-Qualified,2024-04-15 00:00:00,U215
H001355,O10431,2-Qualified,3-Proposal,2024-05-02 00:00:00,U215
H001356,O10431,3-Proposal,4-Negotiation,2024-05-21 00:00:00,U215
H001357,O10431,4-Negotiation,5-Closed Won,2024-05-31 00:00:00,U215
H001358,O10432,,2-Qualified,2024-09-24 00:00:00,U212
H001359,O10432,2-Qualified,6-Closed Lost,2024-10-11 00:00:00,U212
H001360,O10433,,2-Qualified,2026-05-30 00:00:00,U207
H001361,O10433,2-Qualified,3-Proposal,2026-06-04 00:00:00,U207
H001362,O10433,3-Proposal,4-Negotiation,2026-06-08 00:00:00,U207
H001363,O10433,4-Negotiation,5-Closed Won,2026-06-14 00:00:00,U207
H001364,O10434,,2-Qualified,2024-10-19 00:00:00,U210
H001365,O10434,2-Qualified,3-Proposal,2024-11-11 00:00:00,U210
H001366,O10434,3-Proposal,4-Negotiation,2024-12-01 00:00:00,U210
H001367,O10434,4-Negotiation,5-Closed Won,2024-12-03 00:00:00,U210
H001368,O10435,,2-Qualified,2024-11-28 00:00:00,U208
H001369,O10435,2-Qualified,6-Closed Lost,2024-12-24 00:00:00,U208
H001370,O10436,,2-Qualified,2024-04-30 00:00:00,U209
H001371,O10436,2-Qualified,3-Proposal,2024-05-09 00:00:00,U209
H001372,O10436,3-Proposal,4-Negotiation,2024-05-20 00:00:00,U209
H001373,O10436,4-Negotiation,5-Closed Won,2024-06-02 00:00:00,U209
H001374,O10437,,2-Qualified,2024-02-22 00:00:00,U223
H001375,O10437,2-Qualified,3-Proposal,2024-04-27 00:00:00,U223
H001376,O10437,3-Proposal,4-Negotiation,2024-06-29 00:00:00,U223
H001377,O10437,4-Negotiation,6-Closed Lost,2024-08-26 00:00:00,U223
H001378,O10439,,2-Qualified,2025-01-17 00:00:00,U213
H001379,O10439,2-Qualified,3-Proposal,2025-02-24 00:00:00,U213
H001380,O10439,3-Proposal,6-Closed Lost,2025-03-10 00:00:00,U213
H001381,O10440,,2-Qualified,2025-12-24 00:00:00,U216
H001382,O10440,2-Qualified,3-Proposal,2026-02-14 00:00:00,U216
H001383,O10440,3-Proposal,4-Negotiation,2026-04-19 00:00:00,U216
H001384,O10440,4-Negotiation,5-Closed Won,2026-06-05 00:00:00,U216
H001385,O10441,,2-Qualified,2025-04-22 00:00:00,U211
H001386,O10441,2-Qualified,3-Proposal,2025-06-12 00:00:00,U211
H001387,O10441,3-Proposal,4-Negotiation,2025-07-19 00:00:00,U211
H001388,O10441,4-Negotiation,5-Closed Won,2025-09-07 00:00:00,U211
H001389,O10442,,2-Qualified,2025-06-25 00:00:00,U216
H001390,O10442,2-Qualified,3-Proposal,2025-06-28 00:00:00,U216
H001391,O10442,3-Proposal,4-Negotiation,2025-07-01 00:00:00,U216
H001392,O10442,4-Negotiation,5-Closed Won,2025-07-03 00:00:00,U216
H001393,O10443,,2-Qualified,2025-06-14 00:00:00,U200
H001394,O10443,2-Qualified,3-Proposal,2025-06-27 00:00:00,U200
H001395,O10443,3-Proposal,6-Closed Lost,2025-07-14 00:00:00,U200
H001396,O10444,,2-Qualified,2024-02-05 00:00:00,U210
H001397,O10444,2-Qualified,3-Proposal,2024-02-18 00:00:00,U210
H001398,O10444,3-Proposal,4-Negotiation,2024-03-02 00:00:00,U210
H001399,O10444,4-Negotiation,6-Closed Lost,2024-03-13 00:00:00,U210
H001400,O10445,,2-Qualified,2025-10-13 00:00:00,U209
H001401,O10445,2-Qualified,3-Proposal,2025-12-13 00:00:00,U209
H001402,O10445,3-Proposal,4-Negotiation,2026-01-31 00:00:00,U209
H001403,O10445,4-Negotiation,6-Closed Lost,2026-03-12 00:00:00,U209
H001404,O10446,,2-Qualified,2025-06-06 00:00:00,U209
H001405,O10446,2-Qualified,6-Closed Lost,2025-06-23 00:00:00,U209
H001406,O10447,,2-Qualified,2024-12-01 00:00:00,U217
H001407,O10447,2-Qualified,3-Proposal,2024-12-22 00:00:00,U217
H001408,O10447,3-Proposal,6-Closed Lost,2025-01-30 00:00:00,U217
H001409,O10448,,2-Qualified,2026-04-21 00:00:00,U213
H001410,O10448,2-Qualified,3-Proposal,2026-05-22 00:00:00,U213
H001411,O10448,3-Proposal,4-Negotiation,2026-06-17 00:00:00,U213
H001412,O10448,4-Negotiation,5-Closed Won,2026-06-27 00:00:00,U213
H001413,O10449,,2-Qualified,2024-01-27 00:00:00,U211
H001414,O10449,2-Qualified,3-Proposal,2024-01-29 00:00:00,U211
H001415,O10449,3-Proposal,4-Negotiation,2024-02-01 00:00:00,U211
H001416,O10449,4-Negotiation,6-Closed Lost,2024-02-04 00:00:00,U211
H001417,O10450,,2-Qualified,2025-02-05 00:00:00,U220
H001418,O10450,2-Qualified,6-Closed Lost,2025-03-01 00:00:00,U220
H001419,O10451,,2-Qualified,2026-03-13 00:00:00,U205
H001420,O10451,2-Qualified,3-Proposal,2026-04-01 00:00:00,U205
H001421,O10451,3-Proposal,4-Negotiation,2026-04-19 00:00:00,U205
H001422,O10451,4-Negotiation,5-Closed Won,2026-05-12 00:00:00,U205
H001423,O10452,,2-Qualified,2024-04-03 00:00:00,U211
H001424,O10452,2-Qualified,3-Proposal,2024-05-03 00:00:00,U211
H001425,O10452,3-Proposal,6-Closed Lost,2024-05-27 00:00:00,U211
H001426,O10453,,2-Qualified,2025-11-26 00:00:00,U212
H001427,O10453,2-Qualified,3-Proposal,2025-12-16 00:00:00,U212
H001428,O10453,3-Proposal,4-Negotiation,2026-01-08 00:00:00,U212
H001429,O10453,4-Negotiation,5-Closed Won,2026-01-27 00:00:00,U212
H001430,O10455,,2-Qualified,2025-10-15 00:00:00,U209
H001431,O10455,2-Qualified,3-Proposal,2025-10-20 00:00:00,U209
H001432,O10455,3-Proposal,4-Negotiation,2025-10-25 00:00:00,U209
H001433,O10455,4-Negotiation,6-Closed Lost,2025-10-30 00:00:00,U209
H001434,O10456,,2-Qualified,2025-07-09 00:00:00,U201
H001435,O10456,2-Qualified,3-Proposal,2025-07-15 00:00:00,U201
H001436,O10456,3-Proposal,4-Negotiation,2025-07-23 00:00:00,U201
H001437,O10456,4-Negotiation,5-Closed Won,2025-07-27 00:00:00,U201
H001438,O10457,,2-Qualified,2024-09-21 00:00:00,U217
H001439,O10457,2-Qualified,3-Proposal,2024-10-17 00:00:00,U217
H001440,O10457,3-Proposal,6-Closed Lost,2024-10-31 00:00:00,U217
H001441,O10458,,2-Qualified,2025-03-06 00:00:00,U214
H001442,O10458,2-Qualified,3-Proposal,2025-04-01 00:00:00,U214
H001443,O10458,3-Proposal,4-Negotiation,2025-05-11 00:00:00,U214
H001444,O10458,4-Negotiation,6-Closed Lost,2025-06-05 00:00:00,U214
H001445,O10459,,2-Qualified,2025-11-20 00:00:00,U214
H001446,O10459,2-Qualified,6-Closed Lost,2025-11-25 00:00:00,U214
H001447,O10460,,2-Qualified,2025-12-25 00:00:00,U206
H001448,O10460,2-Qualified,6-Closed Lost,2026-02-23 00:00:00,U206
H001449,O10461,,2-Qualified,2025-02-15 00:00:00,U215
H001450,O10461,2-Qualified,3-Proposal,2025-03-31 00:00:00,U215
H001451,O10461,3-Proposal,4-Negotiation,2025-05-25 00:00:00,U215
H001452,O10461,4-Negotiation,5-Closed Won,2025-06-07 00:00:00,U215
H001453,O10462,,2-Qualified,2024-12-07 00:00:00,U211
H001454,O10462,2-Qualified,3-Proposal,2024-12-16 00:00:00,U211
H001455,O10462,3-Proposal,4-Negotiation,2025-01-01 00:00:00,U211
H001456,O10462,4-Negotiation,6-Closed Lost,2025-01-10 00:00:00,U211
H001457,O10463,,2-Qualified,2024-06-09 00:00:00,U202
H001458,O10463,2-Qualified,6-Closed Lost,2024-07-13 00:00:00,U202
H001459,O10464,,2-Qualified,2025-03-03 00:00:00,U202
H001460,O10464,2-Qualified,3-Proposal,2025-03-11 00:00:00,U202
H001461,O10464,3-Proposal,6-Closed Lost,2025-03-17 00:00:00,U202
H001462,O10465,,2-Qualified,2025-07-11 00:00:00,U215
H001463,O10465,2-Qualified,3-Proposal,2025-07-28 00:00:00,U215
H001464,O10465,3-Proposal,4-Negotiation,2025-08-13 00:00:00,U215
H001465,O10465,4-Negotiation,6-Closed Lost,2025-08-19 00:00:00,U215
H001466,O10466,,2-Qualified,2024-11-30 00:00:00,U212
H001467,O10466,2-Qualified,3-Proposal,2024-12-21 00:00:00,U212
H001468,O10466,3-Proposal,4-Negotiation,2025-01-21 00:00:00,U212
H001469,O10466,4-Negotiation,5-Closed Won,2025-03-04 00:00:00,U212
H001470,O10467,,2-Qualified,2025-06-26 00:00:00,U206
H001471,O10467,2-Qualified,3-Proposal,2025-06-30 00:00:00,U206
H001472,O10467,3-Proposal,6-Closed Lost,2025-07-03 00:00:00,U206
H001473,O10468,,2-Qualified,2024-07-10 00:00:00,U210
H001474,O10468,2-Qualified,3-Proposal,2024-08-13 00:00:00,U210
H001475,O10468,3-Proposal,4-Negotiation,2024-09-12 00:00:00,U210
H001476,O10468,4-Negotiation,6-Closed Lost,2024-09-26 00:00:00,U210
H001477,O10469,,2-Qualified,2025-07-20 00:00:00,U209
H001478,O10469,2-Qualified,3-Proposal,2025-07-31 00:00:00,U209
H001479,O10469,3-Proposal,4-Negotiation,2025-08-12 00:00:00,U209
H001480,O10469,4-Negotiation,5-Closed Won,2025-08-23 00:00:00,U209
H001481,O10470,,2-Qualified,2025-09-27 00:00:00,U200
H001482,O10470,2-Qualified,3-Proposal,2025-10-15 00:00:00,U200
H001483,O10470,3-Proposal,4-Negotiation,2025-11-10 00:00:00,U200
H001484,O10470,4-Negotiation,6-Closed Lost,2025-12-06 00:00:00,U200
H001485,O10472,,2-Qualified,2026-02-04 00:00:00,U206
H001486,O10472,2-Qualified,3-Proposal,2026-03-01 00:00:00,U206
H001487,O10472,3-Proposal,4-Negotiation,2026-03-19 00:00:00,U206
H001488,O10472,4-Negotiation,6-Closed Lost,2026-04-18 00:00:00,U206
H001489,O10473,,2-Qualified,2026-04-23 00:00:00,U223
H001490,O10473,2-Qualified,6-Closed Lost,2026-06-14 00:00:00,U223
H001491,O10474,,2-Qualified,2026-06-11 00:00:00,U203
H001492,O10474,2-Qualified,6-Closed Lost,2026-06-21 00:00:00,U203
H001493,O10475,,2-Qualified,2024-04-03 00:00:00,U206
H001494,O10475,2-Qualified,3-Proposal,2024-04-15 00:00:00,U206
H001495,O10475,3-Proposal,4-Negotiation,2024-05-01 00:00:00,U206
H001496,O10475,4-Negotiation,5-Closed Won,2024-05-08 00:00:00,U206
H001497,O10476,,2-Qualified,2026-02-18 00:00:00,U209
H001498,O10476,2-Qualified,3-Proposal,2026-03-13 00:00:00,U209
H001499,O10476,3-Proposal,4-Negotiation,2026-04-05 00:00:00,U209
H001500,O10476,4-Negotiation,5-Closed Won,2026-04-10 00:00:00,U209
H001501,O10477,,2-Qualified,2025-05-18 00:00:00,U214
H001502,O10477,2-Qualified,3-Proposal,2025-05-21 00:00:00,U214
H001503,O10477,3-Proposal,4-Negotiation,2025-05-23 00:00:00,U214
H001504,O10477,4-Negotiation,6-Closed Lost,2025-05-27 00:00:00,U214
H001505,O10478,,2-Qualified,2025-02-02 00:00:00,U212
H001506,O10478,2-Qualified,3-Proposal,2025-02-08 00:00:00,U212
H001507,O10478,3-Proposal,4-Negotiation,2025-02-13 00:00:00,U212
H001508,O10478,4-Negotiation,5-Closed Won,2025-02-16 00:00:00,U212
H001509,O10479,,2-Qualified,2024-08-01 00:00:00,U207
H001510,O10479,2-Qualified,3-Proposal,2024-08-21 00:00:00,U207
H001511,O10479,3-Proposal,4-Negotiation,2024-09-05 00:00:00,U207
H001512,O10479,4-Negotiation,5-Closed Won,2024-09-20 00:00:00,U207
H001513,O10480,,2-Qualified,2024-05-07 00:00:00,U220
H001514,O10480,2-Qualified,3-Proposal,2024-06-22 00:00:00,U220
H001515,O10480,3-Proposal,4-Negotiation,2024-07-31 00:00:00,U220
H001516,O10480,4-Negotiation,5-Closed Won,2024-09-18 00:00:00,U220
H001517,O10481,,2-Qualified,2026-04-17 00:00:00,U215
H001518,O10481,2-Qualified,3-Proposal,2026-05-19 00:00:00,U215
H001519,O10481,3-Proposal,6-Closed Lost,2026-06-25 00:00:00,U215
H001520,O10482,,2-Qualified,2024-10-29 00:00:00,U201
H001521,O10482,2-Qualified,3-Proposal,2025-01-05 00:00:00,U201
H001522,O10482,3-Proposal,6-Closed Lost,2025-02-14 00:00:00,U201
H001523,O10483,,2-Qualified,2024-11-11 00:00:00,U219
H001524,O10483,2-Qualified,3-Proposal,2024-12-01 00:00:00,U219
H001525,O10483,3-Proposal,6-Closed Lost,2024-12-25 00:00:00,U219
H001526,O10485,,2-Qualified,2025-09-03 00:00:00,U217
H001527,O10485,2-Qualified,3-Proposal,2025-09-10 00:00:00,U217
H001528,O10485,3-Proposal,4-Negotiation,2025-09-14 00:00:00,U217
H001529,O10485,4-Negotiation,5-Closed Won,2025-09-20 00:00:00,U217
H001530,O10486,,2-Qualified,2025-05-10 00:00:00,U217
H001531,O10486,2-Qualified,6-Closed Lost,2025-07-02 00:00:00,U217
H001532,O10487,,2-Qualified,2026-03-02 00:00:00,U200
H001533,O10487,2-Qualified,3-Proposal,2026-03-25 00:00:00,U200
H001534,O10487,3-Proposal,4-Negotiation,2026-04-23 00:00:00,U200
H001535,O10487,4-Negotiation,5-Closed Won,2026-05-06 00:00:00,U200
H001536,O10488,,2-Qualified,2025-03-17 00:00:00,U212
H001537,O10488,2-Qualified,3-Proposal,2025-04-05 00:00:00,U212
H001538,O10488,3-Proposal,4-Negotiation,2025-04-17 00:00:00,U212
H001539,O10488,4-Negotiation,5-Closed Won,2025-04-30 00:00:00,U212
H001540,O10489,,2-Qualified,2025-07-21 00:00:00,U201
H001541,O10489,2-Qualified,6-Closed Lost,2025-09-26 00:00:00,U201
H001542,O10490,,2-Qualified,2026-03-17 00:00:00,U208
H001543,O10490,2-Qualified,3-Proposal,2026-03-25 00:00:00,U208
H001544,O10490,3-Proposal,4-Negotiation,2026-04-05 00:00:00,U208
H001545,O10490,4-Negotiation,5-Closed Won,2026-04-17 00:00:00,U208
H001546,O10491,,2-Qualified,2024-04-21 00:00:00,U211
H001547,O10491,2-Qualified,3-Proposal,2024-05-20 00:00:00,U211
H001548,O10491,3-Proposal,4-Negotiation,2024-06-09 00:00:00,U211
H001549,O10491,4-Negotiation,6-Closed Lost,2024-07-08 00:00:00,U211
H001550,O10492,,2-Qualified,2025-05-20 00:00:00,U200
H001551,O10492,2-Qualified,3-Proposal,2025-05-29 00:00:00,U200
H001552,O10492,3-Proposal,4-Negotiation,2025-06-04 00:00:00,U200
H001553,O10492,4-Negotiation,6-Closed Lost,2025-06-10 00:00:00,U200
H001554,O10493,,2-Qualified,2024-10-27 00:00:00,U223
H001555,O10493,2-Qualified,3-Proposal,2024-11-07 00:00:00,U223
H001556,O10493,3-Proposal,4-Negotiation,2024-11-24 00:00:00,U223
H001557,O10493,4-Negotiation,5-Closed Won,2024-12-03 00:00:00,U223
H001558,O10494,,2-Qualified,2024-05-17 00:00:00,U208
H001559,O10494,2-Qualified,3-Proposal,2024-06-12 00:00:00,U208
H001560,O10494,3-Proposal,6-Closed Lost,2024-06-29 00:00:00,U208
H001561,O10495,,2-Qualified,2025-01-24 00:00:00,U209
H001562,O10495,2-Qualified,6-Closed Lost,2025-03-20 00:00:00,U209
H001563,O10496,,2-Qualified,2024-11-12 00:00:00,U209
H001564,O10496,2-Qualified,3-Proposal,2024-11-16 00:00:00,U209
H001565,O10496,3-Proposal,6-Closed Lost,2024-11-19 00:00:00,U209
H001566,O10497,,2-Qualified,2025-03-05 00:00:00,U211
H001567,O10497,2-Qualified,3-Proposal,2025-03-07 00:00:00,U211
H001568,O10497,3-Proposal,6-Closed Lost,2025-03-09 00:00:00,U211
H001569,O10498,,2-Qualified,2024-12-05 00:00:00,U210
H001570,O10498,2-Qualified,3-Proposal,2024-12-22 00:00:00,U210
H001571,O10498,3-Proposal,4-Negotiation,2025-01-04 00:00:00,U210
H001572,O10498,4-Negotiation,5-Closed Won,2025-01-22 00:00:00,U210
H001573,O10499,,2-Qualified,2024-12-11 00:00:00,U206
H001574,O10499,2-Qualified,6-Closed Lost,2024-12-21 00:00:00,U206
H001575,O10500,,2-Qualified,2025-01-21 00:00:00,U214
H001576,O10500,2-Qualified,3-Proposal,2025-02-18 00:00:00,U214
H001577,O10500,3-Proposal,4-Negotiation,2025-03-27 00:00:00,U214
H001578,O10500,4-Negotiation,5-Closed Won,2025-04-13 00:00:00,U214
H001579,O10501,,2-Qualified,2025-07-02 00:00:00,U215
H001580,O10501,2-Qualified,3-Proposal,2025-08-09 00:00:00,U215
H001581,O10501,3-Proposal,4-Negotiation,2025-08-30 00:00:00,U215
H001582,O10501,4-Negotiation,5-Closed Won,2025-10-01 00:00:00,U215
H001583,O10502,,2-Qualified,2025-02-20 00:00:00,U201
H001584,O10502,2-Qualified,6-Closed Lost,2025-05-13 00:00:00,U201
H001585,O10503,,2-Qualified,2024-02-24 00:00:00,U217
H001586,O10503,2-Qualified,3-Proposal,2024-03-30 00:00:00,U217
H001587,O10503,3-Proposal,6-Closed Lost,2024-05-05 00:00:00,U217
H001588,O10504,,2-Qualified,2026-02-12 00:00:00,U216
H001589,O10504,2-Qualified,3-Proposal,2026-02-13 00:00:00,U216
H001590,O10504,3-Proposal,4-Negotiation,2026-02-14 00:00:00,U216
H001591,O10504,4-Negotiation,5-Closed Won,2026-02-15 00:00:00,U216
H001592,O10505,,2-Qualified,2025-05-19 00:00:00,U205
H001593,O10505,2-Qualified,3-Proposal,2025-05-30 00:00:00,U205
H001594,O10505,3-Proposal,4-Negotiation,2025-06-14 00:00:00,U205
H001595,O10505,4-Negotiation,5-Closed Won,2025-06-30 00:00:00,U205
H001596,O10506,,2-Qualified,2026-01-28 00:00:00,U203
H001597,O10506,2-Qualified,3-Proposal,2026-02-06 00:00:00,U203
H001598,O10506,3-Proposal,4-Negotiation,2026-02-16 00:00:00,U203
H001599,O10506,4-Negotiation,6-Closed Lost,2026-02-26 00:00:00,U203
H001600,O10507,,2-Qualified,2025-11-10 00:00:00,U208
H001601,O10507,2-Qualified,3-Proposal,2025-11-12 00:00:00,U208
H001602,O10507,3-Proposal,4-Negotiation,2025-11-14 00:00:00,U208
H001603,O10507,4-Negotiation,5-Closed Won,2025-11-16 00:00:00,U208
H001604,O10508,,2-Qualified,2025-05-25 00:00:00,U214
H001605,O10508,2-Qualified,6-Closed Lost,2025-06-25 00:00:00,U214
H001606,O10509,,2-Qualified,2025-07-18 00:00:00,U208
H001607,O10509,2-Qualified,3-Proposal,2025-07-28 00:00:00,U208
H001608,O10509,3-Proposal,6-Closed Lost,2025-08-11 00:00:00,U208
H001609,O10510,,2-Qualified,2026-08-03 00:00:00,U212
H001610,O10511,,2-Qualified,2024-10-07 00:00:00,U209
H001611,O10511,2-Qualified,3-Proposal,2024-10-31 00:00:00,U209
H001612,O10511,3-Proposal,4-Negotiation,2024-11-26 00:00:00,U209
H001613,O10511,4-Negotiation,6-Closed Lost,2024-12-17 00:00:00,U209
H001614,O10512,,2-Qualified,2026-01-18 00:00:00,U210
H001615,O10512,2-Qualified,6-Closed Lost,2026-04-05 00:00:00,U210
H001616,O10513,,2-Qualified,2024-03-03 00:00:00,U210
H001617,O10513,2-Qualified,3-Proposal,2024-03-21 00:00:00,U210
H001618,O10513,3-Proposal,4-Negotiation,2024-04-15 00:00:00,U210
H001619,O10513,4-Negotiation,6-Closed Lost,2024-04-26 00:00:00,U210
H001620,O10514,,2-Qualified,2024-11-06 00:00:00,U211
H001621,O10514,2-Qualified,6-Closed Lost,2024-12-09 00:00:00,U211
H001622,O10515,,2-Qualified,2025-10-08 00:00:00,U223
H001623,O10515,2-Qualified,3-Proposal,2025-11-14 00:00:00,U223
H001624,O10515,3-Proposal,4-Negotiation,2025-12-31 00:00:00,U223
H001625,O10515,4-Negotiation,6-Closed Lost,2026-02-06 00:00:00,U223
H001626,O10516,,2-Qualified,2026-08-04 00:00:00,U222
H001627,O10516,2-Qualified,3-Proposal,2026-09-27 00:00:00,U222
H001628,O10517,,2-Qualified,2026-03-03 00:00:00,U223
H001629,O10517,2-Qualified,3-Proposal,2026-03-04 00:00:00,U223
H001630,O10517,3-Proposal,4-Negotiation,2026-03-05 00:00:00,U223
H001631,O10517,4-Negotiation,5-Closed Won,2026-03-07 00:00:00,U223
H001632,O10518,,2-Qualified,2026-03-24 00:00:00,U201
H001633,O10518,2-Qualified,6-Closed Lost,2026-04-16 00:00:00,U201
H001634,O10519,,2-Qualified,2024-02-09 00:00:00,U207
H001635,O10519,2-Qualified,3-Proposal,2024-03-09 00:00:00,U207
H001636,O10519,3-Proposal,4-Negotiation,2024-03-26 00:00:00,U207
H001637,O10519,4-Negotiation,5-Closed Won,2024-04-13 00:00:00,U207
H001638,O10520,,2-Qualified,2025-11-21 00:00:00,U217
H001639,O10520,2-Qualified,3-Proposal,2025-12-19 00:00:00,U217
H001640,O10520,3-Proposal,4-Negotiation,2026-01-18 00:00:00,U217
H001641,O10520,4-Negotiation,5-Closed Won,2026-03-05 00:00:00,U217
H001642,O10522,,2-Qualified,2025-05-23 00:00:00,U218
H001643,O10522,2-Qualified,3-Proposal,2025-06-12 00:00:00,U218
H001644,O10522,3-Proposal,4-Negotiation,2025-07-02 00:00:00,U218
H001645,O10522,4-Negotiation,5-Closed Won,2025-07-23 00:00:00,U218
H001646,O10523,,2-Qualified,2026-01-20 00:00:00,U208
H001647,O10523,2-Qualified,3-Proposal,2026-02-24 00:00:00,U208
H001648,O10523,3-Proposal,4-Negotiation,2026-03-17 00:00:00,U208
H001649,O10523,4-Negotiation,5-Closed Won,2026-04-22 00:00:00,U208
H001650,O10524,,2-Qualified,2025-08-12 00:00:00,U202
H001651,O10524,2-Qualified,3-Proposal,2025-08-24 00:00:00,U202
H001652,O10524,3-Proposal,4-Negotiation,2025-09-06 00:00:00,U202
H001653,O10524,4-Negotiation,5-Closed Won,2025-09-17 00:00:00,U202
H001654,O10525,,2-Qualified,2025-08-27 00:00:00,U216
H001655,O10525,2-Qualified,3-Proposal,2025-09-15 00:00:00,U216
H001656,O10525,3-Proposal,4-Negotiation,2025-09-29 00:00:00,U216
H001657,O10525,4-Negotiation,5-Closed Won,2025-10-14 00:00:00,U216
H001658,O10526,,2-Qualified,2025-11-12 00:00:00,U203
H001659,O10526,2-Qualified,6-Closed Lost,2025-11-22 00:00:00,U203
H001660,O10527,,2-Qualified,2024-12-11 00:00:00,U223
H001661,O10527,2-Qualified,3-Proposal,2025-01-29 00:00:00,U223
H001662,O10527,3-Proposal,6-Closed Lost,2025-03-13 00:00:00,U223
H001663,O10528,,2-Qualified,2025-06-21 00:00:00,U217
H001664,O10528,2-Qualified,3-Proposal,2025-07-18 00:00:00,U217
H001665,O10528,3-Proposal,4-Negotiation,2025-08-22 00:00:00,U217
H001666,O10528,4-Negotiation,5-Closed Won,2025-10-16 00:00:00,U217
H001667,O10529,,2-Qualified,2024-03-21 00:00:00,U202
H001668,O10529,2-Qualified,3-Proposal,2024-03-23 00:00:00,U202
H001669,O10529,3-Proposal,4-Negotiation,2024-03-25 00:00:00,U202
H001670,O10529,4-Negotiation,5-Closed Won,2024-03-27 00:00:00,U202
H001671,O10530,,2-Qualified,2026-01-01 00:00:00,U217
H001672,O10530,2-Qualified,6-Closed Lost,2026-04-17 00:00:00,U217
H001673,O10531,,2-Qualified,2026-09-28 00:00:00,U203
H001674,O10532,,2-Qualified,2025-10-30 00:00:00,U209
H001675,O10532,2-Qualified,3-Proposal,2025-11-01 00:00:00,U209
H001676,O10532,3-Proposal,4-Negotiation,2025-11-02 00:00:00,U209
H001677,O10532,4-Negotiation,5-Closed Won,2025-11-03 00:00:00,U209
H001678,O10533,,2-Qualified,2025-07-02 00:00:00,U219
H001679,O10533,2-Qualified,3-Proposal,2025-07-17 00:00:00,U219
H001680,O10533,3-Proposal,4-Negotiation,2025-07-27 00:00:00,U219
H001681,O10533,4-Negotiation,6-Closed Lost,2025-08-15 00:00:00,U219
H001682,O10534,,2-Qualified,2026-01-21 00:00:00,U217
H001683,O10534,2-Qualified,3-Proposal,2026-01-28 00:00:00,U217
H001684,O10534,3-Proposal,4-Negotiation,2026-02-05 00:00:00,U217
H001685,O10534,4-Negotiation,5-Closed Won,2026-02-13 00:00:00,U217
H001686,O10535,,2-Qualified,2024-01-23 00:00:00,U200
H001687,O10535,2-Qualified,3-Proposal,2024-02-05 00:00:00,U200
H001688,O10535,3-Proposal,4-Negotiation,2024-02-15 00:00:00,U200
H001689,O10535,4-Negotiation,6-Closed Lost,2024-03-01 00:00:00,U200
H001690,O10536,,2-Qualified,2026-01-17 00:00:00,U206
H001691,O10536,2-Qualified,3-Proposal,2026-02-19 00:00:00,U206
H001692,O10536,3-Proposal,4-Negotiation,2026-03-13 00:00:00,U206
H001693,O10536,4-Negotiation,5-Closed Won,2026-04-10 00:00:00,U206
H001694,O10537,,2-Qualified,2026-02-25 00:00:00,U217
H001695,O10537,2-Qualified,3-Proposal,2026-03-17 00:00:00,U217
H001696,O10537,3-Proposal,4-Negotiation,2026-04-06 00:00:00,U217
H001697,O10537,4-Negotiation,6-Closed Lost,2026-04-09 00:00:00,U217
H001698,O10538,,2-Qualified,2025-07-07 00:00:00,U216
H001699,O10538,2-Qualified,3-Proposal,2025-07-11 00:00:00,U216
H001700,O10538,3-Proposal,4-Negotiation,2025-07-13 00:00:00,U216
H001701,O10538,4-Negotiation,5-Closed Won,2025-07-17 00:00:00,U216
H001702,O10539,,2-Qualified,2024-04-20 00:00:00,U214
H001703,O10539,2-Qualified,3-Proposal,2024-05-15 00:00:00,U214
H001704,O10539,3-Proposal,4-Negotiation,2024-06-05 00:00:00,U214
H001705,O10539,4-Negotiation,5-Closed Won,2024-06-20 00:00:00,U214
H001706,O10540,,2-Qualified,2024-06-19 00:00:00,U220
H001707,O10540,2-Qualified,3-Proposal,2024-06-26 00:00:00,U220
H001708,O10540,3-Proposal,4-Negotiation,2024-07-09 00:00:00,U220
H001709,O10540,4-Negotiation,5-Closed Won,2024-07-15 00:00:00,U220
H001710,O10541,,2-Qualified,2024-10-25 00:00:00,U211
H001711,O10541,2-Qualified,3-Proposal,2024-11-23 00:00:00,U211
H001712,O10541,3-Proposal,4-Negotiation,2024-12-30 00:00:00,U211
H001713,O10541,4-Negotiation,5-Closed Won,2025-02-10 00:00:00,U211
H001714,O10542,,2-Qualified,2026-11-11 00:00:00,U203
H001715,O10543,,2-Qualified,2025-07-15 00:00:00,U218
H001716,O10543,2-Qualified,3-Proposal,2025-07-16 00:00:00,U218
H001717,O10543,3-Proposal,4-Negotiation,2025-07-17 00:00:00,U218
H001718,O10543,4-Negotiation,5-Closed Won,2025-07-18 00:00:00,U218
H001719,O10544,,2-Qualified,2025-08-28 00:00:00,U211
H001720,O10544,2-Qualified,3-Proposal,2025-08-31 00:00:00,U211
H001721,O10544,3-Proposal,4-Negotiation,2025-09-03 00:00:00,U211
H001722,O10544,4-Negotiation,6-Closed Lost,2025-09-04 00:00:00,U211
H001723,O10545,,2-Qualified,2025-10-17 00:00:00,U200
H001724,O10545,2-Qualified,3-Proposal,2025-11-14 00:00:00,U200
H001725,O10545,3-Proposal,4-Negotiation,2025-12-12 00:00:00,U200
H001726,O10545,4-Negotiation,5-Closed Won,2026-01-03 00:00:00,U200
H001727,O10546,,2-Qualified,2024-09-20 00:00:00,U208
H001728,O10546,2-Qualified,3-Proposal,2024-10-27 00:00:00,U208
H001729,O10546,3-Proposal,6-Closed Lost,2024-12-23 00:00:00,U208
H001730,O10547,,2-Qualified,2025-09-25 00:00:00,U220
H001731,O10547,2-Qualified,3-Proposal,2025-09-28 00:00:00,U220
H001732,O10547,3-Proposal,6-Closed Lost,2025-09-30 00:00:00,U220
H001733,O10548,,2-Qualified,2024-11-20 00:00:00,U211
H001734,O10548,2-Qualified,3-Proposal,2024-12-13 00:00:00,U211
H001735,O10548,3-Proposal,4-Negotiation,2025-01-20 00:00:00,U211
H001736,O10548,4-Negotiation,5-Closed Won,2025-02-21 00:00:00,U211
H001737,O10549,,2-Qualified,2025-07-15 00:00:00,U211
H001738,O10549,2-Qualified,3-Proposal,2025-08-06 00:00:00,U211
H001739,O10549,3-Proposal,6-Closed Lost,2025-08-17 00:00:00,U211
H001740,O10550,,2-Qualified,2026-06-13 00:00:00,U203
H001741,O10550,2-Qualified,3-Proposal,2026-07-07 00:00:00,U203
H001742,O10550,3-Proposal,4-Negotiation,2026-07-18 00:00:00,U203
H001743,O10551,,2-Qualified,2025-02-07 00:00:00,U206
H001744,O10551,2-Qualified,3-Proposal,2025-02-09 00:00:00,U206
H001745,O10551,3-Proposal,4-Negotiation,2025-02-11 00:00:00,U206
H001746,O10551,4-Negotiation,5-Closed Won,2025-02-13 00:00:00,U206
H001747,O10552,,2-Qualified,2024-05-24 00:00:00,U205
H001748,O10552,2-Qualified,3-Proposal,2024-06-02 00:00:00,U205
H001749,O10552,3-Proposal,4-Negotiation,2024-06-14 00:00:00,U205
H001750,O10552,4-Negotiation,5-Closed Won,2024-06-21 00:00:00,U205
H001751,O10553,,2-Qualified,2024-08-16 00:00:00,U207
H001752,O10553,2-Qualified,3-Proposal,2024-09-29 00:00:00,U207
H001753,O10553,3-Proposal,4-Negotiation,2024-11-17 00:00:00,U207
H001754,O10553,4-Negotiation,5-Closed Won,2025-01-08 00:00:00,U207
H001755,O10555,,2-Qualified,2025-06-05 00:00:00,U217
H001756,O10555,2-Qualified,6-Closed Lost,2025-07-08 00:00:00,U217
H001757,O10556,,2-Qualified,2024-02-07 00:00:00,U214
H001758,O10556,2-Qualified,3-Proposal,2024-03-06 00:00:00,U214
H001759,O10556,3-Proposal,4-Negotiation,2024-04-07 00:00:00,U214
H001760,O10556,4-Negotiation,5-Closed Won,2024-05-01 00:00:00,U214
H001761,O10558,,2-Qualified,2025-10-14 00:00:00,U213
H001762,O10558,2-Qualified,3-Proposal,2025-11-02 00:00:00,U213
H001763,O10558,3-Proposal,6-Closed Lost,2025-11-16 00:00:00,U213
H001764,O10559,,2-Qualified,2025-04-03 00:00:00,U207
H001765,O10559,2-Qualified,6-Closed Lost,2025-06-21 00:00:00,U207
H001766,O10560,,2-Qualified,2025-09-22 00:00:00,U220
H001767,O10560,2-Qualified,6-Closed Lost,2025-10-28 00:00:00,U220
H001768,O10561,,2-Qualified,2024-12-10 00:00:00,U207
H001769,O10561,2-Qualified,3-Proposal,2025-01-23 00:00:00,U207
H001770,O10561,3-Proposal,4-Negotiation,2025-02-26 00:00:00,U207
H001771,O10561,4-Negotiation,5-Closed Won,2025-03-30 00:00:00,U207
H001772,O10562,,2-Qualified,2024-08-15 00:00:00,U210
H001773,O10562,2-Qualified,3-Proposal,2024-08-17 00:00:00,U210
H001774,O10562,3-Proposal,4-Negotiation,2024-08-18 00:00:00,U210
H001775,O10562,4-Negotiation,5-Closed Won,2024-08-19 00:00:00,U210
H001776,O10563,,2-Qualified,2025-07-10 00:00:00,U205
H001777,O10563,2-Qualified,3-Proposal,2025-08-11 00:00:00,U205
H001778,O10563,3-Proposal,4-Negotiation,2025-09-09 00:00:00,U205
H001779,O10563,4-Negotiation,5-Closed Won,2025-09-15 00:00:00,U205
H001780,O10564,,2-Qualified,2025-08-07 00:00:00,U214
H001781,O10564,2-Qualified,3-Proposal,2025-09-02 00:00:00,U214
H001782,O10564,3-Proposal,4-Negotiation,2025-10-14 00:00:00,U214
H001783,O10564,4-Negotiation,5-Closed Won,2025-11-12 00:00:00,U214
H001784,O10565,,2-Qualified,2024-09-10 00:00:00,U214
H001785,O10565,2-Qualified,3-Proposal,2024-11-02 00:00:00,U214
H001786,O10565,3-Proposal,4-Negotiation,2024-12-14 00:00:00,U214
H001787,O10565,4-Negotiation,6-Closed Lost,2025-02-06 00:00:00,U214
H001788,O10566,,2-Qualified,2025-03-01 00:00:00,U202
H001789,O10566,2-Qualified,3-Proposal,2025-03-25 00:00:00,U202
H001790,O10566,3-Proposal,6-Closed Lost,2025-05-05 00:00:00,U202
H001791,O10567,,2-Qualified,2025-11-27 00:00:00,U214
H001792,O10567,2-Qualified,3-Proposal,2025-11-29 00:00:00,U214
H001793,O10567,3-Proposal,4-Negotiation,2025-12-01 00:00:00,U214
H001794,O10567,4-Negotiation,5-Closed Won,2025-12-02 00:00:00,U214
H001795,O10568,,2-Qualified,2026-09-05 00:00:00,U207
H001796,O10569,,2-Qualified,2024-08-25 00:00:00,U217
H001797,O10569,2-Qualified,3-Proposal,2024-09-28 00:00:00,U217
H001798,O10569,3-Proposal,4-Negotiation,2024-10-28 00:00:00,U217
H001799,O10569,4-Negotiation,5-Closed Won,2024-12-01 00:00:00,U217
H001800,O10570,,2-Qualified,2025-07-19 00:00:00,U204
H001801,O10570,2-Qualified,3-Proposal,2025-08-25 00:00:00,U204
H001802,O10570,3-Proposal,4-Negotiation,2025-09-29 00:00:00,U204
H001803,O10570,4-Negotiation,5-Closed Won,2025-10-24 00:00:00,U204
H001804,O10572,,2-Qualified,2026-01-19 00:00:00,U219
H001805,O10572,2-Qualified,6-Closed Lost,2026-01-24 00:00:00,U219
H001806,O10573,,2-Qualified,2024-10-31 00:00:00,U211
H001807,O10573,2-Qualified,3-Proposal,2024-11-08 00:00:00,U211
H001808,O10573,3-Proposal,6-Closed Lost,2024-11-16 00:00:00,U211
H001809,O10574,,2-Qualified,2025-06-19 00:00:00,U211
H001810,O10574,2-Qualified,3-Proposal,2025-06-20 00:00:00,U211
H001811,O10574,3-Proposal,4-Negotiation,2025-06-21 00:00:00,U211
H001812,O10574,4-Negotiation,5-Closed Won,2025-06-22 00:00:00,U211
H001813,O10575,,2-Qualified,2024-04-08 00:00:00,U223
H001814,O10575,2-Qualified,3-Proposal,2024-06-09 00:00:00,U223
H001815,O10575,3-Proposal,6-Closed Lost,2024-07-29 00:00:00,U223
H001816,O10576,,2-Qualified,2024-10-09 00:00:00,U220
H001817,O10576,2-Qualified,3-Proposal,2024-11-03 00:00:00,U220
H001818,O10576,3-Proposal,4-Negotiation,2024-11-18 00:00:00,U220
H001819,O10576,4-Negotiation,5-Closed Won,2024-12-05 00:00:00,U220
H001820,O10577,,2-Qualified,2024-09-11 00:00:00,U223
H001821,O10577,2-Qualified,3-Proposal,2024-09-21 00:00:00,U223
H001822,O10577,3-Proposal,4-Negotiation,2024-10-03 00:00:00,U223
H001823,O10577,4-Negotiation,5-Closed Won,2024-10-26 00:00:00,U223
H001824,O10578,,2-Qualified,2024-05-06 00:00:00,U208
H001825,O10578,2-Qualified,3-Proposal,2024-06-05 00:00:00,U208
H001826,O10578,3-Proposal,4-Negotiation,2024-06-26 00:00:00,U208
H001827,O10578,4-Negotiation,5-Closed Won,2024-07-18 00:00:00,U208
H001828,O10579,,2-Qualified,2026-02-05 00:00:00,U210
H001829,O10579,2-Qualified,3-Proposal,2026-02-25 00:00:00,U210
H001830,O10579,3-Proposal,4-Negotiation,2026-03-16 00:00:00,U210
H001831,O10579,4-Negotiation,5-Closed Won,2026-03-28 00:00:00,U210
H001832,O10580,,2-Qualified,2025-06-12 00:00:00,U208
H001833,O10580,2-Qualified,3-Proposal,2025-07-22 00:00:00,U208
H001834,O10580,3-Proposal,4-Negotiation,2025-08-18 00:00:00,U208
H001835,O10580,4-Negotiation,5-Closed Won,2025-10-05 00:00:00,U208
H001836,O10581,,2-Qualified,2024-09-19 00:00:00,U218
H001837,O10581,2-Qualified,6-Closed Lost,2024-10-25 00:00:00,U218
H001838,O10582,,2-Qualified,2024-11-10 00:00:00,U223
H001839,O10582,2-Qualified,3-Proposal,2024-12-02 00:00:00,U223
H001840,O10582,3-Proposal,4-Negotiation,2024-12-27 00:00:00,U223
H001841,O10582,4-Negotiation,5-Closed Won,2025-01-15 00:00:00,U223
H001842,O10583,,2-Qualified,2025-09-18 00:00:00,U211
H001843,O10583,2-Qualified,3-Proposal,2025-09-27 00:00:00,U211
H001844,O10583,3-Proposal,4-Negotiation,2025-10-13 00:00:00,U211
H001845,O10583,4-Negotiation,5-Closed Won,2025-10-25 00:00:00,U211
H001846,O10584,,2-Qualified,2025-11-22 00:00:00,U211
H001847,O10584,2-Qualified,3-Proposal,2026-01-06 00:00:00,U211
H001848,O10584,3-Proposal,6-Closed Lost,2026-02-05 00:00:00,U211
H001849,O10585,,2-Qualified,2026-05-28 00:00:00,U222
H001850,O10585,2-Qualified,3-Proposal,2026-08-26 00:00:00,U222
H001851,O10586,,2-Qualified,2024-04-21 00:00:00,U210
H001852,O10586,2-Qualified,3-Proposal,2024-06-27 00:00:00,U210
H001853,O10586,3-Proposal,4-Negotiation,2024-08-13 00:00:00,U210
H001854,O10586,4-Negotiation,6-Closed Lost,2024-09-11 00:00:00,U210
H001855,O10587,,2-Qualified,2025-04-30 00:00:00,U216
H001856,O10587,2-Qualified,3-Proposal,2025-05-23 00:00:00,U216
H001857,O10587,3-Proposal,4-Negotiation,2025-06-08 00:00:00,U216
H001858,O10587,4-Negotiation,5-Closed Won,2025-06-15 00:00:00,U216
H001859,O10588,,2-Qualified,2025-03-21 00:00:00,U206
H001860,O10588,2-Qualified,3-Proposal,2025-04-08 00:00:00,U206
H001861,O10588,3-Proposal,4-Negotiation,2025-05-01 00:00:00,U206
H001862,O10588,4-Negotiation,5-Closed Won,2025-05-28 00:00:00,U206
H001863,O10590,,2-Qualified,2024-03-25 00:00:00,U207
H001864,O10590,2-Qualified,3-Proposal,2024-04-21 00:00:00,U207
H001865,O10590,3-Proposal,6-Closed Lost,2024-05-15 00:00:00,U207
H001866,O10591,,2-Qualified,2024-08-30 00:00:00,U207
H001867,O10591,2-Qualified,3-Proposal,2024-09-28 00:00:00,U207
H001868,O10591,3-Proposal,4-Negotiation,2024-10-24 00:00:00,U207
H001869,O10591,4-Negotiation,6-Closed Lost,2024-11-28 00:00:00,U207
H001870,O10592,,2-Qualified,2024-05-12 00:00:00,U215
H001871,O10592,2-Qualified,3-Proposal,2024-05-25 00:00:00,U215
H001872,O10592,3-Proposal,4-Negotiation,2024-06-12 00:00:00,U215
H001873,O10592,4-Negotiation,5-Closed Won,2024-06-24 00:00:00,U215
H001874,O10593,,2-Qualified,2026-03-02 00:00:00,U208
H001875,O10593,2-Qualified,6-Closed Lost,2026-05-27 00:00:00,U208
H001876,O10594,,2-Qualified,2024-12-09 00:00:00,U221
H001877,O10594,2-Qualified,3-Proposal,2024-12-27 00:00:00,U221
H001878,O10594,3-Proposal,6-Closed Lost,2025-01-17 00:00:00,U221
H001879,O10595,,2-Qualified,2026-04-21 00:00:00,U209
H001880,O10595,2-Qualified,6-Closed Lost,2026-05-11 00:00:00,U209
H001881,O10598,,2-Qualified,2024-01-20 00:00:00,U208
H001882,O10598,2-Qualified,3-Proposal,2024-02-06 00:00:00,U208
H001883,O10598,3-Proposal,4-Negotiation,2024-02-22 00:00:00,U208
H001884,O10598,4-Negotiation,5-Closed Won,2024-03-15 00:00:00,U208
H001885,O10599,,2-Qualified,2025-08-31 00:00:00,U220
H001886,O10599,2-Qualified,3-Proposal,2025-09-11 00:00:00,U220
H001887,O10599,3-Proposal,6-Closed Lost,2025-09-26 00:00:00,U220
H001888,O10600,,2-Qualified,2024-04-13 00:00:00,U203
H001889,O10600,2-Qualified,6-Closed Lost,2024-07-06 00:00:00,U203
H001890,O10601,,2-Qualified,2026-02-02 00:00:00,U204
H001891,O10601,2-Qualified,3-Proposal,2026-02-21 00:00:00,U204
H001892,O10601,3-Proposal,4-Negotiation,2026-03-26 00:00:00,U204
H001893,O10601,4-Negotiation,5-Closed Won,2026-04-30 00:00:00,U204
H001894,O10602,,2-Qualified,2026-02-06 00:00:00,U205
H001895,O10602,2-Qualified,3-Proposal,2026-02-28 00:00:00,U205
H001896,O10602,3-Proposal,6-Closed Lost,2026-03-14 00:00:00,U205
H001897,O10604,,2-Qualified,2025-09-05 00:00:00,U217
H001898,O10604,2-Qualified,3-Proposal,2025-09-17 00:00:00,U217
H001899,O10604,3-Proposal,4-Negotiation,2025-09-27 00:00:00,U217
H001900,O10604,4-Negotiation,5-Closed Won,2025-10-08 00:00:00,U217
H001901,O10605,,2-Qualified,2025-02-25 00:00:00,U214
H001902,O10605,2-Qualified,3-Proposal,2025-03-11 00:00:00,U214
H001903,O10605,3-Proposal,4-Negotiation,2025-03-29 00:00:00,U214
H001904,O10605,4-Negotiation,5-Closed Won,2025-04-20 00:00:00,U214
H001905,O10606,,2-Qualified,2025-06-09 00:00:00,U203
H001906,O10606,2-Qualified,3-Proposal,2025-06-12 00:00:00,U203
H001907,O10606,3-Proposal,6-Closed Lost,2025-06-16 00:00:00,U203
H001908,O10607,,2-Qualified,2024-11-23 00:00:00,U220
H001909,O10607,2-Qualified,3-Proposal,2025-01-10 00:00:00,U220
H001910,O10607,3-Proposal,6-Closed Lost,2025-02-08 00:00:00,U220
H001911,O10608,,2-Qualified,2025-07-23 00:00:00,U215
H001912,O10608,2-Qualified,3-Proposal,2025-08-13 00:00:00,U215
H001913,O10608,3-Proposal,4-Negotiation,2025-09-06 00:00:00,U215
H001914,O10608,4-Negotiation,5-Closed Won,2025-09-14 00:00:00,U215
H001915,O10609,,2-Qualified,2024-07-20 00:00:00,U206
H001916,O10609,2-Qualified,6-Closed Lost,2024-09-30 00:00:00,U206
H001917,O10610,,2-Qualified,2024-06-29 00:00:00,U219
H001918,O10610,2-Qualified,3-Proposal,2024-08-06 00:00:00,U219
H001919,O10610,3-Proposal,6-Closed Lost,2024-09-07 00:00:00,U219
H001920,O10611,,2-Qualified,2024-12-27 00:00:00,U216
H001921,O10611,2-Qualified,3-Proposal,2025-01-16 00:00:00,U216
H001922,O10611,3-Proposal,4-Negotiation,2025-01-28 00:00:00,U216
H001923,O10611,4-Negotiation,5-Closed Won,2025-02-12 00:00:00,U216
H001924,O10612,,2-Qualified,2024-08-15 00:00:00,U211
H001925,O10612,2-Qualified,6-Closed Lost,2024-08-18 00:00:00,U211
H001926,O10613,,2-Qualified,2024-06-27 00:00:00,U205
H001927,O10613,2-Qualified,6-Closed Lost,2024-09-10 00:00:00,U205
H001928,O10614,,2-Qualified,2025-03-14 00:00:00,U208
H001929,O10614,2-Qualified,3-Proposal,2025-03-17 00:00:00,U208
H001930,O10614,3-Proposal,4-Negotiation,2025-03-18 00:00:00,U208
H001931,O10614,4-Negotiation,5-Closed Won,2025-03-21 00:00:00,U208
H001932,O10615,,2-Qualified,2024-03-19 00:00:00,U206
H001933,O10615,2-Qualified,3-Proposal,2024-04-01 00:00:00,U206
H001934,O10615,3-Proposal,4-Negotiation,2024-04-23 00:00:00,U206
H001935,O10615,4-Negotiation,5-Closed Won,2024-05-10 00:00:00,U206
H001936,O10616,,2-Qualified,2024-08-31 00:00:00,U215
H001937,O10616,2-Qualified,3-Proposal,2024-09-17 00:00:00,U215
H001938,O10616,3-Proposal,6-Closed Lost,2024-09-27 00:00:00,U215
H001939,O10618,,2-Qualified,2024-06-30 00:00:00,U209
H001940,O10618,2-Qualified,3-Proposal,2024-08-11 00:00:00,U209
H001941,O10618,3-Proposal,6-Closed Lost,2024-09-09 00:00:00,U209
H001942,O10619,,2-Qualified,2025-05-22 00:00:00,U220
H001943,O10619,2-Qualified,3-Proposal,2025-06-07 00:00:00,U220
H001944,O10619,3-Proposal,4-Negotiation,2025-06-21 00:00:00,U220
H001945,O10619,4-Negotiation,5-Closed Won,2025-06-30 00:00:00,U220
H001946,O10621,,2-Qualified,2024-07-28 00:00:00,U205
H001947,O10621,2-Qualified,3-Proposal,2024-08-30 00:00:00,U205
H001948,O10621,3-Proposal,4-Negotiation,2024-10-02 00:00:00,U205
H001949,O10621,4-Negotiation,5-Closed Won,2024-10-04 00:00:00,U205
H001950,O10623,,2-Qualified,2024-11-19 00:00:00,U214
H001951,O10623,2-Qualified,6-Closed Lost,2024-11-23 00:00:00,U214
H001952,O10624,,2-Qualified,2025-03-20 00:00:00,U211
H001953,O10624,2-Qualified,6-Closed Lost,2025-04-10 00:00:00,U211
H001954,O10625,,2-Qualified,2025-10-15 00:00:00,U211
H001955,O10625,2-Qualified,3-Proposal,2025-10-17 00:00:00,U211
H001956,O10625,3-Proposal,4-Negotiation,2025-10-19 00:00:00,U211
H001957,O10625,4-Negotiation,6-Closed Lost,2025-10-21 00:00:00,U211
H001958,O10626,,2-Qualified,2025-10-04 00:00:00,U215
H001959,O10626,2-Qualified,3-Proposal,2025-10-16 00:00:00,U215
H001960,O10626,3-Proposal,4-Negotiation,2025-11-03 00:00:00,U215
H001961,O10626,4-Negotiation,5-Closed Won,2025-11-25 00:00:00,U215
H001962,O10627,,2-Qualified,2024-11-09 00:00:00,U221
H001963,O10627,2-Qualified,3-Proposal,2024-11-30 00:00:00,U221
H001964,O10627,3-Proposal,4-Negotiation,2024-12-16 00:00:00,U221
H001965,O10627,4-Negotiation,6-Closed Lost,2025-01-04 00:00:00,U221
H001966,O10628,,2-Qualified,2024-11-15 00:00:00,U212
H001967,O10628,2-Qualified,3-Proposal,2024-12-01 00:00:00,U212
H001968,O10628,3-Proposal,4-Negotiation,2024-12-13 00:00:00,U212
H001969,O10628,4-Negotiation,5-Closed Won,2025-01-02 00:00:00,U212
H001970,O10630,,2-Qualified,2024-07-24 00:00:00,U211
H001971,O10630,2-Qualified,3-Proposal,2024-08-06 00:00:00,U211
H001972,O10630,3-Proposal,4-Negotiation,2024-08-24 00:00:00,U211
H001973,O10630,4-Negotiation,5-Closed Won,2024-09-09 00:00:00,U211
H001974,O10631,,2-Qualified,2025-05-10 00:00:00,U212
H001975,O10631,2-Qualified,3-Proposal,2025-05-31 00:00:00,U212
H001976,O10631,3-Proposal,4-Negotiation,2025-06-10 00:00:00,U212
H001977,O10631,4-Negotiation,5-Closed Won,2025-06-23 00:00:00,U212
H001978,O10632,,2-Qualified,2024-09-05 00:00:00,U216
H001979,O10632,2-Qualified,3-Proposal,2024-09-07 00:00:00,U216
H001980,O10632,3-Proposal,4-Negotiation,2024-09-10 00:00:00,U216
H001981,O10632,4-Negotiation,5-Closed Won,2024-09-12 00:00:00,U216
H001982,O10633,,2-Qualified,2024-07-10 00:00:00,U202
H001983,O10633,2-Qualified,3-Proposal,2024-09-06 00:00:00,U202
H001984,O10633,3-Proposal,6-Closed Lost,2024-10-20 00:00:00,U202
H001985,O10635,,2-Qualified,2024-03-13 00:00:00,U206
H001986,O10635,2-Qualified,3-Proposal,2024-03-19 00:00:00,U206
H001987,O10635,3-Proposal,4-Negotiation,2024-03-31 00:00:00,U206
H001988,O10635,4-Negotiation,5-Closed Won,2024-04-13 00:00:00,U206
H001989,O10636,,2-Qualified,2026-10-01 00:00:00,U209
H001990,O10636,2-Qualified,3-Proposal,2026-11-27 00:00:00,U209
H001991,O10636,3-Proposal,2-Qualified,2026-12-14 00:00:00,U209
H001992,O10637,,2-Qualified,2025-11-11 00:00:00,U221
H001993,O10637,2-Qualified,6-Closed Lost,2026-01-10 00:00:00,U221
H001994,O10638,,2-Qualified,2025-08-25 00:00:00,U213
H001995,O10638,2-Qualified,3-Proposal,2025-10-18 00:00:00,U213
H001996,O10638,3-Proposal,6-Closed Lost,2025-11-26 00:00:00,U213
H001997,O10639,,2-Qualified,2025-06-04 00:00:00,U214
H001998,O10639,2-Qualified,6-Closed Lost,2025-07-14 00:00:00,U214
H001999,O10640,,2-Qualified,2024-05-29 00:00:00,U208
H002000,O10640,2-Qualified,3-Proposal,2024-06-29 00:00:00,U208
H002001,O10640,3-Proposal,4-Negotiation,2024-07-28 00:00:00,U208
H002002,O10640,4-Negotiation,5-Closed Won,2024-08-03 00:00:00,U208
H002003,O10641,,2-Qualified,2024-07-19 00:00:00,U208
H002004,O10641,2-Qualified,3-Proposal,2024-09-01 00:00:00,U208
H002005,O10641,3-Proposal,4-Negotiation,2024-10-13 00:00:00,U208
H002006,O10641,4-Negotiation,6-Closed Lost,2024-11-12 00:00:00,U208
H002007,O10642,,2-Qualified,2024-04-24 00:00:00,U222
H002008,O10642,2-Qualified,3-Proposal,2024-04-26 00:00:00,U222
H002009,O10642,3-Proposal,4-Negotiation,2024-04-28 00:00:00,U222
H002010,O10642,4-Negotiation,6-Closed Lost,2024-04-30 00:00:00,U222
H002011,O10643,,2-Qualified,2025-05-29 00:00:00,U216
H002012,O10643,2-Qualified,6-Closed Lost,2025-06-13 00:00:00,U216
H002013,O10644,,2-Qualified,2026-06-24 00:00:00,U221
H002014,O10644,2-Qualified,6-Closed Lost,2026-06-26 00:00:00,U221
H002015,O10645,,2-Qualified,2024-06-27 00:00:00,U206
H002016,O10645,2-Qualified,6-Closed Lost,2024-07-08 00:00:00,U206
H002017,O10646,,2-Qualified,2025-08-26 00:00:00,U220
H002018,O10646,2-Qualified,3-Proposal,2025-09-08 00:00:00,U220
H002019,O10646,3-Proposal,6-Closed Lost,2025-09-30 00:00:00,U220
H002020,O10648,,2-Qualified,2025-10-22 00:00:00,U217
H002021,O10648,2-Qualified,3-Proposal,2025-12-17 00:00:00,U217
H002022,O10648,3-Proposal,4-Negotiation,2026-01-27 00:00:00,U217
H002023,O10648,4-Negotiation,5-Closed Won,2026-04-04 00:00:00,U217
H002024,O10649,,2-Qualified,2024-04-14 00:00:00,U205
H002025,O10649,2-Qualified,3-Proposal,2024-05-14 00:00:00,U205
H002026,O10649,3-Proposal,4-Negotiation,2024-06-10 00:00:00,U205
H002027,O10649,4-Negotiation,5-Closed Won,2024-08-07 00:00:00,U205
H002028,O10650,,2-Qualified,2026-03-05 00:00:00,U203
H002029,O10650,2-Qualified,6-Closed Lost,2026-04-08 00:00:00,U203
H002030,O10651,,2-Qualified,2026-04-20 00:00:00,U211
H002031,O10651,2-Qualified,3-Proposal,2026-04-21 00:00:00,U211
H002032,O10651,3-Proposal,4-Negotiation,2026-04-22 00:00:00,U211
H002033,O10651,4-Negotiation,5-Closed Won,2026-04-23 00:00:00,U211
H002034,O10652,,2-Qualified,2024-03-03 00:00:00,U203
H002035,O10652,2-Qualified,3-Proposal,2024-03-14 00:00:00,U203
H002036,O10652,3-Proposal,4-Negotiation,2024-03-26 00:00:00,U203
H002037,O10652,4-Negotiation,6-Closed Lost,2024-04-09 00:00:00,U203
H002038,O10653,,2-Qualified,2025-11-27 00:00:00,U207
H002039,O10653,2-Qualified,3-Proposal,2025-12-31 00:00:00,U207
H002040,O10653,3-Proposal,4-Negotiation,2026-02-19 00:00:00,U207
H002041,O10653,4-Negotiation,5-Closed Won,2026-03-12 00:00:00,U207
H002042,O10654,,2-Qualified,2025-04-26 00:00:00,U217
H002043,O10654,2-Qualified,3-Proposal,2025-06-01 00:00:00,U217
H002044,O10654,3-Proposal,4-Negotiation,2025-06-23 00:00:00,U217
H002045,O10654,4-Negotiation,5-Closed Won,2025-07-16 00:00:00,U217
H002046,O10655,,2-Qualified,2026-06-29 00:00:00,U204
H002047,O10655,2-Qualified,3-Proposal,2026-07-13 00:00:00,U204
H002048,O10655,3-Proposal,4-Negotiation,2026-07-21 00:00:00,U204
H002049,O10655,4-Negotiation,3-Proposal,2026-07-29 00:00:00,U204
H002050,O10656,,2-Qualified,2024-08-07 00:00:00,U201
H002051,O10656,2-Qualified,3-Proposal,2024-08-14 00:00:00,U201
H002052,O10656,3-Proposal,4-Negotiation,2024-08-21 00:00:00,U201
H002053,O10656,4-Negotiation,5-Closed Won,2024-08-27 00:00:00,U201
H002054,O10657,,2-Qualified,2025-03-01 00:00:00,U223
H002055,O10657,2-Qualified,6-Closed Lost,2025-03-16 00:00:00,U223
H002056,O10658,,2-Qualified,2024-02-09 00:00:00,U207
H002057,O10658,2-Qualified,3-Proposal,2024-03-01 00:00:00,U207
H002058,O10658,3-Proposal,4-Negotiation,2024-03-28 00:00:00,U207
H002059,O10658,4-Negotiation,5-Closed Won,2024-04-09 00:00:00,U207
H002060,O10659,,2-Qualified,2024-03-23 00:00:00,U216
H002061,O10659,2-Qualified,3-Proposal,2024-04-07 00:00:00,U216
H002062,O10659,3-Proposal,4-Negotiation,2024-05-04 00:00:00,U216
H002063,O10659,4-Negotiation,5-Closed Won,2024-05-24 00:00:00,U216
H002064,O10660,,2-Qualified,2024-05-08 00:00:00,U209
H002065,O10660,2-Qualified,3-Proposal,2024-05-10 00:00:00,U209
H002066,O10660,3-Proposal,4-Negotiation,2024-05-11 00:00:00,U209
H002067,O10660,4-Negotiation,6-Closed Lost,2024-05-13 00:00:00,U209
H002068,O10661,,2-Qualified,2025-08-25 00:00:00,U209
H002069,O10661,2-Qualified,3-Proposal,2025-09-04 00:00:00,U209
H002070,O10661,3-Proposal,4-Negotiation,2025-09-15 00:00:00,U209
H002071,O10661,4-Negotiation,6-Closed Lost,2025-09-23 00:00:00,U209
H002072,O10663,,2-Qualified,2024-11-14 00:00:00,U209
H002073,O10663,2-Qualified,3-Proposal,2024-12-13 00:00:00,U209
H002074,O10663,3-Proposal,4-Negotiation,2025-01-13 00:00:00,U209
H002075,O10663,4-Negotiation,5-Closed Won,2025-02-05 00:00:00,U209
H002076,O10664,,2-Qualified,2025-07-03 00:00:00,U217
H002077,O10664,2-Qualified,3-Proposal,2025-08-03 00:00:00,U217
H002078,O10664,3-Proposal,4-Negotiation,2025-09-04 00:00:00,U217
H002079,O10664,4-Negotiation,6-Closed Lost,2025-10-03 00:00:00,U217
H002080,O10665,,2-Qualified,2025-09-19 00:00:00,U211
H002081,O10665,2-Qualified,3-Proposal,2025-09-21 00:00:00,U211
H002082,O10665,3-Proposal,4-Negotiation,2025-09-22 00:00:00,U211
H002083,O10665,4-Negotiation,5-Closed Won,2025-09-24 00:00:00,U211
H002084,O10666,,2-Qualified,2024-04-19 00:00:00,U201
H002085,O10666,2-Qualified,3-Proposal,2024-05-20 00:00:00,U201
H002086,O10666,3-Proposal,4-Negotiation,2024-06-16 00:00:00,U201
H002087,O10666,4-Negotiation,6-Closed Lost,2024-07-08 00:00:00,U201
H002088,O10667,,2-Qualified,2024-08-05 00:00:00,U220
H002089,O10667,2-Qualified,3-Proposal,2024-08-22 00:00:00,U220
H002090,O10667,3-Proposal,4-Negotiation,2024-09-11 00:00:00,U220
H002091,O10667,4-Negotiation,5-Closed Won,2024-09-25 00:00:00,U220
H002092,O10668,,2-Qualified,2026-04-23 00:00:00,U214
H002093,O10668,2-Qualified,6-Closed Lost,2026-05-23 00:00:00,U214
H002094,O10669,,2-Qualified,2025-11-18 00:00:00,U213
H002095,O10669,2-Qualified,3-Proposal,2025-12-11 00:00:00,U213
H002096,O10669,3-Proposal,4-Negotiation,2025-12-24 00:00:00,U213
H002097,O10669,4-Negotiation,5-Closed Won,2026-01-11 00:00:00,U213
H002098,O10670,,2-Qualified,2025-10-27 00:00:00,U203
H002099,O10670,2-Qualified,3-Proposal,2025-12-13 00:00:00,U203
H002100,O10670,3-Proposal,4-Negotiation,2026-02-04 00:00:00,U203
H002101,O10670,4-Negotiation,6-Closed Lost,2026-03-10 00:00:00,U203
H002102,O10671,,2-Qualified,2024-09-13 00:00:00,U205
H002103,O10671,2-Qualified,3-Proposal,2024-09-21 00:00:00,U205
H002104,O10671,3-Proposal,4-Negotiation,2024-10-03 00:00:00,U205
H002105,O10671,4-Negotiation,5-Closed Won,2024-10-08 00:00:00,U205
H002106,O10672,,2-Qualified,2025-03-07 00:00:00,U205
H002107,O10672,2-Qualified,6-Closed Lost,2025-05-30 00:00:00,U205
H002108,O10673,,2-Qualified,2024-09-02 00:00:00,U207
H002109,O10673,2-Qualified,3-Proposal,2024-10-12 00:00:00,U207
H002110,O10673,3-Proposal,4-Negotiation,2024-11-17 00:00:00,U207
H002111,O10673,4-Negotiation,5-Closed Won,2024-12-28 00:00:00,U207
H002112,O10674,,2-Qualified,2026-02-09 00:00:00,U217
H002113,O10674,2-Qualified,6-Closed Lost,2026-04-07 00:00:00,U217
H002114,O10675,,2-Qualified,2024-01-25 00:00:00,U210
H002115,O10675,2-Qualified,3-Proposal,2024-02-06 00:00:00,U210
H002116,O10675,3-Proposal,4-Negotiation,2024-02-15 00:00:00,U210
H002117,O10675,4-Negotiation,5-Closed Won,2024-02-21 00:00:00,U210
H002118,O10676,,2-Qualified,2025-03-06 00:00:00,U200
H002119,O10676,2-Qualified,6-Closed Lost,2025-03-24 00:00:00,U200
H002120,O10677,,2-Qualified,2026-07-28 00:00:00,U201
H002121,O10677,2-Qualified,3-Proposal,2026-08-20 00:00:00,U201
H002122,O10677,3-Proposal,4-Negotiation,2026-09-21 00:00:00,U201
H002123,O10678,,2-Qualified,2025-10-14 00:00:00,U203
H002124,O10678,2-Qualified,3-Proposal,2025-11-06 00:00:00,U203
H002125,O10678,3-Proposal,4-Negotiation,2025-12-05 00:00:00,U203
H002126,O10678,4-Negotiation,5-Closed Won,2025-12-27 00:00:00,U203
H002127,O10679,,2-Qualified,2026-03-11 00:00:00,U200
H002128,O10679,2-Qualified,3-Proposal,2026-03-25 00:00:00,U200
H002129,O10679,3-Proposal,6-Closed Lost,2026-04-03 00:00:00,U200
H002130,O10680,,2-Qualified,2025-08-27 00:00:00,U215
H002131,O10680,2-Qualified,3-Proposal,2025-09-07 00:00:00,U215
H002132,O10680,3-Proposal,4-Negotiation,2025-09-21 00:00:00,U215
H002133,O10680,4-Negotiation,5-Closed Won,2025-09-29 00:00:00,U215
H002134,O10681,,2-Qualified,2026-06-08 00:00:00,U206
H002135,O10681,2-Qualified,3-Proposal,2026-07-24 00:00:00,U206
H002136,O10682,,2-Qualified,2025-07-30 00:00:00,U210
H002137,O10682,2-Qualified,6-Closed Lost,2025-11-24 00:00:00,U210
H002138,O10683,,2-Qualified,2025-08-28 00:00:00,U217
H002139,O10683,2-Qualified,3-Proposal,2025-09-27 00:00:00,U217
H002140,O10683,3-Proposal,4-Negotiation,2025-10-28 00:00:00,U217
H002141,O10683,4-Negotiation,5-Closed Won,2025-12-07 00:00:00,U217
H002142,O10684,,2-Qualified,2026-03-10 00:00:00,U223
H002143,O10684,2-Qualified,6-Closed Lost,2026-05-05 00:00:00,U223
H002144,O10686,,2-Qualified,2025-07-04 00:00:00,U218
H002145,O10686,2-Qualified,3-Proposal,2025-08-18 00:00:00,U218
H002146,O10686,3-Proposal,6-Closed Lost,2025-09-17 00:00:00,U218
H002147,O10687,,2-Qualified,2025-01-11 00:00:00,U223
H002148,O10687,2-Qualified,3-Proposal,2025-02-11 00:00:00,U223
H002149,O10687,3-Proposal,4-Negotiation,2025-03-22 00:00:00,U223
H002150,O10687,4-Negotiation,5-Closed Won,2025-04-22 00:00:00,U223
H002151,O10688,,2-Qualified,2025-04-02 00:00:00,U207
H002152,O10688,2-Qualified,3-Proposal,2025-04-15 00:00:00,U207
H002153,O10688,3-Proposal,4-Negotiation,2025-04-27 00:00:00,U207
H002154,O10688,4-Negotiation,5-Closed Won,2025-05-02 00:00:00,U207
H002155,O10689,,2-Qualified,2025-11-03 00:00:00,U223
H002156,O10689,2-Qualified,3-Proposal,2025-11-29 00:00:00,U223
H002157,O10689,3-Proposal,4-Negotiation,2025-12-19 00:00:00,U223
H002158,O10689,4-Negotiation,5-Closed Won,2026-01-16 00:00:00,U223
H002159,O10691,,2-Qualified,2024-11-01 00:00:00,U208
H002160,O10691,2-Qualified,3-Proposal,2024-11-17 00:00:00,U208
H002161,O10691,3-Proposal,4-Negotiation,2024-12-13 00:00:00,U208
H002162,O10691,4-Negotiation,5-Closed Won,2025-01-02 00:00:00,U208
H002163,O10692,,2-Qualified,2025-03-15 00:00:00,U213
H002164,O10692,2-Qualified,3-Proposal,2025-04-29 00:00:00,U213
H002165,O10692,3-Proposal,6-Closed Lost,2025-05-28 00:00:00,U213
H002166,O10693,,2-Qualified,2025-12-29 00:00:00,U223
H002167,O10693,2-Qualified,6-Closed Lost,2026-01-18 00:00:00,U223
H002168,O10694,,2-Qualified,2024-03-03 00:00:00,U215
H002169,O10694,2-Qualified,3-Proposal,2024-03-18 00:00:00,U215
H002170,O10694,3-Proposal,6-Closed Lost,2024-03-25 00:00:00,U215
H002171,O10695,,2-Qualified,2025-06-13 00:00:00,U206
H002172,O10695,2-Qualified,3-Proposal,2025-06-14 00:00:00,U206
H002173,O10695,3-Proposal,4-Negotiation,2025-06-17 00:00:00,U206
H002174,O10695,4-Negotiation,5-Closed Won,2025-06-18 00:00:00,U206
H002175,O10696,,2-Qualified,2024-02-07 00:00:00,U210
H002176,O10696,2-Qualified,3-Proposal,2024-02-26 00:00:00,U210
H002177,O10696,3-Proposal,6-Closed Lost,2024-03-15 00:00:00,U210
H002178,O10698,,2-Qualified,2024-05-31 00:00:00,U215
H002179,O10698,2-Qualified,3-Proposal,2024-06-07 00:00:00,U215
H002180,O10698,3-Proposal,4-Negotiation,2024-06-12 00:00:00,U215
H002181,O10698,4-Negotiation,5-Closed Won,2024-06-19 00:00:00,U215
H002182,O10699,,2-Qualified,2025-12-09 00:00:00,U211
H002183,O10699,2-Qualified,3-Proposal,2026-01-02 00:00:00,U211
H002184,O10699,3-Proposal,4-Negotiation,2026-01-16 00:00:00,U211
H002185,O10699,4-Negotiation,5-Closed Won,2026-01-28 00:00:00,U211
H002186,O10700,,2-Qualified,2024-12-14 00:00:00,U223
H002187,O10700,2-Qualified,3-Proposal,2025-01-11 00:00:00,U223
H002188,O10700,3-Proposal,4-Negotiation,2025-01-30 00:00:00,U223
H002189,O10700,4-Negotiation,5-Closed Won,2025-02-23 00:00:00,U223
H002190,O10701,,2-Qualified,2024-08-11 00:00:00,U205
H002191,O10701,2-Qualified,3-Proposal,2024-08-12 00:00:00,U205
H002192,O10701,3-Proposal,4-Negotiation,2024-08-13 00:00:00,U205
H002193,O10701,4-Negotiation,5-Closed Won,2024-08-16 00:00:00,U205
H002194,O10702,,2-Qualified,2025-10-13 00:00:00,U222
H002195,O10702,2-Qualified,3-Proposal,2025-11-07 00:00:00,U222
H002196,O10702,3-Proposal,4-Negotiation,2025-12-16 00:00:00,U222
H002197,O10702,4-Negotiation,5-Closed Won,2026-01-21 00:00:00,U222
H002198,O10703,,2-Qualified,2024-04-27 00:00:00,U201
H002199,O10703,2-Qualified,3-Proposal,2024-05-10 00:00:00,U201
H002200,O10703,3-Proposal,4-Negotiation,2024-06-01 00:00:00,U201
H002201,O10703,4-Negotiation,5-Closed Won,2024-06-15 00:00:00,U201
H002202,O10705,,2-Qualified,2024-12-15 00:00:00,U205
H002203,O10705,2-Qualified,3-Proposal,2025-01-26 00:00:00,U205
H002204,O10705,3-Proposal,4-Negotiation,2025-02-24 00:00:00,U205
H002205,O10705,4-Negotiation,6-Closed Lost,2025-04-02 00:00:00,U205
H002206,O10706,,2-Qualified,2024-10-23 00:00:00,U203
H002207,O10706,2-Qualified,6-Closed Lost,2024-12-28 00:00:00,U203
H002208,O10708,,2-Qualified,2025-04-04 00:00:00,U204
H002209,O10708,2-Qualified,3-Proposal,2025-05-05 00:00:00,U204
H002210,O10708,3-Proposal,6-Closed Lost,2025-05-28 00:00:00,U204
H002211,O10709,,2-Qualified,2024-11-08 00:00:00,U208
H002212,O10709,2-Qualified,3-Proposal,2024-11-10 00:00:00,U208
H002213,O10709,3-Proposal,4-Negotiation,2024-11-12 00:00:00,U208
H002214,O10709,4-Negotiation,5-Closed Won,2024-11-14 00:00:00,U208
H002215,O10710,,2-Qualified,2024-09-25 00:00:00,U209
H002216,O10710,2-Qualified,3-Proposal,2024-10-03 00:00:00,U209
H002217,O10710,3-Proposal,6-Closed Lost,2024-10-13 00:00:00,U209
H002218,O10711,,2-Qualified,2024-12-02 00:00:00,U206
H002219,O10711,2-Qualified,3-Proposal,2024-12-05 00:00:00,U206
H002220,O10711,3-Proposal,4-Negotiation,2024-12-09 00:00:00,U206
H002221,O10711,4-Negotiation,5-Closed Won,2024-12-12 00:00:00,U206
H002222,O10712,,2-Qualified,2024-07-01 00:00:00,U219
H002223,O10712,2-Qualified,6-Closed Lost,2024-08-08 00:00:00,U219
H002224,O10713,,2-Qualified,2024-02-28 00:00:00,U203
H002225,O10713,2-Qualified,3-Proposal,2024-03-01 00:00:00,U203
H002226,O10713,3-Proposal,4-Negotiation,2024-03-03 00:00:00,U203
H002227,O10713,4-Negotiation,5-Closed Won,2024-03-05 00:00:00,U203
H002228,O10714,,2-Qualified,2024-02-21 00:00:00,U223
H002229,O10714,2-Qualified,3-Proposal,2024-03-05 00:00:00,U223
H002230,O10714,3-Proposal,4-Negotiation,2024-03-19 00:00:00,U223
H002231,O10714,4-Negotiation,5-Closed Won,2024-04-17 00:00:00,U223
H002232,O10715,,2-Qualified,2026-07-16 00:00:00,U223
H002233,O10715,2-Qualified,3-Proposal,2026-10-07 00:00:00,U223
H002234,O10716,,2-Qualified,2024-06-05 00:00:00,U212
H002235,O10716,2-Qualified,6-Closed Lost,2024-06-22 00:00:00,U212
H002236,O10718,,2-Qualified,2025-06-09 00:00:00,U217
H002237,O10718,2-Qualified,3-Proposal,2025-07-14 00:00:00,U217
H002238,O10718,3-Proposal,4-Negotiation,2025-08-06 00:00:00,U217
H002239,O10718,4-Negotiation,6-Closed Lost,2025-08-30 00:00:00,U217
H002240,O10719,,2-Qualified,2025-09-20 00:00:00,U219
H002241,O10719,2-Qualified,3-Proposal,2025-10-09 00:00:00,U219
H002242,O10719,3-Proposal,4-Negotiation,2025-10-26 00:00:00,U219
H002243,O10719,4-Negotiation,6-Closed Lost,2025-11-07 00:00:00,U219
H002244,O10721,,2-Qualified,2026-07-01 00:00:00,U200
H002245,O10722,,2-Qualified,2025-01-27 00:00:00,U223
H002246,O10722,2-Qualified,3-Proposal,2025-02-08 00:00:00,U223
H002247,O10722,3-Proposal,4-Negotiation,2025-02-17 00:00:00,U223
H002248,O10722,4-Negotiation,5-Closed Won,2025-03-02 00:00:00,U223
H002249,O10723,,2-Qualified,2024-03-29 00:00:00,U217
H002250,O10723,2-Qualified,3-Proposal,2024-04-04 00:00:00,U217
H002251,O10723,3-Proposal,4-Negotiation,2024-04-07 00:00:00,U217
H002252,O10723,4-Negotiation,6-Closed Lost,2024-04-11 00:00:00,U217
H002253,O10724,,2-Qualified,2025-01-12 00:00:00,U218
H002254,O10724,2-Qualified,6-Closed Lost,2025-03-06 00:00:00,U218
H002255,O10725,,2-Qualified,2024-02-23 00:00:00,U220
H002256,O10725,2-Qualified,3-Proposal,2024-03-09 00:00:00,U220
H002257,O10725,3-Proposal,6-Closed Lost,2024-03-28 00:00:00,U220
H002258,O10726,,2-Qualified,2024-04-06 00:00:00,U218
H002259,O10726,2-Qualified,6-Closed Lost,2024-05-30 00:00:00,U218
H002260,O10728,,2-Qualified,2025-07-13 00:00:00,U211
H002261,O10728,2-Qualified,3-Proposal,2025-07-15 00:00:00,U211
H002262,O10728,3-Proposal,4-Negotiation,2025-07-17 00:00:00,U211
H002263,O10728,4-Negotiation,5-Closed Won,2025-07-18 00:00:00,U211
H002264,O10730,,2-Qualified,2025-06-09 00:00:00,U204
H002265,O10730,2-Qualified,3-Proposal,2025-07-26 00:00:00,U204
H002266,O10730,3-Proposal,4-Negotiation,2025-09-10 00:00:00,U204
H002267,O10730,4-Negotiation,5-Closed Won,2025-09-30 00:00:00,U204
H002268,O10731,,2-Qualified,2025-08-14 00:00:00,U202
H002269,O10731,2-Qualified,3-Proposal,2025-08-29 00:00:00,U202
H002270,O10731,3-Proposal,4-Negotiation,2025-09-12 00:00:00,U202
H002271,O10731,4-Negotiation,6-Closed Lost,2025-09-23 00:00:00,U202
H002272,O10733,,2-Qualified,2025-11-17 00:00:00,U219
H002273,O10733,2-Qualified,3-Proposal,2025-11-30 00:00:00,U219
H002274,O10733,3-Proposal,4-Negotiation,2025-12-11 00:00:00,U219
H002275,O10733,4-Negotiation,6-Closed Lost,2025-12-24 00:00:00,U219
H002276,O10734,,2-Qualified,2025-08-10 00:00:00,U214
H002277,O10734,2-Qualified,3-Proposal,2025-08-13 00:00:00,U214
H002278,O10734,3-Proposal,4-Negotiation,2025-08-17 00:00:00,U214
H002279,O10734,4-Negotiation,5-Closed Won,2025-08-20 00:00:00,U214
H002280,O10735,,2-Qualified,2024-02-16 00:00:00,U208
H002281,O10735,2-Qualified,6-Closed Lost,2024-04-29 00:00:00,U208
H002282,O10736,,2-Qualified,2025-08-16 00:00:00,U206
H002283,O10736,2-Qualified,3-Proposal,2025-08-30 00:00:00,U206
H002284,O10736,3-Proposal,4-Negotiation,2025-09-19 00:00:00,U206
H002285,O10736,4-Negotiation,6-Closed Lost,2025-10-02 00:00:00,U206
H002286,O10737,,2-Qualified,2025-11-28 00:00:00,U201
H002287,O10737,2-Qualified,3-Proposal,2025-12-06 00:00:00,U201
H002288,O10737,3-Proposal,4-Negotiation,2025-12-13 00:00:00,U201
H002289,O10737,4-Negotiation,5-Closed Won,2025-12-17 00:00:00,U201
H002290,O10739,,2-Qualified,2025-07-26 00:00:00,U209
H002291,O10739,2-Qualified,3-Proposal,2025-08-17 00:00:00,U209
H002292,O10739,3-Proposal,4-Negotiation,2025-08-29 00:00:00,U209
H002293,O10739,4-Negotiation,5-Closed Won,2025-09-14 00:00:00,U209
H002294,O10740,,2-Qualified,2024-09-11 00:00:00,U217
H002295,O10740,2-Qualified,3-Proposal,2024-10-10 00:00:00,U217
H002296,O10740,3-Proposal,4-Negotiation,2024-11-08 00:00:00,U217
H002297,O10740,4-Negotiation,5-Closed Won,2024-11-22 00:00:00,U217
H002298,O10742,,2-Qualified,2025-10-23 00:00:00,U210
H002299,O10742,2-Qualified,3-Proposal,2025-11-06 00:00:00,U210
H002300,O10742,3-Proposal,4-Negotiation,2025-11-20 00:00:00,U210
H002301,O10742,4-Negotiation,6-Closed Lost,2025-12-10 00:00:00,U210
H002302,O10743,,2-Qualified,2026-01-13 00:00:00,U210
H002303,O10743,2-Qualified,3-Proposal,2026-02-09 00:00:00,U210
H002304,O10743,3-Proposal,4-Negotiation,2026-03-29 00:00:00,U210
H002305,O10743,4-Negotiation,6-Closed Lost,2026-05-15 00:00:00,U210
H002306,O10744,,2-Qualified,2024-05-09 00:00:00,U220
H002307,O10744,2-Qualified,3-Proposal,2024-05-30 00:00:00,U220
H002308,O10744,3-Proposal,4-Negotiation,2024-06-24 00:00:00,U220
H002309,O10744,4-Negotiation,5-Closed Won,2024-07-13 00:00:00,U220
H002310,O10745,,2-Qualified,2024-07-16 00:00:00,U220
H002311,O10745,2-Qualified,3-Proposal,2024-07-30 00:00:00,U220
H002312,O10745,3-Proposal,4-Negotiation,2024-08-10 00:00:00,U220
H002313,O10745,4-Negotiation,5-Closed Won,2024-08-30 00:00:00,U220
H002314,O10746,,2-Qualified,2025-01-28 00:00:00,U212
H002315,O10746,2-Qualified,3-Proposal,2025-03-06 00:00:00,U212
H002316,O10746,3-Proposal,6-Closed Lost,2025-04-08 00:00:00,U212
H002317,O10747,,2-Qualified,2025-08-08 00:00:00,U211
H002318,O10747,2-Qualified,3-Proposal,2025-08-21 00:00:00,U211
H002319,O10747,3-Proposal,4-Negotiation,2025-09-03 00:00:00,U211
H002320,O10747,4-Negotiation,5-Closed Won,2025-09-16 00:00:00,U211
H002321,O10748,,2-Qualified,2025-12-01 00:00:00,U203
H002322,O10748,2-Qualified,3-Proposal,2025-12-03 00:00:00,U203
H002323,O10748,3-Proposal,4-Negotiation,2025-12-04 00:00:00,U203
H002324,O10748,4-Negotiation,5-Closed Won,2025-12-05 00:00:00,U203
H002325,O10749,,2-Qualified,2025-03-23 00:00:00,U223
H002326,O10749,2-Qualified,3-Proposal,2025-04-15 00:00:00,U223
H002327,O10749,3-Proposal,6-Closed Lost,2025-05-06 00:00:00,U223
H002328,O10752,,2-Qualified,2025-08-10 00:00:00,U220
H002329,O10752,2-Qualified,3-Proposal,2025-08-26 00:00:00,U220
H002330,O10752,3-Proposal,4-Negotiation,2025-09-30 00:00:00,U220
H002331,O10752,4-Negotiation,5-Closed Won,2025-10-22 00:00:00,U220
H002332,O10753,,2-Qualified,2025-07-23 00:00:00,U212
H002333,O10753,2-Qualified,3-Proposal,2025-07-29 00:00:00,U212
H002334,O10753,3-Proposal,6-Closed Lost,2025-08-03 00:00:00,U212
H002335,O10754,,2-Qualified,2024-11-20 00:00:00,U222
H002336,O10754,2-Qualified,3-Proposal,2024-11-27 00:00:00,U222
H002337,O10754,3-Proposal,6-Closed Lost,2024-12-04 00:00:00,U222
H002338,O10755,,2-Qualified,2024-06-17 00:00:00,U207
H002339,O10755,2-Qualified,3-Proposal,2024-07-08 00:00:00,U207
H002340,O10755,3-Proposal,4-Negotiation,2024-08-15 00:00:00,U207
H002341,O10755,4-Negotiation,5-Closed Won,2024-09-12 00:00:00,U207
H002342,O10756,,2-Qualified,2025-08-12 00:00:00,U214
H002343,O10756,2-Qualified,3-Proposal,2025-09-08 00:00:00,U214
H002344,O10756,3-Proposal,4-Negotiation,2025-10-05 00:00:00,U214
H002345,O10756,4-Negotiation,5-Closed Won,2025-10-24 00:00:00,U214
H002346,O10758,,2-Qualified,2025-02-06 00:00:00,U201
H002347,O10758,2-Qualified,3-Proposal,2025-02-28 00:00:00,U201
H002348,O10758,3-Proposal,4-Negotiation,2025-03-20 00:00:00,U201
H002349,O10758,4-Negotiation,5-Closed Won,2025-04-19 00:00:00,U201
H002350,O10759,,2-Qualified,2025-05-23 00:00:00,U203
H002351,O10759,2-Qualified,3-Proposal,2025-07-10 00:00:00,U203
H002352,O10759,3-Proposal,4-Negotiation,2025-08-15 00:00:00,U203
H002353,O10759,4-Negotiation,5-Closed Won,2025-09-14 00:00:00,U203
H002354,O10761,,2-Qualified,2026-04-07 00:00:00,U201
H002355,O10761,2-Qualified,3-Proposal,2026-05-09 00:00:00,U201
H002356,O10761,3-Proposal,6-Closed Lost,2026-05-19 00:00:00,U201
H002357,O10762,,2-Qualified,2024-09-13 00:00:00,U214
H002358,O10762,2-Qualified,6-Closed Lost,2024-09-17 00:00:00,U214
H002359,O10763,,2-Qualified,2025-12-24 00:00:00,U200
H002360,O10763,2-Qualified,3-Proposal,2026-01-13 00:00:00,U200
H002361,O10763,3-Proposal,4-Negotiation,2026-01-31 00:00:00,U200
H002362,O10763,4-Negotiation,5-Closed Won,2026-02-04 00:00:00,U200
H002363,O10764,,2-Qualified,2025-08-17 00:00:00,U206
H002364,O10764,2-Qualified,3-Proposal,2025-10-19 00:00:00,U206
H002365,O10764,3-Proposal,4-Negotiation,2025-12-04 00:00:00,U206
H002366,O10764,4-Negotiation,6-Closed Lost,2025-12-29 00:00:00,U206
H002367,O10765,,2-Qualified,2024-05-24 00:00:00,U211
H002368,O10765,2-Qualified,3-Proposal,2024-05-28 00:00:00,U211
H002369,O10765,3-Proposal,6-Closed Lost,2024-05-30 00:00:00,U211
H002370,O10766,,2-Qualified,2024-01-15 00:00:00,U220
H002371,O10766,2-Qualified,3-Proposal,2024-01-18 00:00:00,U220
H002372,O10766,3-Proposal,4-Negotiation,2024-01-23 00:00:00,U220
H002373,O10766,4-Negotiation,5-Closed Won,2024-01-27 00:00:00,U220
H002374,O10768,,2-Qualified,2026-03-09 00:00:00,U203
H002375,O10768,2-Qualified,3-Proposal,2026-04-28 00:00:00,U203
H002376,O10768,3-Proposal,4-Negotiation,2026-05-31 00:00:00,U203
H002377,O10768,4-Negotiation,5-Closed Won,2026-06-16 00:00:00,U203
H002378,O10769,,2-Qualified,2024-04-30 00:00:00,U219
H002379,O10769,2-Qualified,3-Proposal,2024-05-23 00:00:00,U219
H002380,O10769,3-Proposal,4-Negotiation,2024-06-26 00:00:00,U219
H002381,O10769,4-Negotiation,6-Closed Lost,2024-07-17 00:00:00,U219
H002382,O10770,,2-Qualified,2025-12-28 00:00:00,U223
H002383,O10770,2-Qualified,3-Proposal,2026-01-01 00:00:00,U223
H002384,O10770,3-Proposal,4-Negotiation,2026-01-09 00:00:00,U223
H002385,O10770,4-Negotiation,5-Closed Won,2026-01-16 00:00:00,U223
H002386,O10771,,2-Qualified,2025-10-22 00:00:00,U200
H002387,O10771,2-Qualified,3-Proposal,2025-11-01 00:00:00,U200
H002388,O10771,3-Proposal,6-Closed Lost,2025-11-10 00:00:00,U200
H002389,O10772,,2-Qualified,2026-06-21 00:00:00,U207
H002390,O10772,2-Qualified,3-Proposal,2026-07-10 00:00:00,U207
H002391,O10772,3-Proposal,4-Negotiation,2026-08-05 00:00:00,U207
H002392,O10773,,2-Qualified,2025-02-02 00:00:00,U210
H002393,O10773,2-Qualified,3-Proposal,2025-03-15 00:00:00,U210
H002394,O10773,3-Proposal,4-Negotiation,2025-05-01 00:00:00,U210
H002395,O10773,4-Negotiation,5-Closed Won,2025-06-02 00:00:00,U210
H002396,O10774,,2-Qualified,2024-04-21 00:00:00,U211
H002397,O10774,2-Qualified,3-Proposal,2024-06-04 00:00:00,U211
H002398,O10774,3-Proposal,6-Closed Lost,2024-07-31 00:00:00,U211
H002399,O10775,,2-Qualified,2024-10-15 00:00:00,U212
H002400,O10775,2-Qualified,6-Closed Lost,2024-11-20 00:00:00,U212
H002401,O10776,,2-Qualified,2025-08-12 00:00:00,U210
H002402,O10776,2-Qualified,6-Closed Lost,2025-09-03 00:00:00,U210
H002403,O10778,,2-Qualified,2024-05-02 00:00:00,U208
H002404,O10778,2-Qualified,3-Proposal,2024-05-31 00:00:00,U208
H002405,O10778,3-Proposal,4-Negotiation,2024-06-29 00:00:00,U208
H002406,O10778,4-Negotiation,5-Closed Won,2024-07-30 00:00:00,U208
H002407,O10779,,2-Qualified,2025-05-09 00:00:00,U211
H002408,O10779,2-Qualified,6-Closed Lost,2025-08-06 00:00:00,U211
H002409,O10780,,2-Qualified,2026-01-05 00:00:00,U207
H002410,O10780,2-Qualified,3-Proposal,2026-02-11 00:00:00,U207
H002411,O10780,3-Proposal,4-Negotiation,2026-03-09 00:00:00,U207
H002412,O10780,4-Negotiation,5-Closed Won,2026-03-31 00:00:00,U207
H002413,O10781,,2-Qualified,2024-06-12 00:00:00,U213
H002414,O10781,2-Qualified,3-Proposal,2024-07-20 00:00:00,U213
H002415,O10781,3-Proposal,6-Closed Lost,2024-08-14 00:00:00,U213
H002416,O10782,,2-Qualified,2026-04-26 00:00:00,U217
H002417,O10782,2-Qualified,3-Proposal,2026-05-09 00:00:00,U217
H002418,O10782,3-Proposal,4-Negotiation,2026-05-19 00:00:00,U217
H002419,O10782,4-Negotiation,5-Closed Won,2026-06-01 00:00:00,U217
H002420,O10783,,2-Qualified,2026-03-04 00:00:00,U215
H002421,O10783,2-Qualified,3-Proposal,2026-04-01 00:00:00,U215
H002422,O10783,3-Proposal,4-Negotiation,2026-05-01 00:00:00,U215
H002423,O10783,4-Negotiation,5-Closed Won,2026-06-19 00:00:00,U215
H002424,O10784,,2-Qualified,2025-06-10 00:00:00,U206
H002425,O10784,2-Qualified,3-Proposal,2025-06-20 00:00:00,U206
H002426,O10784,3-Proposal,4-Negotiation,2025-07-09 00:00:00,U206
H002427,O10784,4-Negotiation,5-Closed Won,2025-07-28 00:00:00,U206
H002428,O10785,,2-Qualified,2024-01-18 00:00:00,U203
H002429,O10785,2-Qualified,3-Proposal,2024-01-20 00:00:00,U203
H002430,O10785,3-Proposal,4-Negotiation,2024-01-21 00:00:00,U203
H002431,O10785,4-Negotiation,6-Closed Lost,2024-01-22 00:00:00,U203
H002432,O10786,,2-Qualified,2025-05-18 00:00:00,U214
H002433,O10786,2-Qualified,3-Proposal,2025-05-22 00:00:00,U214
H002434,O10786,3-Proposal,6-Closed Lost,2025-05-27 00:00:00,U214
H002435,O10787,,2-Qualified,2025-11-04 00:00:00,U216
H002436,O10787,2-Qualified,3-Proposal,2025-11-18 00:00:00,U216
H002437,O10787,3-Proposal,4-Negotiation,2025-12-06 00:00:00,U216
H002438,O10787,4-Negotiation,5-Closed Won,2025-12-26 00:00:00,U216
H002439,O10788,,2-Qualified,2024-09-15 00:00:00,U213
H002440,O10788,2-Qualified,3-Proposal,2024-10-13 00:00:00,U213
H002441,O10788,3-Proposal,4-Negotiation,2024-12-04 00:00:00,U213
H002442,O10788,4-Negotiation,5-Closed Won,2025-01-17 00:00:00,U213
H002443,O10789,,2-Qualified,2025-04-27 00:00:00,U210
H002444,O10789,2-Qualified,3-Proposal,2025-05-04 00:00:00,U210
H002445,O10789,3-Proposal,4-Negotiation,2025-05-15 00:00:00,U210
H002446,O10789,4-Negotiation,5-Closed Won,2025-05-28 00:00:00,U210
H002447,O10790,,2-Qualified,2024-04-22 00:00:00,U214
H002448,O10790,2-Qualified,3-Proposal,2024-04-24 00:00:00,U214
H002449,O10790,3-Proposal,4-Negotiation,2024-04-25 00:00:00,U214
H002450,O10790,4-Negotiation,5-Closed Won,2024-04-27 00:00:00,U214
H002451,O10791,,2-Qualified,2024-05-13 00:00:00,U216
H002452,O10791,2-Qualified,6-Closed Lost,2024-06-05 00:00:00,U216
H002453,O10793,,2-Qualified,2025-01-15 00:00:00,U217
H002454,O10793,2-Qualified,3-Proposal,2025-02-23 00:00:00,U217
H002455,O10793,3-Proposal,4-Negotiation,2025-03-20 00:00:00,U217
H002456,O10793,4-Negotiation,6-Closed Lost,2025-04-09 00:00:00,U217
H002457,O10794,,2-Qualified,2025-03-15 00:00:00,U200
H002458,O10794,2-Qualified,3-Proposal,2025-04-14 00:00:00,U200
H002459,O10794,3-Proposal,4-Negotiation,2025-05-12 00:00:00,U200
H002460,O10794,4-Negotiation,6-Closed Lost,2025-05-29 00:00:00,U200
H002461,O10795,,2-Qualified,2025-09-15 00:00:00,U220
H002462,O10795,2-Qualified,3-Proposal,2025-10-13 00:00:00,U220
H002463,O10795,3-Proposal,4-Negotiation,2025-11-17 00:00:00,U220
H002464,O10795,4-Negotiation,5-Closed Won,2025-12-02 00:00:00,U220
H002465,O10796,,2-Qualified,2025-05-29 00:00:00,U216
H002466,O10796,2-Qualified,3-Proposal,2025-06-11 00:00:00,U216
H002467,O10796,3-Proposal,4-Negotiation,2025-06-23 00:00:00,U216
H002468,O10796,4-Negotiation,5-Closed Won,2025-07-01 00:00:00,U216
H002469,O10797,,2-Qualified,2025-09-28 00:00:00,U201
H002470,O10797,2-Qualified,3-Proposal,2025-11-20 00:00:00,U201
H002471,O10797,3-Proposal,6-Closed Lost,2025-12-30 00:00:00,U201
H002472,O10798,,2-Qualified,2025-04-14 00:00:00,U203
H002473,O10798,2-Qualified,3-Proposal,2025-04-28 00:00:00,U203
H002474,O10798,3-Proposal,4-Negotiation,2025-05-14 00:00:00,U203
H002475,O10798,4-Negotiation,6-Closed Lost,2025-06-04 00:00:00,U203
H002476,O10799,,2-Qualified,2024-05-05 00:00:00,U210
H002477,O10799,2-Qualified,6-Closed Lost,2024-06-07 00:00:00,U210
H002478,O10800,,2-Qualified,2025-07-22 00:00:00,U206
H002479,O10800,2-Qualified,3-Proposal,2025-08-14 00:00:00,U206
H002480,O10800,3-Proposal,6-Closed Lost,2025-08-29 00:00:00,U206
H002481,O10801,,2-Qualified,2026-05-06 00:00:00,U222
H002482,O10801,2-Qualified,3-Proposal,2026-05-16 00:00:00,U222
H002483,O10801,3-Proposal,4-Negotiation,2026-05-23 00:00:00,U222
H002484,O10801,4-Negotiation,5-Closed Won,2026-05-29 00:00:00,U222
H002485,O10802,,2-Qualified,2024-08-05 00:00:00,U210
H002486,O10802,2-Qualified,3-Proposal,2024-08-31 00:00:00,U210
H002487,O10802,3-Proposal,4-Negotiation,2024-10-05 00:00:00,U210
H002488,O10802,4-Negotiation,6-Closed Lost,2024-10-21 00:00:00,U210
H002489,O10803,,2-Qualified,2025-02-24 00:00:00,U216
H002490,O10803,2-Qualified,3-Proposal,2025-03-04 00:00:00,U216
H002491,O10803,3-Proposal,4-Negotiation,2025-03-18 00:00:00,U216
H002492,O10803,4-Negotiation,5-Closed Won,2025-03-27 00:00:00,U216
H002493,O10804,,2-Qualified,2026-05-26 00:00:00,U201
H002494,O10805,,2-Qualified,2025-08-09 00:00:00,U206
H002495,O10805,2-Qualified,3-Proposal,2025-08-26 00:00:00,U206
H002496,O10805,3-Proposal,4-Negotiation,2025-09-11 00:00:00,U206
H002497,O10805,4-Negotiation,6-Closed Lost,2025-09-24 00:00:00,U206
H002498,O10807,,2-Qualified,2025-06-01 00:00:00,U215
H002499,O10807,2-Qualified,3-Proposal,2025-07-21 00:00:00,U215
H002500,O10807,3-Proposal,6-Closed Lost,2025-08-09 00:00:00,U215
H002501,O10809,,2-Qualified,2026-03-25 00:00:00,U221
H002502,O10809,2-Qualified,3-Proposal,2026-04-24 00:00:00,U221
H002503,O10809,3-Proposal,6-Closed Lost,2026-06-04 00:00:00,U221
H002504,O10810,,2-Qualified,2025-01-15 00:00:00,U214
H002505,O10810,2-Qualified,3-Proposal,2025-01-27 00:00:00,U214
H002506,O10810,3-Proposal,4-Negotiation,2025-02-04 00:00:00,U214
H002507,O10810,4-Negotiation,5-Closed Won,2025-02-13 00:00:00,U214
H002508,O10811,,2-Qualified,2024-11-09 00:00:00,U211
H002509,O10811,2-Qualified,3-Proposal,2024-11-11 00:00:00,U211
H002510,O10811,3-Proposal,4-Negotiation,2024-11-12 00:00:00,U211
H002511,O10811,4-Negotiation,6-Closed Lost,2024-11-14 00:00:00,U211
H002512,O10812,,2-Qualified,2026-09-09 00:00:00,U201
H002513,O10813,,2-Qualified,2025-10-28 00:00:00,U223
H002514,O10813,2-Qualified,3-Proposal,2025-12-14 00:00:00,U223
H002515,O10813,3-Proposal,4-Negotiation,2026-01-16 00:00:00,U223
H002516,O10813,4-Negotiation,6-Closed Lost,2026-02-17 00:00:00,U223
H002517,O10814,,2-Qualified,2026-02-25 00:00:00,U202
H002518,O10814,2-Qualified,3-Proposal,2026-03-19 00:00:00,U202
H002519,O10814,3-Proposal,4-Negotiation,2026-04-09 00:00:00,U202
H002520,O10814,4-Negotiation,5-Closed Won,2026-05-06 00:00:00,U202
H002521,O10815,,2-Qualified,2025-06-09 00:00:00,U215
H002522,O10815,2-Qualified,3-Proposal,2025-07-11 00:00:00,U215
H002523,O10815,3-Proposal,4-Negotiation,2025-08-18 00:00:00,U215
H002524,O10815,4-Negotiation,6-Closed Lost,2025-09-07 00:00:00,U215
H002525,O10816,,2-Qualified,2024-09-22 00:00:00,U220
H002526,O10816,2-Qualified,3-Proposal,2024-09-24 00:00:00,U220
H002527,O10816,3-Proposal,4-Negotiation,2024-09-26 00:00:00,U220
H002528,O10816,4-Negotiation,5-Closed Won,2024-09-27 00:00:00,U220
H002529,O10817,,2-Qualified,2024-04-26 00:00:00,U222
H002530,O10817,2-Qualified,3-Proposal,2024-05-03 00:00:00,U222
H002531,O10817,3-Proposal,4-Negotiation,2024-05-09 00:00:00,U222
H002532,O10817,4-Negotiation,5-Closed Won,2024-05-13 00:00:00,U222
H002533,O10818,,2-Qualified,2025-08-30 00:00:00,U217
H002534,O10818,2-Qualified,6-Closed Lost,2025-09-11 00:00:00,U217
H002535,O10819,,2-Qualified,2025-11-15 00:00:00,U203
H002536,O10819,2-Qualified,3-Proposal,2025-12-14 00:00:00,U203
H002537,O10819,3-Proposal,4-Negotiation,2026-01-25 00:00:00,U203
H002538,O10819,4-Negotiation,6-Closed Lost,2026-02-27 00:00:00,U203
H002539,O10820,,2-Qualified,2025-04-07 00:00:00,U211
H002540,O10820,2-Qualified,3-Proposal,2025-04-10 00:00:00,U211
H002541,O10820,3-Proposal,4-Negotiation,2025-04-12 00:00:00,U211
H002542,O10820,4-Negotiation,5-Closed Won,2025-04-14 00:00:00,U211
H002543,O10822,,2-Qualified,2024-03-23 00:00:00,U203
H002544,O10822,2-Qualified,3-Proposal,2024-04-06 00:00:00,U203
H002545,O10822,3-Proposal,4-Negotiation,2024-04-21 00:00:00,U203
H002546,O10822,4-Negotiation,5-Closed Won,2024-05-14 00:00:00,U203
H002547,O10823,,2-Qualified,2024-02-25 00:00:00,U205
H002548,O10823,2-Qualified,3-Proposal,2024-03-30 00:00:00,U205
H002549,O10823,3-Proposal,4-Negotiation,2024-04-26 00:00:00,U205
H002550,O10823,4-Negotiation,6-Closed Lost,2024-06-02 00:00:00,U205
H002551,O10825,,2-Qualified,2025-12-14 00:00:00,U223
H002552,O10825,2-Qualified,3-Proposal,2026-01-14 00:00:00,U223
H002553,O10825,3-Proposal,4-Negotiation,2026-02-24 00:00:00,U223
H002554,O10825,4-Negotiation,6-Closed Lost,2026-03-23 00:00:00,U223
H002555,O10826,,2-Qualified,2025-07-23 00:00:00,U201
H002556,O10826,2-Qualified,3-Proposal,2025-08-20 00:00:00,U201
H002557,O10826,3-Proposal,4-Negotiation,2025-10-06 00:00:00,U201
H002558,O10826,4-Negotiation,5-Closed Won,2025-11-01 00:00:00,U201
H002559,O10827,,2-Qualified,2024-03-11 00:00:00,U222
H002560,O10827,2-Qualified,6-Closed Lost,2024-03-13 00:00:00,U222
H002561,O10828,,2-Qualified,2024-09-25 00:00:00,U211
H002562,O10828,2-Qualified,3-Proposal,2024-12-15 00:00:00,U211
H002563,O10828,3-Proposal,6-Closed Lost,2025-01-20 00:00:00,U211
H002564,O10829,,2-Qualified,2025-09-18 00:00:00,U205
H002565,O10829,2-Qualified,3-Proposal,2025-10-26 00:00:00,U205
H002566,O10829,3-Proposal,4-Negotiation,2025-11-27 00:00:00,U205
H002567,O10829,4-Negotiation,5-Closed Won,2025-12-11 00:00:00,U205
H002568,O10830,,2-Qualified,2026-01-24 00:00:00,U211
H002569,O10830,2-Qualified,3-Proposal,2026-03-15 00:00:00,U211
H002570,O10830,3-Proposal,4-Negotiation,2026-04-16 00:00:00,U211
H002571,O10830,4-Negotiation,5-Closed Won,2026-05-08 00:00:00,U211
H002572,O10831,,2-Qualified,2024-08-05 00:00:00,U206
H002573,O10831,2-Qualified,6-Closed Lost,2024-09-11 00:00:00,U206
H002574,O10832,,2-Qualified,2025-06-15 00:00:00,U215
H002575,O10832,2-Qualified,3-Proposal,2025-07-12 00:00:00,U215
H002576,O10832,3-Proposal,4-Negotiation,2025-08-10 00:00:00,U215
H002577,O10832,4-Negotiation,5-Closed Won,2025-09-11 00:00:00,U215
H002578,O10833,,2-Qualified,2025-07-21 00:00:00,U223
H002579,O10833,2-Qualified,3-Proposal,2025-08-06 00:00:00,U223
H002580,O10833,3-Proposal,4-Negotiation,2025-08-27 00:00:00,U223
H002581,O10833,4-Negotiation,5-Closed Won,2025-09-11 00:00:00,U223
H002582,O10834,,2-Qualified,2024-04-08 00:00:00,U215
H002583,O10834,2-Qualified,3-Proposal,2024-05-05 00:00:00,U215
H002584,O10834,3-Proposal,4-Negotiation,2024-07-05 00:00:00,U215
H002585,O10834,4-Negotiation,5-Closed Won,2024-08-09 00:00:00,U215
H002586,O10835,,2-Qualified,2025-11-01 00:00:00,U205
H002587,O10835,2-Qualified,6-Closed Lost,2026-02-16 00:00:00,U205
H002588,O10836,,2-Qualified,2025-06-01 00:00:00,U200
H002589,O10836,2-Qualified,3-Proposal,2025-06-13 00:00:00,U200
H002590,O10836,3-Proposal,4-Negotiation,2025-06-21 00:00:00,U200
H002591,O10836,4-Negotiation,5-Closed Won,2025-06-30 00:00:00,U200
H002592,O10837,,2-Qualified,2025-04-29 00:00:00,U200
H002593,O10837,2-Qualified,3-Proposal,2025-05-13 00:00:00,U200
H002594,O10837,3-Proposal,6-Closed Lost,2025-06-03 00:00:00,U200
H002595,O10838,,2-Qualified,2024-09-05 00:00:00,U216
H002596,O10838,2-Qualified,6-Closed Lost,2024-10-01 00:00:00,U216
H002597,O10839,,2-Qualified,2024-03-20 00:00:00,U201
H002598,O10839,2-Qualified,3-Proposal,2024-04-11 00:00:00,U201
H002599,O10839,3-Proposal,6-Closed Lost,2024-05-08 00:00:00,U201
H002600,O10840,,2-Qualified,2025-08-16 00:00:00,U207
H002601,O10840,2-Qualified,3-Proposal,2025-09-25 00:00:00,U207
H002602,O10840,3-Proposal,4-Negotiation,2025-11-01 00:00:00,U207
H002603,O10840,4-Negotiation,6-Closed Lost,2025-12-24 00:00:00,U207
H002604,O10841,,2-Qualified,2025-08-16 00:00:00,U203
H002605,O10841,2-Qualified,3-Proposal,2025-08-30 00:00:00,U203
H002606,O10841,3-Proposal,4-Negotiation,2025-09-16 00:00:00,U203
H002607,O10841,4-Negotiation,5-Closed Won,2025-10-03 00:00:00,U203
H002608,O10842,,2-Qualified,2025-02-28 00:00:00,U214
H002609,O10842,2-Qualified,3-Proposal,2025-03-12 00:00:00,U214
H002610,O10842,3-Proposal,4-Negotiation,2025-03-23 00:00:00,U214
H002611,O10842,4-Negotiation,5-Closed Won,2025-03-26 00:00:00,U214
H002612,O10843,,2-Qualified,2026-01-19 00:00:00,U215
H002613,O10843,2-Qualified,3-Proposal,2026-02-12 00:00:00,U215
H002614,O10843,3-Proposal,4-Negotiation,2026-02-28 00:00:00,U215
H002615,O10843,4-Negotiation,6-Closed Lost,2026-03-29 00:00:00,U215
H002616,O10844,,2-Qualified,2025-10-22 00:00:00,U200
H002617,O10844,2-Qualified,6-Closed Lost,2025-12-19 00:00:00,U200
H002618,O10845,,2-Qualified,2025-04-10 00:00:00,U216
H002619,O10845,2-Qualified,3-Proposal,2025-04-16 00:00:00,U216
H002620,O10845,3-Proposal,4-Negotiation,2025-04-23 00:00:00,U216
H002621,O10845,4-Negotiation,6-Closed Lost,2025-04-30 00:00:00,U216
H002622,O10846,,2-Qualified,2025-03-16 00:00:00,U212
H002623,O10846,2-Qualified,3-Proposal,2025-04-16 00:00:00,U212
H002624,O10846,3-Proposal,4-Negotiation,2025-05-17 00:00:00,U212
H002625,O10846,4-Negotiation,6-Closed Lost,2025-06-17 00:00:00,U212
H002626,O10848,,2-Qualified,2025-02-03 00:00:00,U209
H002627,O10848,2-Qualified,6-Closed Lost,2025-02-18 00:00:00,U209
H002628,O10850,,2-Qualified,2024-09-25 00:00:00,U216
H002629,O10850,2-Qualified,3-Proposal,2024-10-07 00:00:00,U216
H002630,O10850,3-Proposal,6-Closed Lost,2024-10-15 00:00:00,U216
H002631,O10851,,2-Qualified,2024-03-03 00:00:00,U220
H002632,O10851,2-Qualified,3-Proposal,2024-04-12 00:00:00,U220
H002633,O10851,3-Proposal,6-Closed Lost,2024-05-30 00:00:00,U220
H002634,O10852,,2-Qualified,2024-08-08 00:00:00,U203
H002635,O10852,2-Qualified,3-Proposal,2024-10-15 00:00:00,U203
H002636,O10852,3-Proposal,6-Closed Lost,2024-11-23 00:00:00,U203
H002637,O10853,,2-Qualified,2026-10-26 00:00:00,U201
H002638,O10854,,2-Qualified,2025-06-12 00:00:00,U213
H002639,O10854,2-Qualified,3-Proposal,2025-06-25 00:00:00,U213
H002640,O10854,3-Proposal,4-Negotiation,2025-07-08 00:00:00,U213
H002641,O10854,4-Negotiation,5-Closed Won,2025-07-25 00:00:00,U213
H002642,O10856,,2-Qualified,2026-03-30 00:00:00,U221
H002643,O10856,2-Qualified,3-Proposal,2026-04-01 00:00:00,U221
H002644,O10856,3-Proposal,4-Negotiation,2026-04-03 00:00:00,U221
H002645,O10856,4-Negotiation,5-Closed Won,2026-04-04 00:00:00,U221
H002646,O10857,,2-Qualified,2024-07-31 00:00:00,U223
H002647,O10857,2-Qualified,3-Proposal,2024-08-24 00:00:00,U223
H002648,O10857,3-Proposal,4-Negotiation,2024-09-09 00:00:00,U223
H002649,O10857,4-Negotiation,6-Closed Lost,2024-10-15 00:00:00,U223
H002650,O10858,,2-Qualified,2024-09-20 00:00:00,U208
H002651,O10858,2-Qualified,3-Proposal,2024-11-03 00:00:00,U208
H002652,O10858,3-Proposal,6-Closed Lost,2024-12-08 00:00:00,U208
H002653,O10859,,2-Qualified,2025-04-28 00:00:00,U214
H002654,O10859,2-Qualified,3-Proposal,2025-05-05 00:00:00,U214
H002655,O10859,3-Proposal,4-Negotiation,2025-05-08 00:00:00,U214
H002656,O10859,4-Negotiation,5-Closed Won,2025-05-12 00:00:00,U214
H002657,O10860,,2-Qualified,2024-03-14 00:00:00,U213
H002658,O10860,2-Qualified,6-Closed Lost,2024-05-02 00:00:00,U213
H002659,O10861,,2-Qualified,2025-11-01 00:00:00,U205
H002660,O10861,2-Qualified,3-Proposal,2025-12-03 00:00:00,U205
H002661,O10861,3-Proposal,4-Negotiation,2026-01-10 00:00:00,U205
H002662,O10861,4-Negotiation,5-Closed Won,2026-01-21 00:00:00,U205
H002663,O10862,,2-Qualified,2026-05-09 00:00:00,U201
H002664,O10862,2-Qualified,3-Proposal,2026-05-15 00:00:00,U201
H002665,O10862,3-Proposal,4-Negotiation,2026-05-22 00:00:00,U201
H002666,O10862,4-Negotiation,5-Closed Won,2026-05-27 00:00:00,U201
H002667,O10864,,2-Qualified,2025-08-31 00:00:00,U214
H002668,O10864,2-Qualified,3-Proposal,2025-09-18 00:00:00,U214
H002669,O10864,3-Proposal,6-Closed Lost,2025-09-25 00:00:00,U214
H002670,O10865,,2-Qualified,2024-10-14 00:00:00,U216
H002671,O10865,2-Qualified,6-Closed Lost,2024-11-10 00:00:00,U216
H002672,O10866,,2-Qualified,2024-05-14 00:00:00,U210
H002673,O10866,2-Qualified,3-Proposal,2024-06-07 00:00:00,U210
H002674,O10866,3-Proposal,4-Negotiation,2024-06-28 00:00:00,U210
H002675,O10866,4-Negotiation,5-Closed Won,2024-07-30 00:00:00,U210
H002676,O10867,,2-Qualified,2025-02-01 00:00:00,U222
H002677,O10867,2-Qualified,3-Proposal,2025-02-06 00:00:00,U222
H002678,O10867,3-Proposal,4-Negotiation,2025-02-12 00:00:00,U222
H002679,O10867,4-Negotiation,5-Closed Won,2025-02-20 00:00:00,U222
H002680,O10868,,2-Qualified,2025-06-15 00:00:00,U216
H002681,O10868,2-Qualified,6-Closed Lost,2025-07-05 00:00:00,U216
H002682,O10869,,2-Qualified,2026-03-27 00:00:00,U217
H002683,O10869,2-Qualified,3-Proposal,2026-04-11 00:00:00,U217
H002684,O10869,3-Proposal,4-Negotiation,2026-04-20 00:00:00,U217
H002685,O10869,4-Negotiation,6-Closed Lost,2026-04-29 00:00:00,U217
H002686,O10870,,2-Qualified,2024-03-03 00:00:00,U207
H002687,O10870,2-Qualified,3-Proposal,2024-03-19 00:00:00,U207
H002688,O10870,3-Proposal,4-Negotiation,2024-03-28 00:00:00,U207
H002689,O10870,4-Negotiation,5-Closed Won,2024-04-04 00:00:00,U207
H002690,O10871,,2-Qualified,2024-10-07 00:00:00,U212
H002691,O10871,2-Qualified,3-Proposal,2024-11-03 00:00:00,U212
H002692,O10871,3-Proposal,4-Negotiation,2024-12-06 00:00:00,U212
H002693,O10871,4-Negotiation,6-Closed Lost,2025-01-03 00:00:00,U212
H002694,O10872,,2-Qualified,2025-03-05 00:00:00,U217
H002695,O10872,2-Qualified,3-Proposal,2025-03-23 00:00:00,U217
H002696,O10872,3-Proposal,4-Negotiation,2025-04-05 00:00:00,U217
H002697,O10872,4-Negotiation,5-Closed Won,2025-04-19 00:00:00,U217
H002698,O10873,,2-Qualified,2025-10-10 00:00:00,U220
H002699,O10873,2-Qualified,3-Proposal,2025-10-12 00:00:00,U220
H002700,O10873,3-Proposal,4-Negotiation,2025-10-16 00:00:00,U220
H002701,O10873,4-Negotiation,5-Closed Won,2025-10-20 00:00:00,U220
H002702,O10874,,2-Qualified,2024-12-31 00:00:00,U214
H002703,O10874,2-Qualified,3-Proposal,2025-01-07 00:00:00,U214
H002704,O10874,3-Proposal,4-Negotiation,2025-01-17 00:00:00,U214
H002705,O10874,4-Negotiation,5-Closed Won,2025-01-30 00:00:00,U214
H002706,O10875,,2-Qualified,2024-08-22 00:00:00,U207
H002707,O10875,2-Qualified,3-Proposal,2024-08-24 00:00:00,U207
H002708,O10875,3-Proposal,4-Negotiation,2024-08-26 00:00:00,U207
H002709,O10875,4-Negotiation,6-Closed Lost,2024-08-27 00:00:00,U207
H002710,O10876,,2-Qualified,2025-07-25 00:00:00,U214
H002711,O10876,2-Qualified,3-Proposal,2025-08-07 00:00:00,U214
H002712,O10876,3-Proposal,4-Negotiation,2025-08-30 00:00:00,U214
H002713,O10876,4-Negotiation,5-Closed Won,2025-09-20 00:00:00,U214
H002714,O10878,,2-Qualified,2025-06-03 00:00:00,U203
H002715,O10878,2-Qualified,3-Proposal,2025-07-16 00:00:00,U203
H002716,O10878,3-Proposal,4-Negotiation,2025-08-28 00:00:00,U203
H002717,O10878,4-Negotiation,5-Closed Won,2025-09-15 00:00:00,U203
H002718,O10880,,2-Qualified,2024-12-01 00:00:00,U204
H002719,O10880,2-Qualified,6-Closed Lost,2024-12-09 00:00:00,U204
H002720,O10881,,2-Qualified,2026-07-12 00:00:00,U209
H002721,O10881,2-Qualified,3-Proposal,2026-09-21 00:00:00,U209
H002722,O10881,3-Proposal,4-Negotiation,2026-10-27 00:00:00,U209
H002723,O10882,,2-Qualified,2026-04-25 00:00:00,U221
H002724,O10882,2-Qualified,3-Proposal,2026-04-26 00:00:00,U221
H002725,O10882,3-Proposal,4-Negotiation,2026-04-28 00:00:00,U221
H002726,O10882,4-Negotiation,5-Closed Won,2026-04-30 00:00:00,U221
H002727,O10883,,2-Qualified,2024-02-23 00:00:00,U216
H002728,O10883,2-Qualified,3-Proposal,2024-03-16 00:00:00,U216
H002729,O10883,3-Proposal,4-Negotiation,2024-04-03 00:00:00,U216
H002730,O10883,4-Negotiation,5-Closed Won,2024-04-25 00:00:00,U216
H002731,O10884,,2-Qualified,2025-06-27 00:00:00,U214
H002732,O10884,2-Qualified,3-Proposal,2025-06-29 00:00:00,U214
H002733,O10884,3-Proposal,4-Negotiation,2025-07-01 00:00:00,U214
H002734,O10884,4-Negotiation,5-Closed Won,2025-07-03 00:00:00,U214
H002735,O10885,,2-Qualified,2025-09-04 00:00:00,U209
H002736,O10885,2-Qualified,3-Proposal,2025-10-28 00:00:00,U209
H002737,O10885,3-Proposal,4-Negotiation,2025-12-26 00:00:00,U209
H002738,O10885,4-Negotiation,5-Closed Won,2026-02-09 00:00:00,U209
H002739,O10887,,2-Qualified,2025-11-23 00:00:00,U222
H002740,O10887,2-Qualified,3-Proposal,2025-12-19 00:00:00,U222
H002741,O10887,3-Proposal,4-Negotiation,2026-01-14 00:00:00,U222
H002742,O10887,4-Negotiation,5-Closed Won,2026-02-01 00:00:00,U222
H002743,O10888,,2-Qualified,2026-06-11 00:00:00,U214
H002744,O10888,2-Qualified,3-Proposal,2026-07-02 00:00:00,U214
H002745,O10889,,2-Qualified,2024-05-17 00:00:00,U208
H002746,O10889,2-Qualified,3-Proposal,2024-06-27 00:00:00,U208
H002747,O10889,3-Proposal,4-Negotiation,2024-08-06 00:00:00,U208
H002748,O10889,4-Negotiation,5-Closed Won,2024-08-15 00:00:00,U208
H002749,O10890,,2-Qualified,2025-01-31 00:00:00,U205
H002750,O10890,2-Qualified,3-Proposal,2025-03-09 00:00:00,U205
H002751,O10890,3-Proposal,6-Closed Lost,2025-04-08 00:00:00,U205
H002752,O10891,,2-Qualified,2025-04-13 00:00:00,U208
H002753,O10891,2-Qualified,3-Proposal,2025-05-05 00:00:00,U208
H002754,O10891,3-Proposal,4-Negotiation,2025-05-23 00:00:00,U208
H002755,O10891,4-Negotiation,5-Closed Won,2025-05-31 00:00:00,U208
H002756,O10892,,2-Qualified,2024-07-18 00:00:00,U214
H002757,O10892,2-Qualified,3-Proposal,2024-08-06 00:00:00,U214
H002758,O10892,3-Proposal,4-Negotiation,2024-08-18 00:00:00,U214
H002759,O10892,4-Negotiation,6-Closed Lost,2024-08-31 00:00:00,U214
H002760,O10893,,2-Qualified,2025-02-23 00:00:00,U209
H002761,O10893,2-Qualified,3-Proposal,2025-04-11 00:00:00,U209
H002762,O10893,3-Proposal,6-Closed Lost,2025-06-08 00:00:00,U209
H002763,O10894,,2-Qualified,2024-04-07 00:00:00,U203
H002764,O10894,2-Qualified,6-Closed Lost,2024-06-01 00:00:00,U203
H002765,O10895,,2-Qualified,2025-03-03 00:00:00,U217
H002766,O10895,2-Qualified,3-Proposal,2025-04-17 00:00:00,U217
H002767,O10895,3-Proposal,6-Closed Lost,2025-05-09 00:00:00,U217
H002768,O10896,,2-Qualified,2025-04-16 00:00:00,U203
H002769,O10896,2-Qualified,3-Proposal,2025-06-01 00:00:00,U203
H002770,O10896,3-Proposal,4-Negotiation,2025-06-29 00:00:00,U203
H002771,O10896,4-Negotiation,5-Closed Won,2025-08-04 00:00:00,U203
H002772,O10897,,2-Qualified,2024-08-13 00:00:00,U221
H002773,O10897,2-Qualified,3-Proposal,2024-09-26 00:00:00,U221
H002774,O10897,3-Proposal,6-Closed Lost,2024-10-21 00:00:00,U221
H002775,O10898,,2-Qualified,2025-09-18 00:00:00,U213
H002776,O10898,2-Qualified,3-Proposal,2025-10-16 00:00:00,U213
H002777,O10898,3-Proposal,4-Negotiation,2025-12-06 00:00:00,U213
H002778,O10898,4-Negotiation,6-Closed Lost,2026-01-10 00:00:00,U213
H002779,O10899,,2-Qualified,2025-09-22 00:00:00,U217
H002780,O10899,2-Qualified,3-Proposal,2025-10-30 00:00:00,U217
H002781,O10899,3-Proposal,6-Closed Lost,2025-11-25 00:00:00,U217
H002782,O10900,,2-Qualified,2025-02-21 00:00:00,U216
H002783,O10900,2-Qualified,3-Proposal,2025-03-08 00:00:00,U216
H002784,O10900,3-Proposal,4-Negotiation,2025-03-21 00:00:00,U216
H002785,O10900,4-Negotiation,5-Closed Won,2025-04-02 00:00:00,U216
H002786,O10901,,2-Qualified,2025-05-20 00:00:00,U215
H002787,O10901,2-Qualified,3-Proposal,2025-06-02 00:00:00,U215
H002788,O10901,3-Proposal,4-Negotiation,2025-06-21 00:00:00,U215
H002789,O10901,4-Negotiation,5-Closed Won,2025-07-11 00:00:00,U215
H002790,O10902,,2-Qualified,2024-03-21 00:00:00,U210
H002791,O10902,2-Qualified,3-Proposal,2024-04-05 00:00:00,U210
H002792,O10902,3-Proposal,4-Negotiation,2024-04-20 00:00:00,U210
H002793,O10902,4-Negotiation,6-Closed Lost,2024-05-07 00:00:00,U210
H002794,O10903,,2-Qualified,2024-07-10 00:00:00,U206
H002795,O10903,2-Qualified,3-Proposal,2024-08-22 00:00:00,U206
H002796,O10903,3-Proposal,4-Negotiation,2024-09-19 00:00:00,U206
H002797,O10903,4-Negotiation,5-Closed Won,2024-10-31 00:00:00,U206
H002798,O10904,,2-Qualified,2026-03-14 00:00:00,U216
H002799,O10904,2-Qualified,3-Proposal,2026-04-16 00:00:00,U216
H002800,O10904,3-Proposal,6-Closed Lost,2026-04-28 00:00:00,U216
H002801,O10905,,2-Qualified,2024-09-23 00:00:00,U219
H002802,O10905,2-Qualified,3-Proposal,2024-09-24 00:00:00,U219
H002803,O10905,3-Proposal,4-Negotiation,2024-09-27 00:00:00,U219
H002804,O10905,4-Negotiation,6-Closed Lost,2024-09-28 00:00:00,U219
H002805,O10906,,2-Qualified,2026-10-07 00:00:00,U205
H002806,O10907,,2-Qualified,2025-02-19 00:00:00,U220
H002807,O10907,2-Qualified,3-Proposal,2025-02-20 00:00:00,U220
H002808,O10907,3-Proposal,4-Negotiation,2025-02-22 00:00:00,U220
H002809,O10907,4-Negotiation,5-Closed Won,2025-02-24 00:00:00,U220
H002810,O10908,,2-Qualified,2025-11-10 00:00:00,U220
H002811,O10908,2-Qualified,3-Proposal,2025-11-29 00:00:00,U220
H002812,O10908,3-Proposal,4-Negotiation,2025-12-11 00:00:00,U220
H002813,O10908,4-Negotiation,5-Closed Won,2025-12-30 00:00:00,U220
H002814,O10909,,2-Qualified,2026-04-16 00:00:00,U200
H002815,O10909,2-Qualified,3-Proposal,2026-05-12 00:00:00,U200
H002816,O10909,3-Proposal,4-Negotiation,2026-05-30 00:00:00,U200
H002817,O10909,4-Negotiation,5-Closed Won,2026-06-15 00:00:00,U200
H002818,O10910,,2-Qualified,2026-06-17 00:00:00,U203
H002819,O10910,2-Qualified,3-Proposal,2026-09-17 00:00:00,U203
H002820,O10911,,2-Qualified,2026-07-17 00:00:00,U216
H002821,O10911,2-Qualified,3-Proposal,2026-08-16 00:00:00,U216
H002822,O10912,,2-Qualified,2025-12-02 00:00:00,U201
H002823,O10912,2-Qualified,3-Proposal,2025-12-09 00:00:00,U201
H002824,O10912,3-Proposal,4-Negotiation,2025-12-14 00:00:00,U201
H002825,O10912,4-Negotiation,6-Closed Lost,2025-12-18 00:00:00,U201
H002826,O10913,,2-Qualified,2026-04-16 00:00:00,U202
H002827,O10913,2-Qualified,3-Proposal,2026-04-19 00:00:00,U202
H002828,O10913,3-Proposal,6-Closed Lost,2026-04-23 00:00:00,U202
H002829,O10914,,2-Qualified,2026-06-19 00:00:00,U220
H002830,O10914,2-Qualified,3-Proposal,2026-08-27 00:00:00,U220
H002831,O10914,3-Proposal,2-Qualified,2026-09-10 00:00:00,U220
H002832,O10914,3-Proposal,4-Negotiation,2026-10-22 00:00:00,U220
H002833,O10915,,2-Qualified,2025-11-01 00:00:00,U209
H002834,O10915,2-Qualified,3-Proposal,2025-11-26 00:00:00,U209
H002835,O10915,3-Proposal,4-Negotiation,2025-12-21 00:00:00,U209
H002836,O10915,4-Negotiation,5-Closed Won,2026-01-17 00:00:00,U209
H002837,O10916,,2-Qualified,2026-07-02 00:00:00,U202
H002838,O10916,2-Qualified,3-Proposal,2026-07-30 00:00:00,U202
H002839,O10917,,2-Qualified,2024-05-10 00:00:00,U204
H002840,O10917,2-Qualified,3-Proposal,2024-06-24 00:00:00,U204
H002841,O10917,3-Proposal,4-Negotiation,2024-08-06 00:00:00,U204
H002842,O10917,4-Negotiation,5-Closed Won,2024-08-28 00:00:00,U204
H002843,O10918,,2-Qualified,2024-06-05 00:00:00,U200
H002844,O10918,2-Qualified,3-Proposal,2024-06-26 00:00:00,U200
H002845,O10918,3-Proposal,4-Negotiation,2024-07-12 00:00:00,U200
H002846,O10918,4-Negotiation,5-Closed Won,2024-08-06 00:00:00,U200
H002847,O10919,,2-Qualified,2025-03-06 00:00:00,U204
H002848,O10919,2-Qualified,3-Proposal,2025-04-03 00:00:00,U204
H002849,O10919,3-Proposal,4-Negotiation,2025-04-26 00:00:00,U204
H002850,O10919,4-Negotiation,5-Closed Won,2025-06-02 00:00:00,U204
H002851,O10920,,2-Qualified,2024-02-04 00:00:00,U201
H002852,O10920,2-Qualified,3-Proposal,2024-02-26 00:00:00,U201
H002853,O10920,3-Proposal,4-Negotiation,2024-03-15 00:00:00,U201
H002854,O10920,4-Negotiation,5-Closed Won,2024-04-05 00:00:00,U201
H002855,O10921,,2-Qualified,2026-07-09 00:00:00,U215
H002856,O10921,2-Qualified,3-Proposal,2026-09-11 00:00:00,U215
H002857,O10922,,2-Qualified,2024-08-18 00:00:00,U209
H002858,O10922,2-Qualified,3-Proposal,2024-08-29 00:00:00,U209
H002859,O10922,3-Proposal,4-Negotiation,2024-09-14 00:00:00,U209
H002860,O10922,4-Negotiation,5-Closed Won,2024-09-22 00:00:00,U209
H002861,O10923,,2-Qualified,2025-02-03 00:00:00,U206
H002862,O10923,2-Qualified,6-Closed Lost,2025-02-08 00:00:00,U206
H002863,O10925,,2-Qualified,2025-11-05 00:00:00,U218
H002864,O10925,2-Qualified,3-Proposal,2025-12-24 00:00:00,U218
H002865,O10925,3-Proposal,4-Negotiation,2026-02-11 00:00:00,U218
H002866,O10925,4-Negotiation,5-Closed Won,2026-03-11 00:00:00,U218
H002867,O10926,,2-Qualified,2025-11-18 00:00:00,U205
H002868,O10926,2-Qualified,3-Proposal,2025-12-22 00:00:00,U205
H002869,O10926,3-Proposal,4-Negotiation,2026-01-30 00:00:00,U205
H002870,O10926,4-Negotiation,5-Closed Won,2026-02-03 00:00:00,U205
H002871,O10928,,2-Qualified,2024-06-07 00:00:00,U214
H002872,O10928,2-Qualified,3-Proposal,2024-06-19 00:00:00,U214
H002873,O10928,3-Proposal,4-Negotiation,2024-07-10 00:00:00,U214
H002874,O10928,4-Negotiation,5-Closed Won,2024-07-28 00:00:00,U214
H002875,O10929,,2-Qualified,2024-04-01 00:00:00,U218
H002876,O10929,2-Qualified,3-Proposal,2024-05-04 00:00:00,U218
H002877,O10929,3-Proposal,4-Negotiation,2024-06-01 00:00:00,U218
H002878,O10929,4-Negotiation,5-Closed Won,2024-06-28 00:00:00,U218
H002879,O10930,,2-Qualified,2025-08-30 00:00:00,U203
H002880,O10930,2-Qualified,3-Proposal,2025-09-11 00:00:00,U203
H002881,O10930,3-Proposal,6-Closed Lost,2025-09-14 00:00:00,U203
H002882,O10931,,2-Qualified,2025-07-06 00:00:00,U211
H002883,O10931,2-Qualified,3-Proposal,2025-07-15 00:00:00,U211
H002884,O10931,3-Proposal,4-Negotiation,2025-07-25 00:00:00,U211
H002885,O10931,4-Negotiation,6-Closed Lost,2025-07-29 00:00:00,U211
H002886,O10932,,2-Qualified,2024-06-08 00:00:00,U217
H002887,O10932,2-Qualified,3-Proposal,2024-06-10 00:00:00,U217
H002888,O10932,3-Proposal,4-Negotiation,2024-06-12 00:00:00,U217
H002889,O10932,4-Negotiation,5-Closed Won,2024-06-14 00:00:00,U217
H002890,O10933,,2-Qualified,2025-10-17 00:00:00,U202
H002891,O10933,2-Qualified,3-Proposal,2025-11-08 00:00:00,U202
H002892,O10933,3-Proposal,6-Closed Lost,2025-11-26 00:00:00,U202
H002893,O10934,,2-Qualified,2026-01-21 00:00:00,U214
H002894,O10934,2-Qualified,3-Proposal,2026-01-26 00:00:00,U214
H002895,O10934,3-Proposal,4-Negotiation,2026-02-02 00:00:00,U214
H002896,O10934,4-Negotiation,5-Closed Won,2026-02-06 00:00:00,U214
H002897,O10935,,2-Qualified,2024-06-24 00:00:00,U211
H002898,O10935,2-Qualified,3-Proposal,2024-07-01 00:00:00,U211
H002899,O10935,3-Proposal,4-Negotiation,2024-07-10 00:00:00,U211
H002900,O10935,4-Negotiation,6-Closed Lost,2024-07-19 00:00:00,U211
H002901,O10936,,2-Qualified,2026-02-12 00:00:00,U213
H002902,O10936,2-Qualified,3-Proposal,2026-02-14 00:00:00,U213
H002903,O10936,3-Proposal,4-Negotiation,2026-02-16 00:00:00,U213
H002904,O10936,4-Negotiation,5-Closed Won,2026-02-18 00:00:00,U213
H002905,O10938,,2-Qualified,2024-05-13 00:00:00,U219
H002906,O10938,2-Qualified,3-Proposal,2024-05-28 00:00:00,U219
H002907,O10938,3-Proposal,4-Negotiation,2024-06-19 00:00:00,U219
H002908,O10938,4-Negotiation,5-Closed Won,2024-07-08 00:00:00,U219
H002909,O10939,,2-Qualified,2025-11-27 00:00:00,U204
H002910,O10939,2-Qualified,3-Proposal,2025-12-26 00:00:00,U204
H002911,O10939,3-Proposal,4-Negotiation,2026-01-08 00:00:00,U204
H002912,O10939,4-Negotiation,5-Closed Won,2026-01-23 00:00:00,U204
H002913,O10940,,2-Qualified,2025-05-29 00:00:00,U201
H002914,O10940,2-Qualified,3-Proposal,2025-06-17 00:00:00,U201
H002915,O10940,3-Proposal,6-Closed Lost,2025-07-03 00:00:00,U201
H002916,O10941,,2-Qualified,2025-10-15 00:00:00,U221
H002917,O10941,2-Qualified,3-Proposal,2025-11-12 00:00:00,U221
H002918,O10941,3-Proposal,6-Closed Lost,2025-11-27 00:00:00,U221
H002919,O10942,,2-Qualified,2025-02-14 00:00:00,U212
H002920,O10942,2-Qualified,3-Proposal,2025-02-17 00:00:00,U212
H002921,O10942,3-Proposal,6-Closed Lost,2025-02-21 00:00:00,U212
H002922,O10943,,2-Qualified,2026-07-16 00:00:00,U202
H002923,O10944,,2-Qualified,2024-10-06 00:00:00,U216
H002924,O10944,2-Qualified,3-Proposal,2024-10-15 00:00:00,U216
H002925,O10944,3-Proposal,4-Negotiation,2024-10-22 00:00:00,U216
H002926,O10944,4-Negotiation,5-Closed Won,2024-10-28 00:00:00,U216
H002927,O10945,,2-Qualified,2025-05-31 00:00:00,U210
H002928,O10945,2-Qualified,3-Proposal,2025-07-21 00:00:00,U210
H002929,O10945,3-Proposal,6-Closed Lost,2025-09-09 00:00:00,U210
H002930,O10946,,2-Qualified,2026-05-04 00:00:00,U209
H002931,O10946,2-Qualified,3-Proposal,2026-05-20 00:00:00,U209
H002932,O10946,3-Proposal,6-Closed Lost,2026-06-11 00:00:00,U209
H002933,O10947,,2-Qualified,2024-02-27 00:00:00,U220
H002934,O10947,2-Qualified,3-Proposal,2024-03-27 00:00:00,U220
H002935,O10947,3-Proposal,6-Closed Lost,2024-04-03 00:00:00,U220
H002936,O10948,,2-Qualified,2025-07-09 00:00:00,U213
H002937,O10948,2-Qualified,3-Proposal,2025-07-22 00:00:00,U213
H002938,O10948,3-Proposal,4-Negotiation,2025-08-03 00:00:00,U213
H002939,O10948,4-Negotiation,5-Closed Won,2025-08-20 00:00:00,U213
H002940,O10949,,2-Qualified,2026-07-04 00:00:00,U222
H002941,O10950,,2-Qualified,2024-06-16 00:00:00,U210
H002942,O10950,2-Qualified,6-Closed Lost,2024-06-21 00:00:00,U210
H002943,O10951,,2-Qualified,2024-09-27 00:00:00,U214
H002944,O10951,2-Qualified,3-Proposal,2024-11-07 00:00:00,U214
H002945,O10951,3-Proposal,4-Negotiation,2024-12-13 00:00:00,U214
H002946,O10951,4-Negotiation,5-Closed Won,2024-12-18 00:00:00,U214
H002947,O10952,,2-Qualified,2024-11-09 00:00:00,U219
H002948,O10952,2-Qualified,3-Proposal,2024-11-23 00:00:00,U219
H002949,O10952,3-Proposal,4-Negotiation,2024-12-09 00:00:00,U219
H002950,O10952,4-Negotiation,5-Closed Won,2024-12-18 00:00:00,U219
H002951,O10953,,2-Qualified,2024-03-30 00:00:00,U216
H002952,O10953,2-Qualified,3-Proposal,2024-04-02 00:00:00,U216
H002953,O10953,3-Proposal,4-Negotiation,2024-04-07 00:00:00,U216
H002954,O10953,4-Negotiation,5-Closed Won,2024-04-10 00:00:00,U216
H002955,O10954,,2-Qualified,2025-07-28 00:00:00,U223
H002956,O10954,2-Qualified,3-Proposal,2025-09-08 00:00:00,U223
H002957,O10954,3-Proposal,4-Negotiation,2025-09-27 00:00:00,U223
H002958,O10954,4-Negotiation,5-Closed Won,2025-10-27 00:00:00,U223
H002959,O10955,,2-Qualified,2026-10-13 00:00:00,U205
H002960,O10956,,2-Qualified,2025-01-29 00:00:00,U200
H002961,O10956,2-Qualified,3-Proposal,2025-03-30 00:00:00,U200
H002962,O10956,3-Proposal,4-Negotiation,2025-05-17 00:00:00,U200
H002963,O10956,4-Negotiation,5-Closed Won,2025-05-24 00:00:00,U200
H002964,O10958,,2-Qualified,2025-09-29 00:00:00,U206
H002965,O10958,2-Qualified,3-Proposal,2025-10-16 00:00:00,U206
H002966,O10958,3-Proposal,4-Negotiation,2025-10-24 00:00:00,U206
H002967,O10958,4-Negotiation,5-Closed Won,2025-11-08 00:00:00,U206
H002968,O10959,,2-Qualified,2025-12-21 00:00:00,U201
H002969,O10959,2-Qualified,3-Proposal,2026-01-13 00:00:00,U201
H002970,O10959,3-Proposal,4-Negotiation,2026-02-16 00:00:00,U201
H002971,O10959,4-Negotiation,5-Closed Won,2026-03-15 00:00:00,U201
H002972,O10960,,2-Qualified,2025-01-04 00:00:00,U207
H002973,O10960,2-Qualified,3-Proposal,2025-01-05 00:00:00,U207
H002974,O10960,3-Proposal,4-Negotiation,2025-01-07 00:00:00,U207
H002975,O10960,4-Negotiation,6-Closed Lost,2025-01-09 00:00:00,U207
H002976,O10961,,2-Qualified,2025-12-29 00:00:00,U219
H002977,O10961,2-Qualified,3-Proposal,2025-12-30 00:00:00,U219
H002978,O10961,3-Proposal,4-Negotiation,2026-01-01 00:00:00,U219
H002979,O10961,4-Negotiation,5-Closed Won,2026-01-02 00:00:00,U219
H002980,O10962,,2-Qualified,2025-12-21 00:00:00,U223
H002981,O10962,2-Qualified,6-Closed Lost,2026-01-14 00:00:00,U223
H002982,O10963,,2-Qualified,2025-07-16 00:00:00,U214
H002983,O10963,2-Qualified,6-Closed Lost,2025-08-03 00:00:00,U214
H002984,O10964,,2-Qualified,2026-03-31 00:00:00,U207
H002985,O10964,2-Qualified,3-Proposal,2026-04-16 00:00:00,U207
H002986,O10964,3-Proposal,4-Negotiation,2026-05-11 00:00:00,U207
H002987,O10964,4-Negotiation,5-Closed Won,2026-05-30 00:00:00,U207
H002988,O10965,,2-Qualified,2025-01-19 00:00:00,U209
H002989,O10965,2-Qualified,3-Proposal,2025-01-20 00:00:00,U209
H002990,O10965,3-Proposal,4-Negotiation,2025-01-22 00:00:00,U209
H002991,O10965,4-Negotiation,6-Closed Lost,2025-01-24 00:00:00,U209
H002992,O10967,,2-Qualified,2026-05-29 00:00:00,U212
H002993,O10967,2-Qualified,3-Proposal,2026-07-02 00:00:00,U212
H002994,O10968,,2-Qualified,2024-11-11 00:00:00,U208
H002995,O10968,2-Qualified,3-Proposal,2024-11-13 00:00:00,U208
H002996,O10968,3-Proposal,4-Negotiation,2024-11-15 00:00:00,U208
H002997,O10968,4-Negotiation,5-Closed Won,2024-11-16 00:00:00,U208
H002998,O10969,,2-Qualified,2026-02-08 00:00:00,U211
H002999,O10969,2-Qualified,3-Proposal,2026-02-28 00:00:00,U211
H003000,O10969,3-Proposal,4-Negotiation,2026-03-19 00:00:00,U211
H003001,O10969,4-Negotiation,5-Closed Won,2026-04-04 00:00:00,U211
H003002,O10970,,2-Qualified,2025-04-23 00:00:00,U213
H003003,O10970,2-Qualified,3-Proposal,2025-04-30 00:00:00,U213
H003004,O10970,3-Proposal,4-Negotiation,2025-05-03 00:00:00,U213
H003005,O10970,4-Negotiation,5-Closed Won,2025-05-08 00:00:00,U213
H003006,O10971,,2-Qualified,2025-12-10 00:00:00,U219
H003007,O10971,2-Qualified,3-Proposal,2025-12-20 00:00:00,U219
H003008,O10971,3-Proposal,4-Negotiation,2025-12-26 00:00:00,U219
H003009,O10971,4-Negotiation,5-Closed Won,2026-01-04 00:00:00,U219
H003010,O10972,,2-Qualified,2024-08-04 00:00:00,U217
H003011,O10972,2-Qualified,6-Closed Lost,2024-08-10 00:00:00,U217
H003012,O10973,,2-Qualified,2025-08-03 00:00:00,U216
H003013,O10973,2-Qualified,3-Proposal,2025-10-03 00:00:00,U216
H003014,O10973,3-Proposal,6-Closed Lost,2025-11-14 00:00:00,U216
H003015,O10974,,2-Qualified,2025-11-03 00:00:00,U206
H003016,O10974,2-Qualified,3-Proposal,2025-12-22 00:00:00,U206
H003017,O10974,3-Proposal,6-Closed Lost,2026-01-14 00:00:00,U206
H003018,O10975,,2-Qualified,2025-12-03 00:00:00,U218
H003019,O10975,2-Qualified,3-Proposal,2026-01-15 00:00:00,U218
H003020,O10975,3-Proposal,4-Negotiation,2026-03-05 00:00:00,U218
H003021,O10975,4-Negotiation,6-Closed Lost,2026-04-06 00:00:00,U218
H003022,O10976,,2-Qualified,2026-05-27 00:00:00,U208
H003023,O10976,2-Qualified,3-Proposal,2026-06-08 00:00:00,U208
H003024,O10976,3-Proposal,6-Closed Lost,2026-06-21 00:00:00,U208
H003025,O10977,,2-Qualified,2024-10-05 00:00:00,U210
H003026,O10977,2-Qualified,6-Closed Lost,2024-11-20 00:00:00,U210
H003027,O10978,,2-Qualified,2026-07-06 00:00:00,U219
H003028,O10979,,2-Qualified,2024-11-07 00:00:00,U214
H003029,O10979,2-Qualified,3-Proposal,2024-11-18 00:00:00,U214
H003030,O10979,3-Proposal,6-Closed Lost,2024-11-25 00:00:00,U214
H003031,O10980,,2-Qualified,2025-05-08 00:00:00,U201
H003032,O10980,2-Qualified,3-Proposal,2025-07-15 00:00:00,U201
H003033,O10980,3-Proposal,4-Negotiation,2025-08-22 00:00:00,U201
H003034,O10980,4-Negotiation,6-Closed Lost,2025-09-28 00:00:00,U201
H003035,O10981,,2-Qualified,2025-01-19 00:00:00,U203
H003036,O10981,2-Qualified,3-Proposal,2025-02-22 00:00:00,U203
H003037,O10981,3-Proposal,4-Negotiation,2025-04-23 00:00:00,U203
H003038,O10981,4-Negotiation,5-Closed Won,2025-06-09 00:00:00,U203
H003039,O10982,,2-Qualified,2024-06-06 00:00:00,U206
H003040,O10982,2-Qualified,3-Proposal,2024-06-17 00:00:00,U206
H003041,O10982,3-Proposal,4-Negotiation,2024-06-30 00:00:00,U206
H003042,O10982,4-Negotiation,5-Closed Won,2024-07-10 00:00:00,U206
H003043,O10983,,2-Qualified,2025-03-31 00:00:00,U217
H003044,O10983,2-Qualified,3-Proposal,2025-04-23 00:00:00,U217
H003045,O10983,3-Proposal,4-Negotiation,2025-05-22 00:00:00,U217
H003046,O10983,4-Negotiation,5-Closed Won,2025-06-21 00:00:00,U217
H003047,O10984,,2-Qualified,2026-02-08 00:00:00,U210
H003048,O10984,2-Qualified,3-Proposal,2026-03-06 00:00:00,U210
H003049,O10984,3-Proposal,4-Negotiation,2026-04-08 00:00:00,U210
H003050,O10984,4-Negotiation,5-Closed Won,2026-05-01 00:00:00,U210
H003051,O10985,,2-Qualified,2025-05-25 00:00:00,U212
H003052,O10985,2-Qualified,3-Proposal,2025-05-27 00:00:00,U212
H003053,O10985,3-Proposal,6-Closed Lost,2025-05-29 00:00:00,U212
H003054,O10986,,2-Qualified,2025-08-01 00:00:00,U216
H003055,O10986,2-Qualified,3-Proposal,2025-08-26 00:00:00,U216
H003056,O10986,3-Proposal,6-Closed Lost,2025-09-24 00:00:00,U216
H003057,O10987,,2-Qualified,2024-11-10 00:00:00,U204
H003058,O10987,2-Qualified,3-Proposal,2024-12-24 00:00:00,U204
H003059,O10987,3-Proposal,4-Negotiation,2025-02-08 00:00:00,U204
H003060,O10987,4-Negotiation,5-Closed Won,2025-04-17 00:00:00,U204
H003061,O10988,,2-Qualified,2024-07-16 00:00:00,U207
H003062,O10988,2-Qualified,6-Closed Lost,2024-08-09 00:00:00,U207
H003063,O10989,,2-Qualified,2025-05-04 00:00:00,U213
H003064,O10989,2-Qualified,3-Proposal,2025-05-15 00:00:00,U213
H003065,O10989,3-Proposal,4-Negotiation,2025-05-23 00:00:00,U213
H003066,O10989,4-Negotiation,6-Closed Lost,2025-06-06 00:00:00,U213
H003067,O10990,,2-Qualified,2025-03-16 00:00:00,U200
H003068,O10990,2-Qualified,3-Proposal,2025-04-12 00:00:00,U200
H003069,O10990,3-Proposal,4-Negotiation,2025-05-01 00:00:00,U200
H003070,O10990,4-Negotiation,6-Closed Lost,2025-05-21 00:00:00,U200
H003071,O10991,,2-Qualified,2026-02-06 00:00:00,U216
H003072,O10991,2-Qualified,6-Closed Lost,2026-05-14 00:00:00,U216
H003073,O10992,,2-Qualified,2024-07-04 00:00:00,U216
H003074,O10992,2-Qualified,3-Proposal,2024-07-28 00:00:00,U216
H003075,O10992,3-Proposal,4-Negotiation,2024-08-09 00:00:00,U216
H003076,O10992,4-Negotiation,5-Closed Won,2024-08-25 00:00:00,U216
H003077,O10993,,2-Qualified,2024-10-22 00:00:00,U215
H003078,O10993,2-Qualified,3-Proposal,2024-11-22 00:00:00,U215
H003079,O10993,3-Proposal,4-Negotiation,2024-12-08 00:00:00,U215
H003080,O10993,4-Negotiation,5-Closed Won,2025-01-01 00:00:00,U215
H003081,O10994,,2-Qualified,2025-04-23 00:00:00,U213
H003082,O10994,2-Qualified,3-Proposal,2025-05-12 00:00:00,U213
H003083,O10994,3-Proposal,4-Negotiation,2025-06-02 00:00:00,U213
H003084,O10994,4-Negotiation,5-Closed Won,2025-06-15 00:00:00,U213
H003085,O10995,,2-Qualified,2025-10-26 00:00:00,U223
H003086,O10995,2-Qualified,3-Proposal,2025-11-13 00:00:00,U223
H003087,O10995,3-Proposal,4-Negotiation,2025-11-24 00:00:00,U223
H003088,O10995,4-Negotiation,5-Closed Won,2025-12-12 00:00:00,U223
H003089,O10996,,2-Qualified,2025-07-27 00:00:00,U217
H003090,O10996,2-Qualified,3-Proposal,2025-08-09 00:00:00,U217
H003091,O10996,3-Proposal,6-Closed Lost,2025-08-26 00:00:00,U217
H003092,O10997,,2-Qualified,2025-03-28 00:00:00,U223
H003093,O10997,2-Qualified,6-Closed Lost,2025-07-18 00:00:00,U223
H003094,O10998,,2-Qualified,2026-01-01 00:00:00,U206
H003095,O10998,2-Qualified,3-Proposal,2026-01-10 00:00:00,U206
H003096,O10998,3-Proposal,4-Negotiation,2026-01-21 00:00:00,U206
H003097,O10998,4-Negotiation,5-Closed Won,2026-02-01 00:00:00,U206
H003098,O10999,,2-Qualified,2026-07-09 00:00:00,U219
H003099,O11000,,2-Qualified,2025-08-01 00:00:00,U214
H003100,O11000,2-Qualified,6-Closed Lost,2025-09-08 00:00:00,U214
H003101,O11001,,2-Qualified,2026-01-07 00:00:00,U216
H003102,O11001,2-Qualified,3-Proposal,2026-01-28 00:00:00,U216
H003103,O11001,3-Proposal,4-Negotiation,2026-03-09 00:00:00,U216
H003104,O11001,4-Negotiation,6-Closed Lost,2026-04-14 00:00:00,U216
H003105,O11002,,2-Qualified,2024-12-31 00:00:00,U210
H003106,O11002,2-Qualified,3-Proposal,2025-01-21 00:00:00,U210
H003107,O11002,3-Proposal,4-Negotiation,2025-02-06 00:00:00,U210
H003108,O11002,4-Negotiation,5-Closed Won,2025-02-27 00:00:00,U210
H003109,O11003,,2-Qualified,2024-06-19 00:00:00,U209
H003110,O11003,2-Qualified,6-Closed Lost,2024-08-04 00:00:00,U209
H003111,O11004,,2-Qualified,2024-10-24 00:00:00,U215
H003112,O11004,2-Qualified,3-Proposal,2024-11-02 00:00:00,U215
H003113,O11004,3-Proposal,4-Negotiation,2024-11-14 00:00:00,U215
H003114,O11004,4-Negotiation,5-Closed Won,2024-11-26 00:00:00,U215
H003115,O11005,,2-Qualified,2026-04-01 00:00:00,U220
H003116,O11005,2-Qualified,3-Proposal,2026-04-30 00:00:00,U220
H003117,O11005,3-Proposal,6-Closed Lost,2026-05-29 00:00:00,U220
H003118,O11006,,2-Qualified,2026-09-04 00:00:00,U217
H003119,O11007,,2-Qualified,2025-04-02 00:00:00,U214
H003120,O11007,2-Qualified,3-Proposal,2025-04-30 00:00:00,U214
H003121,O11007,3-Proposal,4-Negotiation,2025-05-18 00:00:00,U214
H003122,O11007,4-Negotiation,5-Closed Won,2025-06-06 00:00:00,U214
H003123,O11008,,2-Qualified,2024-11-21 00:00:00,U222
H003124,O11008,2-Qualified,3-Proposal,2024-12-29 00:00:00,U222
H003125,O11008,3-Proposal,6-Closed Lost,2025-01-23 00:00:00,U222
H003126,O11009,,2-Qualified,2024-03-12 00:00:00,U208
H003127,O11009,2-Qualified,3-Proposal,2024-04-08 00:00:00,U208
H003128,O11009,3-Proposal,4-Negotiation,2024-05-13 00:00:00,U208
H003129,O11009,4-Negotiation,5-Closed Won,2024-06-06 00:00:00,U208
H003130,O11010,,2-Qualified,2025-03-29 00:00:00,U220
H003131,O11010,2-Qualified,3-Proposal,2025-03-31 00:00:00,U220
H003132,O11010,3-Proposal,4-Negotiation,2025-04-01 00:00:00,U220
H003133,O11010,4-Negotiation,5-Closed Won,2025-04-04 00:00:00,U220
H003134,O11012,,2-Qualified,2025-12-02 00:00:00,U211
H003135,O11012,2-Qualified,3-Proposal,2025-12-31 00:00:00,U211
H003136,O11012,3-Proposal,4-Negotiation,2026-01-23 00:00:00,U211
H003137,O11012,4-Negotiation,5-Closed Won,2026-02-16 00:00:00,U211
H003138,O11013,,2-Qualified,2026-05-20 00:00:00,U201
H003139,O11013,2-Qualified,3-Proposal,2026-05-22 00:00:00,U201
H003140,O11013,3-Proposal,4-Negotiation,2026-05-23 00:00:00,U201
H003141,O11013,4-Negotiation,5-Closed Won,2026-05-25 00:00:00,U201
H003142,O11014,,2-Qualified,2025-11-20 00:00:00,U219
H003143,O11014,2-Qualified,3-Proposal,2025-12-27 00:00:00,U219
H003144,O11014,3-Proposal,4-Negotiation,2026-01-26 00:00:00,U219
H003145,O11014,4-Negotiation,5-Closed Won,2026-02-25 00:00:00,U219
H003146,O11015,,2-Qualified,2024-10-17 00:00:00,U213
H003147,O11015,2-Qualified,3-Proposal,2024-11-04 00:00:00,U213
H003148,O11015,3-Proposal,6-Closed Lost,2024-11-25 00:00:00,U213
H003149,O11016,,2-Qualified,2025-01-22 00:00:00,U201
H003150,O11016,2-Qualified,6-Closed Lost,2025-02-04 00:00:00,U201
H003151,O11017,,2-Qualified,2025-12-03 00:00:00,U214
H003152,O11017,2-Qualified,3-Proposal,2025-12-15 00:00:00,U214
H003153,O11017,3-Proposal,4-Negotiation,2025-12-24 00:00:00,U214
H003154,O11017,4-Negotiation,5-Closed Won,2026-01-01 00:00:00,U214
H003155,O11018,,2-Qualified,2024-02-23 00:00:00,U207
H003156,O11018,2-Qualified,3-Proposal,2024-03-04 00:00:00,U207
H003157,O11018,3-Proposal,4-Negotiation,2024-03-14 00:00:00,U207
H003158,O11018,4-Negotiation,6-Closed Lost,2024-04-03 00:00:00,U207
H003159,O11019,,2-Qualified,2024-05-09 00:00:00,U200
H003160,O11019,2-Qualified,3-Proposal,2024-05-27 00:00:00,U200
H003161,O11019,3-Proposal,4-Negotiation,2024-06-09 00:00:00,U200
H003162,O11019,4-Negotiation,5-Closed Won,2024-06-18 00:00:00,U200
H003163,O11020,,2-Qualified,2025-04-07 00:00:00,U210
H003164,O11020,2-Qualified,3-Proposal,2025-04-17 00:00:00,U210
H003165,O11020,3-Proposal,4-Negotiation,2025-05-08 00:00:00,U210
H003166,O11020,4-Negotiation,5-Closed Won,2025-05-19 00:00:00,U210
H003167,O11021,,2-Qualified,2025-01-19 00:00:00,U206
H003168,O11021,2-Qualified,3-Proposal,2025-01-28 00:00:00,U206
H003169,O11021,3-Proposal,4-Negotiation,2025-02-08 00:00:00,U206
H003170,O11021,4-Negotiation,5-Closed Won,2025-02-22 00:00:00,U206
H003171,O11022,,2-Qualified,2025-12-09 00:00:00,U211
H003172,O11022,2-Qualified,3-Proposal,2026-01-08 00:00:00,U211
H003173,O11022,3-Proposal,4-Negotiation,2026-02-17 00:00:00,U211
H003174,O11022,4-Negotiation,5-Closed Won,2026-03-15 00:00:00,U211
H003175,O11023,,2-Qualified,2026-04-18 00:00:00,U200
H003176,O11023,2-Qualified,3-Proposal,2026-06-10 00:00:00,U200
H003177,O11023,3-Proposal,4-Negotiation,2026-08-12 00:00:00,U200
H003178,O11024,,2-Qualified,2025-12-20 00:00:00,U209
H003179,O11024,2-Qualified,3-Proposal,2025-12-30 00:00:00,U209
H003180,O11024,3-Proposal,4-Negotiation,2026-01-06 00:00:00,U209
H003181,O11024,4-Negotiation,5-Closed Won,2026-01-13 00:00:00,U209
H003182,O11025,,2-Qualified,2024-11-26 00:00:00,U215
H003183,O11025,2-Qualified,3-Proposal,2024-11-29 00:00:00,U215
H003184,O11025,3-Proposal,6-Closed Lost,2024-12-02 00:00:00,U215
H003185,O11026,,2-Qualified,2024-06-29 00:00:00,U216
H003186,O11026,2-Qualified,3-Proposal,2024-07-23 00:00:00,U216
H003187,O11026,3-Proposal,4-Negotiation,2024-08-28 00:00:00,U216
H003188,O11026,4-Negotiation,5-Closed Won,2024-09-17 00:00:00,U216
H003189,O11027,,2-Qualified,2025-07-10 00:00:00,U206
H003190,O11027,2-Qualified,3-Proposal,2025-07-20 00:00:00,U206
H003191,O11027,3-Proposal,4-Negotiation,2025-07-28 00:00:00,U206
H003192,O11027,4-Negotiation,6-Closed Lost,2025-08-05 00:00:00,U206
H003193,O11028,,2-Qualified,2024-04-02 00:00:00,U217
H003194,O11028,2-Qualified,6-Closed Lost,2024-05-21 00:00:00,U217
H003195,O11030,,2-Qualified,2026-09-21 00:00:00,U201
H003196,O11030,2-Qualified,3-Proposal,2026-12-19 00:00:00,U201
H003197,O11031,,2-Qualified,2026-08-23 00:00:00,U201
H003198,O11031,2-Qualified,3-Proposal,2026-10-26 00:00:00,U201
H003199,O11032,,2-Qualified,2024-11-15 00:00:00,U209
H003200,O11032,2-Qualified,3-Proposal,2024-12-05 00:00:00,U209
H003201,O11032,3-Proposal,4-Negotiation,2024-12-24 00:00:00,U209
H003202,O11032,4-Negotiation,5-Closed Won,2025-01-01 00:00:00,U209
H003203,O11033,,2-Qualified,2024-06-17 00:00:00,U223
H003204,O11033,2-Qualified,3-Proposal,2024-07-01 00:00:00,U223
H003205,O11033,3-Proposal,4-Negotiation,2024-07-11 00:00:00,U223
H003206,O11033,4-Negotiation,6-Closed Lost,2024-08-02 00:00:00,U223
H003207,O11034,,2-Qualified,2024-06-05 00:00:00,U210
H003208,O11034,2-Qualified,3-Proposal,2024-06-25 00:00:00,U210
H003209,O11034,3-Proposal,4-Negotiation,2024-07-24 00:00:00,U210
H003210,O11034,4-Negotiation,6-Closed Lost,2024-08-09 00:00:00,U210
H003211,O11035,,2-Qualified,2025-10-29 00:00:00,U208
H003212,O11035,2-Qualified,3-Proposal,2025-12-14 00:00:00,U208
H003213,O11035,3-Proposal,4-Negotiation,2026-01-25 00:00:00,U208
H003214,O11035,4-Negotiation,5-Closed Won,2026-02-21 00:00:00,U208
H003215,O11036,,2-Qualified,2025-05-01 00:00:00,U219
H003216,O11036,2-Qualified,3-Proposal,2025-06-04 00:00:00,U219
H003217,O11036,3-Proposal,4-Negotiation,2025-06-24 00:00:00,U219
H003218,O11036,4-Negotiation,5-Closed Won,2025-07-12 00:00:00,U219
H003219,O11037,,2-Qualified,2025-11-08 00:00:00,U206
H003220,O11037,2-Qualified,3-Proposal,2025-12-18 00:00:00,U206
H003221,O11037,3-Proposal,4-Negotiation,2026-01-11 00:00:00,U206
H003222,O11037,4-Negotiation,5-Closed Won,2026-02-01 00:00:00,U206
H003223,O11038,,2-Qualified,2025-09-22 00:00:00,U202
H003224,O11038,2-Qualified,3-Proposal,2025-10-30 00:00:00,U202
H003225,O11038,3-Proposal,6-Closed Lost,2025-11-22 00:00:00,U202
H003226,O11039,,2-Qualified,2026-04-05 00:00:00,U206
H003227,O11039,2-Qualified,6-Closed Lost,2026-04-09 00:00:00,U206
H003228,O11040,,2-Qualified,2024-02-05 00:00:00,U223
H003229,O11040,2-Qualified,3-Proposal,2024-02-11 00:00:00,U223
H003230,O11040,3-Proposal,4-Negotiation,2024-02-18 00:00:00,U223
H003231,O11040,4-Negotiation,5-Closed Won,2024-02-25 00:00:00,U223
H003232,O11041,,2-Qualified,2024-10-25 00:00:00,U200
H003233,O11041,2-Qualified,3-Proposal,2024-11-12 00:00:00,U200
H003234,O11041,3-Proposal,6-Closed Lost,2024-11-27 00:00:00,U200
H003235,O11042,,2-Qualified,2025-12-15 00:00:00,U203
H003236,O11042,2-Qualified,3-Proposal,2026-01-23 00:00:00,U203
H003237,O11042,3-Proposal,4-Negotiation,2026-02-20 00:00:00,U203
H003238,O11042,4-Negotiation,5-Closed Won,2026-03-16 00:00:00,U203
H003239,O11043,,2-Qualified,2024-02-26 00:00:00,U213
H003240,O11043,2-Qualified,3-Proposal,2024-03-22 00:00:00,U213
H003241,O11043,3-Proposal,4-Negotiation,2024-04-25 00:00:00,U213
H003242,O11043,4-Negotiation,5-Closed Won,2024-05-17 00:00:00,U213
H003243,O11044,,2-Qualified,2025-02-26 00:00:00,U220
H003244,O11044,2-Qualified,3-Proposal,2025-03-05 00:00:00,U220
H003245,O11044,3-Proposal,4-Negotiation,2025-03-13 00:00:00,U220
H003246,O11044,4-Negotiation,5-Closed Won,2025-03-21 00:00:00,U220
H003247,O11046,,2-Qualified,2024-11-19 00:00:00,U211
H003248,O11046,2-Qualified,3-Proposal,2024-12-25 00:00:00,U211
H003249,O11046,3-Proposal,4-Negotiation,2025-01-24 00:00:00,U211
H003250,O11046,4-Negotiation,6-Closed Lost,2025-02-21 00:00:00,U211
H003251,O11047,,2-Qualified,2025-09-06 00:00:00,U203
H003252,O11047,2-Qualified,3-Proposal,2025-09-08 00:00:00,U203
H003253,O11047,3-Proposal,4-Negotiation,2025-09-11 00:00:00,U203
H003254,O11047,4-Negotiation,5-Closed Won,2025-09-12 00:00:00,U203
H003255,O11048,,2-Qualified,2024-06-08 00:00:00,U221
H003256,O11048,2-Qualified,3-Proposal,2024-07-20 00:00:00,U221
H003257,O11048,3-Proposal,4-Negotiation,2024-09-02 00:00:00,U221
H003258,O11048,4-Negotiation,6-Closed Lost,2024-09-19 00:00:00,U221
H003259,O11050,,2-Qualified,2026-04-13 00:00:00,U202
H003260,O11050,2-Qualified,3-Proposal,2026-05-08 00:00:00,U202
H003261,O11050,3-Proposal,6-Closed Lost,2026-06-05 00:00:00,U202
H003262,O11052,,2-Qualified,2026-01-14 00:00:00,U206
H003263,O11052,2-Qualified,3-Proposal,2026-02-02 00:00:00,U206
H003264,O11052,3-Proposal,4-Negotiation,2026-02-18 00:00:00,U206
H003265,O11052,4-Negotiation,5-Closed Won,2026-03-10 00:00:00,U206
H003266,O11053,,2-Qualified,2025-09-09 00:00:00,U210
H003267,O11053,2-Qualified,3-Proposal,2025-09-25 00:00:00,U210
H003268,O11053,3-Proposal,4-Negotiation,2025-10-16 00:00:00,U210
H003269,O11053,4-Negotiation,6-Closed Lost,2025-10-28 00:00:00,U210
H003270,O11054,,2-Qualified,2025-10-30 00:00:00,U223
H003271,O11054,2-Qualified,3-Proposal,2026-01-02 00:00:00,U223
H003272,O11054,3-Proposal,4-Negotiation,2026-02-21 00:00:00,U223
H003273,O11054,4-Negotiation,5-Closed Won,2026-03-22 00:00:00,U223
H003274,O11055,,2-Qualified,2025-07-11 00:00:00,U212
H003275,O11055,2-Qualified,3-Proposal,2025-07-31 00:00:00,U212
H003276,O11055,3-Proposal,6-Closed Lost,2025-08-17 00:00:00,U212
H003277,O11056,,2-Qualified,2024-11-27 00:00:00,U203
H003278,O11056,2-Qualified,3-Proposal,2025-01-12 00:00:00,U203
H003279,O11056,3-Proposal,4-Negotiation,2025-02-19 00:00:00,U203
H003280,O11056,4-Negotiation,5-Closed Won,2025-03-09 00:00:00,U203
H003281,O11057,,2-Qualified,2024-11-25 00:00:00,U206
H003282,O11057,2-Qualified,3-Proposal,2024-12-01 00:00:00,U206
H003283,O11057,3-Proposal,4-Negotiation,2024-12-08 00:00:00,U206
H003284,O11057,4-Negotiation,5-Closed Won,2024-12-17 00:00:00,U206
H003285,O11058,,2-Qualified,2025-07-22 00:00:00,U211
H003286,O11058,2-Qualified,3-Proposal,2025-07-30 00:00:00,U211
H003287,O11058,3-Proposal,6-Closed Lost,2025-08-07 00:00:00,U211
H003288,O11059,,2-Qualified,2025-07-14 00:00:00,U220
H003289,O11059,2-Qualified,3-Proposal,2025-08-20 00:00:00,U220
H003290,O11059,3-Proposal,4-Negotiation,2025-10-16 00:00:00,U220
H003291,O11059,4-Negotiation,5-Closed Won,2025-11-27 00:00:00,U220
H003292,O11060,,2-Qualified,2025-10-10 00:00:00,U223
H003293,O11060,2-Qualified,3-Proposal,2025-10-12 00:00:00,U223
H003294,O11060,3-Proposal,4-Negotiation,2025-10-14 00:00:00,U223
H003295,O11060,4-Negotiation,5-Closed Won,2025-10-16 00:00:00,U223
H003296,O11061,,2-Qualified,2024-07-24 00:00:00,U214
H003297,O11061,2-Qualified,3-Proposal,2024-07-30 00:00:00,U214
H003298,O11061,3-Proposal,4-Negotiation,2024-08-05 00:00:00,U214
H003299,O11061,4-Negotiation,6-Closed Lost,2024-08-07 00:00:00,U214
H003300,O11062,,2-Qualified,2024-10-18 00:00:00,U206
H003301,O11062,2-Qualified,3-Proposal,2024-10-29 00:00:00,U206
H003302,O11062,3-Proposal,4-Negotiation,2024-11-05 00:00:00,U206
H003303,O11062,4-Negotiation,5-Closed Won,2024-11-15 00:00:00,U206
H003304,O11063,,2-Qualified,2024-05-31 00:00:00,U206
H003305,O11063,2-Qualified,3-Proposal,2024-06-09 00:00:00,U206
H003306,O11063,3-Proposal,6-Closed Lost,2024-06-28 00:00:00,U206
H003307,O11064,,2-Qualified,2024-06-16 00:00:00,U218
H003308,O11064,2-Qualified,3-Proposal,2024-07-18 00:00:00,U218
H003309,O11064,3-Proposal,4-Negotiation,2024-08-26 00:00:00,U218
H003310,O11064,4-Negotiation,5-Closed Won,2024-10-14 00:00:00,U218
H003311,O11065,,2-Qualified,2024-09-15 00:00:00,U216
H003312,O11065,2-Qualified,3-Proposal,2024-09-19 00:00:00,U216
H003313,O11065,3-Proposal,4-Negotiation,2024-09-27 00:00:00,U216
H003314,O11065,4-Negotiation,5-Closed Won,2024-10-04 00:00:00,U216
H003315,O11066,,2-Qualified,2025-09-09 00:00:00,U213
H003316,O11066,2-Qualified,6-Closed Lost,2025-10-28 00:00:00,U213
H003317,O11067,,2-Qualified,2026-04-18 00:00:00,U221
H003318,O11067,2-Qualified,3-Proposal,2026-04-30 00:00:00,U221
H003319,O11067,3-Proposal,4-Negotiation,2026-05-17 00:00:00,U221
H003320,O11067,4-Negotiation,5-Closed Won,2026-06-03 00:00:00,U221
H003321,O11068,,2-Qualified,2025-05-29 00:00:00,U208
H003322,O11068,2-Qualified,3-Proposal,2025-06-13 00:00:00,U208
H003323,O11068,3-Proposal,4-Negotiation,2025-07-01 00:00:00,U208
H003324,O11068,4-Negotiation,5-Closed Won,2025-07-27 00:00:00,U208
H003325,O11069,,2-Qualified,2024-04-23 00:00:00,U202
H003326,O11069,2-Qualified,3-Proposal,2024-05-06 00:00:00,U202
H003327,O11069,3-Proposal,4-Negotiation,2024-05-20 00:00:00,U202
H003328,O11069,4-Negotiation,5-Closed Won,2024-05-30 00:00:00,U202
H003329,O11071,,2-Qualified,2024-03-20 00:00:00,U215
H003330,O11071,2-Qualified,3-Proposal,2024-04-30 00:00:00,U215
H003331,O11071,3-Proposal,6-Closed Lost,2024-06-23 00:00:00,U215
H003332,O11073,,2-Qualified,2025-01-18 00:00:00,U214
H003333,O11073,2-Qualified,6-Closed Lost,2025-02-22 00:00:00,U214
H003334,O11074,,2-Qualified,2025-02-23 00:00:00,U203
H003335,O11074,2-Qualified,3-Proposal,2025-03-31 00:00:00,U203
H003336,O11074,3-Proposal,6-Closed Lost,2025-04-12 00:00:00,U203
H003337,O11075,,2-Qualified,2026-03-26 00:00:00,U200
H003338,O11075,2-Qualified,3-Proposal,2026-04-09 00:00:00,U200
H003339,O11075,3-Proposal,4-Negotiation,2026-04-21 00:00:00,U200
H003340,O11075,4-Negotiation,6-Closed Lost,2026-05-08 00:00:00,U200
H003341,O11076,,2-Qualified,2025-10-03 00:00:00,U200
H003342,O11076,2-Qualified,3-Proposal,2025-11-06 00:00:00,U200
H003343,O11076,3-Proposal,4-Negotiation,2025-12-03 00:00:00,U200
H003344,O11076,4-Negotiation,5-Closed Won,2025-12-22 00:00:00,U200
H003345,O11077,,2-Qualified,2024-07-11 00:00:00,U210
H003346,O11077,2-Qualified,3-Proposal,2024-08-03 00:00:00,U210
H003347,O11077,3-Proposal,6-Closed Lost,2024-08-14 00:00:00,U210
H003348,O11078,,2-Qualified,2026-02-14 00:00:00,U216
H003349,O11078,2-Qualified,3-Proposal,2026-02-28 00:00:00,U216
H003350,O11078,3-Proposal,4-Negotiation,2026-03-26 00:00:00,U216
H003351,O11078,4-Negotiation,5-Closed Won,2026-04-08 00:00:00,U216
H003352,O11079,,2-Qualified,2025-06-18 00:00:00,U203
H003353,O11079,2-Qualified,3-Proposal,2025-07-22 00:00:00,U203
H003354,O11079,3-Proposal,4-Negotiation,2025-08-11 00:00:00,U203
H003355,O11079,4-Negotiation,5-Closed Won,2025-08-24 00:00:00,U203
H003356,O11080,,2-Qualified,2026-05-19 00:00:00,U202
H003357,O11080,2-Qualified,3-Proposal,2026-05-31 00:00:00,U202
H003358,O11080,3-Proposal,4-Negotiation,2026-06-07 00:00:00,U202
H003359,O11080,4-Negotiation,5-Closed Won,2026-06-18 00:00:00,U202
H003360,O11082,,2-Qualified,2024-10-17 00:00:00,U202
H003361,O11082,2-Qualified,6-Closed Lost,2024-11-06 00:00:00,U202
H003362,O11084,,2-Qualified,2026-02-21 00:00:00,U204
H003363,O11084,2-Qualified,3-Proposal,2026-03-24 00:00:00,U204
H003364,O11084,3-Proposal,4-Negotiation,2026-04-14 00:00:00,U204
H003365,O11084,4-Negotiation,5-Closed Won,2026-05-15 00:00:00,U204
H003366,O11085,,2-Qualified,2025-06-18 00:00:00,U214
H003367,O11085,2-Qualified,3-Proposal,2025-06-20 00:00:00,U214
H003368,O11085,3-Proposal,4-Negotiation,2025-06-22 00:00:00,U214
H003369,O11085,4-Negotiation,6-Closed Lost,2025-06-24 00:00:00,U214
H003370,O11086,,2-Qualified,2024-11-04 00:00:00,U217
H003371,O11086,2-Qualified,3-Proposal,2024-12-03 00:00:00,U217
H003372,O11086,3-Proposal,4-Negotiation,2025-01-02 00:00:00,U217
H003373,O11086,4-Negotiation,6-Closed Lost,2025-01-18 00:00:00,U217
H003374,O11087,,2-Qualified,2025-07-07 00:00:00,U220
H003375,O11087,2-Qualified,3-Proposal,2025-07-27 00:00:00,U220
H003376,O11087,3-Proposal,4-Negotiation,2025-08-23 00:00:00,U220
H003377,O11087,4-Negotiation,6-Closed Lost,2025-10-01 00:00:00,U220
H003378,O11088,,2-Qualified,2025-03-08 00:00:00,U214
H003379,O11088,2-Qualified,3-Proposal,2025-03-24 00:00:00,U214
H003380,O11088,3-Proposal,4-Negotiation,2025-04-17 00:00:00,U214
H003381,O11088,4-Negotiation,5-Closed Won,2025-05-05 00:00:00,U214
H003382,O11089,,2-Qualified,2026-08-29 00:00:00,U201
H003383,O11090,,2-Qualified,2024-08-16 00:00:00,U209
H003384,O11090,2-Qualified,3-Proposal,2024-09-13 00:00:00,U209
H003385,O11090,3-Proposal,4-Negotiation,2024-10-27 00:00:00,U209
H003386,O11090,4-Negotiation,6-Closed Lost,2024-11-29 00:00:00,U209
H003387,O11091,,2-Qualified,2026-04-06 00:00:00,U207
H003388,O11091,2-Qualified,3-Proposal,2026-07-03 00:00:00,U207
H003389,O11092,,2-Qualified,2024-02-22 00:00:00,U207
H003390,O11092,2-Qualified,6-Closed Lost,2024-03-20 00:00:00,U207
H003391,O11093,,2-Qualified,2025-09-01 00:00:00,U220
H003392,O11093,2-Qualified,3-Proposal,2025-09-29 00:00:00,U220
H003393,O11093,3-Proposal,4-Negotiation,2025-10-25 00:00:00,U220
H003394,O11093,4-Negotiation,5-Closed Won,2025-11-20 00:00:00,U220
H003395,O11094,,2-Qualified,2026-01-30 00:00:00,U211
H003396,O11094,2-Qualified,3-Proposal,2026-03-12 00:00:00,U211
H003397,O11094,3-Proposal,4-Negotiation,2026-04-22 00:00:00,U211
H003398,O11094,4-Negotiation,6-Closed Lost,2026-05-07 00:00:00,U211
H003399,O11095,,2-Qualified,2025-01-29 00:00:00,U223
H003400,O11095,2-Qualified,3-Proposal,2025-01-31 00:00:00,U223
H003401,O11095,3-Proposal,4-Negotiation,2025-02-02 00:00:00,U223
H003402,O11095,4-Negotiation,5-Closed Won,2025-02-04 00:00:00,U223
H003403,O11096,,2-Qualified,2024-11-29 00:00:00,U212
H003404,O11096,2-Qualified,3-Proposal,2024-12-03 00:00:00,U212
H003405,O11096,3-Proposal,4-Negotiation,2024-12-06 00:00:00,U212
H003406,O11096,4-Negotiation,5-Closed Won,2024-12-11 00:00:00,U212
H003407,O11097,,2-Qualified,2024-11-19 00:00:00,U203
H003408,O11097,2-Qualified,3-Proposal,2025-01-10 00:00:00,U203
H003409,O11097,3-Proposal,6-Closed Lost,2025-02-13 00:00:00,U203
H003410,O11098,,2-Qualified,2025-05-07 00:00:00,U205
H003411,O11098,2-Qualified,6-Closed Lost,2025-07-11 00:00:00,U205
H003412,O11099,,2-Qualified,2025-03-31 00:00:00,U210
H003413,O11099,2-Qualified,3-Proposal,2025-04-17 00:00:00,U210
H003414,O11099,3-Proposal,4-Negotiation,2025-04-27 00:00:00,U210
H003415,O11099,4-Negotiation,5-Closed Won,2025-05-07 00:00:00,U210
H003416,O11100,,2-Qualified,2025-06-29 00:00:00,U206
H003417,O11100,2-Qualified,3-Proposal,2025-08-19 00:00:00,U206
H003418,O11100,3-Proposal,4-Negotiation,2025-09-22 00:00:00,U206
H003419,O11100,4-Negotiation,5-Closed Won,2025-10-29 00:00:00,U206
H003420,O11101,,2-Qualified,2024-12-14 00:00:00,U220
H003421,O11101,2-Qualified,3-Proposal,2025-01-02 00:00:00,U220
H003422,O11101,3-Proposal,4-Negotiation,2025-01-20 00:00:00,U220
H003423,O11101,4-Negotiation,5-Closed Won,2025-02-04 00:00:00,U220
H003424,O11102,,2-Qualified,2026-03-06 00:00:00,U210
H003425,O11102,2-Qualified,6-Closed Lost,2026-03-16 00:00:00,U210
H003426,O11103,,2-Qualified,2025-01-28 00:00:00,U208
H003427,O11103,2-Qualified,3-Proposal,2025-03-27 00:00:00,U208
H003428,O11103,3-Proposal,4-Negotiation,2025-05-12 00:00:00,U208
H003429,O11103,4-Negotiation,5-Closed Won,2025-06-02 00:00:00,U208
H003430,O11104,,2-Qualified,2024-11-27 00:00:00,U222
H003431,O11104,2-Qualified,6-Closed Lost,2024-11-29 00:00:00,U222
H003432,O11105,,2-Qualified,2024-04-22 00:00:00,U220
H003433,O11105,2-Qualified,3-Proposal,2024-05-17 00:00:00,U220
H003434,O11105,3-Proposal,4-Negotiation,2024-06-17 00:00:00,U220
H003435,O11105,4-Negotiation,5-Closed Won,2024-07-20 00:00:00,U220
H003436,O11106,,2-Qualified,2026-05-18 00:00:00,U202
H003437,O11106,2-Qualified,3-Proposal,2026-05-20 00:00:00,U202
H003438,O11106,3-Proposal,4-Negotiation,2026-05-21 00:00:00,U202
H003439,O11106,4-Negotiation,6-Closed Lost,2026-05-22 00:00:00,U202
H003440,O11107,,2-Qualified,2024-07-02 00:00:00,U202
H003441,O11107,2-Qualified,3-Proposal,2024-07-12 00:00:00,U202
H003442,O11107,3-Proposal,4-Negotiation,2024-07-24 00:00:00,U202
H003443,O11107,4-Negotiation,5-Closed Won,2024-08-02 00:00:00,U202
H003444,O11108,,2-Qualified,2025-05-13 00:00:00,U205
H003445,O11108,2-Qualified,3-Proposal,2025-06-18 00:00:00,U205
H003446,O11108,3-Proposal,6-Closed Lost,2025-07-21 00:00:00,U205
H003447,O11109,,2-Qualified,2024-10-06 00:00:00,U200
H003448,O11109,2-Qualified,3-Proposal,2024-11-07 00:00:00,U200
H003449,O11109,3-Proposal,6-Closed Lost,2024-12-03 00:00:00,U200
H003450,O11110,,2-Qualified,2024-02-21 00:00:00,U202
H003451,O11110,2-Qualified,3-Proposal,2024-02-28 00:00:00,U202
H003452,O11110,3-Proposal,4-Negotiation,2024-03-11 00:00:00,U202
H003453,O11110,4-Negotiation,5-Closed Won,2024-03-17 00:00:00,U202
H003454,O11111,,2-Qualified,2025-01-13 00:00:00,U206
H003455,O11111,2-Qualified,6-Closed Lost,2025-01-29 00:00:00,U206
H003456,O11112,,2-Qualified,2024-07-08 00:00:00,U211
H003457,O11112,2-Qualified,3-Proposal,2024-08-06 00:00:00,U211
H003458,O11112,3-Proposal,4-Negotiation,2024-09-14 00:00:00,U211
H003459,O11112,4-Negotiation,5-Closed Won,2024-10-29 00:00:00,U211
H003460,O11113,,2-Qualified,2025-01-15 00:00:00,U208
H003461,O11113,2-Qualified,3-Proposal,2025-02-20 00:00:00,U208
H003462,O11113,3-Proposal,4-Negotiation,2025-03-27 00:00:00,U208
H003463,O11113,4-Negotiation,5-Closed Won,2025-04-14 00:00:00,U208
H003464,O11114,,2-Qualified,2024-11-27 00:00:00,U222
H003465,O11114,2-Qualified,3-Proposal,2025-01-11 00:00:00,U222
H003466,O11114,3-Proposal,6-Closed Lost,2025-03-03 00:00:00,U222
H003467,O11115,,2-Qualified,2024-12-19 00:00:00,U201
H003468,O11115,2-Qualified,6-Closed Lost,2025-05-06 00:00:00,U201
H003469,O11116,,2-Qualified,2025-06-15 00:00:00,U203
H003470,O11116,2-Qualified,3-Proposal,2025-07-05 00:00:00,U203
H003471,O11116,3-Proposal,6-Closed Lost,2025-08-16 00:00:00,U203
H003472,O11117,,2-Qualified,2024-04-13 00:00:00,U220
H003473,O11117,2-Qualified,3-Proposal,2024-05-03 00:00:00,U220
H003474,O11117,3-Proposal,6-Closed Lost,2024-05-13 00:00:00,U220
H003475,O11118,,2-Qualified,2024-02-16 00:00:00,U206
H003476,O11118,2-Qualified,6-Closed Lost,2024-02-28 00:00:00,U206
H003477,O11119,,2-Qualified,2025-04-08 00:00:00,U210
H003478,O11119,2-Qualified,3-Proposal,2025-05-10 00:00:00,U210
H003479,O11119,3-Proposal,4-Negotiation,2025-06-14 00:00:00,U210
H003480,O11119,4-Negotiation,5-Closed Won,2025-06-18 00:00:00,U210
H003481,O11120,,2-Qualified,2025-01-19 00:00:00,U218
H003482,O11120,2-Qualified,3-Proposal,2025-02-11 00:00:00,U218
H003483,O11120,3-Proposal,4-Negotiation,2025-02-21 00:00:00,U218
H003484,O11120,4-Negotiation,5-Closed Won,2025-03-03 00:00:00,U218
H003485,O11121,,2-Qualified,2025-09-27 00:00:00,U205
H003486,O11121,2-Qualified,3-Proposal,2025-11-08 00:00:00,U205
H003487,O11121,3-Proposal,4-Negotiation,2025-12-20 00:00:00,U205
H003488,O11121,4-Negotiation,6-Closed Lost,2025-12-29 00:00:00,U205
H003489,O11122,,2-Qualified,2024-11-08 00:00:00,U218
H003490,O11122,2-Qualified,3-Proposal,2024-11-12 00:00:00,U218
H003491,O11122,3-Proposal,4-Negotiation,2024-11-15 00:00:00,U218
H003492,O11122,4-Negotiation,5-Closed Won,2024-11-20 00:00:00,U218
H003493,O11123,,2-Qualified,2025-03-03 00:00:00,U214
H003494,O11123,2-Qualified,3-Proposal,2025-04-07 00:00:00,U214
H003495,O11123,3-Proposal,4-Negotiation,2025-05-02 00:00:00,U214
H003496,O11123,4-Negotiation,5-Closed Won,2025-05-20 00:00:00,U214
H003497,O11124,,2-Qualified,2024-05-02 00:00:00,U201
H003498,O11124,2-Qualified,3-Proposal,2024-05-03 00:00:00,U201
H003499,O11124,3-Proposal,4-Negotiation,2024-05-05 00:00:00,U201
H003500,O11124,4-Negotiation,5-Closed Won,2024-05-07 00:00:00,U201
H003501,O11125,,2-Qualified,2024-07-20 00:00:00,U214
H003502,O11125,2-Qualified,3-Proposal,2024-08-05 00:00:00,U214
H003503,O11125,3-Proposal,4-Negotiation,2024-08-27 00:00:00,U214
H003504,O11125,4-Negotiation,5-Closed Won,2024-09-17 00:00:00,U214
H003505,O11126,,2-Qualified,2024-11-20 00:00:00,U204
H003506,O11126,2-Qualified,3-Proposal,2024-12-16 00:00:00,U204
H003507,O11126,3-Proposal,4-Negotiation,2025-01-07 00:00:00,U204
H003508,O11126,4-Negotiation,5-Closed Won,2025-01-21 00:00:00,U204
H003509,O11127,,2-Qualified,2024-04-06 00:00:00,U216
H003510,O11127,2-Qualified,3-Proposal,2024-04-09 00:00:00,U216
H003511,O11127,3-Proposal,6-Closed Lost,2024-04-11 00:00:00,U216
H003512,O11128,,2-Qualified,2026-06-02 00:00:00,U206
H003513,O11128,2-Qualified,3-Proposal,2026-07-15 00:00:00,U206
H003514,O11129,,2-Qualified,2024-11-27 00:00:00,U208
H003515,O11129,2-Qualified,3-Proposal,2024-12-23 00:00:00,U208
H003516,O11129,3-Proposal,4-Negotiation,2025-01-11 00:00:00,U208
H003517,O11129,4-Negotiation,6-Closed Lost,2025-02-06 00:00:00,U208
H003518,O11130,,2-Qualified,2026-05-01 00:00:00,U212
H003519,O11130,2-Qualified,3-Proposal,2026-05-21 00:00:00,U212
H003520,O11130,3-Proposal,4-Negotiation,2026-05-30 00:00:00,U212
H003521,O11130,4-Negotiation,5-Closed Won,2026-06-19 00:00:00,U212
H003522,O11131,,2-Qualified,2024-03-31 00:00:00,U215
H003523,O11131,2-Qualified,3-Proposal,2024-05-16 00:00:00,U215
H003524,O11131,3-Proposal,4-Negotiation,2024-06-15 00:00:00,U215
H003525,O11131,4-Negotiation,5-Closed Won,2024-07-25 00:00:00,U215
H003526,O11132,,2-Qualified,2025-04-19 00:00:00,U209
H003527,O11132,2-Qualified,3-Proposal,2025-04-30 00:00:00,U209
H003528,O11132,3-Proposal,4-Negotiation,2025-05-17 00:00:00,U209
H003529,O11132,4-Negotiation,5-Closed Won,2025-05-31 00:00:00,U209
H003530,O11134,,2-Qualified,2024-10-15 00:00:00,U222
H003531,O11134,2-Qualified,3-Proposal,2024-11-20 00:00:00,U222
H003532,O11134,3-Proposal,6-Closed Lost,2024-12-10 00:00:00,U222
H003533,O11135,,2-Qualified,2024-04-18 00:00:00,U208
H003534,O11135,2-Qualified,3-Proposal,2024-05-06 00:00:00,U208
H003535,O11135,3-Proposal,4-Negotiation,2024-05-30 00:00:00,U208
H003536,O11135,4-Negotiation,5-Closed Won,2024-06-30 00:00:00,U208
H003537,O11136,,2-Qualified,2024-05-31 00:00:00,U201
H003538,O11136,2-Qualified,3-Proposal,2024-08-13 00:00:00,U201
H003539,O11136,3-Proposal,6-Closed Lost,2024-10-30 00:00:00,U201
H003540,O11137,,2-Qualified,2024-11-24 00:00:00,U209
H003541,O11137,2-Qualified,3-Proposal,2024-12-02 00:00:00,U209
H003542,O11137,3-Proposal,4-Negotiation,2024-12-11 00:00:00,U209
H003543,O11137,4-Negotiation,5-Closed Won,2024-12-20 00:00:00,U209
H003544,O11138,,2-Qualified,2025-06-19 00:00:00,U207
H003545,O11138,2-Qualified,6-Closed Lost,2025-07-25 00:00:00,U207
H003546,O11139,,2-Qualified,2024-07-10 00:00:00,U201
H003547,O11139,2-Qualified,3-Proposal,2024-08-10 00:00:00,U201
H003548,O11139,3-Proposal,4-Negotiation,2024-09-07 00:00:00,U201
H003549,O11139,4-Negotiation,5-Closed Won,2024-10-04 00:00:00,U201
H003550,O11140,,2-Qualified,2025-04-08 00:00:00,U211
H003551,O11140,2-Qualified,3-Proposal,2025-04-21 00:00:00,U211
H003552,O11140,3-Proposal,4-Negotiation,2025-05-12 00:00:00,U211
H003553,O11140,4-Negotiation,5-Closed Won,2025-05-27 00:00:00,U211
H003554,O11141,,2-Qualified,2024-05-19 00:00:00,U217
H003555,O11141,2-Qualified,3-Proposal,2024-06-05 00:00:00,U217
H003556,O11141,3-Proposal,4-Negotiation,2024-07-01 00:00:00,U217
H003557,O11141,4-Negotiation,5-Closed Won,2024-07-18 00:00:00,U217
H003558,O11142,,2-Qualified,2026-11-26 00:00:00,U219
H003559,O11143,,2-Qualified,2026-11-16 00:00:00,U211
H003560,O11144,,2-Qualified,2024-04-25 00:00:00,U200
H003561,O11144,2-Qualified,3-Proposal,2024-05-01 00:00:00,U200
H003562,O11144,3-Proposal,4-Negotiation,2024-05-08 00:00:00,U200
H003563,O11144,4-Negotiation,6-Closed Lost,2024-05-14 00:00:00,U200
H003564,O11145,,2-Qualified,2025-08-08 00:00:00,U201
H003565,O11145,2-Qualified,3-Proposal,2025-08-19 00:00:00,U201
H003566,O11145,3-Proposal,6-Closed Lost,2025-08-26 00:00:00,U201
H003567,O11146,,2-Qualified,2024-03-06 00:00:00,U213
H003568,O11146,2-Qualified,3-Proposal,2024-04-03 00:00:00,U213
H003569,O11146,3-Proposal,4-Negotiation,2024-05-07 00:00:00,U213
H003570,O11146,4-Negotiation,5-Closed Won,2024-05-16 00:00:00,U213
H003571,O11147,,2-Qualified,2025-10-27 00:00:00,U203
H003572,O11147,2-Qualified,3-Proposal,2025-12-15 00:00:00,U203
H003573,O11147,3-Proposal,4-Negotiation,2026-02-10 00:00:00,U203
H003574,O11147,4-Negotiation,6-Closed Lost,2026-03-06 00:00:00,U203
H003575,O11148,,2-Qualified,2025-03-07 00:00:00,U222
H003576,O11148,2-Qualified,3-Proposal,2025-03-28 00:00:00,U222
H003577,O11148,3-Proposal,4-Negotiation,2025-04-14 00:00:00,U222
H003578,O11148,4-Negotiation,5-Closed Won,2025-04-26 00:00:00,U222
H003579,O11149,,2-Qualified,2025-02-19 00:00:00,U208
H003580,O11149,2-Qualified,3-Proposal,2025-04-03 00:00:00,U208
H003581,O11149,3-Proposal,4-Negotiation,2025-05-16 00:00:00,U208
H003582,O11149,4-Negotiation,5-Closed Won,2025-06-12 00:00:00,U208
H003583,O11150,,2-Qualified,2024-07-29 00:00:00,U207
H003584,O11150,2-Qualified,3-Proposal,2024-08-04 00:00:00,U207
H003585,O11150,3-Proposal,4-Negotiation,2024-08-09 00:00:00,U207
H003586,O11150,4-Negotiation,5-Closed Won,2024-08-17 00:00:00,U207
H003587,O11151,,2-Qualified,2024-01-26 00:00:00,U215
H003588,O11151,2-Qualified,3-Proposal,2024-02-17 00:00:00,U215
H003589,O11151,3-Proposal,6-Closed Lost,2024-03-17 00:00:00,U215
H003590,O11152,,2-Qualified,2024-12-04 00:00:00,U200
H003591,O11152,2-Qualified,3-Proposal,2024-12-13 00:00:00,U200
H003592,O11152,3-Proposal,6-Closed Lost,2024-12-28 00:00:00,U200
H003593,O11153,,2-Qualified,2025-02-11 00:00:00,U223
H003594,O11153,2-Qualified,3-Proposal,2025-03-06 00:00:00,U223
H003595,O11153,3-Proposal,4-Negotiation,2025-03-21 00:00:00,U223
H003596,O11153,4-Negotiation,5-Closed Won,2025-04-03 00:00:00,U223
H003597,O11155,,2-Qualified,2026-04-15 00:00:00,U216
H003598,O11155,2-Qualified,3-Proposal,2026-04-20 00:00:00,U216
H003599,O11155,3-Proposal,4-Negotiation,2026-04-25 00:00:00,U216
H003600,O11155,4-Negotiation,5-Closed Won,2026-04-28 00:00:00,U216
H003601,O11156,,2-Qualified,2024-03-12 00:00:00,U223
H003602,O11156,2-Qualified,3-Proposal,2024-04-10 00:00:00,U223
H003603,O11156,3-Proposal,6-Closed Lost,2024-05-06 00:00:00,U223
H003604,O11157,,2-Qualified,2026-01-05 00:00:00,U216
H003605,O11157,2-Qualified,3-Proposal,2026-01-08 00:00:00,U216
H003606,O11157,3-Proposal,4-Negotiation,2026-01-12 00:00:00,U216
H003607,O11157,4-Negotiation,5-Closed Won,2026-01-16 00:00:00,U216
H003608,O11158,,2-Qualified,2025-10-13 00:00:00,U217
H003609,O11158,2-Qualified,3-Proposal,2025-11-29 00:00:00,U217
H003610,O11158,3-Proposal,6-Closed Lost,2026-02-05 00:00:00,U217
H003611,O11159,,2-Qualified,2025-03-30 00:00:00,U217
H003612,O11159,2-Qualified,6-Closed Lost,2025-04-29 00:00:00,U217
H003613,O11160,,2-Qualified,2026-01-01 00:00:00,U200
H003614,O11160,2-Qualified,3-Proposal,2026-02-21 00:00:00,U200
H003615,O11160,3-Proposal,4-Negotiation,2026-04-11 00:00:00,U200
H003616,O11160,4-Negotiation,6-Closed Lost,2026-04-11 00:00:00,U200
H003617,O11161,,2-Qualified,2024-04-10 00:00:00,U201
H003618,O11161,2-Qualified,3-Proposal,2024-05-24 00:00:00,U201
H003619,O11161,3-Proposal,4-Negotiation,2024-07-04 00:00:00,U201
H003620,O11161,4-Negotiation,6-Closed Lost,2024-07-25 00:00:00,U201
H003621,O11162,,2-Qualified,2026-04-26 00:00:00,U214
H003622,O11162,2-Qualified,6-Closed Lost,2026-05-30 00:00:00,U214
H003623,O11163,,2-Qualified,2024-10-30 00:00:00,U211
H003624,O11163,2-Qualified,3-Proposal,2024-11-15 00:00:00,U211
H003625,O11163,3-Proposal,6-Closed Lost,2024-11-21 00:00:00,U211
H003626,O11164,,2-Qualified,2025-11-23 00:00:00,U219
H003627,O11164,2-Qualified,3-Proposal,2025-12-04 00:00:00,U219
H003628,O11164,3-Proposal,4-Negotiation,2025-12-15 00:00:00,U219
H003629,O11164,4-Negotiation,6-Closed Lost,2025-12-29 00:00:00,U219
H003630,O11165,,2-Qualified,2026-07-17 00:00:00,U203
H003631,O11166,,2-Qualified,2024-12-16 00:00:00,U219
H003632,O11166,2-Qualified,3-Proposal,2025-01-01 00:00:00,U219
H003633,O11166,3-Proposal,6-Closed Lost,2025-01-29 00:00:00,U219
H003634,O11167,,2-Qualified,2026-01-01 00:00:00,U220
H003635,O11167,2-Qualified,3-Proposal,2026-01-27 00:00:00,U220
H003636,O11167,3-Proposal,6-Closed Lost,2026-02-11 00:00:00,U220
H003637,O11168,,2-Qualified,2025-01-31 00:00:00,U215
H003638,O11168,2-Qualified,3-Proposal,2025-02-03 00:00:00,U215
H003639,O11168,3-Proposal,4-Negotiation,2025-02-04 00:00:00,U215
H003640,O11168,4-Negotiation,6-Closed Lost,2025-02-06 00:00:00,U215
H003641,O11169,,2-Qualified,2025-10-13 00:00:00,U220
H003642,O11169,2-Qualified,3-Proposal,2025-11-18 00:00:00,U220
H003643,O11169,3-Proposal,6-Closed Lost,2025-12-12 00:00:00,U220
H003644,O11170,,2-Qualified,2025-01-18 00:00:00,U208
H003645,O11170,2-Qualified,3-Proposal,2025-01-28 00:00:00,U208
H003646,O11170,3-Proposal,4-Negotiation,2025-02-15 00:00:00,U208
H003647,O11170,4-Negotiation,5-Closed Won,2025-02-26 00:00:00,U208
H003648,O11171,,2-Qualified,2025-06-21 00:00:00,U201
H003649,O11171,2-Qualified,3-Proposal,2025-06-27 00:00:00,U201
H003650,O11171,3-Proposal,4-Negotiation,2025-07-06 00:00:00,U201
H003651,O11171,4-Negotiation,5-Closed Won,2025-07-13 00:00:00,U201
H003652,O11172,,2-Qualified,2024-01-21 00:00:00,U203
H003653,O11172,2-Qualified,3-Proposal,2024-01-27 00:00:00,U203
H003654,O11172,3-Proposal,4-Negotiation,2024-01-31 00:00:00,U203
H003655,O11172,4-Negotiation,5-Closed Won,2024-02-06 00:00:00,U203
H003656,O11173,,2-Qualified,2024-02-11 00:00:00,U223
H003657,O11173,2-Qualified,6-Closed Lost,2024-03-12 00:00:00,U223
H003658,O11174,,2-Qualified,2025-04-25 00:00:00,U203
H003659,O11174,2-Qualified,6-Closed Lost,2025-05-26 00:00:00,U203
H003660,O11175,,2-Qualified,2024-09-23 00:00:00,U219
H003661,O11175,2-Qualified,3-Proposal,2024-09-28 00:00:00,U219
H003662,O11175,3-Proposal,4-Negotiation,2024-10-04 00:00:00,U219
H003663,O11175,4-Negotiation,6-Closed Lost,2024-10-09 00:00:00,U219
H003664,O11176,,2-Qualified,2026-02-26 00:00:00,U205
H003665,O11176,2-Qualified,3-Proposal,2026-03-06 00:00:00,U205
H003666,O11176,3-Proposal,4-Negotiation,2026-03-18 00:00:00,U205
H003667,O11176,4-Negotiation,6-Closed Lost,2026-03-24 00:00:00,U205
H003668,O11177,,2-Qualified,2026-02-14 00:00:00,U223
H003669,O11177,2-Qualified,3-Proposal,2026-03-06 00:00:00,U223
H003670,O11177,3-Proposal,4-Negotiation,2026-04-18 00:00:00,U223
H003671,O11177,4-Negotiation,6-Closed Lost,2026-05-19 00:00:00,U223
H003672,O11179,,2-Qualified,2025-12-24 00:00:00,U222
H003673,O11179,2-Qualified,6-Closed Lost,2026-01-05 00:00:00,U222
H003674,O11180,,2-Qualified,2026-02-22 00:00:00,U208
H003675,O11180,2-Qualified,3-Proposal,2026-04-12 00:00:00,U208
H003676,O11180,3-Proposal,4-Negotiation,2026-05-30 00:00:00,U208
H003677,O11180,4-Negotiation,5-Closed Won,2026-06-08 00:00:00,U208
H003678,O11181,,2-Qualified,2025-10-24 00:00:00,U219
H003679,O11181,2-Qualified,3-Proposal,2025-11-16 00:00:00,U219
H003680,O11181,3-Proposal,4-Negotiation,2025-12-08 00:00:00,U219
H003681,O11181,4-Negotiation,5-Closed Won,2025-12-24 00:00:00,U219
H003682,O11182,,2-Qualified,2025-05-08 00:00:00,U217
H003683,O11182,2-Qualified,6-Closed Lost,2025-08-21 00:00:00,U217
H003684,O11183,,2-Qualified,2026-06-21 00:00:00,U222
H003685,O11183,2-Qualified,3-Proposal,2026-06-22 00:00:00,U222
H003686,O11183,3-Proposal,4-Negotiation,2026-06-24 00:00:00,U222
H003687,O11183,4-Negotiation,5-Closed Won,2026-06-26 00:00:00,U222
H003688,O11184,,2-Qualified,2026-07-03 00:00:00,U203
H003689,O11184,2-Qualified,3-Proposal,2026-07-20 00:00:00,U203
H003690,O11185,,2-Qualified,2026-03-19 00:00:00,U212
H003691,O11185,2-Qualified,3-Proposal,2026-07-03 00:00:00,U212
H003692,O11186,,2-Qualified,2024-11-19 00:00:00,U212
H003693,O11186,2-Qualified,3-Proposal,2024-12-18 00:00:00,U212
H003694,O11186,3-Proposal,4-Negotiation,2025-01-12 00:00:00,U212
H003695,O11186,4-Negotiation,5-Closed Won,2025-02-06 00:00:00,U212
H003696,O11187,,2-Qualified,2025-04-27 00:00:00,U209
H003697,O11187,2-Qualified,6-Closed Lost,2025-06-11 00:00:00,U209
H003698,O11188,,2-Qualified,2025-09-01 00:00:00,U220
H003699,O11188,2-Qualified,6-Closed Lost,2025-09-10 00:00:00,U220
H003700,O11189,,2-Qualified,2024-09-19 00:00:00,U210
H003701,O11189,2-Qualified,3-Proposal,2024-10-02 00:00:00,U210
H003702,O11189,3-Proposal,6-Closed Lost,2024-10-16 00:00:00,U210
H003703,O11190,,2-Qualified,2025-10-03 00:00:00,U220
H003704,O11190,2-Qualified,3-Proposal,2025-10-28 00:00:00,U220
H003705,O11190,3-Proposal,4-Negotiation,2025-12-01 00:00:00,U220
H003706,O11190,4-Negotiation,6-Closed Lost,2025-12-31 00:00:00,U220
H003707,O11191,,2-Qualified,2024-10-15 00:00:00,U208
H003708,O11191,2-Qualified,6-Closed Lost,2024-11-15 00:00:00,U208
H003709,O11192,,2-Qualified,2025-03-14 00:00:00,U203
H003710,O11192,2-Qualified,3-Proposal,2025-03-20 00:00:00,U203
H003711,O11192,3-Proposal,4-Negotiation,2025-03-26 00:00:00,U203
H003712,O11192,4-Negotiation,6-Closed Lost,2025-04-01 00:00:00,U203
H003713,O11193,,2-Qualified,2025-04-22 00:00:00,U200
H003714,O11193,2-Qualified,3-Proposal,2025-05-09 00:00:00,U200
H003715,O11193,3-Proposal,6-Closed Lost,2025-05-29 00:00:00,U200
H003716,O11194,,2-Qualified,2024-06-09 00:00:00,U211
H003717,O11194,2-Qualified,3-Proposal,2024-08-14 00:00:00,U211
H003718,O11194,3-Proposal,4-Negotiation,2024-10-15 00:00:00,U211
H003719,O11194,4-Negotiation,6-Closed Lost,2024-11-10 00:00:00,U211
H003720,O11195,,2-Qualified,2025-02-22 00:00:00,U206
H003721,O11195,2-Qualified,3-Proposal,2025-02-27 00:00:00,U206
H003722,O11195,3-Proposal,4-Negotiation,2025-03-05 00:00:00,U206
H003723,O11195,4-Negotiation,5-Closed Won,2025-03-12 00:00:00,U206
H003724,O11196,,2-Qualified,2025-09-16 00:00:00,U207
H003725,O11196,2-Qualified,3-Proposal,2025-10-20 00:00:00,U207
H003726,O11196,3-Proposal,6-Closed Lost,2025-11-13 00:00:00,U207
H003727,O11197,,2-Qualified,2024-09-24 00:00:00,U216
H003728,O11197,2-Qualified,3-Proposal,2024-10-18 00:00:00,U216
H003729,O11197,3-Proposal,4-Negotiation,2024-11-13 00:00:00,U216
H003730,O11197,4-Negotiation,5-Closed Won,2024-12-15 00:00:00,U216
H003731,O11198,,2-Qualified,2024-11-12 00:00:00,U206
H003732,O11198,2-Qualified,3-Proposal,2024-11-17 00:00:00,U206
H003733,O11198,3-Proposal,4-Negotiation,2024-11-22 00:00:00,U206
H003734,O11198,4-Negotiation,5-Closed Won,2024-12-02 00:00:00,U206
H003735,O11199,,2-Qualified,2025-06-06 00:00:00,U215
H003736,O11199,2-Qualified,3-Proposal,2025-06-25 00:00:00,U215
H003737,O11199,3-Proposal,4-Negotiation,2025-07-20 00:00:00,U215
H003738,O11199,4-Negotiation,6-Closed Lost,2025-08-07 00:00:00,U215
H003739,O11200,,2-Qualified,2025-01-19 00:00:00,U218
H003740,O11200,2-Qualified,6-Closed Lost,2025-01-25 00:00:00,U218
H003741,O11201,,2-Qualified,2025-07-17 00:00:00,U203
H003742,O11201,2-Qualified,3-Proposal,2025-07-21 00:00:00,U203
H003743,O11201,3-Proposal,4-Negotiation,2025-07-24 00:00:00,U203
H003744,O11201,4-Negotiation,5-Closed Won,2025-07-28 00:00:00,U203
H003745,O11202,,2-Qualified,2024-04-05 00:00:00,U218
H003746,O11202,2-Qualified,3-Proposal,2024-05-12 00:00:00,U218
H003747,O11202,3-Proposal,4-Negotiation,2024-06-09 00:00:00,U218
H003748,O11202,4-Negotiation,5-Closed Won,2024-08-11 00:00:00,U218
H003749,O11203,,2-Qualified,2025-03-29 00:00:00,U221
H003750,O11203,2-Qualified,3-Proposal,2025-05-08 00:00:00,U221
H003751,O11203,3-Proposal,4-Negotiation,2025-06-12 00:00:00,U221
H003752,O11203,4-Negotiation,5-Closed Won,2025-07-03 00:00:00,U221
H003753,O11204,,2-Qualified,2024-11-18 00:00:00,U222
H003754,O11204,2-Qualified,3-Proposal,2024-11-28 00:00:00,U222
H003755,O11204,3-Proposal,4-Negotiation,2024-12-06 00:00:00,U222
H003756,O11204,4-Negotiation,5-Closed Won,2024-12-16 00:00:00,U222
H003757,O11205,,2-Qualified,2025-04-25 00:00:00,U203
H003758,O11205,2-Qualified,3-Proposal,2025-05-08 00:00:00,U203
H003759,O11205,3-Proposal,6-Closed Lost,2025-06-04 00:00:00,U203
H003760,O11207,,2-Qualified,2026-02-22 00:00:00,U209
H003761,O11207,2-Qualified,3-Proposal,2026-03-09 00:00:00,U209
H003762,O11207,3-Proposal,4-Negotiation,2026-03-17 00:00:00,U209
H003763,O11207,4-Negotiation,5-Closed Won,2026-03-27 00:00:00,U209
H003764,O11208,,2-Qualified,2024-08-24 00:00:00,U211
H003765,O11208,2-Qualified,3-Proposal,2024-10-07 00:00:00,U211
H003766,O11208,3-Proposal,4-Negotiation,2024-11-23 00:00:00,U211
H003767,O11208,4-Negotiation,5-Closed Won,2024-12-12 00:00:00,U211
H003768,O11209,,2-Qualified,2025-04-24 00:00:00,U209
H003769,O11209,2-Qualified,3-Proposal,2025-06-03 00:00:00,U209
H003770,O11209,3-Proposal,4-Negotiation,2025-07-01 00:00:00,U209
H003771,O11209,4-Negotiation,6-Closed Lost,2025-08-03 00:00:00,U209
H003772,O11210,,2-Qualified,2025-12-25 00:00:00,U222
H003773,O11210,2-Qualified,3-Proposal,2025-12-30 00:00:00,U222
H003774,O11210,3-Proposal,4-Negotiation,2026-01-04 00:00:00,U222
H003775,O11210,4-Negotiation,6-Closed Lost,2026-01-07 00:00:00,U222
H003776,O11211,,2-Qualified,2025-10-31 00:00:00,U216
H003777,O11211,2-Qualified,3-Proposal,2025-12-10 00:00:00,U216
H003778,O11211,3-Proposal,4-Negotiation,2026-01-02 00:00:00,U216
H003779,O11211,4-Negotiation,5-Closed Won,2026-01-21 00:00:00,U216
H003780,O11212,,2-Qualified,2026-03-01 00:00:00,U211
H003781,O11212,2-Qualified,6-Closed Lost,2026-03-05 00:00:00,U211
H003782,O11213,,2-Qualified,2026-08-11 00:00:00,U213
H003783,O11214,,2-Qualified,2024-11-01 00:00:00,U205
H003784,O11214,2-Qualified,3-Proposal,2024-11-05 00:00:00,U205
H003785,O11214,3-Proposal,4-Negotiation,2024-11-08 00:00:00,U205
H003786,O11214,4-Negotiation,5-Closed Won,2024-11-11 00:00:00,U205
H003787,O11215,,2-Qualified,2024-07-10 00:00:00,U220
H003788,O11215,2-Qualified,3-Proposal,2024-07-18 00:00:00,U220
H003789,O11215,3-Proposal,4-Negotiation,2024-07-29 00:00:00,U220
H003790,O11215,4-Negotiation,5-Closed Won,2024-08-11 00:00:00,U220
H003791,O11217,,2-Qualified,2025-07-19 00:00:00,U212
H003792,O11217,2-Qualified,3-Proposal,2025-07-22 00:00:00,U212
H003793,O11217,3-Proposal,4-Negotiation,2025-07-25 00:00:00,U212
H003794,O11217,4-Negotiation,5-Closed Won,2025-07-27 00:00:00,U212
H003795,O11218,,2-Qualified,2024-02-23 00:00:00,U219
H003796,O11218,2-Qualified,3-Proposal,2024-03-02 00:00:00,U219
H003797,O11218,3-Proposal,4-Negotiation,2024-03-08 00:00:00,U219
H003798,O11218,4-Negotiation,6-Closed Lost,2024-03-14 00:00:00,U219
H003799,O11219,,2-Qualified,2025-11-02 00:00:00,U206
H003800,O11219,2-Qualified,3-Proposal,2025-11-26 00:00:00,U206
H003801,O11219,3-Proposal,4-Negotiation,2025-12-27 00:00:00,U206
H003802,O11219,4-Negotiation,6-Closed Lost,2026-01-19 00:00:00,U206
H003803,O11220,,2-Qualified,2025-08-25 00:00:00,U223
H003804,O11220,2-Qualified,3-Proposal,2025-10-28 00:00:00,U223
H003805,O11220,3-Proposal,4-Negotiation,2025-12-07 00:00:00,U223
H003806,O11220,4-Negotiation,6-Closed Lost,2026-02-01 00:00:00,U223
H003807,O11221,,2-Qualified,2025-06-06 00:00:00,U219
H003808,O11221,2-Qualified,3-Proposal,2025-06-09 00:00:00,U219
H003809,O11221,3-Proposal,6-Closed Lost,2025-06-13 00:00:00,U219
H003810,O11222,,2-Qualified,2026-09-19 00:00:00,U210
H003811,O11223,,2-Qualified,2026-01-17 00:00:00,U212
H003812,O11223,2-Qualified,6-Closed Lost,2026-01-19 00:00:00,U212
H003813,O11224,,2-Qualified,2025-08-06 00:00:00,U205
H003814,O11224,2-Qualified,3-Proposal,2025-08-22 00:00:00,U205
H003815,O11224,3-Proposal,4-Negotiation,2025-08-30 00:00:00,U205
H003816,O11224,4-Negotiation,5-Closed Won,2025-09-15 00:00:00,U205
H003817,O11226,,2-Qualified,2025-06-02 00:00:00,U211
H003818,O11226,2-Qualified,6-Closed Lost,2025-07-20 00:00:00,U211
H003819,O11227,,2-Qualified,2024-03-23 00:00:00,U215
H003820,O11227,2-Qualified,3-Proposal,2024-04-22 00:00:00,U215
H003821,O11227,3-Proposal,4-Negotiation,2024-05-13 00:00:00,U215
H003822,O11227,4-Negotiation,5-Closed Won,2024-06-03 00:00:00,U215
H003823,O11228,,2-Qualified,2024-12-29 00:00:00,U214
H003824,O11228,2-Qualified,3-Proposal,2025-01-13 00:00:00,U214
H003825,O11228,3-Proposal,4-Negotiation,2025-02-01 00:00:00,U214
H003826,O11228,4-Negotiation,5-Closed Won,2025-02-18 00:00:00,U214
H003827,O11229,,2-Qualified,2026-04-28 00:00:00,U219
H003828,O11229,2-Qualified,3-Proposal,2026-05-04 00:00:00,U219
H003829,O11229,3-Proposal,4-Negotiation,2026-05-11 00:00:00,U219
H003830,O11229,4-Negotiation,5-Closed Won,2026-05-16 00:00:00,U219
H003831,O11230,,2-Qualified,2025-01-20 00:00:00,U213
H003832,O11230,2-Qualified,6-Closed Lost,2025-03-18 00:00:00,U213
H003833,O11231,,2-Qualified,2024-01-11 00:00:00,U211
H003834,O11231,2-Qualified,3-Proposal,2024-01-19 00:00:00,U211
H003835,O11231,3-Proposal,4-Negotiation,2024-01-30 00:00:00,U211
H003836,O11231,4-Negotiation,6-Closed Lost,2024-02-09 00:00:00,U211
H003837,O11232,,2-Qualified,2024-05-26 00:00:00,U214
H003838,O11232,2-Qualified,3-Proposal,2024-06-23 00:00:00,U214
H003839,O11232,3-Proposal,4-Negotiation,2024-07-10 00:00:00,U214
H003840,O11232,4-Negotiation,5-Closed Won,2024-08-10 00:00:00,U214
H003841,O11233,,2-Qualified,2024-02-10 00:00:00,U210
H003842,O11233,2-Qualified,3-Proposal,2024-03-21 00:00:00,U210
H003843,O11233,3-Proposal,4-Negotiation,2024-04-29 00:00:00,U210
H003844,O11233,4-Negotiation,5-Closed Won,2024-05-28 00:00:00,U210
H003845,O11234,,2-Qualified,2025-06-14 00:00:00,U203
H003846,O11234,2-Qualified,3-Proposal,2025-07-22 00:00:00,U203
H003847,O11234,3-Proposal,4-Negotiation,2025-08-26 00:00:00,U203
H003848,O11234,4-Negotiation,5-Closed Won,2025-09-17 00:00:00,U203
H003849,O11235,,2-Qualified,2024-01-19 00:00:00,U218
H003850,O11235,2-Qualified,3-Proposal,2024-01-31 00:00:00,U218
H003851,O11235,3-Proposal,4-Negotiation,2024-02-14 00:00:00,U218
H003852,O11235,4-Negotiation,5-Closed Won,2024-02-24 00:00:00,U218
H003853,O11237,,2-Qualified,2025-11-05 00:00:00,U209
H003854,O11237,2-Qualified,6-Closed Lost,2025-11-11 00:00:00,U209
H003855,O11238,,2-Qualified,2026-06-19 00:00:00,U220
H003856,O11238,2-Qualified,3-Proposal,2026-07-14 00:00:00,U220
H003857,O11239,,2-Qualified,2024-10-22 00:00:00,U205
H003858,O11239,2-Qualified,3-Proposal,2024-10-31 00:00:00,U205
H003859,O11239,3-Proposal,4-Negotiation,2024-11-10 00:00:00,U205
H003860,O11239,4-Negotiation,5-Closed Won,2024-11-27 00:00:00,U205
H003861,O11240,,2-Qualified,2025-11-24 00:00:00,U217
H003862,O11240,2-Qualified,3-Proposal,2025-12-10 00:00:00,U217
H003863,O11240,3-Proposal,4-Negotiation,2025-12-29 00:00:00,U217
H003864,O11240,4-Negotiation,5-Closed Won,2026-01-11 00:00:00,U217
H003865,O11241,,2-Qualified,2025-04-07 00:00:00,U201
H003866,O11241,2-Qualified,3-Proposal,2025-04-08 00:00:00,U201
H003867,O11241,3-Proposal,4-Negotiation,2025-04-09 00:00:00,U201
H003868,O11241,4-Negotiation,5-Closed Won,2025-04-10 00:00:00,U201
H003869,O11242,,2-Qualified,2025-09-15 00:00:00,U220
H003870,O11242,2-Qualified,3-Proposal,2025-10-02 00:00:00,U220
H003871,O11242,3-Proposal,4-Negotiation,2025-10-26 00:00:00,U220
H003872,O11242,4-Negotiation,5-Closed Won,2025-11-25 00:00:00,U220
H003873,O11243,,2-Qualified,2026-03-29 00:00:00,U206
H003874,O11243,2-Qualified,3-Proposal,2026-04-11 00:00:00,U206
H003875,O11243,3-Proposal,4-Negotiation,2026-04-27 00:00:00,U206
H003876,O11243,4-Negotiation,6-Closed Lost,2026-05-07 00:00:00,U206
H003877,O11244,,2-Qualified,2025-11-10 00:00:00,U212
H003878,O11244,2-Qualified,3-Proposal,2025-11-18 00:00:00,U212
H003879,O11244,3-Proposal,4-Negotiation,2025-11-30 00:00:00,U212
H003880,O11244,4-Negotiation,5-Closed Won,2025-12-09 00:00:00,U212
H003881,O11245,,2-Qualified,2026-08-04 00:00:00,U201
H003882,O11245,2-Qualified,3-Proposal,2026-10-09 00:00:00,U201
H003883,O11246,,2-Qualified,2025-07-16 00:00:00,U209
H003884,O11246,2-Qualified,3-Proposal,2025-08-09 00:00:00,U209
H003885,O11246,3-Proposal,6-Closed Lost,2025-09-03 00:00:00,U209
H003886,O11247,,2-Qualified,2026-08-07 00:00:00,U206
H003887,O11247,2-Qualified,3-Proposal,2026-09-15 00:00:00,U206
H003888,O11247,3-Proposal,4-Negotiation,2026-11-03 00:00:00,U206
H003889,O11248,,2-Qualified,2024-06-23 00:00:00,U202
H003890,O11248,2-Qualified,3-Proposal,2024-07-05 00:00:00,U202
H003891,O11248,3-Proposal,4-Negotiation,2024-07-16 00:00:00,U202
H003892,O11248,4-Negotiation,6-Closed Lost,2024-07-25 00:00:00,U202
H003893,O11249,,2-Qualified,2026-02-26 00:00:00,U220
H003894,O11249,2-Qualified,3-Proposal,2026-04-02 00:00:00,U220
H003895,O11249,3-Proposal,4-Negotiation,2026-04-27 00:00:00,U220
H003896,O11249,4-Negotiation,5-Closed Won,2026-05-15 00:00:00,U220
H003897,O11250,,2-Qualified,2024-09-08 00:00:00,U209
H003898,O11250,2-Qualified,6-Closed Lost,2024-09-28 00:00:00,U209
H003899,O11251,,2-Qualified,2025-09-10 00:00:00,U211
H003900,O11251,2-Qualified,3-Proposal,2025-09-17 00:00:00,U211
H003901,O11251,3-Proposal,4-Negotiation,2025-09-24 00:00:00,U211
H003902,O11251,4-Negotiation,5-Closed Won,2025-09-28 00:00:00,U211
H003903,O11252,,2-Qualified,2025-06-21 00:00:00,U211
H003904,O11252,2-Qualified,3-Proposal,2025-07-04 00:00:00,U211
H003905,O11252,3-Proposal,4-Negotiation,2025-07-14 00:00:00,U211
H003906,O11252,4-Negotiation,5-Closed Won,2025-07-24 00:00:00,U211
H003907,O11253,,2-Qualified,2025-09-01 00:00:00,U202
H003908,O11253,2-Qualified,6-Closed Lost,2025-09-28 00:00:00,U202
H003909,O11254,,2-Qualified,2026-04-04 00:00:00,U215
H003910,O11254,2-Qualified,3-Proposal,2026-04-20 00:00:00,U215
H003911,O11254,3-Proposal,4-Negotiation,2026-05-07 00:00:00,U215
H003912,O11254,4-Negotiation,6-Closed Lost,2026-05-27 00:00:00,U215
H003913,O11255,,2-Qualified,2026-03-15 00:00:00,U211
H003914,O11255,2-Qualified,3-Proposal,2026-04-21 00:00:00,U211
H003915,O11255,3-Proposal,6-Closed Lost,2026-05-18 00:00:00,U211
H003916,O11258,,2-Qualified,2024-08-03 00:00:00,U220
H003917,O11258,2-Qualified,3-Proposal,2024-08-28 00:00:00,U220
H003918,O11258,3-Proposal,4-Negotiation,2024-10-07 00:00:00,U220
H003919,O11258,4-Negotiation,5-Closed Won,2024-11-03 00:00:00,U220
H003920,O11259,,2-Qualified,2025-11-16 00:00:00,U203
H003921,O11259,2-Qualified,3-Proposal,2025-11-26 00:00:00,U203
H003922,O11259,3-Proposal,4-Negotiation,2025-12-10 00:00:00,U203
H003923,O11259,4-Negotiation,5-Closed Won,2025-12-20 00:00:00,U203
H003924,O11260,,2-Qualified,2025-06-25 00:00:00,U211
H003925,O11260,2-Qualified,3-Proposal,2025-07-25 00:00:00,U211
H003926,O11260,3-Proposal,4-Negotiation,2025-08-28 00:00:00,U211
H003927,O11260,4-Negotiation,6-Closed Lost,2025-09-09 00:00:00,U211
H003928,O11261,,2-Qualified,2024-12-21 00:00:00,U223
H003929,O11261,2-Qualified,3-Proposal,2025-01-23 00:00:00,U223
H003930,O11261,3-Proposal,6-Closed Lost,2025-02-28 00:00:00,U223
H003931,O11263,,2-Qualified,2024-12-31 00:00:00,U214
H003932,O11263,2-Qualified,6-Closed Lost,2025-01-28 00:00:00,U214
H003933,O11264,,2-Qualified,2024-06-15 00:00:00,U208
H003934,O11264,2-Qualified,3-Proposal,2024-07-05 00:00:00,U208
H003935,O11264,3-Proposal,4-Negotiation,2024-07-31 00:00:00,U208
H003936,O11264,4-Negotiation,5-Closed Won,2024-09-04 00:00:00,U208
H003937,O11265,,2-Qualified,2025-03-29 00:00:00,U223
H003938,O11265,2-Qualified,6-Closed Lost,2025-05-23 00:00:00,U223
H003939,O11266,,2-Qualified,2024-09-07 00:00:00,U209
H003940,O11266,2-Qualified,3-Proposal,2024-10-25 00:00:00,U209
H003941,O11266,3-Proposal,4-Negotiation,2024-12-04 00:00:00,U209
H003942,O11266,4-Negotiation,5-Closed Won,2025-01-30 00:00:00,U209
H003943,O11267,,2-Qualified,2025-04-16 00:00:00,U201
H003944,O11267,2-Qualified,3-Proposal,2025-04-28 00:00:00,U201
H003945,O11267,3-Proposal,4-Negotiation,2025-05-08 00:00:00,U201
H003946,O11267,4-Negotiation,6-Closed Lost,2025-05-21 00:00:00,U201
H003947,O11268,,2-Qualified,2025-07-17 00:00:00,U217
H003948,O11268,2-Qualified,3-Proposal,2025-07-19 00:00:00,U217
H003949,O11268,3-Proposal,4-Negotiation,2025-07-20 00:00:00,U217
H003950,O11268,4-Negotiation,5-Closed Won,2025-07-22 00:00:00,U217
H003951,O11269,,2-Qualified,2024-09-09 00:00:00,U203
H003952,O11269,2-Qualified,3-Proposal,2024-10-03 00:00:00,U203
H003953,O11269,3-Proposal,4-Negotiation,2024-11-01 00:00:00,U203
H003954,O11269,4-Negotiation,6-Closed Lost,2024-11-27 00:00:00,U203
H003955,O11270,,2-Qualified,2024-07-18 00:00:00,U217
H003956,O11270,2-Qualified,3-Proposal,2024-08-04 00:00:00,U217
H003957,O11270,3-Proposal,4-Negotiation,2024-08-21 00:00:00,U217
H003958,O11270,4-Negotiation,6-Closed Lost,2024-09-08 00:00:00,U217
H003959,O11271,,2-Qualified,2024-07-26 00:00:00,U223
H003960,O11271,2-Qualified,3-Proposal,2024-09-11 00:00:00,U223
H003961,O11271,3-Proposal,4-Negotiation,2024-11-06 00:00:00,U223
H003962,O11271,4-Negotiation,6-Closed Lost,2024-12-07 00:00:00,U223
H003963,O11272,,2-Qualified,2026-04-12 00:00:00,U216
H003964,O11272,2-Qualified,3-Proposal,2026-05-08 00:00:00,U216
H003965,O11272,3-Proposal,6-Closed Lost,2026-05-26 00:00:00,U216
H003966,O11273,,2-Qualified,2024-02-13 00:00:00,U209
H003967,O11273,2-Qualified,3-Proposal,2024-02-18 00:00:00,U209
H003968,O11273,3-Proposal,4-Negotiation,2024-02-25 00:00:00,U209
H003969,O11273,4-Negotiation,5-Closed Won,2024-02-28 00:00:00,U209
H003970,O11274,,2-Qualified,2024-10-13 00:00:00,U205
H003971,O11274,2-Qualified,3-Proposal,2024-10-24 00:00:00,U205
H003972,O11274,3-Proposal,4-Negotiation,2024-11-09 00:00:00,U205
H003973,O11274,4-Negotiation,5-Closed Won,2024-12-02 00:00:00,U205
H003974,O11275,,2-Qualified,2024-05-11 00:00:00,U208
H003975,O11275,2-Qualified,6-Closed Lost,2024-07-18 00:00:00,U208
H003976,O11276,,2-Qualified,2026-03-18 00:00:00,U203
H003977,O11276,2-Qualified,6-Closed Lost,2026-04-23 00:00:00,U203
H003978,O11277,,2-Qualified,2025-11-26 00:00:00,U217
H003979,O11277,2-Qualified,3-Proposal,2025-12-13 00:00:00,U217
H003980,O11277,3-Proposal,4-Negotiation,2026-01-03 00:00:00,U217
H003981,O11277,4-Negotiation,5-Closed Won,2026-02-04 00:00:00,U217
H003982,O11278,,2-Qualified,2024-12-22 00:00:00,U205
H003983,O11278,2-Qualified,3-Proposal,2025-02-09 00:00:00,U205
H003984,O11278,3-Proposal,4-Negotiation,2025-04-04 00:00:00,U205
H003985,O11278,4-Negotiation,5-Closed Won,2025-04-16 00:00:00,U205
H003986,O11279,,2-Qualified,2025-05-14 00:00:00,U213
H003987,O11279,2-Qualified,3-Proposal,2025-06-14 00:00:00,U213
H003988,O11279,3-Proposal,4-Negotiation,2025-06-30 00:00:00,U213
H003989,O11279,4-Negotiation,6-Closed Lost,2025-07-17 00:00:00,U213
H003990,O11280,,2-Qualified,2026-02-22 00:00:00,U202
H003991,O11280,2-Qualified,3-Proposal,2026-04-06 00:00:00,U202
H003992,O11280,3-Proposal,4-Negotiation,2026-05-16 00:00:00,U202
H003993,O11280,4-Negotiation,5-Closed Won,2026-06-17 00:00:00,U202
H003994,O11281,,2-Qualified,2025-12-12 00:00:00,U218
H003995,O11281,2-Qualified,3-Proposal,2025-12-14 00:00:00,U218
H003996,O11281,3-Proposal,4-Negotiation,2025-12-16 00:00:00,U218
H003997,O11281,4-Negotiation,5-Closed Won,2025-12-17 00:00:00,U218
H003998,O11282,,2-Qualified,2025-06-14 00:00:00,U214
H003999,O11282,2-Qualified,3-Proposal,2025-07-07 00:00:00,U214
H004000,O11282,3-Proposal,4-Negotiation,2025-07-24 00:00:00,U214
H004001,O11282,4-Negotiation,5-Closed Won,2025-08-10 00:00:00,U214
H004002,O11283,,2-Qualified,2025-09-03 00:00:00,U211
H004003,O11283,2-Qualified,3-Proposal,2025-09-05 00:00:00,U211
H004004,O11283,3-Proposal,4-Negotiation,2025-09-07 00:00:00,U211
H004005,O11283,4-Negotiation,5-Closed Won,2025-09-10 00:00:00,U211
H004006,O11284,,2-Qualified,2024-08-16 00:00:00,U200
H004007,O11284,2-Qualified,6-Closed Lost,2024-10-01 00:00:00,U200
H004008,O11285,,2-Qualified,2025-10-28 00:00:00,U211
H004009,O11285,2-Qualified,3-Proposal,2025-11-11 00:00:00,U211
H004010,O11285,3-Proposal,4-Negotiation,2025-12-05 00:00:00,U211
H004011,O11285,4-Negotiation,5-Closed Won,2025-12-18 00:00:00,U211
H004012,O11286,,2-Qualified,2025-05-13 00:00:00,U207
H004013,O11286,2-Qualified,3-Proposal,2025-05-15 00:00:00,U207
H004014,O11286,3-Proposal,4-Negotiation,2025-05-17 00:00:00,U207
H004015,O11286,4-Negotiation,5-Closed Won,2025-05-18 00:00:00,U207
H004016,O11287,,2-Qualified,2025-11-26 00:00:00,U223
H004017,O11287,2-Qualified,3-Proposal,2025-12-25 00:00:00,U223
H004018,O11287,3-Proposal,4-Negotiation,2026-01-12 00:00:00,U223
H004019,O11287,4-Negotiation,5-Closed Won,2026-02-14 00:00:00,U223
H004020,O11288,,2-Qualified,2025-08-16 00:00:00,U216
H004021,O11288,2-Qualified,3-Proposal,2025-09-01 00:00:00,U216
H004022,O11288,3-Proposal,4-Negotiation,2025-09-18 00:00:00,U216
H004023,O11288,4-Negotiation,5-Closed Won,2025-10-04 00:00:00,U216
H004024,O11289,,2-Qualified,2024-08-28 00:00:00,U210
H004025,O11289,2-Qualified,3-Proposal,2024-09-06 00:00:00,U210
H004026,O11289,3-Proposal,4-Negotiation,2024-09-13 00:00:00,U210
H004027,O11289,4-Negotiation,5-Closed Won,2024-09-22 00:00:00,U210
H004028,O11291,,2-Qualified,2026-02-16 00:00:00,U209
H004029,O11291,2-Qualified,3-Proposal,2026-04-05 00:00:00,U209
H004030,O11291,3-Proposal,4-Negotiation,2026-05-24 00:00:00,U209
H004031,O11291,4-Negotiation,5-Closed Won,2026-06-10 00:00:00,U209
H004032,O11292,,2-Qualified,2024-04-13 00:00:00,U221
H004033,O11292,2-Qualified,3-Proposal,2024-05-02 00:00:00,U221
H004034,O11292,3-Proposal,4-Negotiation,2024-05-23 00:00:00,U221
H004035,O11292,4-Negotiation,5-Closed Won,2024-06-28 00:00:00,U221
H004036,O11293,,2-Qualified,2025-11-30 00:00:00,U222
H004037,O11293,2-Qualified,6-Closed Lost,2025-12-24 00:00:00,U222
H004038,O11294,,2-Qualified,2024-05-26 00:00:00,U207
H004039,O11294,2-Qualified,3-Proposal,2024-07-07 00:00:00,U207
H004040,O11294,3-Proposal,4-Negotiation,2024-08-21 00:00:00,U207
H004041,O11294,4-Negotiation,5-Closed Won,2024-09-13 00:00:00,U207
H004042,O11295,,2-Qualified,2026-07-26 00:00:00,U207
H004043,O11295,2-Qualified,3-Proposal,2026-09-14 00:00:00,U207
H004044,O11296,,2-Qualified,2025-05-02 00:00:00,U212
H004045,O11296,2-Qualified,3-Proposal,2025-05-16 00:00:00,U212
H004046,O11296,3-Proposal,4-Negotiation,2025-06-03 00:00:00,U212
H004047,O11296,4-Negotiation,5-Closed Won,2025-06-21 00:00:00,U212
H004048,O11297,,2-Qualified,2024-07-24 00:00:00,U222
H004049,O11297,2-Qualified,3-Proposal,2024-08-11 00:00:00,U222
H004050,O11297,3-Proposal,6-Closed Lost,2024-09-13 00:00:00,U222
H004051,O11298,,2-Qualified,2025-06-24 00:00:00,U220
H004052,O11298,2-Qualified,3-Proposal,2025-08-11 00:00:00,U220
H004053,O11298,3-Proposal,4-Negotiation,2025-09-16 00:00:00,U220
H004054,O11298,4-Negotiation,6-Closed Lost,2025-10-06 00:00:00,U220
H004055,O11299,,2-Qualified,2026-05-31 00:00:00,U215
H004056,O11299,2-Qualified,3-Proposal,2026-07-02 00:00:00,U215
H004057,O11299,3-Proposal,4-Negotiation,2026-08-02 00:00:00,U215
H004058,O11300,,2-Qualified,2025-06-21 00:00:00,U203
H004059,O11300,2-Qualified,3-Proposal,2025-06-23 00:00:00,U203
H004060,O11300,3-Proposal,4-Negotiation,2025-06-26 00:00:00,U203
H004061,O11300,4-Negotiation,6-Closed Lost,2025-06-28 00:00:00,U203
H004062,O11301,,2-Qualified,2025-04-11 00:00:00,U215
H004063,O11301,2-Qualified,3-Proposal,2025-04-23 00:00:00,U215
H004064,O11301,3-Proposal,4-Negotiation,2025-04-30 00:00:00,U215
H004065,O11301,4-Negotiation,5-Closed Won,2025-05-09 00:00:00,U215
H004066,O11302,,2-Qualified,2025-11-19 00:00:00,U201
H004067,O11302,2-Qualified,3-Proposal,2025-11-21 00:00:00,U201
H004068,O11302,3-Proposal,4-Negotiation,2025-11-23 00:00:00,U201
H004069,O11302,4-Negotiation,5-Closed Won,2025-11-24 00:00:00,U201
H004070,O11303,,2-Qualified,2025-09-24 00:00:00,U212
H004071,O11303,2-Qualified,3-Proposal,2025-09-28 00:00:00,U212
H004072,O11303,3-Proposal,4-Negotiation,2025-10-01 00:00:00,U212
H004073,O11303,4-Negotiation,5-Closed Won,2025-10-07 00:00:00,U212
H004074,O11304,,2-Qualified,2024-09-19 00:00:00,U223
H004075,O11304,2-Qualified,3-Proposal,2024-11-12 00:00:00,U223
H004076,O11304,3-Proposal,6-Closed Lost,2025-01-18 00:00:00,U223
H004077,O11305,,2-Qualified,2025-01-07 00:00:00,U203
H004078,O11305,2-Qualified,6-Closed Lost,2025-02-12 00:00:00,U203
H004079,O11307,,2-Qualified,2026-07-27 00:00:00,U223
H004080,O11307,2-Qualified,3-Proposal,2026-09-14 00:00:00,U223
H004081,O11307,3-Proposal,4-Negotiation,2026-10-23 00:00:00,U223
H004082,O11308,,2-Qualified,2024-03-18 00:00:00,U221
H004083,O11308,2-Qualified,3-Proposal,2024-04-04 00:00:00,U221
H004084,O11308,3-Proposal,4-Negotiation,2024-04-20 00:00:00,U221
H004085,O11308,4-Negotiation,5-Closed Won,2024-05-09 00:00:00,U221
H004086,O11309,,2-Qualified,2025-07-12 00:00:00,U211
H004087,O11309,2-Qualified,6-Closed Lost,2025-08-05 00:00:00,U211
H004088,O11310,,2-Qualified,2026-01-28 00:00:00,U206
H004089,O11310,2-Qualified,3-Proposal,2026-03-04 00:00:00,U206
H004090,O11310,3-Proposal,4-Negotiation,2026-04-08 00:00:00,U206
H004091,O11310,4-Negotiation,5-Closed Won,2026-05-24 00:00:00,U206
H004092,O11311,,2-Qualified,2025-08-28 00:00:00,U203
H004093,O11311,2-Qualified,3-Proposal,2025-09-13 00:00:00,U203
H004094,O11311,3-Proposal,4-Negotiation,2025-09-30 00:00:00,U203
H004095,O11311,4-Negotiation,5-Closed Won,2025-10-17 00:00:00,U203
H004096,O11312,,2-Qualified,2025-03-03 00:00:00,U215
H004097,O11312,2-Qualified,3-Proposal,2025-04-07 00:00:00,U215
H004098,O11312,3-Proposal,4-Negotiation,2025-05-10 00:00:00,U215
H004099,O11312,4-Negotiation,5-Closed Won,2025-06-25 00:00:00,U215
H004100,O11313,,2-Qualified,2026-03-14 00:00:00,U207
H004101,O11313,2-Qualified,3-Proposal,2026-03-17 00:00:00,U207
H004102,O11313,3-Proposal,4-Negotiation,2026-03-20 00:00:00,U207
H004103,O11313,4-Negotiation,5-Closed Won,2026-03-24 00:00:00,U207
H004104,O11314,,2-Qualified,2026-04-28 00:00:00,U217
H004105,O11314,2-Qualified,3-Proposal,2026-05-04 00:00:00,U217
H004106,O11314,3-Proposal,4-Negotiation,2026-05-08 00:00:00,U217
H004107,O11314,4-Negotiation,5-Closed Won,2026-05-11 00:00:00,U217
H004108,O11315,,2-Qualified,2024-05-04 00:00:00,U220
H004109,O11315,2-Qualified,3-Proposal,2024-06-05 00:00:00,U220
H004110,O11315,3-Proposal,4-Negotiation,2024-07-21 00:00:00,U220
H004111,O11315,4-Negotiation,5-Closed Won,2024-08-21 00:00:00,U220
H004112,O11316,,2-Qualified,2026-01-25 00:00:00,U202
H004113,O11316,2-Qualified,3-Proposal,2026-02-15 00:00:00,U202
H004114,O11316,3-Proposal,4-Negotiation,2026-02-28 00:00:00,U202
H004115,O11316,4-Negotiation,6-Closed Lost,2026-03-12 00:00:00,U202
H004116,O11317,,2-Qualified,2025-08-03 00:00:00,U220
H004117,O11317,2-Qualified,3-Proposal,2025-08-27 00:00:00,U220
H004118,O11317,3-Proposal,4-Negotiation,2025-09-25 00:00:00,U220
H004119,O11317,4-Negotiation,5-Closed Won,2025-10-26 00:00:00,U220
H004120,O11318,,2-Qualified,2024-08-04 00:00:00,U217
H004121,O11318,2-Qualified,3-Proposal,2024-08-19 00:00:00,U217
H004122,O11318,3-Proposal,4-Negotiation,2024-08-30 00:00:00,U217
H004123,O11318,4-Negotiation,5-Closed Won,2024-09-22 00:00:00,U217
H004124,O11319,,2-Qualified,2025-09-19 00:00:00,U207
H004125,O11319,2-Qualified,3-Proposal,2025-10-08 00:00:00,U207
H004126,O11319,3-Proposal,4-Negotiation,2025-11-06 00:00:00,U207
H004127,O11319,4-Negotiation,5-Closed Won,2025-11-26 00:00:00,U207
H004128,O11320,,2-Qualified,2025-07-01 00:00:00,U200
H004129,O11320,2-Qualified,3-Proposal,2025-07-27 00:00:00,U200
H004130,O11320,3-Proposal,4-Negotiation,2025-08-17 00:00:00,U200
H004131,O11320,4-Negotiation,6-Closed Lost,2025-09-04 00:00:00,U200
H004132,O11321,,2-Qualified,2025-05-01 00:00:00,U212
H004133,O11321,2-Qualified,6-Closed Lost,2025-05-26 00:00:00,U212
H004134,O11322,,2-Qualified,2024-08-11 00:00:00,U209
H004135,O11322,2-Qualified,3-Proposal,2024-09-30 00:00:00,U209
H004136,O11322,3-Proposal,4-Negotiation,2024-11-25 00:00:00,U209
H004137,O11322,4-Negotiation,5-Closed Won,2024-12-17 00:00:00,U209
H004138,O11325,,2-Qualified,2024-09-15 00:00:00,U209
H004139,O11325,2-Qualified,3-Proposal,2024-09-28 00:00:00,U209
H004140,O11325,3-Proposal,4-Negotiation,2024-10-24 00:00:00,U209
H004141,O11325,4-Negotiation,5-Closed Won,2024-11-14 00:00:00,U209
H004142,O11326,,2-Qualified,2024-07-12 00:00:00,U217
H004143,O11326,2-Qualified,3-Proposal,2024-07-13 00:00:00,U217
H004144,O11326,3-Proposal,6-Closed Lost,2024-07-15 00:00:00,U217
H004145,O11327,,2-Qualified,2024-05-20 00:00:00,U222
H004146,O11327,2-Qualified,6-Closed Lost,2024-07-14 00:00:00,U222
H004147,O11328,,2-Qualified,2024-12-26 00:00:00,U223
H004148,O11328,2-Qualified,3-Proposal,2025-01-19 00:00:00,U223
H004149,O11328,3-Proposal,4-Negotiation,2025-02-20 00:00:00,U223
H004150,O11328,4-Negotiation,5-Closed Won,2025-03-09 00:00:00,U223
H004151,O11329,,2-Qualified,2025-06-26 00:00:00,U216
H004152,O11329,2-Qualified,3-Proposal,2025-07-30 00:00:00,U216
H004153,O11329,3-Proposal,6-Closed Lost,2025-08-13 00:00:00,U216
H004154,O11330,,2-Qualified,2026-07-05 00:00:00,U201
H004155,O11331,,2-Qualified,2024-04-13 00:00:00,U200
H004156,O11331,2-Qualified,3-Proposal,2024-04-28 00:00:00,U200
H004157,O11331,3-Proposal,4-Negotiation,2024-05-21 00:00:00,U200
H004158,O11331,4-Negotiation,5-Closed Won,2024-06-01 00:00:00,U200
H004159,O11332,,2-Qualified,2026-01-12 00:00:00,U220
H004160,O11332,2-Qualified,3-Proposal,2026-01-16 00:00:00,U220
H004161,O11332,3-Proposal,6-Closed Lost,2026-01-26 00:00:00,U220
H004162,O11334,,2-Qualified,2024-08-01 00:00:00,U201
H004163,O11334,2-Qualified,3-Proposal,2024-08-21 00:00:00,U201
H004164,O11334,3-Proposal,6-Closed Lost,2024-09-05 00:00:00,U201
H004165,O11335,,2-Qualified,2024-08-30 00:00:00,U202
H004166,O11335,2-Qualified,3-Proposal,2024-09-01 00:00:00,U202
H004167,O11335,3-Proposal,4-Negotiation,2024-09-03 00:00:00,U202
H004168,O11335,4-Negotiation,5-Closed Won,2024-09-05 00:00:00,U202
H004169,O11336,,2-Qualified,2025-08-15 00:00:00,U209
H004170,O11336,2-Qualified,3-Proposal,2025-09-05 00:00:00,U209
H004171,O11336,3-Proposal,4-Negotiation,2025-10-07 00:00:00,U209
H004172,O11336,4-Negotiation,6-Closed Lost,2025-11-03 00:00:00,U209
H004173,O11337,,2-Qualified,2025-10-11 00:00:00,U202
H004174,O11337,2-Qualified,3-Proposal,2025-10-31 00:00:00,U202
H004175,O11337,3-Proposal,4-Negotiation,2025-11-20 00:00:00,U202
H004176,O11337,4-Negotiation,5-Closed Won,2025-12-20 00:00:00,U202
H004177,O11338,,2-Qualified,2025-08-12 00:00:00,U207
H004178,O11338,2-Qualified,3-Proposal,2025-09-04 00:00:00,U207
H004179,O11338,3-Proposal,6-Closed Lost,2025-09-19 00:00:00,U207
H004180,O11339,,2-Qualified,2025-10-20 00:00:00,U223
H004181,O11339,2-Qualified,3-Proposal,2025-10-27 00:00:00,U223
H004182,O11339,3-Proposal,6-Closed Lost,2025-11-01 00:00:00,U223
H004183,O11340,,2-Qualified,2026-01-24 00:00:00,U219
H004184,O11340,2-Qualified,3-Proposal,2026-01-26 00:00:00,U219
H004185,O11340,3-Proposal,4-Negotiation,2026-01-28 00:00:00,U219
H004186,O11340,4-Negotiation,5-Closed Won,2026-01-31 00:00:00,U219
H004187,O11342,,2-Qualified,2026-06-25 00:00:00,U221
H004188,O11343,,2-Qualified,2025-03-19 00:00:00,U219
H004189,O11343,2-Qualified,6-Closed Lost,2025-05-14 00:00:00,U219
H004190,O11344,,2-Qualified,2025-05-05 00:00:00,U201
H004191,O11344,2-Qualified,6-Closed Lost,2025-07-10 00:00:00,U201
H004192,O11345,,2-Qualified,2025-03-22 00:00:00,U220
H004193,O11345,2-Qualified,3-Proposal,2025-05-23 00:00:00,U220
H004194,O11345,3-Proposal,4-Negotiation,2025-06-25 00:00:00,U220
H004195,O11345,4-Negotiation,6-Closed Lost,2025-08-05 00:00:00,U220
H004196,O11346,,2-Qualified,2024-05-31 00:00:00,U203
H004197,O11346,2-Qualified,6-Closed Lost,2024-07-10 00:00:00,U203
H004198,O11347,,2-Qualified,2024-10-14 00:00:00,U217
H004199,O11347,2-Qualified,3-Proposal,2024-10-15 00:00:00,U217
H004200,O11347,3-Proposal,4-Negotiation,2024-10-17 00:00:00,U217
H004201,O11347,4-Negotiation,5-Closed Won,2024-10-19 00:00:00,U217
H004202,O11349,,2-Qualified,2026-03-15 00:00:00,U204
H004203,O11349,2-Qualified,3-Proposal,2026-04-22 00:00:00,U204
H004204,O11349,3-Proposal,4-Negotiation,2026-06-01 00:00:00,U204
H004205,O11349,4-Negotiation,5-Closed Won,2026-06-22 00:00:00,U204
H004206,O11350,,2-Qualified,2024-04-14 00:00:00,U205
H004207,O11350,2-Qualified,3-Proposal,2024-05-17 00:00:00,U205
H004208,O11350,3-Proposal,4-Negotiation,2024-06-02 00:00:00,U205
H004209,O11350,4-Negotiation,6-Closed Lost,2024-06-30 00:00:00,U205
H004210,O11351,,2-Qualified,2025-12-30 00:00:00,U210
H004211,O11351,2-Qualified,3-Proposal,2026-01-09 00:00:00,U210
H004212,O11351,3-Proposal,4-Negotiation,2026-01-19 00:00:00,U210
H004213,O11351,4-Negotiation,6-Closed Lost,2026-01-29 00:00:00,U210
H004214,O11352,,2-Qualified,2025-02-19 00:00:00,U220
H004215,O11352,2-Qualified,3-Proposal,2025-02-24 00:00:00,U220
H004216,O11352,3-Proposal,4-Negotiation,2025-03-01 00:00:00,U220
H004217,O11352,4-Negotiation,5-Closed Won,2025-03-02 00:00:00,U220
H004218,O11353,,2-Qualified,2025-09-08 00:00:00,U220
H004219,O11353,2-Qualified,3-Proposal,2025-09-22 00:00:00,U220
H004220,O11353,3-Proposal,4-Negotiation,2025-10-05 00:00:00,U220
H004221,O11353,4-Negotiation,5-Closed Won,2025-10-23 00:00:00,U220
H004222,O11354,,2-Qualified,2024-03-03 00:00:00,U217
H004223,O11354,2-Qualified,3-Proposal,2024-03-15 00:00:00,U217
H004224,O11354,3-Proposal,4-Negotiation,2024-03-26 00:00:00,U217
H004225,O11354,4-Negotiation,5-Closed Won,2024-04-09 00:00:00,U217
H004226,O11355,,2-Qualified,2024-07-22 00:00:00,U215
H004227,O11355,2-Qualified,3-Proposal,2024-08-04 00:00:00,U215
H004228,O11355,3-Proposal,4-Negotiation,2024-08-22 00:00:00,U215
H004229,O11355,4-Negotiation,6-Closed Lost,2024-08-30 00:00:00,U215
H004230,O11356,,2-Qualified,2025-12-02 00:00:00,U213
H004231,O11356,2-Qualified,3-Proposal,2025-12-30 00:00:00,U213
H004232,O11356,3-Proposal,4-Negotiation,2026-01-19 00:00:00,U213
H004233,O11356,4-Negotiation,5-Closed Won,2026-02-24 00:00:00,U213
H004234,O11358,,2-Qualified,2026-06-07 00:00:00,U217
H004235,O11358,2-Qualified,3-Proposal,2026-08-16 00:00:00,U217
H004236,O11359,,2-Qualified,2025-11-13 00:00:00,U223
H004237,O11359,2-Qualified,3-Proposal,2026-01-01 00:00:00,U223
H004238,O11359,3-Proposal,4-Negotiation,2026-02-16 00:00:00,U223
H004239,O11359,4-Negotiation,5-Closed Won,2026-02-16 00:00:00,U223
H004240,O11360,,2-Qualified,2025-04-21 00:00:00,U214
H004241,O11360,2-Qualified,3-Proposal,2025-05-16 00:00:00,U214
H004242,O11360,3-Proposal,4-Negotiation,2025-05-29 00:00:00,U214
H004243,O11360,4-Negotiation,6-Closed Lost,2025-06-12 00:00:00,U214
H004244,O11361,,2-Qualified,2026-02-02 00:00:00,U220
H004245,O11361,2-Qualified,3-Proposal,2026-02-05 00:00:00,U220
H004246,O11361,3-Proposal,4-Negotiation,2026-02-08 00:00:00,U220
H004247,O11361,4-Negotiation,5-Closed Won,2026-02-12 00:00:00,U220
H004248,O11362,,2-Qualified,2025-10-02 00:00:00,U201
H004249,O11362,2-Qualified,3-Proposal,2025-11-04 00:00:00,U201
H004250,O11362,3-Proposal,4-Negotiation,2025-12-09 00:00:00,U201
H004251,O11362,4-Negotiation,5-Closed Won,2026-01-23 00:00:00,U201
H004252,O11363,,2-Qualified,2024-11-19 00:00:00,U205
H004253,O11363,2-Qualified,6-Closed Lost,2025-03-06 00:00:00,U205
H004254,O11364,,2-Qualified,2024-08-02 00:00:00,U203
H004255,O11364,2-Qualified,3-Proposal,2024-08-08 00:00:00,U203
H004256,O11364,3-Proposal,4-Negotiation,2024-08-15 00:00:00,U203
H004257,O11364,4-Negotiation,5-Closed Won,2024-08-20 00:00:00,U203
H004258,O11365,,2-Qualified,2026-07-12 00:00:00,U206
H004259,O11365,2-Qualified,3-Proposal,2026-08-18 00:00:00,U206
H004260,O11366,,2-Qualified,2026-03-27 00:00:00,U204
H004261,O11366,2-Qualified,3-Proposal,2026-04-13 00:00:00,U204
H004262,O11366,3-Proposal,4-Negotiation,2026-05-17 00:00:00,U204
H004263,O11366,4-Negotiation,5-Closed Won,2026-06-13 00:00:00,U204
H004264,O11367,,2-Qualified,2025-07-10 00:00:00,U205
H004265,O11367,2-Qualified,3-Proposal,2025-07-25 00:00:00,U205
H004266,O11367,3-Proposal,4-Negotiation,2025-08-24 00:00:00,U205
H004267,O11367,4-Negotiation,5-Closed Won,2025-09-15 00:00:00,U205
H004268,O11368,,2-Qualified,2026-03-10 00:00:00,U205
H004269,O11368,2-Qualified,3-Proposal,2026-03-21 00:00:00,U205
H004270,O11368,3-Proposal,4-Negotiation,2026-04-01 00:00:00,U205
H004271,O11368,4-Negotiation,5-Closed Won,2026-04-05 00:00:00,U205
H004272,O11369,,2-Qualified,2025-08-06 00:00:00,U223
H004273,O11369,2-Qualified,3-Proposal,2025-08-13 00:00:00,U223
H004274,O11369,3-Proposal,4-Negotiation,2025-08-19 00:00:00,U223
H004275,O11369,4-Negotiation,5-Closed Won,2025-08-28 00:00:00,U223
H004276,O11370,,2-Qualified,2025-05-17 00:00:00,U206
H004277,O11370,2-Qualified,3-Proposal,2025-06-04 00:00:00,U206
H004278,O11370,3-Proposal,4-Negotiation,2025-06-25 00:00:00,U206
H004279,O11370,4-Negotiation,6-Closed Lost,2025-07-20 00:00:00,U206
H004280,O11371,,2-Qualified,2025-10-31 00:00:00,U205
H004281,O11371,2-Qualified,3-Proposal,2025-11-06 00:00:00,U205
H004282,O11371,3-Proposal,4-Negotiation,2025-11-11 00:00:00,U205
H004283,O11371,4-Negotiation,5-Closed Won,2025-11-19 00:00:00,U205
H004284,O11372,,2-Qualified,2025-09-01 00:00:00,U210
H004285,O11372,2-Qualified,3-Proposal,2025-09-22 00:00:00,U210
H004286,O11372,3-Proposal,4-Negotiation,2025-10-17 00:00:00,U210
H004287,O11372,4-Negotiation,5-Closed Won,2025-11-08 00:00:00,U210
H004288,O11373,,2-Qualified,2024-06-29 00:00:00,U214
H004289,O11373,2-Qualified,6-Closed Lost,2024-07-23 00:00:00,U214
H004290,O11375,,2-Qualified,2024-02-13 00:00:00,U213
H004291,O11375,2-Qualified,3-Proposal,2024-03-17 00:00:00,U213
H004292,O11375,3-Proposal,4-Negotiation,2024-04-11 00:00:00,U213
H004293,O11375,4-Negotiation,6-Closed Lost,2024-05-01 00:00:00,U213
H004294,O11376,,2-Qualified,2024-02-11 00:00:00,U223
H004295,O11376,2-Qualified,3-Proposal,2024-02-14 00:00:00,U223
H004296,O11376,3-Proposal,4-Negotiation,2024-02-18 00:00:00,U223
H004297,O11376,4-Negotiation,6-Closed Lost,2024-02-22 00:00:00,U223
H004298,O11377,,2-Qualified,2025-05-09 00:00:00,U221
H004299,O11377,2-Qualified,3-Proposal,2025-06-15 00:00:00,U221
H004300,O11377,3-Proposal,4-Negotiation,2025-07-19 00:00:00,U221
H004301,O11377,4-Negotiation,5-Closed Won,2025-08-19 00:00:00,U221
H004302,O11378,,2-Qualified,2025-06-22 00:00:00,U212
H004303,O11378,2-Qualified,3-Proposal,2025-07-05 00:00:00,U212
H004304,O11378,3-Proposal,4-Negotiation,2025-07-15 00:00:00,U212
H004305,O11378,4-Negotiation,5-Closed Won,2025-07-23 00:00:00,U212
H004306,O11379,,2-Qualified,2024-05-22 00:00:00,U208
H004307,O11379,2-Qualified,3-Proposal,2024-06-16 00:00:00,U208
H004308,O11379,3-Proposal,6-Closed Lost,2024-07-10 00:00:00,U208
H004309,O11380,,2-Qualified,2024-06-04 00:00:00,U215
H004310,O11380,2-Qualified,6-Closed Lost,2024-06-12 00:00:00,U215
H004311,O11381,,2-Qualified,2025-05-24 00:00:00,U215
H004312,O11381,2-Qualified,3-Proposal,2025-06-09 00:00:00,U215
H004313,O11381,3-Proposal,4-Negotiation,2025-06-20 00:00:00,U215
H004314,O11381,4-Negotiation,5-Closed Won,2025-07-03 00:00:00,U215
H004315,O11382,,2-Qualified,2025-05-06 00:00:00,U220
H004316,O11382,2-Qualified,3-Proposal,2025-05-20 00:00:00,U220
H004317,O11382,3-Proposal,4-Negotiation,2025-06-21 00:00:00,U220
H004318,O11382,4-Negotiation,5-Closed Won,2025-07-12 00:00:00,U220
H004319,O11383,,2-Qualified,2024-04-19 00:00:00,U220
H004320,O11383,2-Qualified,3-Proposal,2024-05-06 00:00:00,U220
H004321,O11383,3-Proposal,4-Negotiation,2024-06-01 00:00:00,U220
H004322,O11383,4-Negotiation,5-Closed Won,2024-06-28 00:00:00,U220
H004323,O11384,,2-Qualified,2025-09-05 00:00:00,U200
H004324,O11384,2-Qualified,3-Proposal,2025-10-01 00:00:00,U200
H004325,O11384,3-Proposal,4-Negotiation,2025-11-01 00:00:00,U200
H004326,O11384,4-Negotiation,5-Closed Won,2025-11-20 00:00:00,U200
H004327,O11385,,2-Qualified,2024-08-02 00:00:00,U211
H004328,O11385,2-Qualified,3-Proposal,2024-09-20 00:00:00,U211
H004329,O11385,3-Proposal,4-Negotiation,2024-11-09 00:00:00,U211
H004330,O11385,4-Negotiation,5-Closed Won,2024-11-27 00:00:00,U211
H004331,O11386,,2-Qualified,2025-04-08 00:00:00,U217
H004332,O11386,2-Qualified,3-Proposal,2025-05-01 00:00:00,U217
H004333,O11386,3-Proposal,4-Negotiation,2025-05-27 00:00:00,U217
H004334,O11386,4-Negotiation,5-Closed Won,2025-06-23 00:00:00,U217
H004335,O11387,,2-Qualified,2024-07-04 00:00:00,U214
H004336,O11387,2-Qualified,3-Proposal,2024-07-20 00:00:00,U214
H004337,O11387,3-Proposal,4-Negotiation,2024-08-13 00:00:00,U214
H004338,O11387,4-Negotiation,5-Closed Won,2024-08-26 00:00:00,U214
H004339,O11388,,2-Qualified,2024-12-24 00:00:00,U206
H004340,O11388,2-Qualified,3-Proposal,2024-12-30 00:00:00,U206
H004341,O11388,3-Proposal,4-Negotiation,2025-01-04 00:00:00,U206
H004342,O11388,4-Negotiation,5-Closed Won,2025-01-11 00:00:00,U206
H004343,O11389,,2-Qualified,2024-05-07 00:00:00,U222
H004344,O11389,2-Qualified,3-Proposal,2024-07-13 00:00:00,U222
H004345,O11389,3-Proposal,6-Closed Lost,2024-08-17 00:00:00,U222
H004346,O11390,,2-Qualified,2024-03-10 00:00:00,U211
H004347,O11390,2-Qualified,3-Proposal,2024-04-14 00:00:00,U211
H004348,O11390,3-Proposal,4-Negotiation,2024-06-07 00:00:00,U211
H004349,O11390,4-Negotiation,6-Closed Lost,2024-07-30 00:00:00,U211
H004350,O11391,,2-Qualified,2024-09-28 00:00:00,U207
H004351,O11391,2-Qualified,3-Proposal,2024-11-02 00:00:00,U207
H004352,O11391,3-Proposal,4-Negotiation,2024-12-16 00:00:00,U207
H004353,O11391,4-Negotiation,5-Closed Won,2025-01-11 00:00:00,U207
H004354,O11392,,2-Qualified,2025-01-12 00:00:00,U203
H004355,O11392,2-Qualified,3-Proposal,2025-01-25 00:00:00,U203
H004356,O11392,3-Proposal,4-Negotiation,2025-02-10 00:00:00,U203
H004357,O11392,4-Negotiation,5-Closed Won,2025-02-25 00:00:00,U203
H004358,O11393,,2-Qualified,2024-06-04 00:00:00,U200
H004359,O11393,2-Qualified,3-Proposal,2024-06-13 00:00:00,U200
H004360,O11393,3-Proposal,6-Closed Lost,2024-06-18 00:00:00,U200
H004361,O11395,,2-Qualified,2026-05-29 00:00:00,U214
H004362,O11395,2-Qualified,3-Proposal,2026-06-09 00:00:00,U214
H004363,O11395,3-Proposal,4-Negotiation,2026-06-17 00:00:00,U214
H004364,O11395,4-Negotiation,5-Closed Won,2026-06-28 00:00:00,U214
H004365,O11396,,2-Qualified,2025-07-06 00:00:00,U209
H004366,O11396,2-Qualified,3-Proposal,2025-08-11 00:00:00,U209
H004367,O11396,3-Proposal,4-Negotiation,2025-09-05 00:00:00,U209
H004368,O11396,4-Negotiation,5-Closed Won,2025-10-10 00:00:00,U209
H004369,O11397,,2-Qualified,2024-04-01 00:00:00,U214
H004370,O11397,2-Qualified,3-Proposal,2024-04-03 00:00:00,U214
H004371,O11397,3-Proposal,4-Negotiation,2024-04-05 00:00:00,U214
H004372,O11397,4-Negotiation,6-Closed Lost,2024-04-07 00:00:00,U214
H004373,O11398,,2-Qualified,2024-11-03 00:00:00,U202
H004374,O11398,2-Qualified,6-Closed Lost,2024-11-19 00:00:00,U202
H004375,O11399,,2-Qualified,2024-07-25 00:00:00,U206
H004376,O11399,2-Qualified,3-Proposal,2024-08-31 00:00:00,U206
H004377,O11399,3-Proposal,6-Closed Lost,2024-10-14 00:00:00,U206
H004378,O11400,,2-Qualified,2025-06-11 00:00:00,U215
H004379,O11400,2-Qualified,3-Proposal,2025-07-12 00:00:00,U215
H004380,O11400,3-Proposal,6-Closed Lost,2025-08-06 00:00:00,U215
H004381,O11401,,2-Qualified,2024-02-06 00:00:00,U217
H004382,O11401,2-Qualified,3-Proposal,2024-03-14 00:00:00,U217
H004383,O11401,3-Proposal,4-Negotiation,2024-05-06 00:00:00,U217
H004384,O11401,4-Negotiation,5-Closed Won,2024-06-13 00:00:00,U217
H004385,O11402,,2-Qualified,2026-09-28 00:00:00,U200
H004386,O11403,,2-Qualified,2026-05-12 00:00:00,U204
H004387,O11403,2-Qualified,3-Proposal,2026-05-15 00:00:00,U204
H004388,O11403,3-Proposal,4-Negotiation,2026-05-17 00:00:00,U204
H004389,O11403,4-Negotiation,5-Closed Won,2026-05-19 00:00:00,U204
H004390,O11404,,2-Qualified,2024-05-11 00:00:00,U216
H004391,O11404,2-Qualified,3-Proposal,2024-05-26 00:00:00,U216
H004392,O11404,3-Proposal,4-Negotiation,2024-06-12 00:00:00,U216
H004393,O11404,4-Negotiation,5-Closed Won,2024-06-29 00:00:00,U216
H004394,O11405,,2-Qualified,2025-11-18 00:00:00,U212
H004395,O11405,2-Qualified,3-Proposal,2025-11-19 00:00:00,U212
H004396,O11405,3-Proposal,4-Negotiation,2025-11-21 00:00:00,U212
H004397,O11405,4-Negotiation,5-Closed Won,2025-11-24 00:00:00,U212
H004398,O11406,,2-Qualified,2025-03-15 00:00:00,U223
H004399,O11406,2-Qualified,3-Proposal,2025-04-11 00:00:00,U223
H004400,O11406,3-Proposal,4-Negotiation,2025-04-26 00:00:00,U223
H004401,O11406,4-Negotiation,6-Closed Lost,2025-05-13 00:00:00,U223
H004402,O11407,,2-Qualified,2025-03-22 00:00:00,U203
H004403,O11407,2-Qualified,6-Closed Lost,2025-04-10 00:00:00,U203
H004404,O11408,,2-Qualified,2026-02-19 00:00:00,U204
H004405,O11408,2-Qualified,6-Closed Lost,2026-06-11 00:00:00,U204
H004406,O11409,,2-Qualified,2025-09-20 00:00:00,U210
H004407,O11409,2-Qualified,3-Proposal,2025-09-27 00:00:00,U210
H004408,O11409,3-Proposal,6-Closed Lost,2025-10-02 00:00:00,U210
H004409,O11410,,2-Qualified,2024-12-30 00:00:00,U219
H004410,O11410,2-Qualified,3-Proposal,2025-01-12 00:00:00,U219
H004411,O11410,3-Proposal,4-Negotiation,2025-01-25 00:00:00,U219
H004412,O11410,4-Negotiation,5-Closed Won,2025-02-09 00:00:00,U219
H004413,O11411,,2-Qualified,2025-02-22 00:00:00,U215
H004414,O11411,2-Qualified,6-Closed Lost,2025-03-14 00:00:00,U215
H004415,O11412,,2-Qualified,2025-03-18 00:00:00,U205
H004416,O11412,2-Qualified,3-Proposal,2025-03-19 00:00:00,U205
H004417,O11412,3-Proposal,4-Negotiation,2025-03-21 00:00:00,U205
H004418,O11412,4-Negotiation,5-Closed Won,2025-03-23 00:00:00,U205
H004419,O11413,,2-Qualified,2026-07-21 00:00:00,U220
H004420,O11413,2-Qualified,3-Proposal,2026-09-29 00:00:00,U220
H004421,O11414,,2-Qualified,2024-04-04 00:00:00,U204
H004422,O11414,2-Qualified,3-Proposal,2024-05-02 00:00:00,U204
H004423,O11414,3-Proposal,4-Negotiation,2024-05-31 00:00:00,U204
H004424,O11414,4-Negotiation,5-Closed Won,2024-06-20 00:00:00,U204
H004425,O11415,,2-Qualified,2024-03-05 00:00:00,U205
H004426,O11415,2-Qualified,3-Proposal,2024-04-06 00:00:00,U205
H004427,O11415,3-Proposal,4-Negotiation,2024-05-07 00:00:00,U205
H004428,O11415,4-Negotiation,5-Closed Won,2024-06-21 00:00:00,U205
H004429,O11416,,2-Qualified,2025-12-31 00:00:00,U213
H004430,O11416,2-Qualified,3-Proposal,2026-01-16 00:00:00,U213
H004431,O11416,3-Proposal,4-Negotiation,2026-01-30 00:00:00,U213
H004432,O11416,4-Negotiation,6-Closed Lost,2026-02-13 00:00:00,U213
H004433,O11417,,2-Qualified,2024-07-10 00:00:00,U202
H004434,O11417,2-Qualified,6-Closed Lost,2024-08-06 00:00:00,U202
H004435,O11418,,2-Qualified,2025-07-20 00:00:00,U223
H004436,O11418,2-Qualified,3-Proposal,2025-09-04 00:00:00,U223
H004437,O11418,3-Proposal,4-Negotiation,2025-09-30 00:00:00,U223
H004438,O11418,4-Negotiation,6-Closed Lost,2025-11-12 00:00:00,U223
H004439,O11419,,2-Qualified,2024-06-07 00:00:00,U220
H004440,O11419,2-Qualified,3-Proposal,2024-07-02 00:00:00,U220
H004441,O11419,3-Proposal,4-Negotiation,2024-08-13 00:00:00,U220
H004442,O11419,4-Negotiation,5-Closed Won,2024-09-25 00:00:00,U220
H004443,O11420,,2-Qualified,2025-10-16 00:00:00,U216
H004444,O11420,2-Qualified,3-Proposal,2025-11-01 00:00:00,U216
H004445,O11420,3-Proposal,4-Negotiation,2025-12-05 00:00:00,U216
H004446,O11420,4-Negotiation,6-Closed Lost,2025-12-29 00:00:00,U216
H004447,O11421,,2-Qualified,2024-11-22 00:00:00,U206
H004448,O11421,2-Qualified,3-Proposal,2025-01-14 00:00:00,U206
H004449,O11421,3-Proposal,6-Closed Lost,2025-03-05 00:00:00,U206
H004450,O11422,,2-Qualified,2025-07-17 00:00:00,U216
H004451,O11422,2-Qualified,3-Proposal,2025-08-06 00:00:00,U216
H004452,O11422,3-Proposal,4-Negotiation,2025-09-03 00:00:00,U216
H004453,O11422,4-Negotiation,5-Closed Won,2025-09-30 00:00:00,U216
H004454,O11423,,2-Qualified,2025-01-10 00:00:00,U212
H004455,O11423,2-Qualified,3-Proposal,2025-01-25 00:00:00,U212
H004456,O11423,3-Proposal,4-Negotiation,2025-02-05 00:00:00,U212
H004457,O11423,4-Negotiation,5-Closed Won,2025-02-24 00:00:00,U212
H004458,O11424,,2-Qualified,2024-06-22 00:00:00,U223
H004459,O11424,2-Qualified,3-Proposal,2024-08-15 00:00:00,U223
H004460,O11424,3-Proposal,4-Negotiation,2024-10-09 00:00:00,U223
H004461,O11424,4-Negotiation,5-Closed Won,2024-10-20 00:00:00,U223
H004462,O11425,,2-Qualified,2024-12-24 00:00:00,U220
H004463,O11425,2-Qualified,3-Proposal,2024-12-31 00:00:00,U220
H004464,O11425,3-Proposal,4-Negotiation,2025-01-10 00:00:00,U220
H004465,O11425,4-Negotiation,5-Closed Won,2025-01-18 00:00:00,U220
H004466,O11426,,2-Qualified,2024-06-06 00:00:00,U206
H004467,O11426,2-Qualified,3-Proposal,2024-06-07 00:00:00,U206
H004468,O11426,3-Proposal,4-Negotiation,2024-06-08 00:00:00,U206
H004469,O11426,4-Negotiation,6-Closed Lost,2024-06-10 00:00:00,U206
H004470,O11427,,2-Qualified,2025-03-06 00:00:00,U205
H004471,O11427,2-Qualified,6-Closed Lost,2025-03-27 00:00:00,U205
H004472,O11428,,2-Qualified,2024-02-23 00:00:00,U223
H004473,O11428,2-Qualified,3-Proposal,2024-03-22 00:00:00,U223
H004474,O11428,3-Proposal,4-Negotiation,2024-04-19 00:00:00,U223
H004475,O11428,4-Negotiation,5-Closed Won,2024-05-02 00:00:00,U223
H004476,O11429,,2-Qualified,2026-01-13 00:00:00,U208
H004477,O11429,2-Qualified,3-Proposal,2026-02-05 00:00:00,U208
H004478,O11429,3-Proposal,4-Negotiation,2026-03-02 00:00:00,U208
H004479,O11429,4-Negotiation,5-Closed Won,2026-03-09 00:00:00,U208
H004480,O11430,,2-Qualified,2025-08-19 00:00:00,U210
H004481,O11430,2-Qualified,3-Proposal,2025-09-14 00:00:00,U210
H004482,O11430,3-Proposal,6-Closed Lost,2025-10-11 00:00:00,U210
H004483,O11431,,2-Qualified,2026-07-09 00:00:00,U218
H004484,O11433,,2-Qualified,2025-04-04 00:00:00,U200
H004485,O11433,2-Qualified,3-Proposal,2025-05-09 00:00:00,U200
H004486,O11433,3-Proposal,6-Closed Lost,2025-06-16 00:00:00,U200
H004487,O11434,,2-Qualified,2024-05-06 00:00:00,U212
H004488,O11434,2-Qualified,3-Proposal,2024-05-15 00:00:00,U212
H004489,O11434,3-Proposal,4-Negotiation,2024-05-30 00:00:00,U212
H004490,O11434,4-Negotiation,5-Closed Won,2024-06-07 00:00:00,U212
H004491,O11435,,2-Qualified,2025-11-13 00:00:00,U222
H004492,O11435,2-Qualified,3-Proposal,2025-11-14 00:00:00,U222
H004493,O11435,3-Proposal,4-Negotiation,2025-11-16 00:00:00,U222
H004494,O11435,4-Negotiation,5-Closed Won,2025-11-18 00:00:00,U222
H004495,O11436,,2-Qualified,2026-04-16 00:00:00,U208
H004496,O11436,2-Qualified,3-Proposal,2026-05-07 00:00:00,U208
H004497,O11436,3-Proposal,4-Negotiation,2026-05-24 00:00:00,U208
H004498,O11436,4-Negotiation,6-Closed Lost,2026-06-09 00:00:00,U208
H004499,O11437,,2-Qualified,2024-08-06 00:00:00,U222
H004500,O11437,2-Qualified,3-Proposal,2024-08-28 00:00:00,U222
H004501,O11437,3-Proposal,4-Negotiation,2024-09-11 00:00:00,U222
H004502,O11437,4-Negotiation,5-Closed Won,2024-09-23 00:00:00,U222
H004503,O11439,,2-Qualified,2024-05-25 00:00:00,U217
H004504,O11439,2-Qualified,6-Closed Lost,2024-06-26 00:00:00,U217
H004505,O11440,,2-Qualified,2026-01-14 00:00:00,U213
H004506,O11440,2-Qualified,3-Proposal,2026-02-19 00:00:00,U213
H004507,O11440,3-Proposal,6-Closed Lost,2026-03-13 00:00:00,U213
H004508,O11441,,2-Qualified,2025-11-25 00:00:00,U216
H004509,O11441,2-Qualified,3-Proposal,2025-11-29 00:00:00,U216
H004510,O11441,3-Proposal,4-Negotiation,2025-12-04 00:00:00,U216
H004511,O11441,4-Negotiation,5-Closed Won,2025-12-09 00:00:00,U216
H004512,O11442,,2-Qualified,2025-01-29 00:00:00,U210
H004513,O11442,2-Qualified,3-Proposal,2025-03-14 00:00:00,U210
H004514,O11442,3-Proposal,6-Closed Lost,2025-04-26 00:00:00,U210
H004515,O11443,,2-Qualified,2026-02-18 00:00:00,U206
H004516,O11443,2-Qualified,3-Proposal,2026-03-08 00:00:00,U206
H004517,O11443,3-Proposal,4-Negotiation,2026-03-29 00:00:00,U206
H004518,O11443,4-Negotiation,5-Closed Won,2026-04-19 00:00:00,U206
H004519,O11444,,2-Qualified,2025-04-21 00:00:00,U223
H004520,O11444,2-Qualified,3-Proposal,2025-06-14 00:00:00,U223
H004521,O11444,3-Proposal,4-Negotiation,2025-07-15 00:00:00,U223
H004522,O11444,4-Negotiation,5-Closed Won,2025-08-22 00:00:00,U223
H004523,O11445,,2-Qualified,2025-11-29 00:00:00,U205
H004524,O11445,2-Qualified,3-Proposal,2026-01-08 00:00:00,U205
H004525,O11445,3-Proposal,4-Negotiation,2026-02-09 00:00:00,U205
H004526,O11445,4-Negotiation,6-Closed Lost,2026-02-23 00:00:00,U205
H004527,O11446,,2-Qualified,2025-04-17 00:00:00,U205
H004528,O11446,2-Qualified,3-Proposal,2025-05-16 00:00:00,U205
H004529,O11446,3-Proposal,4-Negotiation,2025-06-12 00:00:00,U205
H004530,O11446,4-Negotiation,6-Closed Lost,2025-06-30 00:00:00,U205
H004531,O11448,,2-Qualified,2024-11-11 00:00:00,U223
H004532,O11448,2-Qualified,3-Proposal,2024-12-13 00:00:00,U223
H004533,O11448,3-Proposal,6-Closed Lost,2025-01-13 00:00:00,U223
H004534,O11449,,2-Qualified,2025-09-11 00:00:00,U217
H004535,O11449,2-Qualified,3-Proposal,2025-09-15 00:00:00,U217
H004536,O11449,3-Proposal,4-Negotiation,2025-09-20 00:00:00,U217
H004537,O11449,4-Negotiation,6-Closed Lost,2025-09-26 00:00:00,U217
H004538,O11451,,2-Qualified,2025-10-30 00:00:00,U207
H004539,O11451,2-Qualified,3-Proposal,2025-11-22 00:00:00,U207
H004540,O11451,3-Proposal,4-Negotiation,2025-12-30 00:00:00,U207
H004541,O11451,4-Negotiation,5-Closed Won,2026-01-16 00:00:00,U207
H004542,O11452,,2-Qualified,2026-05-09 00:00:00,U217
H004543,O11452,2-Qualified,3-Proposal,2026-06-18 00:00:00,U217
H004544,O11452,3-Proposal,4-Negotiation,2026-08-19 00:00:00,U217
H004545,O11453,,2-Qualified,2025-03-28 00:00:00,U210
H004546,O11453,2-Qualified,3-Proposal,2025-04-25 00:00:00,U210
H004547,O11453,3-Proposal,4-Negotiation,2025-06-01 00:00:00,U210
H004548,O11453,4-Negotiation,6-Closed Lost,2025-07-03 00:00:00,U210
H004549,O11454,,2-Qualified,2024-04-01 00:00:00,U215
H004550,O11454,2-Qualified,3-Proposal,2024-05-15 00:00:00,U215
H004551,O11454,3-Proposal,4-Negotiation,2024-06-15 00:00:00,U215
H004552,O11454,4-Negotiation,5-Closed Won,2024-07-30 00:00:00,U215
H004553,O11455,,2-Qualified,2025-09-06 00:00:00,U214
H004554,O11455,2-Qualified,6-Closed Lost,2025-09-10 00:00:00,U214
H004555,O11456,,2-Qualified,2025-05-01 00:00:00,U206
H004556,O11456,2-Qualified,3-Proposal,2025-05-24 00:00:00,U206
H004557,O11456,3-Proposal,4-Negotiation,2025-06-13 00:00:00,U206
H004558,O11456,4-Negotiation,5-Closed Won,2025-06-22 00:00:00,U206
H004559,O11457,,2-Qualified,2025-04-02 00:00:00,U223
H004560,O11457,2-Qualified,3-Proposal,2025-04-18 00:00:00,U223
H004561,O11457,3-Proposal,4-Negotiation,2025-05-24 00:00:00,U223
H004562,O11457,4-Negotiation,5-Closed Won,2025-06-23 00:00:00,U223
H004563,O11458,,2-Qualified,2025-07-06 00:00:00,U220
H004564,O11458,2-Qualified,3-Proposal,2025-07-08 00:00:00,U220
H004565,O11458,3-Proposal,4-Negotiation,2025-07-10 00:00:00,U220
H004566,O11458,4-Negotiation,5-Closed Won,2025-07-12 00:00:00,U220
H004567,O11459,,2-Qualified,2024-05-25 00:00:00,U201
H004568,O11459,2-Qualified,3-Proposal,2024-06-07 00:00:00,U201
H004569,O11459,3-Proposal,4-Negotiation,2024-06-21 00:00:00,U201
H004570,O11459,4-Negotiation,5-Closed Won,2024-06-30 00:00:00,U201
H004571,O11460,,2-Qualified,2026-03-12 00:00:00,U220
H004572,O11460,2-Qualified,3-Proposal,2026-04-13 00:00:00,U220
H004573,O11460,3-Proposal,4-Negotiation,2026-05-07 00:00:00,U220
H004574,O11460,4-Negotiation,5-Closed Won,2026-05-28 00:00:00,U220
H004575,O11461,,2-Qualified,2025-08-21 00:00:00,U207
H004576,O11461,2-Qualified,3-Proposal,2025-09-05 00:00:00,U207
H004577,O11461,3-Proposal,4-Negotiation,2025-09-28 00:00:00,U207
H004578,O11461,4-Negotiation,5-Closed Won,2025-10-12 00:00:00,U207
H004579,O11462,,2-Qualified,2025-11-15 00:00:00,U206
H004580,O11462,2-Qualified,3-Proposal,2025-12-14 00:00:00,U206
H004581,O11462,3-Proposal,4-Negotiation,2026-01-17 00:00:00,U206
H004582,O11462,4-Negotiation,5-Closed Won,2026-02-21 00:00:00,U206
H004583,O11463,,2-Qualified,2025-04-13 00:00:00,U220
H004584,O11463,2-Qualified,6-Closed Lost,2025-06-10 00:00:00,U220
H004585,O11464,,2-Qualified,2025-01-15 00:00:00,U206
H004586,O11464,2-Qualified,3-Proposal,2025-02-04 00:00:00,U206
H004587,O11464,3-Proposal,4-Negotiation,2025-02-24 00:00:00,U206
H004588,O11464,4-Negotiation,6-Closed Lost,2025-03-11 00:00:00,U206
H004589,O11465,,2-Qualified,2025-08-12 00:00:00,U218
H004590,O11465,2-Qualified,3-Proposal,2025-09-02 00:00:00,U218
H004591,O11465,3-Proposal,4-Negotiation,2025-09-13 00:00:00,U218
H004592,O11465,4-Negotiation,5-Closed Won,2025-09-24 00:00:00,U218
H004593,O11466,,2-Qualified,2025-08-20 00:00:00,U213
H004594,O11466,2-Qualified,3-Proposal,2025-08-30 00:00:00,U213
H004595,O11466,3-Proposal,6-Closed Lost,2025-09-03 00:00:00,U213
H004596,O11467,,2-Qualified,2025-11-21 00:00:00,U209
H004597,O11467,2-Qualified,6-Closed Lost,2025-12-21 00:00:00,U209
H004598,O11468,,2-Qualified,2024-10-30 00:00:00,U209
H004599,O11468,2-Qualified,6-Closed Lost,2024-11-16 00:00:00,U209
H004600,O11469,,2-Qualified,2024-03-29 00:00:00,U214
H004601,O11469,2-Qualified,3-Proposal,2024-04-15 00:00:00,U214
H004602,O11469,3-Proposal,4-Negotiation,2024-05-05 00:00:00,U214
H004603,O11469,4-Negotiation,6-Closed Lost,2024-05-09 00:00:00,U214
H004604,O11470,,2-Qualified,2025-06-18 00:00:00,U215
H004605,O11470,2-Qualified,3-Proposal,2025-09-05 00:00:00,U215
H004606,O11470,3-Proposal,6-Closed Lost,2025-11-02 00:00:00,U215
H004607,O11471,,2-Qualified,2026-01-06 00:00:00,U208
H004608,O11471,2-Qualified,3-Proposal,2026-02-17 00:00:00,U208
H004609,O11471,3-Proposal,4-Negotiation,2026-03-25 00:00:00,U208
H004610,O11471,4-Negotiation,5-Closed Won,2026-04-17 00:00:00,U208
H004611,O11472,,2-Qualified,2025-03-17 00:00:00,U212
H004612,O11472,2-Qualified,3-Proposal,2025-03-24 00:00:00,U212
H004613,O11472,3-Proposal,4-Negotiation,2025-04-01 00:00:00,U212
H004614,O11472,4-Negotiation,5-Closed Won,2025-04-08 00:00:00,U212
H004615,O11473,,2-Qualified,2024-07-11 00:00:00,U210
H004616,O11473,2-Qualified,3-Proposal,2024-07-24 00:00:00,U210
H004617,O11473,3-Proposal,4-Negotiation,2024-08-12 00:00:00,U210
H004618,O11473,4-Negotiation,5-Closed Won,2024-08-26 00:00:00,U210
H004619,O11474,,2-Qualified,2024-09-04 00:00:00,U223
H004620,O11474,2-Qualified,6-Closed Lost,2024-09-08 00:00:00,U223
H004621,O11475,,2-Qualified,2025-03-15 00:00:00,U218
H004622,O11475,2-Qualified,6-Closed Lost,2025-04-19 00:00:00,U218
H004623,O11477,,2-Qualified,2025-11-10 00:00:00,U204
H004624,O11477,2-Qualified,3-Proposal,2025-11-23 00:00:00,U204
H004625,O11477,3-Proposal,4-Negotiation,2025-12-10 00:00:00,U204
H004626,O11477,4-Negotiation,5-Closed Won,2025-12-26 00:00:00,U204
H004627,O11478,,2-Qualified,2024-07-30 00:00:00,U203
H004628,O11478,2-Qualified,6-Closed Lost,2024-09-01 00:00:00,U203
H004629,O11479,,2-Qualified,2025-04-18 00:00:00,U217
H004630,O11479,2-Qualified,3-Proposal,2025-05-12 00:00:00,U217
H004631,O11479,3-Proposal,4-Negotiation,2025-06-10 00:00:00,U217
H004632,O11479,4-Negotiation,5-Closed Won,2025-07-20 00:00:00,U217
H004633,O11480,,2-Qualified,2024-10-27 00:00:00,U213
H004634,O11480,2-Qualified,3-Proposal,2024-11-19 00:00:00,U213
H004635,O11480,3-Proposal,6-Closed Lost,2024-12-01 00:00:00,U213
H004636,O11481,,2-Qualified,2025-08-15 00:00:00,U214
H004637,O11481,2-Qualified,3-Proposal,2025-08-25 00:00:00,U214
H004638,O11481,3-Proposal,4-Negotiation,2025-09-03 00:00:00,U214
H004639,O11481,4-Negotiation,6-Closed Lost,2025-09-14 00:00:00,U214
H004640,O11482,,2-Qualified,2025-12-25 00:00:00,U207
H004641,O11482,2-Qualified,3-Proposal,2026-01-19 00:00:00,U207
H004642,O11482,3-Proposal,4-Negotiation,2026-02-03 00:00:00,U207
H004643,O11482,4-Negotiation,6-Closed Lost,2026-02-19 00:00:00,U207
H004644,O11483,,2-Qualified,2025-02-27 00:00:00,U216
H004645,O11483,2-Qualified,3-Proposal,2025-03-11 00:00:00,U216
H004646,O11483,3-Proposal,4-Negotiation,2025-03-29 00:00:00,U216
H004647,O11483,4-Negotiation,5-Closed Won,2025-04-10 00:00:00,U216
H004648,O11484,,2-Qualified,2025-04-02 00:00:00,U223
H004649,O11484,2-Qualified,3-Proposal,2025-05-09 00:00:00,U223
H004650,O11484,3-Proposal,4-Negotiation,2025-07-07 00:00:00,U223
H004651,O11484,4-Negotiation,6-Closed Lost,2025-08-02 00:00:00,U223
H004652,O11485,,2-Qualified,2024-02-28 00:00:00,U210
H004653,O11485,2-Qualified,3-Proposal,2024-03-19 00:00:00,U210
H004654,O11485,3-Proposal,4-Negotiation,2024-04-02 00:00:00,U210
H004655,O11485,4-Negotiation,5-Closed Won,2024-04-22 00:00:00,U210
H004656,O11486,,2-Qualified,2025-07-04 00:00:00,U201
H004657,O11486,2-Qualified,3-Proposal,2025-08-25 00:00:00,U201
H004658,O11486,3-Proposal,6-Closed Lost,2025-10-14 00:00:00,U201
H004659,O11487,,2-Qualified,2025-12-10 00:00:00,U211
H004660,O11487,2-Qualified,3-Proposal,2025-12-19 00:00:00,U211
H004661,O11487,3-Proposal,4-Negotiation,2025-12-26 00:00:00,U211
H004662,O11487,4-Negotiation,5-Closed Won,2025-12-31 00:00:00,U211
H004663,O11488,,2-Qualified,2026-06-09 00:00:00,U210
H004664,O11488,2-Qualified,3-Proposal,2026-08-01 00:00:00,U210
H004665,O11489,,2-Qualified,2025-03-11 00:00:00,U205
H004666,O11489,2-Qualified,3-Proposal,2025-05-20 00:00:00,U205
H004667,O11489,3-Proposal,6-Closed Lost,2025-07-01 00:00:00,U205
H004668,O11490,,2-Qualified,2024-12-21 00:00:00,U219
H004669,O11490,2-Qualified,3-Proposal,2025-01-11 00:00:00,U219
H004670,O11490,3-Proposal,4-Negotiation,2025-01-31 00:00:00,U219
H004671,O11490,4-Negotiation,6-Closed Lost,2025-02-14 00:00:00,U219
H004672,O11491,,2-Qualified,2025-08-10 00:00:00,U209
H004673,O11491,2-Qualified,3-Proposal,2025-09-05 00:00:00,U209
H004674,O11491,3-Proposal,4-Negotiation,2025-09-21 00:00:00,U209
H004675,O11491,4-Negotiation,5-Closed Won,2025-10-06 00:00:00,U209
H004676,O11492,,2-Qualified,2025-11-01 00:00:00,U210
H004677,O11492,2-Qualified,3-Proposal,2025-12-22 00:00:00,U210
H004678,O11492,3-Proposal,6-Closed Lost,2026-01-22 00:00:00,U210
H004679,O11493,,2-Qualified,2026-04-05 00:00:00,U220
H004680,O11493,2-Qualified,3-Proposal,2026-04-18 00:00:00,U220
H004681,O11493,3-Proposal,4-Negotiation,2026-04-25 00:00:00,U220
H004682,O11493,4-Negotiation,5-Closed Won,2026-05-04 00:00:00,U220
H004683,O11494,,2-Qualified,2024-07-05 00:00:00,U207
H004684,O11494,2-Qualified,3-Proposal,2024-08-12 00:00:00,U207
H004685,O11494,3-Proposal,6-Closed Lost,2024-08-26 00:00:00,U207
H004686,O11495,,2-Qualified,2024-09-23 00:00:00,U223
H004687,O11495,2-Qualified,3-Proposal,2024-10-15 00:00:00,U223
H004688,O11495,3-Proposal,4-Negotiation,2024-10-28 00:00:00,U223
H004689,O11495,4-Negotiation,5-Closed Won,2024-11-11 00:00:00,U223
H004690,O11496,,2-Qualified,2024-08-16 00:00:00,U205
H004691,O11496,2-Qualified,3-Proposal,2024-08-17 00:00:00,U205
H004692,O11496,3-Proposal,4-Negotiation,2024-08-18 00:00:00,U205
H004693,O11496,4-Negotiation,6-Closed Lost,2024-08-20 00:00:00,U205
H004694,O11497,,2-Qualified,2024-03-07 00:00:00,U215
H004695,O11497,2-Qualified,6-Closed Lost,2024-03-27 00:00:00,U215
H004696,O11498,,2-Qualified,2026-07-09 00:00:00,U219
H004697,O11499,,2-Qualified,2025-02-16 00:00:00,U214
H004698,O11499,2-Qualified,6-Closed Lost,2025-03-21 00:00:00,U214
H004699,O11500,,2-Qualified,2024-09-26 00:00:00,U207
H004700,O11500,2-Qualified,6-Closed Lost,2024-10-22 00:00:00,U207
H004701,O11501,,2-Qualified,2024-07-08 00:00:00,U222
H004702,O11501,2-Qualified,3-Proposal,2024-09-04 00:00:00,U222
H004703,O11501,3-Proposal,6-Closed Lost,2024-10-01 00:00:00,U222
H004704,O11502,,2-Qualified,2026-03-08 00:00:00,U217
H004705,O11502,2-Qualified,6-Closed Lost,2026-04-21 00:00:00,U217
H004706,O11503,,2-Qualified,2025-11-15 00:00:00,U209
H004707,O11503,2-Qualified,3-Proposal,2025-12-05 00:00:00,U209
H004708,O11503,3-Proposal,6-Closed Lost,2025-12-21 00:00:00,U209
H004709,O11504,,2-Qualified,2024-05-20 00:00:00,U205
H004710,O11504,2-Qualified,3-Proposal,2024-05-26 00:00:00,U205
H004711,O11504,3-Proposal,4-Negotiation,2024-05-30 00:00:00,U205
H004712,O11504,4-Negotiation,5-Closed Won,2024-06-05 00:00:00,U205
H004713,O11505,,2-Qualified,2024-09-28 00:00:00,U211
H004714,O11505,2-Qualified,3-Proposal,2024-11-02 00:00:00,U211
H004715,O11505,3-Proposal,4-Negotiation,2024-11-19 00:00:00,U211
H004716,O11505,4-Negotiation,5-Closed Won,2024-12-07 00:00:00,U211
H004717,O11506,,2-Qualified,2026-05-20 00:00:00,U214
H004718,O11506,2-Qualified,6-Closed Lost,2026-06-12 00:00:00,U214
H004719,O11507,,2-Qualified,2025-01-02 00:00:00,U220
H004720,O11507,2-Qualified,3-Proposal,2025-01-08 00:00:00,U220
H004721,O11507,3-Proposal,4-Negotiation,2025-01-14 00:00:00,U220
H004722,O11507,4-Negotiation,5-Closed Won,2025-01-17 00:00:00,U220
H004723,O11508,,2-Qualified,2024-03-14 00:00:00,U214
H004724,O11508,2-Qualified,3-Proposal,2024-04-04 00:00:00,U214
H004725,O11508,3-Proposal,4-Negotiation,2024-04-23 00:00:00,U214
H004726,O11508,4-Negotiation,5-Closed Won,2024-05-18 00:00:00,U214
H004727,O11509,,2-Qualified,2024-06-16 00:00:00,U202
H004728,O11509,2-Qualified,6-Closed Lost,2024-06-25 00:00:00,U202
H004729,O11510,,2-Qualified,2025-05-10 00:00:00,U219
H004730,O11510,2-Qualified,3-Proposal,2025-06-11 00:00:00,U219
H004731,O11510,3-Proposal,6-Closed Lost,2025-07-09 00:00:00,U219
H004732,O11511,,2-Qualified,2024-10-09 00:00:00,U200
H004733,O11511,2-Qualified,6-Closed Lost,2024-11-09 00:00:00,U200
H004734,O11512,,2-Qualified,2024-07-13 00:00:00,U216
H004735,O11512,2-Qualified,3-Proposal,2024-08-11 00:00:00,U216
H004736,O11512,3-Proposal,4-Negotiation,2024-08-27 00:00:00,U216
H004737,O11512,4-Negotiation,5-Closed Won,2024-09-29 00:00:00,U216
H004738,O11513,,2-Qualified,2024-08-08 00:00:00,U209
H004739,O11513,2-Qualified,6-Closed Lost,2024-08-12 00:00:00,U209
H004740,O11514,,2-Qualified,2026-10-12 00:00:00,U206
H004741,O11515,,2-Qualified,2025-01-05 00:00:00,U202
H004742,O11515,2-Qualified,3-Proposal,2025-01-17 00:00:00,U202
H004743,O11515,3-Proposal,6-Closed Lost,2025-01-31 00:00:00,U202
H004744,O11516,,2-Qualified,2025-01-17 00:00:00,U202
H004745,O11516,2-Qualified,6-Closed Lost,2025-02-07 00:00:00,U202
H004746,O11517,,2-Qualified,2024-03-07 00:00:00,U218
H004747,O11517,2-Qualified,3-Proposal,2024-03-18 00:00:00,U218
H004748,O11517,3-Proposal,4-Negotiation,2024-03-25 00:00:00,U218
H004749,O11517,4-Negotiation,5-Closed Won,2024-04-06 00:00:00,U218
H004750,O11518,,2-Qualified,2025-01-06 00:00:00,U214
H004751,O11518,2-Qualified,3-Proposal,2025-02-28 00:00:00,U214
H004752,O11518,3-Proposal,4-Negotiation,2025-04-12 00:00:00,U214
H004753,O11518,4-Negotiation,5-Closed Won,2025-05-12 00:00:00,U214
H004754,O11519,,2-Qualified,2025-03-12 00:00:00,U215
H004755,O11519,2-Qualified,3-Proposal,2025-05-16 00:00:00,U215
H004756,O11519,3-Proposal,6-Closed Lost,2025-06-23 00:00:00,U215
H004757,O11520,,2-Qualified,2025-10-16 00:00:00,U214
H004758,O11520,2-Qualified,3-Proposal,2025-11-09 00:00:00,U214
H004759,O11520,3-Proposal,4-Negotiation,2025-11-28 00:00:00,U214
H004760,O11520,4-Negotiation,5-Closed Won,2025-12-10 00:00:00,U214
H004761,O11521,,2-Qualified,2025-02-22 00:00:00,U208
H004762,O11521,2-Qualified,6-Closed Lost,2025-04-03 00:00:00,U208
H004763,O11522,,2-Qualified,2025-08-14 00:00:00,U219
H004764,O11522,2-Qualified,3-Proposal,2025-09-06 00:00:00,U219
H004765,O11522,3-Proposal,4-Negotiation,2025-09-29 00:00:00,U219
H004766,O11522,4-Negotiation,6-Closed Lost,2025-10-16 00:00:00,U219
H004767,O11523,,2-Qualified,2026-02-12 00:00:00,U209
H004768,O11523,2-Qualified,3-Proposal,2026-03-10 00:00:00,U209
H004769,O11523,3-Proposal,4-Negotiation,2026-04-10 00:00:00,U209
H004770,O11523,4-Negotiation,5-Closed Won,2026-04-22 00:00:00,U209
H004771,O11524,,2-Qualified,2024-02-24 00:00:00,U207
H004772,O11524,2-Qualified,3-Proposal,2024-03-11 00:00:00,U207
H004773,O11524,3-Proposal,4-Negotiation,2024-03-29 00:00:00,U207
H004774,O11524,4-Negotiation,5-Closed Won,2024-04-19 00:00:00,U207
H004775,O11525,,2-Qualified,2024-04-26 00:00:00,U217
H004776,O11525,2-Qualified,3-Proposal,2024-05-17 00:00:00,U217
H004777,O11525,3-Proposal,4-Negotiation,2024-06-11 00:00:00,U217
H004778,O11525,4-Negotiation,5-Closed Won,2024-06-19 00:00:00,U217
H004779,O11526,,2-Qualified,2025-05-06 00:00:00,U201
H004780,O11526,2-Qualified,3-Proposal,2025-05-09 00:00:00,U201
H004781,O11526,3-Proposal,4-Negotiation,2025-05-15 00:00:00,U201
H004782,O11526,4-Negotiation,5-Closed Won,2025-05-21 00:00:00,U201
H004783,O11527,,2-Qualified,2026-02-03 00:00:00,U218
H004784,O11527,2-Qualified,3-Proposal,2026-02-28 00:00:00,U218
H004785,O11527,3-Proposal,4-Negotiation,2026-03-31 00:00:00,U218
H004786,O11527,4-Negotiation,6-Closed Lost,2026-04-17 00:00:00,U218
H004787,O11528,,2-Qualified,2024-10-25 00:00:00,U216
H004788,O11528,2-Qualified,3-Proposal,2024-11-20 00:00:00,U216
H004789,O11528,3-Proposal,4-Negotiation,2024-12-11 00:00:00,U216
H004790,O11528,4-Negotiation,6-Closed Lost,2025-01-02 00:00:00,U216
H004791,O11529,,2-Qualified,2025-12-16 00:00:00,U216
H004792,O11529,2-Qualified,3-Proposal,2026-01-06 00:00:00,U216
H004793,O11529,3-Proposal,6-Closed Lost,2026-02-01 00:00:00,U216
H004794,O11530,,2-Qualified,2025-02-12 00:00:00,U209
H004795,O11530,2-Qualified,3-Proposal,2025-03-01 00:00:00,U209
H004796,O11530,3-Proposal,4-Negotiation,2025-03-18 00:00:00,U209
H004797,O11530,4-Negotiation,5-Closed Won,2025-03-28 00:00:00,U209
H004798,O11531,,2-Qualified,2024-03-14 00:00:00,U223
H004799,O11531,2-Qualified,3-Proposal,2024-03-30 00:00:00,U223
H004800,O11531,3-Proposal,4-Negotiation,2024-04-10 00:00:00,U223
H004801,O11531,4-Negotiation,5-Closed Won,2024-04-20 00:00:00,U223
H004802,O11532,,2-Qualified,2026-05-04 00:00:00,U222
H004803,O11532,2-Qualified,6-Closed Lost,2026-06-11 00:00:00,U222
H004804,O11534,,2-Qualified,2024-09-15 00:00:00,U220
H004805,O11534,2-Qualified,3-Proposal,2024-10-11 00:00:00,U220
H004806,O11534,3-Proposal,4-Negotiation,2024-11-23 00:00:00,U220
H004807,O11534,4-Negotiation,5-Closed Won,2025-01-01 00:00:00,U220
H004808,O11535,,2-Qualified,2026-07-03 00:00:00,U201
H004809,O11536,,2-Qualified,2026-04-14 00:00:00,U212
H004810,O11536,2-Qualified,6-Closed Lost,2026-05-14 00:00:00,U212
H004811,O11537,,2-Qualified,2024-09-03 00:00:00,U214
H004812,O11537,2-Qualified,6-Closed Lost,2024-09-16 00:00:00,U214
H004813,O11538,,2-Qualified,2024-09-10 00:00:00,U216
H004814,O11538,2-Qualified,3-Proposal,2024-10-10 00:00:00,U216
H004815,O11538,3-Proposal,4-Negotiation,2024-11-23 00:00:00,U216
H004816,O11538,4-Negotiation,5-Closed Won,2024-12-28 00:00:00,U216
H004817,O11539,,2-Qualified,2025-04-06 00:00:00,U208
H004818,O11539,2-Qualified,3-Proposal,2025-04-26 00:00:00,U208
H004819,O11539,3-Proposal,4-Negotiation,2025-05-15 00:00:00,U208
H004820,O11539,4-Negotiation,6-Closed Lost,2025-05-27 00:00:00,U208
H004821,O11540,,2-Qualified,2025-05-15 00:00:00,U217
H004822,O11540,2-Qualified,6-Closed Lost,2025-08-31 00:00:00,U217
H004823,O11542,,2-Qualified,2025-06-06 00:00:00,U207
H004824,O11542,2-Qualified,3-Proposal,2025-06-15 00:00:00,U207
H004825,O11542,3-Proposal,4-Negotiation,2025-06-21 00:00:00,U207
H004826,O11542,4-Negotiation,5-Closed Won,2025-07-05 00:00:00,U207
H004827,O11543,,2-Qualified,2026-03-29 00:00:00,U214
H004828,O11543,2-Qualified,6-Closed Lost,2026-05-04 00:00:00,U214
H004829,O11544,,2-Qualified,2024-02-24 00:00:00,U217
H004830,O11544,2-Qualified,6-Closed Lost,2024-03-18 00:00:00,U217
H004831,O11545,,2-Qualified,2025-07-25 00:00:00,U202
H004832,O11545,2-Qualified,6-Closed Lost,2025-08-10 00:00:00,U202
H004833,O11546,,2-Qualified,2024-03-06 00:00:00,U201
H004834,O11546,2-Qualified,3-Proposal,2024-04-12 00:00:00,U201
H004835,O11546,3-Proposal,4-Negotiation,2024-05-18 00:00:00,U201
H004836,O11546,4-Negotiation,5-Closed Won,2024-06-18 00:00:00,U201
H004837,O11547,,2-Qualified,2024-12-13 00:00:00,U220
H004838,O11547,2-Qualified,6-Closed Lost,2025-03-14 00:00:00,U220
H004839,O11548,,2-Qualified,2024-08-30 00:00:00,U211
H004840,O11548,2-Qualified,3-Proposal,2024-09-06 00:00:00,U211
H004841,O11548,3-Proposal,4-Negotiation,2024-09-14 00:00:00,U211
H004842,O11548,4-Negotiation,5-Closed Won,2024-09-20 00:00:00,U211
H004843,O11550,,2-Qualified,2025-02-19 00:00:00,U206
H004844,O11550,2-Qualified,3-Proposal,2025-03-21 00:00:00,U206
H004845,O11550,3-Proposal,4-Negotiation,2025-04-27 00:00:00,U206
H004846,O11550,4-Negotiation,5-Closed Won,2025-06-23 00:00:00,U206
H004847,O11551,,2-Qualified,2025-01-09 00:00:00,U202
H004848,O11551,2-Qualified,3-Proposal,2025-01-30 00:00:00,U202
H004849,O11551,3-Proposal,4-Negotiation,2025-02-22 00:00:00,U202
H004850,O11551,4-Negotiation,5-Closed Won,2025-03-03 00:00:00,U202
H004851,O11552,,2-Qualified,2025-03-27 00:00:00,U205
H004852,O11552,2-Qualified,3-Proposal,2025-04-20 00:00:00,U205
H004853,O11552,3-Proposal,4-Negotiation,2025-05-25 00:00:00,U205
H004854,O11552,4-Negotiation,5-Closed Won,2025-06-18 00:00:00,U205
H004855,O11553,,2-Qualified,2025-01-04 00:00:00,U207
H004856,O11553,2-Qualified,3-Proposal,2025-01-30 00:00:00,U207
H004857,O11553,3-Proposal,4-Negotiation,2025-03-02 00:00:00,U207
H004858,O11553,4-Negotiation,5-Closed Won,2025-03-28 00:00:00,U207
H004859,O11555,,2-Qualified,2024-12-31 00:00:00,U219
H004860,O11555,2-Qualified,3-Proposal,2025-01-02 00:00:00,U219
H004861,O11555,3-Proposal,4-Negotiation,2025-01-04 00:00:00,U219
H004862,O11555,4-Negotiation,5-Closed Won,2025-01-07 00:00:00,U219
H004863,O11556,,2-Qualified,2025-03-03 00:00:00,U209
H004864,O11556,2-Qualified,3-Proposal,2025-05-12 00:00:00,U209
H004865,O11556,3-Proposal,6-Closed Lost,2025-06-26 00:00:00,U209
H004866,O11557,,2-Qualified,2024-10-21 00:00:00,U220
H004867,O11557,2-Qualified,3-Proposal,2024-11-02 00:00:00,U220
H004868,O11557,3-Proposal,4-Negotiation,2024-11-16 00:00:00,U220
H004869,O11557,4-Negotiation,5-Closed Won,2024-11-26 00:00:00,U220
H004870,O11558,,2-Qualified,2024-04-04 00:00:00,U202
H004871,O11558,2-Qualified,3-Proposal,2024-04-10 00:00:00,U202
H004872,O11558,3-Proposal,4-Negotiation,2024-04-22 00:00:00,U202
H004873,O11558,4-Negotiation,5-Closed Won,2024-05-02 00:00:00,U202
H004874,O11559,,2-Qualified,2024-09-05 00:00:00,U200
H004875,O11559,2-Qualified,3-Proposal,2024-10-06 00:00:00,U200
H004876,O11559,3-Proposal,4-Negotiation,2024-10-24 00:00:00,U200
H004877,O11559,4-Negotiation,5-Closed Won,2024-11-10 00:00:00,U200
H004878,O11560,,2-Qualified,2026-03-02 00:00:00,U214
H004879,O11560,2-Qualified,6-Closed Lost,2026-05-13 00:00:00,U214
H004880,O11561,,2-Qualified,2024-12-27 00:00:00,U220
H004881,O11561,2-Qualified,3-Proposal,2025-01-11 00:00:00,U220
H004882,O11561,3-Proposal,4-Negotiation,2025-01-29 00:00:00,U220
H004883,O11561,4-Negotiation,6-Closed Lost,2025-02-21 00:00:00,U220
H004884,O11562,,2-Qualified,2025-02-03 00:00:00,U217
H004885,O11562,2-Qualified,3-Proposal,2025-03-28 00:00:00,U217
H004886,O11562,3-Proposal,4-Negotiation,2025-06-04 00:00:00,U217
H004887,O11562,4-Negotiation,6-Closed Lost,2025-06-30 00:00:00,U217
H004888,O11563,,2-Qualified,2024-05-07 00:00:00,U206
H004889,O11563,2-Qualified,3-Proposal,2024-07-18 00:00:00,U206
H004890,O11563,3-Proposal,6-Closed Lost,2024-08-22 00:00:00,U206
H004891,O11564,,2-Qualified,2024-12-01 00:00:00,U201
H004892,O11564,2-Qualified,6-Closed Lost,2024-12-23 00:00:00,U201
H004893,O11566,,2-Qualified,2026-04-21 00:00:00,U216
H004894,O11566,2-Qualified,6-Closed Lost,2026-05-07 00:00:00,U216
H004895,O11567,,2-Qualified,2024-10-21 00:00:00,U200
H004896,O11567,2-Qualified,3-Proposal,2024-11-21 00:00:00,U200
H004897,O11567,3-Proposal,4-Negotiation,2024-12-09 00:00:00,U200
H004898,O11567,4-Negotiation,5-Closed Won,2025-01-17 00:00:00,U200
H004899,O11568,,2-Qualified,2024-06-18 00:00:00,U216
H004900,O11568,2-Qualified,3-Proposal,2024-06-20 00:00:00,U216
H004901,O11568,3-Proposal,4-Negotiation,2024-06-21 00:00:00,U216
H004902,O11568,4-Negotiation,6-Closed Lost,2024-06-22 00:00:00,U216
H004903,O11569,,2-Qualified,2024-07-27 00:00:00,U200
H004904,O11569,2-Qualified,3-Proposal,2024-07-31 00:00:00,U200
H004905,O11569,3-Proposal,4-Negotiation,2024-08-04 00:00:00,U200
H004906,O11569,4-Negotiation,5-Closed Won,2024-08-07 00:00:00,U200
H004907,O11570,,2-Qualified,2026-02-07 00:00:00,U203
H004908,O11570,2-Qualified,3-Proposal,2026-04-10 00:00:00,U203
H004909,O11570,3-Proposal,6-Closed Lost,2026-05-08 00:00:00,U203
H004910,O11571,,2-Qualified,2024-05-16 00:00:00,U217
H004911,O11571,2-Qualified,3-Proposal,2024-06-14 00:00:00,U217
H004912,O11571,3-Proposal,4-Negotiation,2024-07-14 00:00:00,U217
H004913,O11571,4-Negotiation,5-Closed Won,2024-07-31 00:00:00,U217
H004914,O11572,,2-Qualified,2025-07-12 00:00:00,U220
H004915,O11572,2-Qualified,3-Proposal,2025-08-18 00:00:00,U220
H004916,O11572,3-Proposal,6-Closed Lost,2025-09-25 00:00:00,U220
H004917,O11573,,2-Qualified,2024-08-23 00:00:00,U218
H004918,O11573,2-Qualified,3-Proposal,2024-09-15 00:00:00,U218
H004919,O11573,3-Proposal,4-Negotiation,2024-10-02 00:00:00,U218
H004920,O11573,4-Negotiation,5-Closed Won,2024-10-17 00:00:00,U218
H004921,O11574,,2-Qualified,2025-09-07 00:00:00,U218
H004922,O11574,2-Qualified,6-Closed Lost,2025-11-15 00:00:00,U218
H004923,O11575,,2-Qualified,2024-12-21 00:00:00,U222
H004924,O11575,2-Qualified,3-Proposal,2024-12-22 00:00:00,U222
H004925,O11575,3-Proposal,4-Negotiation,2024-12-24 00:00:00,U222
H004926,O11575,4-Negotiation,6-Closed Lost,2024-12-26 00:00:00,U222
H004927,O11576,,2-Qualified,2024-08-18 00:00:00,U208
H004928,O11576,2-Qualified,3-Proposal,2024-09-19 00:00:00,U208
H004929,O11576,3-Proposal,4-Negotiation,2024-10-25 00:00:00,U208
H004930,O11576,4-Negotiation,6-Closed Lost,2024-11-02 00:00:00,U208
H004931,O11577,,2-Qualified,2026-03-03 00:00:00,U215
H004932,O11577,2-Qualified,3-Proposal,2026-03-23 00:00:00,U215
H004933,O11577,3-Proposal,4-Negotiation,2026-04-10 00:00:00,U215
H004934,O11577,4-Negotiation,5-Closed Won,2026-05-07 00:00:00,U215
H004935,O11578,,2-Qualified,2025-10-29 00:00:00,U222
H004936,O11578,2-Qualified,3-Proposal,2025-11-03 00:00:00,U222
H004937,O11578,3-Proposal,4-Negotiation,2025-11-11 00:00:00,U222
H004938,O11578,4-Negotiation,6-Closed Lost,2025-11-15 00:00:00,U222
H004939,O11579,,2-Qualified,2024-07-04 00:00:00,U222
H004940,O11579,2-Qualified,3-Proposal,2024-07-15 00:00:00,U222
H004941,O11579,3-Proposal,4-Negotiation,2024-07-24 00:00:00,U222
H004942,O11579,4-Negotiation,5-Closed Won,2024-08-02 00:00:00,U222
H004943,O11580,,2-Qualified,2026-08-03 00:00:00,U223
H004944,O11581,,2-Qualified,2024-08-08 00:00:00,U219
H004945,O11581,2-Qualified,3-Proposal,2024-08-25 00:00:00,U219
H004946,O11581,3-Proposal,4-Negotiation,2024-09-03 00:00:00,U219
H004947,O11581,4-Negotiation,5-Closed Won,2024-09-15 00:00:00,U219
H004948,O11582,,2-Qualified,2025-06-17 00:00:00,U221
H004949,O11582,2-Qualified,3-Proposal,2025-06-26 00:00:00,U221
H004950,O11582,3-Proposal,6-Closed Lost,2025-07-04 00:00:00,U221
H004951,O11583,,2-Qualified,2025-07-21 00:00:00,U211
H004952,O11583,2-Qualified,6-Closed Lost,2025-07-30 00:00:00,U211
H004953,O11584,,2-Qualified,2024-07-31 00:00:00,U203
H004954,O11584,2-Qualified,3-Proposal,2024-08-10 00:00:00,U203
H004955,O11584,3-Proposal,4-Negotiation,2024-08-24 00:00:00,U203
H004956,O11584,4-Negotiation,5-Closed Won,2024-09-03 00:00:00,U203
H004957,O11585,,2-Qualified,2024-02-26 00:00:00,U206
H004958,O11585,2-Qualified,3-Proposal,2024-03-05 00:00:00,U206
H004959,O11585,3-Proposal,4-Negotiation,2024-03-15 00:00:00,U206
H004960,O11585,4-Negotiation,5-Closed Won,2024-03-24 00:00:00,U206
H004961,O11586,,2-Qualified,2025-02-01 00:00:00,U201
H004962,O11586,2-Qualified,6-Closed Lost,2025-03-16 00:00:00,U201
H004963,O11587,,2-Qualified,2024-04-04 00:00:00,U208
H004964,O11587,2-Qualified,3-Proposal,2024-04-29 00:00:00,U208
H004965,O11587,3-Proposal,4-Negotiation,2024-05-27 00:00:00,U208
H004966,O11587,4-Negotiation,5-Closed Won,2024-06-20 00:00:00,U208
H004967,O11588,,2-Qualified,2024-10-16 00:00:00,U205
H004968,O11588,2-Qualified,3-Proposal,2024-10-30 00:00:00,U205
H004969,O11588,3-Proposal,4-Negotiation,2024-11-16 00:00:00,U205
H004970,O11588,4-Negotiation,5-Closed Won,2024-12-11 00:00:00,U205
H004971,O11589,,2-Qualified,2025-05-03 00:00:00,U214
H004972,O11589,2-Qualified,3-Proposal,2025-05-19 00:00:00,U214
H004973,O11589,3-Proposal,4-Negotiation,2025-06-08 00:00:00,U214
H004974,O11589,4-Negotiation,5-Closed Won,2025-06-20 00:00:00,U214
H004975,O11590,,2-Qualified,2025-09-24 00:00:00,U208
H004976,O11590,2-Qualified,6-Closed Lost,2025-11-09 00:00:00,U208
H004977,O11591,,2-Qualified,2024-06-23 00:00:00,U208
H004978,O11591,2-Qualified,3-Proposal,2024-07-13 00:00:00,U208
H004979,O11591,3-Proposal,6-Closed Lost,2024-07-24 00:00:00,U208
H004980,O11592,,2-Qualified,2024-06-13 00:00:00,U207
H004981,O11592,2-Qualified,3-Proposal,2024-07-02 00:00:00,U207
H004982,O11592,3-Proposal,4-Negotiation,2024-07-22 00:00:00,U207
H004983,O11592,4-Negotiation,6-Closed Lost,2024-08-13 00:00:00,U207
H004984,O11593,,2-Qualified,2025-08-13 00:00:00,U203
H004985,O11593,2-Qualified,3-Proposal,2025-08-21 00:00:00,U203
H004986,O11593,3-Proposal,4-Negotiation,2025-09-04 00:00:00,U203
H004987,O11593,4-Negotiation,5-Closed Won,2025-09-15 00:00:00,U203
H004988,O11594,,2-Qualified,2025-12-06 00:00:00,U205
H004989,O11594,2-Qualified,3-Proposal,2025-12-29 00:00:00,U205
H004990,O11594,3-Proposal,6-Closed Lost,2026-02-08 00:00:00,U205
H004991,O11595,,2-Qualified,2025-06-18 00:00:00,U217
H004992,O11595,2-Qualified,3-Proposal,2025-07-10 00:00:00,U217
H004993,O11595,3-Proposal,4-Negotiation,2025-08-16 00:00:00,U217
H004994,O11595,4-Negotiation,5-Closed Won,2025-09-29 00:00:00,U217
H004995,O11596,,2-Qualified,2024-07-14 00:00:00,U210
H004996,O11596,2-Qualified,6-Closed Lost,2024-11-02 00:00:00,U210
H004997,O11597,,2-Qualified,2026-08-06 00:00:00,U210
H004998,O11598,,2-Qualified,2024-12-15 00:00:00,U206
H004999,O11598,2-Qualified,6-Closed Lost,2025-02-12 00:00:00,U206
H005000,O11599,,2-Qualified,2025-10-31 00:00:00,U213
H005001,O11599,2-Qualified,3-Proposal,2025-12-11 00:00:00,U213
H005002,O11599,3-Proposal,6-Closed Lost,2026-01-11 00:00:00,U213
H005003,O11600,,2-Qualified,2026-07-10 00:00:00,U220
H005004,O11602,,2-Qualified,2024-06-08 00:00:00,U205
H005005,O11602,2-Qualified,3-Proposal,2024-06-25 00:00:00,U205
H005006,O11602,3-Proposal,4-Negotiation,2024-07-16 00:00:00,U205
H005007,O11602,4-Negotiation,5-Closed Won,2024-07-26 00:00:00,U205
H005008,O11603,,2-Qualified,2025-01-07 00:00:00,U214
H005009,O11603,2-Qualified,3-Proposal,2025-01-24 00:00:00,U214
H005010,O11603,3-Proposal,4-Negotiation,2025-02-14 00:00:00,U214
H005011,O11603,4-Negotiation,5-Closed Won,2025-03-14 00:00:00,U214
H005012,O11604,,2-Qualified,2025-06-11 00:00:00,U207
H005013,O11604,2-Qualified,3-Proposal,2025-07-24 00:00:00,U207
H005014,O11604,3-Proposal,4-Negotiation,2025-09-07 00:00:00,U207
H005015,O11604,4-Negotiation,6-Closed Lost,2025-10-10 00:00:00,U207
H005016,O11605,,2-Qualified,2025-07-07 00:00:00,U220
H005017,O11605,2-Qualified,3-Proposal,2025-07-26 00:00:00,U220
H005018,O11605,3-Proposal,6-Closed Lost,2025-08-15 00:00:00,U220
H005019,O11606,,2-Qualified,2024-01-30 00:00:00,U215
H005020,O11606,2-Qualified,3-Proposal,2024-02-13 00:00:00,U215
H005021,O11606,3-Proposal,4-Negotiation,2024-03-02 00:00:00,U215
H005022,O11606,4-Negotiation,5-Closed Won,2024-03-30 00:00:00,U215
H005023,O11607,,2-Qualified,2024-11-29 00:00:00,U215
H005024,O11607,2-Qualified,3-Proposal,2024-12-31 00:00:00,U215
H005025,O11607,3-Proposal,4-Negotiation,2025-01-16 00:00:00,U215
H005026,O11607,4-Negotiation,5-Closed Won,2025-02-05 00:00:00,U215
H005027,O11609,,2-Qualified,2025-03-09 00:00:00,U217
H005028,O11609,2-Qualified,3-Proposal,2025-04-05 00:00:00,U217
H005029,O11609,3-Proposal,4-Negotiation,2025-04-29 00:00:00,U217
H005030,O11609,4-Negotiation,5-Closed Won,2025-06-02 00:00:00,U217
H005031,O11610,,2-Qualified,2025-03-28 00:00:00,U208
H005032,O11610,2-Qualified,3-Proposal,2025-05-10 00:00:00,U208
H005033,O11610,3-Proposal,6-Closed Lost,2025-06-08 00:00:00,U208
H005034,O11611,,2-Qualified,2024-12-04 00:00:00,U211
H005035,O11611,2-Qualified,3-Proposal,2024-12-16 00:00:00,U211
H005036,O11611,3-Proposal,4-Negotiation,2024-12-27 00:00:00,U211
H005037,O11611,4-Negotiation,5-Closed Won,2025-01-05 00:00:00,U211
H005038,O11612,,2-Qualified,2025-07-03 00:00:00,U216
H005039,O11612,2-Qualified,6-Closed Lost,2025-08-15 00:00:00,U216
H005040,O11613,,2-Qualified,2024-04-03 00:00:00,U223
H005041,O11613,2-Qualified,3-Proposal,2024-04-04 00:00:00,U223
H005042,O11613,3-Proposal,4-Negotiation,2024-04-06 00:00:00,U223
H005043,O11613,4-Negotiation,6-Closed Lost,2024-04-07 00:00:00,U223
H005044,O11614,,2-Qualified,2024-04-05 00:00:00,U209
H005045,O11614,2-Qualified,3-Proposal,2024-04-12 00:00:00,U209
H005046,O11614,3-Proposal,4-Negotiation,2024-04-21 00:00:00,U209
H005047,O11614,4-Negotiation,5-Closed Won,2024-05-01 00:00:00,U209
H005048,O11615,,2-Qualified,2024-12-05 00:00:00,U200
H005049,O11615,2-Qualified,3-Proposal,2024-12-23 00:00:00,U200
H005050,O11615,3-Proposal,4-Negotiation,2025-01-18 00:00:00,U200
H005051,O11615,4-Negotiation,5-Closed Won,2025-02-03 00:00:00,U200
H005052,O11616,,2-Qualified,2024-04-05 00:00:00,U223
H005053,O11616,2-Qualified,3-Proposal,2024-04-27 00:00:00,U223
H005054,O11616,3-Proposal,4-Negotiation,2024-05-13 00:00:00,U223
H005055,O11616,4-Negotiation,5-Closed Won,2024-06-03 00:00:00,U223
H005056,O11617,,2-Qualified,2025-06-11 00:00:00,U206
H005057,O11617,2-Qualified,6-Closed Lost,2025-06-16 00:00:00,U206
H005058,O11618,,2-Qualified,2024-05-24 00:00:00,U208
H005059,O11618,2-Qualified,3-Proposal,2024-07-20 00:00:00,U208
H005060,O11618,3-Proposal,6-Closed Lost,2024-09-09 00:00:00,U208
H005061,O11619,,2-Qualified,2025-11-25 00:00:00,U200
H005062,O11619,2-Qualified,3-Proposal,2026-01-04 00:00:00,U200
H005063,O11619,3-Proposal,6-Closed Lost,2026-02-26 00:00:00,U200
H005064,O11620,,2-Qualified,2026-04-09 00:00:00,U223
H005065,O11620,2-Qualified,3-Proposal,2026-04-20 00:00:00,U223
H005066,O11620,3-Proposal,4-Negotiation,2026-04-26 00:00:00,U223
H005067,O11620,4-Negotiation,5-Closed Won,2026-05-02 00:00:00,U223
H005068,O11621,,2-Qualified,2026-04-07 00:00:00,U210
H005069,O11621,2-Qualified,3-Proposal,2026-04-18 00:00:00,U210
H005070,O11621,3-Proposal,6-Closed Lost,2026-05-07 00:00:00,U210
H005071,O11622,,2-Qualified,2025-12-11 00:00:00,U205
H005072,O11622,2-Qualified,3-Proposal,2025-12-20 00:00:00,U205
H005073,O11622,3-Proposal,4-Negotiation,2026-01-03 00:00:00,U205
H005074,O11622,4-Negotiation,6-Closed Lost,2026-01-11 00:00:00,U205
H005075,O11623,,2-Qualified,2024-12-27 00:00:00,U220
H005076,O11623,2-Qualified,3-Proposal,2025-01-18 00:00:00,U220
H005077,O11623,3-Proposal,4-Negotiation,2025-02-07 00:00:00,U220
H005078,O11623,4-Negotiation,6-Closed Lost,2025-02-20 00:00:00,U220
H005079,O11624,,2-Qualified,2026-02-22 00:00:00,U217
H005080,O11624,2-Qualified,6-Closed Lost,2026-03-19 00:00:00,U217
H005081,O11625,,2-Qualified,2024-07-31 00:00:00,U217
H005082,O11625,2-Qualified,3-Proposal,2024-08-09 00:00:00,U217
H005083,O11625,3-Proposal,4-Negotiation,2024-08-16 00:00:00,U217
H005084,O11625,4-Negotiation,5-Closed Won,2024-08-26 00:00:00,U217
H005085,O11626,,2-Qualified,2025-10-21 00:00:00,U210
H005086,O11626,2-Qualified,3-Proposal,2025-10-23 00:00:00,U210
H005087,O11626,3-Proposal,4-Negotiation,2025-10-24 00:00:00,U210
H005088,O11626,4-Negotiation,5-Closed Won,2025-10-26 00:00:00,U210
H005089,O11627,,2-Qualified,2024-06-11 00:00:00,U215
H005090,O11627,2-Qualified,3-Proposal,2024-08-01 00:00:00,U215
H005091,O11627,3-Proposal,6-Closed Lost,2024-09-11 00:00:00,U215
H005092,O11628,,2-Qualified,2024-03-16 00:00:00,U205
H005093,O11628,2-Qualified,3-Proposal,2024-05-08 00:00:00,U205
H005094,O11628,3-Proposal,6-Closed Lost,2024-06-15 00:00:00,U205
H005095,O11629,,2-Qualified,2026-03-31 00:00:00,U200
H005096,O11629,2-Qualified,3-Proposal,2026-04-09 00:00:00,U200
H005097,O11629,3-Proposal,4-Negotiation,2026-04-17 00:00:00,U200
H005098,O11629,4-Negotiation,6-Closed Lost,2026-04-25 00:00:00,U200
H005099,O11630,,2-Qualified,2025-03-30 00:00:00,U207
H005100,O11630,2-Qualified,3-Proposal,2025-04-20 00:00:00,U207
H005101,O11630,3-Proposal,4-Negotiation,2025-05-13 00:00:00,U207
H005102,O11630,4-Negotiation,6-Closed Lost,2025-06-07 00:00:00,U207
H005103,O11631,,2-Qualified,2025-11-20 00:00:00,U217
H005104,O11631,2-Qualified,3-Proposal,2025-12-04 00:00:00,U217
H005105,O11631,3-Proposal,4-Negotiation,2025-12-12 00:00:00,U217
H005106,O11631,4-Negotiation,5-Closed Won,2025-12-22 00:00:00,U217
H005107,O11632,,2-Qualified,2025-02-19 00:00:00,U217
H005108,O11632,2-Qualified,3-Proposal,2025-03-21 00:00:00,U217
H005109,O11632,3-Proposal,4-Negotiation,2025-04-14 00:00:00,U217
H005110,O11632,4-Negotiation,5-Closed Won,2025-04-30 00:00:00,U217
H005111,O11633,,2-Qualified,2026-03-06 00:00:00,U205
H005112,O11633,2-Qualified,3-Proposal,2026-03-07 00:00:00,U205
H005113,O11633,3-Proposal,4-Negotiation,2026-03-09 00:00:00,U205
H005114,O11633,4-Negotiation,5-Closed Won,2026-03-10 00:00:00,U205
H005115,O11634,,2-Qualified,2026-01-11 00:00:00,U214
H005116,O11634,2-Qualified,3-Proposal,2026-01-16 00:00:00,U214
H005117,O11634,3-Proposal,4-Negotiation,2026-01-22 00:00:00,U214
H005118,O11634,4-Negotiation,5-Closed Won,2026-01-30 00:00:00,U214
H005119,O11635,,2-Qualified,2025-06-08 00:00:00,U217
H005120,O11635,2-Qualified,3-Proposal,2025-07-04 00:00:00,U217
H005121,O11635,3-Proposal,6-Closed Lost,2025-08-12 00:00:00,U217
H005122,O11637,,2-Qualified,2025-10-07 00:00:00,U217
H005123,O11637,2-Qualified,6-Closed Lost,2025-11-25 00:00:00,U217
H005124,O11638,,2-Qualified,2024-06-02 00:00:00,U214
H005125,O11638,2-Qualified,3-Proposal,2024-07-13 00:00:00,U214
H005126,O11638,3-Proposal,4-Negotiation,2024-08-29 00:00:00,U214
H005127,O11638,4-Negotiation,5-Closed Won,2024-10-01 00:00:00,U214
H005128,O11639,,2-Qualified,2024-12-17 00:00:00,U213
H005129,O11639,2-Qualified,6-Closed Lost,2025-01-06 00:00:00,U213
H005130,O11640,,2-Qualified,2025-01-20 00:00:00,U203
H005131,O11640,2-Qualified,3-Proposal,2025-01-22 00:00:00,U203
H005132,O11640,3-Proposal,4-Negotiation,2025-01-24 00:00:00,U203
H005133,O11640,4-Negotiation,5-Closed Won,2025-01-26 00:00:00,U203
H005134,O11641,,2-Qualified,2025-07-10 00:00:00,U211
H005135,O11641,2-Qualified,6-Closed Lost,2025-08-20 00:00:00,U211
H005136,O11642,,2-Qualified,2024-04-08 00:00:00,U210
H005137,O11642,2-Qualified,3-Proposal,2024-04-13 00:00:00,U210
H005138,O11642,3-Proposal,4-Negotiation,2024-04-23 00:00:00,U210
H005139,O11642,4-Negotiation,5-Closed Won,2024-04-28 00:00:00,U210
H005140,O11643,,2-Qualified,2025-12-25 00:00:00,U223
H005141,O11643,2-Qualified,3-Proposal,2026-01-06 00:00:00,U223
H005142,O11643,3-Proposal,4-Negotiation,2026-01-17 00:00:00,U223
H005143,O11643,4-Negotiation,5-Closed Won,2026-01-20 00:00:00,U223
H005144,O11644,,2-Qualified,2025-05-03 00:00:00,U207
H005145,O11644,2-Qualified,3-Proposal,2025-05-06 00:00:00,U207
H005146,O11644,3-Proposal,4-Negotiation,2025-05-08 00:00:00,U207
H005147,O11644,4-Negotiation,5-Closed Won,2025-05-10 00:00:00,U207
H005148,O11645,,2-Qualified,2025-06-07 00:00:00,U216
H005149,O11645,2-Qualified,3-Proposal,2025-06-28 00:00:00,U216
H005150,O11645,3-Proposal,4-Negotiation,2025-07-26 00:00:00,U216
H005151,O11645,4-Negotiation,5-Closed Won,2025-08-10 00:00:00,U216
H005152,O11647,,2-Qualified,2026-06-02 00:00:00,U208
H005153,O11647,2-Qualified,3-Proposal,2026-07-17 00:00:00,U208
H005154,O11648,,2-Qualified,2025-03-02 00:00:00,U217
H005155,O11648,2-Qualified,3-Proposal,2025-03-31 00:00:00,U217
H005156,O11648,3-Proposal,4-Negotiation,2025-04-22 00:00:00,U217
H005157,O11648,4-Negotiation,5-Closed Won,2025-05-07 00:00:00,U217
H005158,O11649,,2-Qualified,2026-01-04 00:00:00,U217
H005159,O11649,2-Qualified,3-Proposal,2026-01-23 00:00:00,U217
H005160,O11649,3-Proposal,4-Negotiation,2026-02-16 00:00:00,U217
H005161,O11649,4-Negotiation,5-Closed Won,2026-03-11 00:00:00,U217
H005162,O11650,,2-Qualified,2024-06-25 00:00:00,U210
H005163,O11650,2-Qualified,3-Proposal,2024-07-02 00:00:00,U210
H005164,O11650,3-Proposal,4-Negotiation,2024-07-12 00:00:00,U210
H005165,O11650,4-Negotiation,5-Closed Won,2024-07-19 00:00:00,U210
H005166,O11651,,2-Qualified,2024-05-15 00:00:00,U219
H005167,O11651,2-Qualified,3-Proposal,2024-05-28 00:00:00,U219
H005168,O11651,3-Proposal,4-Negotiation,2024-06-14 00:00:00,U219
H005169,O11651,4-Negotiation,5-Closed Won,2024-07-07 00:00:00,U219
H005170,O11652,,2-Qualified,2024-08-25 00:00:00,U214
H005171,O11652,2-Qualified,3-Proposal,2024-09-06 00:00:00,U214
H005172,O11652,3-Proposal,6-Closed Lost,2024-09-19 00:00:00,U214
H005173,O11654,,2-Qualified,2025-06-05 00:00:00,U209
H005174,O11654,2-Qualified,3-Proposal,2025-06-16 00:00:00,U209
H005175,O11654,3-Proposal,6-Closed Lost,2025-06-26 00:00:00,U209
H005176,O11655,,2-Qualified,2026-05-21 00:00:00,U211
H005177,O11655,2-Qualified,3-Proposal,2026-06-28 00:00:00,U211
H005178,O11655,3-Proposal,4-Negotiation,2026-07-25 00:00:00,U211
H005179,O11656,,2-Qualified,2026-01-30 00:00:00,U207
H005180,O11656,2-Qualified,3-Proposal,2026-03-15 00:00:00,U207
H005181,O11656,3-Proposal,4-Negotiation,2026-04-23 00:00:00,U207
H005182,O11656,4-Negotiation,5-Closed Won,2026-06-16 00:00:00,U207
H005183,O11657,,2-Qualified,2025-08-24 00:00:00,U200
H005184,O11657,2-Qualified,3-Proposal,2025-09-11 00:00:00,U200
H005185,O11657,3-Proposal,4-Negotiation,2025-10-10 00:00:00,U200
H005186,O11657,4-Negotiation,5-Closed Won,2025-10-28 00:00:00,U200
H005187,O11659,,2-Qualified,2026-05-11 00:00:00,U203
H005188,O11659,2-Qualified,3-Proposal,2026-05-29 00:00:00,U203
H005189,O11659,3-Proposal,6-Closed Lost,2026-06-09 00:00:00,U203
H005190,O11660,,2-Qualified,2025-09-15 00:00:00,U208
H005191,O11660,2-Qualified,3-Proposal,2025-11-02 00:00:00,U208
H005192,O11660,3-Proposal,4-Negotiation,2025-12-22 00:00:00,U208
H005193,O11660,4-Negotiation,6-Closed Lost,2025-12-29 00:00:00,U208
H005194,O11661,,2-Qualified,2025-11-15 00:00:00,U213
H005195,O11661,2-Qualified,3-Proposal,2026-01-04 00:00:00,U213
H005196,O11661,3-Proposal,4-Negotiation,2026-01-30 00:00:00,U213
H005197,O11661,4-Negotiation,6-Closed Lost,2026-03-16 00:00:00,U213
H005198,O11662,,2-Qualified,2024-04-28 00:00:00,U217
H005199,O11662,2-Qualified,3-Proposal,2024-04-30 00:00:00,U217
H005200,O11662,3-Proposal,4-Negotiation,2024-05-01 00:00:00,U217
H005201,O11662,4-Negotiation,5-Closed Won,2024-05-03 00:00:00,U217
H005202,O11663,,2-Qualified,2025-11-05 00:00:00,U217
H005203,O11663,2-Qualified,3-Proposal,2025-11-25 00:00:00,U217
H005204,O11663,3-Proposal,4-Negotiation,2025-12-09 00:00:00,U217
H005205,O11663,4-Negotiation,5-Closed Won,2025-12-27 00:00:00,U217
H005206,O11664,,2-Qualified,2025-03-27 00:00:00,U208
H005207,O11664,2-Qualified,6-Closed Lost,2025-05-06 00:00:00,U208
H005208,O11665,,2-Qualified,2024-10-24 00:00:00,U208
H005209,O11665,2-Qualified,3-Proposal,2024-10-29 00:00:00,U208
H005210,O11665,3-Proposal,4-Negotiation,2024-11-02 00:00:00,U208
H005211,O11665,4-Negotiation,5-Closed Won,2024-11-08 00:00:00,U208
H005212,O11666,,2-Qualified,2024-11-09 00:00:00,U219
H005213,O11666,2-Qualified,3-Proposal,2024-11-22 00:00:00,U219
H005214,O11666,3-Proposal,4-Negotiation,2024-12-08 00:00:00,U219
H005215,O11666,4-Negotiation,5-Closed Won,2024-12-21 00:00:00,U219
H005216,O11667,,2-Qualified,2025-05-05 00:00:00,U215
H005217,O11667,2-Qualified,3-Proposal,2025-05-30 00:00:00,U215
H005218,O11667,3-Proposal,4-Negotiation,2025-06-11 00:00:00,U215
H005219,O11667,4-Negotiation,5-Closed Won,2025-07-06 00:00:00,U215
H005220,O11668,,2-Qualified,2026-01-08 00:00:00,U215
H005221,O11668,2-Qualified,3-Proposal,2026-01-26 00:00:00,U215
H005222,O11668,3-Proposal,4-Negotiation,2026-02-07 00:00:00,U215
H005223,O11668,4-Negotiation,5-Closed Won,2026-03-02 00:00:00,U215
H005224,O11669,,2-Qualified,2024-06-11 00:00:00,U218
H005225,O11669,2-Qualified,3-Proposal,2024-06-23 00:00:00,U218
H005226,O11669,3-Proposal,4-Negotiation,2024-07-11 00:00:00,U218
H005227,O11669,4-Negotiation,5-Closed Won,2024-07-23 00:00:00,U218
H005228,O11670,,2-Qualified,2025-01-12 00:00:00,U208
H005229,O11670,2-Qualified,6-Closed Lost,2025-02-24 00:00:00,U208
H005230,O11671,,2-Qualified,2025-07-19 00:00:00,U216
H005231,O11671,2-Qualified,3-Proposal,2025-08-12 00:00:00,U216
H005232,O11671,3-Proposal,4-Negotiation,2025-09-02 00:00:00,U216
H005233,O11671,4-Negotiation,5-Closed Won,2025-09-26 00:00:00,U216
H005234,O11672,,2-Qualified,2025-10-26 00:00:00,U204
H005235,O11672,2-Qualified,3-Proposal,2025-12-01 00:00:00,U204
H005236,O11672,3-Proposal,4-Negotiation,2025-12-29 00:00:00,U204
H005237,O11672,4-Negotiation,6-Closed Lost,2026-01-19 00:00:00,U204
H005238,O11673,,2-Qualified,2024-12-15 00:00:00,U223
H005239,O11673,2-Qualified,6-Closed Lost,2025-01-22 00:00:00,U223
H005240,O11675,,2-Qualified,2024-08-14 00:00:00,U210
H005241,O11675,2-Qualified,3-Proposal,2024-08-22 00:00:00,U210
H005242,O11675,3-Proposal,4-Negotiation,2024-09-03 00:00:00,U210
H005243,O11675,4-Negotiation,5-Closed Won,2024-09-16 00:00:00,U210
H005244,O11676,,2-Qualified,2024-03-15 00:00:00,U223
H005245,O11676,2-Qualified,3-Proposal,2024-03-28 00:00:00,U223
H005246,O11676,3-Proposal,4-Negotiation,2024-04-10 00:00:00,U223
H005247,O11676,4-Negotiation,5-Closed Won,2024-04-16 00:00:00,U223
H005248,O11678,,2-Qualified,2025-05-20 00:00:00,U210
H005249,O11678,2-Qualified,3-Proposal,2025-05-23 00:00:00,U210
H005250,O11678,3-Proposal,4-Negotiation,2025-05-25 00:00:00,U210
H005251,O11678,4-Negotiation,6-Closed Lost,2025-05-26 00:00:00,U210
H005252,O11679,,2-Qualified,2024-03-23 00:00:00,U223
H005253,O11679,2-Qualified,3-Proposal,2024-04-30 00:00:00,U223
H005254,O11679,3-Proposal,4-Negotiation,2024-05-29 00:00:00,U223
H005255,O11679,4-Negotiation,6-Closed Lost,2024-06-21 00:00:00,U223
H005256,O11680,,2-Qualified,2025-04-13 00:00:00,U214
H005257,O11680,2-Qualified,3-Proposal,2025-04-28 00:00:00,U214
H005258,O11680,3-Proposal,4-Negotiation,2025-05-13 00:00:00,U214
H005259,O11680,4-Negotiation,5-Closed Won,2025-05-24 00:00:00,U214
H005260,O11681,,2-Qualified,2024-07-29 00:00:00,U208
H005261,O11681,2-Qualified,3-Proposal,2024-08-30 00:00:00,U208
H005262,O11681,3-Proposal,4-Negotiation,2024-10-09 00:00:00,U208
H005263,O11681,4-Negotiation,6-Closed Lost,2024-11-26 00:00:00,U208
H005264,O11682,,2-Qualified,2024-06-02 00:00:00,U216
H005265,O11682,2-Qualified,6-Closed Lost,2024-06-30 00:00:00,U216
H005266,O11683,,2-Qualified,2025-06-09 00:00:00,U222
H005267,O11683,2-Qualified,3-Proposal,2025-06-11 00:00:00,U222
H005268,O11683,3-Proposal,4-Negotiation,2025-06-13 00:00:00,U222
H005269,O11683,4-Negotiation,5-Closed Won,2025-06-16 00:00:00,U222
H005270,O11684,,2-Qualified,2025-07-08 00:00:00,U208
H005271,O11684,2-Qualified,3-Proposal,2025-07-31 00:00:00,U208
H005272,O11684,3-Proposal,4-Negotiation,2025-08-14 00:00:00,U208
H005273,O11684,4-Negotiation,5-Closed Won,2025-09-02 00:00:00,U208
H005274,O11685,,2-Qualified,2025-05-13 00:00:00,U220
H005275,O11685,2-Qualified,3-Proposal,2025-06-15 00:00:00,U220
H005276,O11685,3-Proposal,4-Negotiation,2025-07-16 00:00:00,U220
H005277,O11685,4-Negotiation,6-Closed Lost,2025-08-16 00:00:00,U220
H005278,O11686,,2-Qualified,2025-02-18 00:00:00,U203
H005279,O11686,2-Qualified,3-Proposal,2025-03-27 00:00:00,U203
H005280,O11686,3-Proposal,4-Negotiation,2025-04-17 00:00:00,U203
H005281,O11686,4-Negotiation,5-Closed Won,2025-05-05 00:00:00,U203
H005282,O11688,,2-Qualified,2026-04-01 00:00:00,U220
H005283,O11688,2-Qualified,3-Proposal,2026-05-05 00:00:00,U220
H005284,O11688,3-Proposal,4-Negotiation,2026-06-04 00:00:00,U220
H005285,O11688,4-Negotiation,5-Closed Won,2026-06-23 00:00:00,U220
H005286,O11689,,2-Qualified,2024-05-21 00:00:00,U221
H005287,O11689,2-Qualified,3-Proposal,2024-06-11 00:00:00,U221
H005288,O11689,3-Proposal,4-Negotiation,2024-06-27 00:00:00,U221
H005289,O11689,4-Negotiation,6-Closed Lost,2024-07-11 00:00:00,U221
H005290,O11690,,2-Qualified,2026-04-16 00:00:00,U215
H005291,O11690,2-Qualified,3-Proposal,2026-04-22 00:00:00,U215
H005292,O11690,3-Proposal,4-Negotiation,2026-04-30 00:00:00,U215
H005293,O11690,4-Negotiation,5-Closed Won,2026-05-06 00:00:00,U215
H005294,O11691,,2-Qualified,2025-11-24 00:00:00,U203
H005295,O11691,2-Qualified,3-Proposal,2026-01-12 00:00:00,U203
H005296,O11691,3-Proposal,4-Negotiation,2026-02-04 00:00:00,U203
H005297,O11691,4-Negotiation,5-Closed Won,2026-03-16 00:00:00,U203
H005298,O11692,,2-Qualified,2024-02-25 00:00:00,U217
H005299,O11692,2-Qualified,3-Proposal,2024-03-25 00:00:00,U217
H005300,O11692,3-Proposal,4-Negotiation,2024-04-20 00:00:00,U217
H005301,O11692,4-Negotiation,6-Closed Lost,2024-05-28 00:00:00,U217
H005302,O11694,,2-Qualified,2024-04-25 00:00:00,U223
H005303,O11694,2-Qualified,3-Proposal,2024-05-24 00:00:00,U223
H005304,O11694,3-Proposal,4-Negotiation,2024-06-13 00:00:00,U223
H005305,O11694,4-Negotiation,5-Closed Won,2024-06-24 00:00:00,U223
H005306,O11695,,2-Qualified,2026-03-22 00:00:00,U214
H005307,O11695,2-Qualified,3-Proposal,2026-04-18 00:00:00,U214
H005308,O11695,3-Proposal,4-Negotiation,2026-05-26 00:00:00,U214
H005309,O11695,4-Negotiation,5-Closed Won,2026-06-20 00:00:00,U214
H005310,O11697,,2-Qualified,2025-02-06 00:00:00,U202
H005311,O11697,2-Qualified,6-Closed Lost,2025-04-18 00:00:00,U202
H005312,O11698,,2-Qualified,2025-03-24 00:00:00,U215
H005313,O11698,2-Qualified,3-Proposal,2025-04-16 00:00:00,U215
H005314,O11698,3-Proposal,6-Closed Lost,2025-05-03 00:00:00,U215
H005315,O11699,,2-Qualified,2024-10-21 00:00:00,U214
H005316,O11699,2-Qualified,3-Proposal,2024-10-23 00:00:00,U214
H005317,O11699,3-Proposal,6-Closed Lost,2024-10-25 00:00:00,U214
H005318,O11700,,2-Qualified,2025-10-26 00:00:00,U221
H005319,O11700,2-Qualified,3-Proposal,2025-11-13 00:00:00,U221
H005320,O11700,3-Proposal,4-Negotiation,2025-11-29 00:00:00,U221
H005321,O11700,4-Negotiation,5-Closed Won,2025-12-20 00:00:00,U221
H005322,O11701,,2-Qualified,2025-11-30 00:00:00,U214
H005323,O11701,2-Qualified,3-Proposal,2025-12-27 00:00:00,U214
H005324,O11701,3-Proposal,4-Negotiation,2026-01-22 00:00:00,U214
H005325,O11701,4-Negotiation,5-Closed Won,2026-02-11 00:00:00,U214
H005326,O11702,,2-Qualified,2024-11-21 00:00:00,U210
H005327,O11702,2-Qualified,3-Proposal,2024-12-22 00:00:00,U210
H005328,O11702,3-Proposal,6-Closed Lost,2025-02-03 00:00:00,U210
H005329,O11703,,2-Qualified,2024-04-06 00:00:00,U213
H005330,O11703,2-Qualified,3-Proposal,2024-05-02 00:00:00,U213
H005331,O11703,3-Proposal,4-Negotiation,2024-05-27 00:00:00,U213
H005332,O11703,4-Negotiation,5-Closed Won,2024-06-25 00:00:00,U213
H005333,O11704,,2-Qualified,2025-12-15 00:00:00,U221
H005334,O11704,2-Qualified,3-Proposal,2025-12-24 00:00:00,U221
H005335,O11704,3-Proposal,4-Negotiation,2025-12-30 00:00:00,U221
H005336,O11704,4-Negotiation,5-Closed Won,2026-01-09 00:00:00,U221
H005337,O11705,,2-Qualified,2024-08-19 00:00:00,U210
H005338,O11705,2-Qualified,3-Proposal,2024-09-26 00:00:00,U210
H005339,O11705,3-Proposal,4-Negotiation,2024-10-30 00:00:00,U210
H005340,O11705,4-Negotiation,6-Closed Lost,2024-11-15 00:00:00,U210
H005341,O11706,,2-Qualified,2024-07-27 00:00:00,U215
H005342,O11706,2-Qualified,3-Proposal,2024-08-03 00:00:00,U215
H005343,O11706,3-Proposal,4-Negotiation,2024-08-14 00:00:00,U215
H005344,O11706,4-Negotiation,6-Closed Lost,2024-08-20 00:00:00,U215
H005345,O11707,,2-Qualified,2024-06-10 00:00:00,U208
H005346,O11707,2-Qualified,3-Proposal,2024-06-27 00:00:00,U208
H005347,O11707,3-Proposal,4-Negotiation,2024-07-13 00:00:00,U208
H005348,O11707,4-Negotiation,6-Closed Lost,2024-08-01 00:00:00,U208
H005349,O11709,,2-Qualified,2025-03-21 00:00:00,U204
H005350,O11709,2-Qualified,3-Proposal,2025-03-29 00:00:00,U204
H005351,O11709,3-Proposal,6-Closed Lost,2025-04-06 00:00:00,U204
H005352,O11710,,2-Qualified,2024-10-03 00:00:00,U207
H005353,O11710,2-Qualified,6-Closed Lost,2024-10-29 00:00:00,U207
H005354,O11711,,2-Qualified,2026-05-08 00:00:00,U220
H005355,O11711,2-Qualified,3-Proposal,2026-07-22 00:00:00,U220
H005356,O11711,3-Proposal,4-Negotiation,2026-09-14 00:00:00,U220
H005357,O11712,,2-Qualified,2026-08-28 00:00:00,U220
H005358,O11712,2-Qualified,3-Proposal,2026-11-10 00:00:00,U220
H005359,O11713,,2-Qualified,2024-07-10 00:00:00,U203
H005360,O11713,2-Qualified,3-Proposal,2024-08-06 00:00:00,U203
H005361,O11713,3-Proposal,4-Negotiation,2024-09-02 00:00:00,U203
H005362,O11713,4-Negotiation,6-Closed Lost,2024-09-22 00:00:00,U203
H005363,O11714,,2-Qualified,2024-08-09 00:00:00,U218
H005364,O11714,2-Qualified,3-Proposal,2024-08-10 00:00:00,U218
H005365,O11714,3-Proposal,4-Negotiation,2024-08-11 00:00:00,U218
H005366,O11714,4-Negotiation,5-Closed Won,2024-08-12 00:00:00,U218
H005367,O11715,,2-Qualified,2025-01-01 00:00:00,U217
H005368,O11715,2-Qualified,3-Proposal,2025-01-16 00:00:00,U217
H005369,O11715,3-Proposal,4-Negotiation,2025-01-27 00:00:00,U217
H005370,O11715,4-Negotiation,5-Closed Won,2025-02-04 00:00:00,U217
H005371,O11716,,2-Qualified,2026-09-17 00:00:00,U210
H005372,O11719,,2-Qualified,2025-08-23 00:00:00,U200
H005373,O11719,2-Qualified,3-Proposal,2025-09-24 00:00:00,U200
H005374,O11719,3-Proposal,6-Closed Lost,2025-10-27 00:00:00,U200
H005375,O11720,,2-Qualified,2026-06-22 00:00:00,U208
H005376,O11721,,2-Qualified,2026-04-30 00:00:00,U217
H005377,O11721,2-Qualified,3-Proposal,2026-05-07 00:00:00,U217
H005378,O11721,3-Proposal,6-Closed Lost,2026-05-11 00:00:00,U217
H005379,O11722,,2-Qualified,2024-05-25 00:00:00,U203
H005380,O11722,2-Qualified,3-Proposal,2024-07-29 00:00:00,U203
H005381,O11722,3-Proposal,6-Closed Lost,2024-08-26 00:00:00,U203
H005382,O11723,,2-Qualified,2025-06-07 00:00:00,U223
H005383,O11723,2-Qualified,3-Proposal,2025-07-01 00:00:00,U223
H005384,O11723,3-Proposal,4-Negotiation,2025-08-14 00:00:00,U223
H005385,O11723,4-Negotiation,5-Closed Won,2025-09-19 00:00:00,U223
H005386,O11724,,2-Qualified,2024-02-18 00:00:00,U219
H005387,O11724,2-Qualified,3-Proposal,2024-03-15 00:00:00,U219
H005388,O11724,3-Proposal,4-Negotiation,2024-05-01 00:00:00,U219
H005389,O11724,4-Negotiation,5-Closed Won,2024-06-08 00:00:00,U219
H005390,O11725,,2-Qualified,2024-06-15 00:00:00,U207
H005391,O11725,2-Qualified,3-Proposal,2024-07-23 00:00:00,U207
H005392,O11725,3-Proposal,4-Negotiation,2024-09-06 00:00:00,U207
H005393,O11725,4-Negotiation,5-Closed Won,2024-09-28 00:00:00,U207
H005394,O11726,,2-Qualified,2024-08-09 00:00:00,U219
H005395,O11726,2-Qualified,3-Proposal,2024-09-02 00:00:00,U219
H005396,O11726,3-Proposal,4-Negotiation,2024-09-28 00:00:00,U219
H005397,O11726,4-Negotiation,5-Closed Won,2024-10-27 00:00:00,U219
H005398,O11728,,2-Qualified,2024-04-01 00:00:00,U217
H005399,O11728,2-Qualified,3-Proposal,2024-04-24 00:00:00,U217
H005400,O11728,3-Proposal,4-Negotiation,2024-06-01 00:00:00,U217
H005401,O11728,4-Negotiation,6-Closed Lost,2024-07-05 00:00:00,U217
H005402,O11729,,2-Qualified,2026-02-03 00:00:00,U213
H005403,O11729,2-Qualified,6-Closed Lost,2026-03-20 00:00:00,U213
H005404,O11730,,2-Qualified,2026-05-29 00:00:00,U217
H005405,O11730,2-Qualified,3-Proposal,2026-06-07 00:00:00,U217
H005406,O11730,3-Proposal,4-Negotiation,2026-06-16 00:00:00,U217
H005407,O11730,4-Negotiation,6-Closed Lost,2026-06-22 00:00:00,U217
H005408,O11731,,2-Qualified,2025-04-19 00:00:00,U216
H005409,O11731,2-Qualified,3-Proposal,2025-04-30 00:00:00,U216
H005410,O11731,3-Proposal,4-Negotiation,2025-05-21 00:00:00,U216
H005411,O11731,4-Negotiation,5-Closed Won,2025-06-09 00:00:00,U216
H005412,O11732,,2-Qualified,2025-10-09 00:00:00,U207
H005413,O11732,2-Qualified,6-Closed Lost,2025-10-13 00:00:00,U207
H005414,O11733,,2-Qualified,2025-11-01 00:00:00,U203
H005415,O11733,2-Qualified,3-Proposal,2025-11-30 00:00:00,U203
H005416,O11733,3-Proposal,4-Negotiation,2026-01-15 00:00:00,U203
H005417,O11733,4-Negotiation,6-Closed Lost,2026-02-15 00:00:00,U203
H005418,O11734,,2-Qualified,2024-01-18 00:00:00,U217
H005419,O11734,2-Qualified,6-Closed Lost,2024-02-12 00:00:00,U217
H005420,O11735,,2-Qualified,2024-10-05 00:00:00,U203
H005421,O11735,2-Qualified,3-Proposal,2024-10-17 00:00:00,U203
H005422,O11735,3-Proposal,4-Negotiation,2024-11-06 00:00:00,U203
H005423,O11735,4-Negotiation,5-Closed Won,2024-11-19 00:00:00,U203
H005424,O11736,,2-Qualified,2024-10-25 00:00:00,U206
H005425,O11736,2-Qualified,3-Proposal,2024-11-08 00:00:00,U206
H005426,O11736,3-Proposal,4-Negotiation,2024-11-24 00:00:00,U206
H005427,O11736,4-Negotiation,5-Closed Won,2024-12-05 00:00:00,U206
H005428,O11737,,2-Qualified,2025-03-12 00:00:00,U217
H005429,O11737,2-Qualified,3-Proposal,2025-04-13 00:00:00,U217
H005430,O11737,3-Proposal,4-Negotiation,2025-05-15 00:00:00,U217
H005431,O11737,4-Negotiation,5-Closed Won,2025-06-16 00:00:00,U217
H005432,O11738,,2-Qualified,2026-05-01 00:00:00,U208
H005433,O11738,2-Qualified,3-Proposal,2026-05-12 00:00:00,U208
H005434,O11738,3-Proposal,4-Negotiation,2026-05-25 00:00:00,U208
H005435,O11738,4-Negotiation,6-Closed Lost,2026-06-09 00:00:00,U208
H005436,O11740,,2-Qualified,2026-06-22 00:00:00,U218
H005437,O11740,2-Qualified,3-Proposal,2026-08-15 00:00:00,U218
H005438,O11740,3-Proposal,4-Negotiation,2026-10-17 00:00:00,U218
H005439,O11741,,2-Qualified,2024-12-08 00:00:00,U208
H005440,O11741,2-Qualified,3-Proposal,2024-12-20 00:00:00,U208
H005441,O11741,3-Proposal,4-Negotiation,2024-12-31 00:00:00,U208
H005442,O11741,4-Negotiation,5-Closed Won,2025-01-18 00:00:00,U208
H005443,O11742,,2-Qualified,2026-03-30 00:00:00,U220
H005444,O11742,2-Qualified,3-Proposal,2026-05-28 00:00:00,U220
H005445,O11742,3-Proposal,4-Negotiation,2026-07-06 00:00:00,U220
H005446,O11743,,2-Qualified,2024-08-03 00:00:00,U220
H005447,O11743,2-Qualified,3-Proposal,2024-08-24 00:00:00,U220
H005448,O11743,3-Proposal,4-Negotiation,2024-09-13 00:00:00,U220
H005449,O11743,4-Negotiation,5-Closed Won,2024-09-24 00:00:00,U220
H005450,O11744,,2-Qualified,2026-05-01 00:00:00,U206
H005451,O11744,2-Qualified,3-Proposal,2026-05-13 00:00:00,U206
H005452,O11744,3-Proposal,6-Closed Lost,2026-05-19 00:00:00,U206
H005453,O11745,,2-Qualified,2024-07-26 00:00:00,U205
H005454,O11745,2-Qualified,3-Proposal,2024-08-30 00:00:00,U205
H005455,O11745,3-Proposal,4-Negotiation,2024-10-25 00:00:00,U205
H005456,O11745,4-Negotiation,5-Closed Won,2024-12-20 00:00:00,U205
H005457,O11746,,2-Qualified,2024-12-18 00:00:00,U219
H005458,O11746,2-Qualified,3-Proposal,2024-12-26 00:00:00,U219
H005459,O11746,3-Proposal,4-Negotiation,2025-01-03 00:00:00,U219
H005460,O11746,4-Negotiation,5-Closed Won,2025-01-07 00:00:00,U219
H005461,O11747,,2-Qualified,2024-05-03 00:00:00,U223
H005462,O11747,2-Qualified,3-Proposal,2024-06-08 00:00:00,U223
H005463,O11747,3-Proposal,4-Negotiation,2024-07-14 00:00:00,U223
H005464,O11747,4-Negotiation,5-Closed Won,2024-08-23 00:00:00,U223
H005465,O11749,,2-Qualified,2025-07-10 00:00:00,U210
H005466,O11749,2-Qualified,3-Proposal,2025-07-12 00:00:00,U210
H005467,O11749,3-Proposal,4-Negotiation,2025-07-13 00:00:00,U210
H005468,O11749,4-Negotiation,5-Closed Won,2025-07-14 00:00:00,U210
H005469,O11750,,2-Qualified,2026-04-14 00:00:00,U215
H005470,O11750,2-Qualified,3-Proposal,2026-04-28 00:00:00,U215
H005471,O11750,3-Proposal,4-Negotiation,2026-05-10 00:00:00,U215
H005472,O11750,4-Negotiation,5-Closed Won,2026-05-25 00:00:00,U215
H005473,O11751,,2-Qualified,2024-07-21 00:00:00,U219
H005474,O11751,2-Qualified,3-Proposal,2024-08-06 00:00:00,U219
H005475,O11751,3-Proposal,4-Negotiation,2024-08-18 00:00:00,U219
H005476,O11751,4-Negotiation,5-Closed Won,2024-09-02 00:00:00,U219
H005477,O11752,,2-Qualified,2025-12-25 00:00:00,U207
H005478,O11752,2-Qualified,3-Proposal,2025-12-28 00:00:00,U207
H005479,O11752,3-Proposal,6-Closed Lost,2025-12-29 00:00:00,U207
H005480,O11753,,2-Qualified,2025-05-08 00:00:00,U208
H005481,O11753,2-Qualified,3-Proposal,2025-06-14 00:00:00,U208
H005482,O11753,3-Proposal,4-Negotiation,2025-07-22 00:00:00,U208
H005483,O11753,4-Negotiation,5-Closed Won,2025-07-29 00:00:00,U208
H005484,O11754,,2-Qualified,2025-10-25 00:00:00,U217
H005485,O11754,2-Qualified,3-Proposal,2025-10-27 00:00:00,U217
H005486,O11754,3-Proposal,4-Negotiation,2025-10-28 00:00:00,U217
H005487,O11754,4-Negotiation,5-Closed Won,2025-10-29 00:00:00,U217
H005488,O11755,,2-Qualified,2026-08-01 00:00:00,U214
H005489,O11755,2-Qualified,3-Proposal,2026-09-03 00:00:00,U214
H005490,O11755,3-Proposal,4-Negotiation,2026-10-16 00:00:00,U214
H005491,O11755,4-Negotiation,3-Proposal,2026-11-02 00:00:00,U214
H005492,O11756,,2-Qualified,2026-02-12 00:00:00,U214
H005493,O11756,2-Qualified,3-Proposal,2026-02-22 00:00:00,U214
H005494,O11756,3-Proposal,4-Negotiation,2026-03-11 00:00:00,U214
H005495,O11756,4-Negotiation,6-Closed Lost,2026-03-26 00:00:00,U214
H005496,O11757,,2-Qualified,2024-07-18 00:00:00,U222
H005497,O11757,2-Qualified,3-Proposal,2024-08-14 00:00:00,U222
H005498,O11757,3-Proposal,4-Negotiation,2024-08-26 00:00:00,U222
H005499,O11757,4-Negotiation,5-Closed Won,2024-09-10 00:00:00,U222
H005500,O11758,,2-Qualified,2025-12-30 00:00:00,U212
H005501,O11758,2-Qualified,3-Proposal,2026-01-08 00:00:00,U212
H005502,O11758,3-Proposal,4-Negotiation,2026-01-22 00:00:00,U212
H005503,O11758,4-Negotiation,5-Closed Won,2026-02-07 00:00:00,U212
H005504,O11759,,2-Qualified,2025-07-19 00:00:00,U215
H005505,O11759,2-Qualified,3-Proposal,2025-07-26 00:00:00,U215
H005506,O11759,3-Proposal,4-Negotiation,2025-08-08 00:00:00,U215
H005507,O11759,4-Negotiation,6-Closed Lost,2025-08-21 00:00:00,U215
H005508,O11760,,2-Qualified,2024-02-07 00:00:00,U202
H005509,O11760,2-Qualified,3-Proposal,2024-02-22 00:00:00,U202
H005510,O11760,3-Proposal,4-Negotiation,2024-03-21 00:00:00,U202
H005511,O11760,4-Negotiation,5-Closed Won,2024-04-04 00:00:00,U202
H005512,O11761,,2-Qualified,2026-05-16 00:00:00,U219
H005513,O11761,2-Qualified,3-Proposal,2026-06-28 00:00:00,U219
H005514,O11762,,2-Qualified,2026-01-25 00:00:00,U203
H005515,O11762,2-Qualified,3-Proposal,2026-01-30 00:00:00,U203
H005516,O11762,3-Proposal,4-Negotiation,2026-02-09 00:00:00,U203
H005517,O11762,4-Negotiation,5-Closed Won,2026-02-19 00:00:00,U203
H005518,O11763,,2-Qualified,2025-01-08 00:00:00,U214
H005519,O11763,2-Qualified,3-Proposal,2025-02-08 00:00:00,U214
H005520,O11763,3-Proposal,4-Negotiation,2025-03-01 00:00:00,U214
H005521,O11763,4-Negotiation,5-Closed Won,2025-03-21 00:00:00,U214
H005522,O11764,,2-Qualified,2024-06-22 00:00:00,U220
H005523,O11764,2-Qualified,3-Proposal,2024-07-09 00:00:00,U220
H005524,O11764,3-Proposal,4-Negotiation,2024-08-08 00:00:00,U220
H005525,O11764,4-Negotiation,5-Closed Won,2024-09-06 00:00:00,U220
H005526,O11765,,2-Qualified,2024-06-20 00:00:00,U212
H005527,O11765,2-Qualified,6-Closed Lost,2024-09-15 00:00:00,U212
H005528,O11766,,2-Qualified,2024-06-14 00:00:00,U201
H005529,O11766,2-Qualified,3-Proposal,2024-06-21 00:00:00,U201
H005530,O11766,3-Proposal,6-Closed Lost,2024-06-26 00:00:00,U201
H005531,O11767,,2-Qualified,2025-08-20 00:00:00,U214
H005532,O11767,2-Qualified,3-Proposal,2025-09-02 00:00:00,U214
H005533,O11767,3-Proposal,4-Negotiation,2025-09-13 00:00:00,U214
H005534,O11767,4-Negotiation,5-Closed Won,2025-09-20 00:00:00,U214
H005535,O11768,,2-Qualified,2024-02-17 00:00:00,U206
H005536,O11768,2-Qualified,3-Proposal,2024-02-19 00:00:00,U206
H005537,O11768,3-Proposal,4-Negotiation,2024-02-21 00:00:00,U206
H005538,O11768,4-Negotiation,5-Closed Won,2024-02-23 00:00:00,U206
H005539,O11769,,2-Qualified,2024-11-06 00:00:00,U201
H005540,O11769,2-Qualified,3-Proposal,2024-12-10 00:00:00,U201
H005541,O11769,3-Proposal,4-Negotiation,2025-01-20 00:00:00,U201
H005542,O11769,4-Negotiation,5-Closed Won,2025-03-23 00:00:00,U201
H005543,O11770,,2-Qualified,2024-12-26 00:00:00,U202
H005544,O11770,2-Qualified,3-Proposal,2025-01-06 00:00:00,U202
H005545,O11770,3-Proposal,6-Closed Lost,2025-01-17 00:00:00,U202
H005546,O11771,,2-Qualified,2025-04-12 00:00:00,U214
H005547,O11771,2-Qualified,3-Proposal,2025-04-23 00:00:00,U214
H005548,O11771,3-Proposal,4-Negotiation,2025-05-06 00:00:00,U214
H005549,O11771,4-Negotiation,5-Closed Won,2025-05-16 00:00:00,U214
H005550,O11772,,2-Qualified,2025-07-31 00:00:00,U217
H005551,O11772,2-Qualified,3-Proposal,2025-09-09 00:00:00,U217
H005552,O11772,3-Proposal,4-Negotiation,2025-10-01 00:00:00,U217
H005553,O11772,4-Negotiation,6-Closed Lost,2025-11-01 00:00:00,U217
H005554,O11773,,2-Qualified,2024-05-29 00:00:00,U204
H005555,O11773,2-Qualified,6-Closed Lost,2024-06-09 00:00:00,U204
H005556,O11774,,2-Qualified,2025-11-07 00:00:00,U221
H005557,O11774,2-Qualified,3-Proposal,2025-11-27 00:00:00,U221
H005558,O11774,3-Proposal,6-Closed Lost,2025-12-03 00:00:00,U221
H005559,O11775,,2-Qualified,2026-04-20 00:00:00,U206
H005560,O11775,2-Qualified,3-Proposal,2026-04-28 00:00:00,U206
H005561,O11775,3-Proposal,4-Negotiation,2026-05-05 00:00:00,U206
H005562,O11775,4-Negotiation,5-Closed Won,2026-05-08 00:00:00,U206
H005563,O11776,,2-Qualified,2025-04-14 00:00:00,U212
H005564,O11776,2-Qualified,3-Proposal,2025-05-02 00:00:00,U212
H005565,O11776,3-Proposal,4-Negotiation,2025-06-01 00:00:00,U212
H005566,O11776,4-Negotiation,6-Closed Lost,2025-06-27 00:00:00,U212
H005567,O11777,,2-Qualified,2024-10-04 00:00:00,U201
H005568,O11777,2-Qualified,3-Proposal,2024-11-10 00:00:00,U201
H005569,O11777,3-Proposal,4-Negotiation,2024-12-06 00:00:00,U201
H005570,O11777,4-Negotiation,5-Closed Won,2025-01-26 00:00:00,U201
H005571,O11778,,2-Qualified,2025-11-22 00:00:00,U210
H005572,O11778,2-Qualified,3-Proposal,2025-12-07 00:00:00,U210
H005573,O11778,3-Proposal,4-Negotiation,2025-12-26 00:00:00,U210
H005574,O11778,4-Negotiation,5-Closed Won,2026-01-07 00:00:00,U210
H005575,O11779,,2-Qualified,2025-09-12 00:00:00,U204
H005576,O11779,2-Qualified,6-Closed Lost,2025-10-31 00:00:00,U204
H005577,O11782,,2-Qualified,2025-09-29 00:00:00,U204
H005578,O11782,2-Qualified,3-Proposal,2025-10-30 00:00:00,U204
H005579,O11782,3-Proposal,6-Closed Lost,2025-12-23 00:00:00,U204
H005580,O11783,,2-Qualified,2025-08-07 00:00:00,U223
H005581,O11783,2-Qualified,3-Proposal,2025-09-04 00:00:00,U223
H005582,O11783,3-Proposal,4-Negotiation,2025-10-03 00:00:00,U223
H005583,O11783,4-Negotiation,5-Closed Won,2025-10-20 00:00:00,U223
H005584,O11784,,2-Qualified,2025-05-28 00:00:00,U220
H005585,O11784,2-Qualified,3-Proposal,2025-07-20 00:00:00,U220
H005586,O11784,3-Proposal,4-Negotiation,2025-08-30 00:00:00,U220
H005587,O11784,4-Negotiation,6-Closed Lost,2025-09-18 00:00:00,U220
H005588,O11785,,2-Qualified,2024-06-08 00:00:00,U222
H005589,O11785,2-Qualified,3-Proposal,2024-07-03 00:00:00,U222
H005590,O11785,3-Proposal,6-Closed Lost,2024-08-05 00:00:00,U222
H005591,O11786,,2-Qualified,2024-08-15 00:00:00,U210
H005592,O11786,2-Qualified,6-Closed Lost,2024-10-29 00:00:00,U210
H005593,O11788,,2-Qualified,2025-06-13 00:00:00,U217
H005594,O11788,2-Qualified,3-Proposal,2025-06-15 00:00:00,U217
H005595,O11788,3-Proposal,6-Closed Lost,2025-06-18 00:00:00,U217
H005596,O11789,,2-Qualified,2024-03-05 00:00:00,U203
H005597,O11789,2-Qualified,3-Proposal,2024-03-10 00:00:00,U203
H005598,O11789,3-Proposal,4-Negotiation,2024-03-14 00:00:00,U203
H005599,O11789,4-Negotiation,5-Closed Won,2024-03-21 00:00:00,U203
H005600,O11790,,2-Qualified,2025-10-23 00:00:00,U209
H005601,O11790,2-Qualified,3-Proposal,2025-10-26 00:00:00,U209
H005602,O11790,3-Proposal,6-Closed Lost,2025-10-28 00:00:00,U209
H005603,O11792,,2-Qualified,2026-04-04 00:00:00,U206
H005604,O11792,2-Qualified,6-Closed Lost,2026-04-26 00:00:00,U206
H005605,O11793,,2-Qualified,2026-11-17 00:00:00,U203
H005606,O11794,,2-Qualified,2024-04-09 00:00:00,U219
H005607,O11794,2-Qualified,3-Proposal,2024-04-27 00:00:00,U219
H005608,O11794,3-Proposal,4-Negotiation,2024-05-23 00:00:00,U219
H005609,O11794,4-Negotiation,6-Closed Lost,2024-06-27 00:00:00,U219
H005610,O11795,,2-Qualified,2025-01-11 00:00:00,U223
H005611,O11795,2-Qualified,3-Proposal,2025-01-22 00:00:00,U223
H005612,O11795,3-Proposal,4-Negotiation,2025-01-28 00:00:00,U223
H005613,O11795,4-Negotiation,5-Closed Won,2025-02-03 00:00:00,U223
H005614,O11796,,2-Qualified,2025-08-22 00:00:00,U205
H005615,O11796,2-Qualified,3-Proposal,2025-09-27 00:00:00,U205
H005616,O11796,3-Proposal,4-Negotiation,2025-10-30 00:00:00,U205
H005617,O11796,4-Negotiation,6-Closed Lost,2025-12-12 00:00:00,U205
H005618,O11797,,2-Qualified,2025-12-04 00:00:00,U210
H005619,O11797,2-Qualified,3-Proposal,2026-01-05 00:00:00,U210
H005620,O11797,3-Proposal,4-Negotiation,2026-01-27 00:00:00,U210
H005621,O11797,4-Negotiation,5-Closed Won,2026-02-16 00:00:00,U210
H005622,O11798,,2-Qualified,2025-02-01 00:00:00,U211
H005623,O11798,2-Qualified,3-Proposal,2025-04-11 00:00:00,U211
H005624,O11798,3-Proposal,6-Closed Lost,2025-05-06 00:00:00,U211
H005625,O11799,,2-Qualified,2024-11-06 00:00:00,U213
H005626,O11799,2-Qualified,6-Closed Lost,2025-01-13 00:00:00,U213
H005627,O11800,,2-Qualified,2024-02-19 00:00:00,U219
H005628,O11800,2-Qualified,6-Closed Lost,2024-02-24 00:00:00,U219
H005629,O11801,,2-Qualified,2026-08-07 00:00:00,U207
H005630,O11802,,2-Qualified,2025-02-08 00:00:00,U211
H005631,O11802,2-Qualified,6-Closed Lost,2025-02-12 00:00:00,U211
H005632,O11803,,2-Qualified,2025-05-13 00:00:00,U203
H005633,O11803,2-Qualified,6-Closed Lost,2025-08-10 00:00:00,U203
H005634,O11804,,2-Qualified,2024-07-16 00:00:00,U218
H005635,O11804,2-Qualified,3-Proposal,2024-09-27 00:00:00,U218
H005636,O11804,3-Proposal,4-Negotiation,2024-11-29 00:00:00,U218
H005637,O11804,4-Negotiation,5-Closed Won,2024-12-19 00:00:00,U218
H005638,O11805,,2-Qualified,2024-10-03 00:00:00,U218
H005639,O11805,2-Qualified,6-Closed Lost,2025-02-04 00:00:00,U218
H005640,O11806,,2-Qualified,2024-08-07 00:00:00,U200
H005641,O11806,2-Qualified,3-Proposal,2024-08-19 00:00:00,U200
H005642,O11806,3-Proposal,4-Negotiation,2024-08-29 00:00:00,U200
H005643,O11806,4-Negotiation,5-Closed Won,2024-09-16 00:00:00,U200
H005644,O11807,,2-Qualified,2025-09-04 00:00:00,U208
H005645,O11807,2-Qualified,6-Closed Lost,2025-10-09 00:00:00,U208
H005646,O11808,,2-Qualified,2025-01-05 00:00:00,U220
H005647,O11808,2-Qualified,3-Proposal,2025-01-15 00:00:00,U220
H005648,O11808,3-Proposal,4-Negotiation,2025-01-24 00:00:00,U220
H005649,O11808,4-Negotiation,5-Closed Won,2025-01-29 00:00:00,U220
H005650,O11809,,2-Qualified,2025-02-01 00:00:00,U203
H005651,O11809,2-Qualified,3-Proposal,2025-02-23 00:00:00,U203
H005652,O11809,3-Proposal,4-Negotiation,2025-03-24 00:00:00,U203
H005653,O11809,4-Negotiation,5-Closed Won,2025-04-09 00:00:00,U203
H005654,O11811,,2-Qualified,2026-01-09 00:00:00,U215
H005655,O11811,2-Qualified,3-Proposal,2026-01-31 00:00:00,U215
H005656,O11811,3-Proposal,4-Negotiation,2026-03-09 00:00:00,U215
H005657,O11811,4-Negotiation,5-Closed Won,2026-03-31 00:00:00,U215
H005658,O11813,,2-Qualified,2024-02-14 00:00:00,U220
H005659,O11813,2-Qualified,3-Proposal,2024-02-16 00:00:00,U220
H005660,O11813,3-Proposal,4-Negotiation,2024-02-18 00:00:00,U220
H005661,O11813,4-Negotiation,5-Closed Won,2024-02-20 00:00:00,U220
H005662,O11814,,2-Qualified,2026-03-13 00:00:00,U215
H005663,O11814,2-Qualified,3-Proposal,2026-04-14 00:00:00,U215
H005664,O11814,3-Proposal,4-Negotiation,2026-05-24 00:00:00,U215
H005665,O11814,4-Negotiation,5-Closed Won,2026-06-07 00:00:00,U215
H005666,O11815,,2-Qualified,2025-10-09 00:00:00,U212
H005667,O11815,2-Qualified,3-Proposal,2025-11-08 00:00:00,U212
H005668,O11815,3-Proposal,4-Negotiation,2025-12-08 00:00:00,U212
H005669,O11815,4-Negotiation,5-Closed Won,2025-12-24 00:00:00,U212
H005670,O11816,,2-Qualified,2024-05-08 00:00:00,U215
H005671,O11816,2-Qualified,3-Proposal,2024-05-19 00:00:00,U215
H005672,O11816,3-Proposal,4-Negotiation,2024-05-31 00:00:00,U215
H005673,O11816,4-Negotiation,5-Closed Won,2024-06-05 00:00:00,U215
H005674,O11817,,2-Qualified,2024-03-15 00:00:00,U202
H005675,O11817,2-Qualified,3-Proposal,2024-03-25 00:00:00,U202
H005676,O11817,3-Proposal,4-Negotiation,2024-04-05 00:00:00,U202
H005677,O11817,4-Negotiation,5-Closed Won,2024-04-13 00:00:00,U202
H005678,O11818,,2-Qualified,2024-05-05 00:00:00,U222
H005679,O11818,2-Qualified,3-Proposal,2024-06-05 00:00:00,U222
H005680,O11818,3-Proposal,4-Negotiation,2024-06-19 00:00:00,U222
H005681,O11818,4-Negotiation,5-Closed Won,2024-07-04 00:00:00,U222
H005682,O11819,,2-Qualified,2024-10-21 00:00:00,U215
H005683,O11819,2-Qualified,3-Proposal,2024-10-29 00:00:00,U215
H005684,O11819,3-Proposal,4-Negotiation,2024-11-12 00:00:00,U215
H005685,O11819,4-Negotiation,5-Closed Won,2024-11-21 00:00:00,U215
H005686,O11820,,2-Qualified,2025-08-03 00:00:00,U206
H005687,O11820,2-Qualified,3-Proposal,2025-09-04 00:00:00,U206
H005688,O11820,3-Proposal,6-Closed Lost,2025-10-03 00:00:00,U206
H005689,O11821,,2-Qualified,2025-10-12 00:00:00,U220
H005690,O11821,2-Qualified,3-Proposal,2025-10-15 00:00:00,U220
H005691,O11821,3-Proposal,4-Negotiation,2025-10-18 00:00:00,U220
H005692,O11821,4-Negotiation,6-Closed Lost,2025-10-19 00:00:00,U220
H005693,O11822,,2-Qualified,2025-06-17 00:00:00,U208
H005694,O11822,2-Qualified,3-Proposal,2025-07-04 00:00:00,U208
H005695,O11822,3-Proposal,4-Negotiation,2025-07-13 00:00:00,U208
H005696,O11822,4-Negotiation,6-Closed Lost,2025-07-25 00:00:00,U208
H005697,O11823,,2-Qualified,2024-07-16 00:00:00,U210
H005698,O11823,2-Qualified,6-Closed Lost,2024-08-02 00:00:00,U210
H005699,O11824,,2-Qualified,2024-06-13 00:00:00,U207
H005700,O11824,2-Qualified,3-Proposal,2024-06-14 00:00:00,U207
H005701,O11824,3-Proposal,4-Negotiation,2024-06-15 00:00:00,U207
H005702,O11824,4-Negotiation,5-Closed Won,2024-06-16 00:00:00,U207
H005703,O11825,,2-Qualified,2026-04-27 00:00:00,U219
H005704,O11825,2-Qualified,3-Proposal,2026-05-14 00:00:00,U219
H005705,O11825,3-Proposal,4-Negotiation,2026-05-30 00:00:00,U219
H005706,O11825,4-Negotiation,5-Closed Won,2026-06-10 00:00:00,U219
H005707,O11826,,2-Qualified,2025-06-28 00:00:00,U207
H005708,O11826,2-Qualified,3-Proposal,2025-07-12 00:00:00,U207
H005709,O11826,3-Proposal,4-Negotiation,2025-07-24 00:00:00,U207
H005710,O11826,4-Negotiation,5-Closed Won,2025-08-02 00:00:00,U207
H005711,O11827,,2-Qualified,2025-11-23 00:00:00,U205
H005712,O11827,2-Qualified,3-Proposal,2025-11-28 00:00:00,U205
H005713,O11827,3-Proposal,4-Negotiation,2025-12-01 00:00:00,U205
H005714,O11827,4-Negotiation,5-Closed Won,2025-12-03 00:00:00,U205
H005715,O11828,,2-Qualified,2025-03-07 00:00:00,U214
H005716,O11828,2-Qualified,3-Proposal,2025-03-19 00:00:00,U214
H005717,O11828,3-Proposal,4-Negotiation,2025-04-05 00:00:00,U214
H005718,O11828,4-Negotiation,6-Closed Lost,2025-04-25 00:00:00,U214
H005719,O11829,,2-Qualified,2025-06-29 00:00:00,U205
H005720,O11829,2-Qualified,6-Closed Lost,2025-08-18 00:00:00,U205
H005721,O11830,,2-Qualified,2024-09-30 00:00:00,U205
H005722,O11830,2-Qualified,6-Closed Lost,2024-12-20 00:00:00,U205
H005723,O11831,,2-Qualified,2025-03-26 00:00:00,U210
H005724,O11831,2-Qualified,3-Proposal,2025-04-15 00:00:00,U210
H005725,O11831,3-Proposal,4-Negotiation,2025-04-29 00:00:00,U210
H005726,O11831,4-Negotiation,6-Closed Lost,2025-05-16 00:00:00,U210
H005727,O11832,,2-Qualified,2025-04-13 00:00:00,U213
H005728,O11832,2-Qualified,3-Proposal,2025-05-27 00:00:00,U213
H005729,O11832,3-Proposal,4-Negotiation,2025-07-10 00:00:00,U213
H005730,O11832,4-Negotiation,5-Closed Won,2025-07-31 00:00:00,U213
H005731,O11833,,2-Qualified,2025-12-02 00:00:00,U206
H005732,O11833,2-Qualified,3-Proposal,2026-01-15 00:00:00,U206
H005733,O11833,3-Proposal,6-Closed Lost,2026-02-21 00:00:00,U206
H005734,O11835,,2-Qualified,2026-06-09 00:00:00,U214
H005735,O11836,,2-Qualified,2026-03-20 00:00:00,U206
H005736,O11836,2-Qualified,3-Proposal,2026-04-05 00:00:00,U206
H005737,O11836,3-Proposal,4-Negotiation,2026-04-17 00:00:00,U206
H005738,O11836,4-Negotiation,5-Closed Won,2026-04-29 00:00:00,U206
H005739,O11837,,2-Qualified,2024-02-07 00:00:00,U203
H005740,O11837,2-Qualified,3-Proposal,2024-02-18 00:00:00,U203
H005741,O11837,3-Proposal,4-Negotiation,2024-02-28 00:00:00,U203
H005742,O11837,4-Negotiation,5-Closed Won,2024-03-06 00:00:00,U203
H005743,O11838,,2-Qualified,2026-01-15 00:00:00,U215
H005744,O11838,2-Qualified,3-Proposal,2026-02-20 00:00:00,U215
H005745,O11838,3-Proposal,4-Negotiation,2026-03-17 00:00:00,U215
H005746,O11838,4-Negotiation,5-Closed Won,2026-04-04 00:00:00,U215
H005747,O11839,,2-Qualified,2025-11-01 00:00:00,U204
H005748,O11839,2-Qualified,3-Proposal,2025-11-30 00:00:00,U204
H005749,O11839,3-Proposal,4-Negotiation,2025-12-23 00:00:00,U204
H005750,O11839,4-Negotiation,5-Closed Won,2026-01-08 00:00:00,U204
H005751,O11841,,2-Qualified,2026-03-31 00:00:00,U201
H005752,O11841,2-Qualified,3-Proposal,2026-04-08 00:00:00,U201
H005753,O11841,3-Proposal,4-Negotiation,2026-04-21 00:00:00,U201
H005754,O11841,4-Negotiation,6-Closed Lost,2026-04-29 00:00:00,U201
H005755,O11842,,2-Qualified,2024-07-25 00:00:00,U220
H005756,O11842,2-Qualified,3-Proposal,2024-08-20 00:00:00,U220
H005757,O11842,3-Proposal,4-Negotiation,2024-10-03 00:00:00,U220
H005758,O11842,4-Negotiation,6-Closed Lost,2024-11-01 00:00:00,U220
H005759,O11843,,2-Qualified,2026-07-21 00:00:00,U207
H005760,O11843,2-Qualified,3-Proposal,2026-09-10 00:00:00,U207
H005761,O11844,,2-Qualified,2024-03-30 00:00:00,U208
H005762,O11844,2-Qualified,3-Proposal,2024-05-26 00:00:00,U208
H005763,O11844,3-Proposal,4-Negotiation,2024-06-26 00:00:00,U208
H005764,O11844,4-Negotiation,6-Closed Lost,2024-08-07 00:00:00,U208
H005765,O11845,,2-Qualified,2024-04-30 00:00:00,U217
H005766,O11845,2-Qualified,3-Proposal,2024-06-02 00:00:00,U217
H005767,O11845,3-Proposal,6-Closed Lost,2024-06-28 00:00:00,U217
H005768,O11846,,2-Qualified,2025-11-10 00:00:00,U210
H005769,O11846,2-Qualified,3-Proposal,2025-11-18 00:00:00,U210
H005770,O11846,3-Proposal,4-Negotiation,2025-11-28 00:00:00,U210
H005771,O11846,4-Negotiation,6-Closed Lost,2025-12-06 00:00:00,U210
H005772,O11847,,2-Qualified,2025-06-09 00:00:00,U201
H005773,O11847,2-Qualified,3-Proposal,2025-07-02 00:00:00,U201
H005774,O11847,3-Proposal,4-Negotiation,2025-07-16 00:00:00,U201
H005775,O11847,4-Negotiation,6-Closed Lost,2025-08-07 00:00:00,U201
H005776,O11848,,2-Qualified,2024-09-15 00:00:00,U219
H005777,O11848,2-Qualified,3-Proposal,2024-09-18 00:00:00,U219
H005778,O11848,3-Proposal,4-Negotiation,2024-09-20 00:00:00,U219
H005779,O11848,4-Negotiation,5-Closed Won,2024-09-21 00:00:00,U219
H005780,O11849,,2-Qualified,2025-07-07 00:00:00,U203
H005781,O11849,2-Qualified,3-Proposal,2025-07-28 00:00:00,U203
H005782,O11849,3-Proposal,4-Negotiation,2025-08-21 00:00:00,U203
H005783,O11849,4-Negotiation,5-Closed Won,2025-09-07 00:00:00,U203
H005784,O11850,,2-Qualified,2025-10-05 00:00:00,U208
H005785,O11850,2-Qualified,3-Proposal,2025-11-06 00:00:00,U208
H005786,O11850,3-Proposal,6-Closed Lost,2025-11-22 00:00:00,U208
H005787,O11852,,2-Qualified,2025-12-04 00:00:00,U207
H005788,O11852,2-Qualified,3-Proposal,2025-12-16 00:00:00,U207
H005789,O11852,3-Proposal,4-Negotiation,2025-12-27 00:00:00,U207
H005790,O11852,4-Negotiation,5-Closed Won,2026-01-04 00:00:00,U207
H005791,O11853,,2-Qualified,2025-12-19 00:00:00,U211
H005792,O11853,2-Qualified,3-Proposal,2026-02-05 00:00:00,U211
H005793,O11853,3-Proposal,4-Negotiation,2026-03-06 00:00:00,U211
H005794,O11853,4-Negotiation,5-Closed Won,2026-04-07 00:00:00,U211
H005795,O11854,,2-Qualified,2025-04-27 00:00:00,U201
H005796,O11854,2-Qualified,3-Proposal,2025-05-01 00:00:00,U201
H005797,O11854,3-Proposal,4-Negotiation,2025-05-04 00:00:00,U201
H005798,O11854,4-Negotiation,5-Closed Won,2025-05-07 00:00:00,U201
H005799,O11855,,2-Qualified,2025-08-31 00:00:00,U206
H005800,O11855,2-Qualified,3-Proposal,2025-09-02 00:00:00,U206
H005801,O11855,3-Proposal,4-Negotiation,2025-09-04 00:00:00,U206
H005802,O11855,4-Negotiation,5-Closed Won,2025-09-06 00:00:00,U206
H005803,O11857,,2-Qualified,2025-05-20 00:00:00,U219
H005804,O11857,2-Qualified,3-Proposal,2025-06-02 00:00:00,U219
H005805,O11857,3-Proposal,4-Negotiation,2025-06-19 00:00:00,U219
H005806,O11857,4-Negotiation,5-Closed Won,2025-07-03 00:00:00,U219
H005807,O11858,,2-Qualified,2024-06-21 00:00:00,U213
H005808,O11858,2-Qualified,3-Proposal,2024-07-21 00:00:00,U213
H005809,O11858,3-Proposal,4-Negotiation,2024-09-08 00:00:00,U213
H005810,O11858,4-Negotiation,5-Closed Won,2024-10-15 00:00:00,U213
H005811,O11859,,2-Qualified,2024-02-24 00:00:00,U211
H005812,O11859,2-Qualified,3-Proposal,2024-03-20 00:00:00,U211
H005813,O11859,3-Proposal,4-Negotiation,2024-04-04 00:00:00,U211
H005814,O11859,4-Negotiation,5-Closed Won,2024-04-30 00:00:00,U211
H005815,O11860,,2-Qualified,2024-03-20 00:00:00,U205
H005816,O11860,2-Qualified,3-Proposal,2024-04-13 00:00:00,U205
H005817,O11860,3-Proposal,4-Negotiation,2024-05-26 00:00:00,U205
H005818,O11860,4-Negotiation,5-Closed Won,2024-06-18 00:00:00,U205
H005819,O11861,,2-Qualified,2024-05-24 00:00:00,U202
H005820,O11861,2-Qualified,3-Proposal,2024-06-03 00:00:00,U202
H005821,O11861,3-Proposal,4-Negotiation,2024-06-19 00:00:00,U202
H005822,O11861,4-Negotiation,5-Closed Won,2024-07-04 00:00:00,U202
H005823,O11862,,2-Qualified,2024-11-14 00:00:00,U201
H005824,O11862,2-Qualified,3-Proposal,2025-01-02 00:00:00,U201
H005825,O11862,3-Proposal,4-Negotiation,2025-02-14 00:00:00,U201
H005826,O11862,4-Negotiation,5-Closed Won,2025-04-01 00:00:00,U201
H005827,O11864,,2-Qualified,2024-10-09 00:00:00,U217
H005828,O11864,2-Qualified,3-Proposal,2024-10-23 00:00:00,U217
H005829,O11864,3-Proposal,4-Negotiation,2024-11-03 00:00:00,U217
H005830,O11864,4-Negotiation,5-Closed Won,2024-11-12 00:00:00,U217
H005831,O11865,,2-Qualified,2024-11-20 00:00:00,U209
H005832,O11865,2-Qualified,3-Proposal,2024-11-22 00:00:00,U209
H005833,O11865,3-Proposal,4-Negotiation,2024-11-26 00:00:00,U209
H005834,O11865,4-Negotiation,5-Closed Won,2024-11-28 00:00:00,U209
H005835,O11866,,2-Qualified,2026-02-19 00:00:00,U204
H005836,O11866,2-Qualified,6-Closed Lost,2026-03-28 00:00:00,U204
H005837,O11867,,2-Qualified,2026-02-23 00:00:00,U217
H005838,O11867,2-Qualified,6-Closed Lost,2026-03-29 00:00:00,U217
H005839,O11868,,2-Qualified,2026-08-15 00:00:00,U207
H005840,O11869,,2-Qualified,2025-04-21 00:00:00,U217
H005841,O11869,2-Qualified,3-Proposal,2025-05-29 00:00:00,U217
H005842,O11869,3-Proposal,4-Negotiation,2025-07-15 00:00:00,U217
H005843,O11869,4-Negotiation,5-Closed Won,2025-08-15 00:00:00,U217
H005844,O11870,,2-Qualified,2026-01-23 00:00:00,U208
H005845,O11870,2-Qualified,3-Proposal,2026-02-20 00:00:00,U208
H005846,O11870,3-Proposal,4-Negotiation,2026-03-31 00:00:00,U208
H005847,O11870,4-Negotiation,5-Closed Won,2026-04-26 00:00:00,U208
H005848,O11871,,2-Qualified,2024-02-18 00:00:00,U223
H005849,O11871,2-Qualified,3-Proposal,2024-03-04 00:00:00,U223
H005850,O11871,3-Proposal,4-Negotiation,2024-03-22 00:00:00,U223
H005851,O11871,4-Negotiation,5-Closed Won,2024-03-29 00:00:00,U223
H005852,O11872,,2-Qualified,2025-09-02 00:00:00,U217
H005853,O11872,2-Qualified,6-Closed Lost,2025-11-03 00:00:00,U217
H005854,O11873,,2-Qualified,2024-02-19 00:00:00,U200
H005855,O11873,2-Qualified,3-Proposal,2024-02-27 00:00:00,U200
H005856,O11873,3-Proposal,6-Closed Lost,2024-03-10 00:00:00,U200
H005857,O11874,,2-Qualified,2024-12-22 00:00:00,U214
H005858,O11874,2-Qualified,3-Proposal,2025-01-06 00:00:00,U214
H005859,O11874,3-Proposal,4-Negotiation,2025-01-21 00:00:00,U214
H005860,O11874,4-Negotiation,5-Closed Won,2025-02-11 00:00:00,U214
H005861,O11875,,2-Qualified,2026-07-04 00:00:00,U209
H005862,O11875,2-Qualified,3-Proposal,2026-08-19 00:00:00,U209
H005863,O11875,3-Proposal,4-Negotiation,2026-10-15 00:00:00,U209
H005864,O11877,,2-Qualified,2025-01-24 00:00:00,U219
H005865,O11877,2-Qualified,3-Proposal,2025-02-03 00:00:00,U219
H005866,O11877,3-Proposal,4-Negotiation,2025-02-11 00:00:00,U219
H005867,O11877,4-Negotiation,5-Closed Won,2025-02-18 00:00:00,U219
H005868,O11878,,2-Qualified,2026-02-21 00:00:00,U220
H005869,O11878,2-Qualified,3-Proposal,2026-03-22 00:00:00,U220
H005870,O11878,3-Proposal,4-Negotiation,2026-04-08 00:00:00,U220
H005871,O11878,4-Negotiation,5-Closed Won,2026-04-27 00:00:00,U220
H005872,O11879,,2-Qualified,2025-12-21 00:00:00,U201
H005873,O11879,2-Qualified,3-Proposal,2026-01-09 00:00:00,U201
H005874,O11879,3-Proposal,4-Negotiation,2026-01-22 00:00:00,U201
H005875,O11879,4-Negotiation,5-Closed Won,2026-02-14 00:00:00,U201
H005876,O11880,,2-Qualified,2025-09-20 00:00:00,U213
H005877,O11880,2-Qualified,3-Proposal,2025-11-04 00:00:00,U213
H005878,O11880,3-Proposal,6-Closed Lost,2025-11-29 00:00:00,U213
H005879,O11881,,2-Qualified,2026-06-04 00:00:00,U206
H005880,O11881,2-Qualified,3-Proposal,2026-06-13 00:00:00,U206
H005881,O11881,3-Proposal,4-Negotiation,2026-06-19 00:00:00,U206
H005882,O11881,4-Negotiation,5-Closed Won,2026-06-27 00:00:00,U206
H005883,O11882,,2-Qualified,2025-02-16 00:00:00,U210
H005884,O11882,2-Qualified,6-Closed Lost,2025-03-05 00:00:00,U210
H005885,O11883,,2-Qualified,2024-12-17 00:00:00,U210
H005886,O11883,2-Qualified,3-Proposal,2024-12-31 00:00:00,U210
H005887,O11883,3-Proposal,4-Negotiation,2025-01-11 00:00:00,U210
H005888,O11883,4-Negotiation,5-Closed Won,2025-01-18 00:00:00,U210
H005889,O11884,,2-Qualified,2026-05-04 00:00:00,U213
H005890,O11884,2-Qualified,3-Proposal,2026-05-09 00:00:00,U213
H005891,O11884,3-Proposal,4-Negotiation,2026-05-13 00:00:00,U213
H005892,O11884,4-Negotiation,6-Closed Lost,2026-05-18 00:00:00,U213
H005893,O11885,,2-Qualified,2025-07-04 00:00:00,U202
H005894,O11885,2-Qualified,3-Proposal,2025-08-04 00:00:00,U202
H005895,O11885,3-Proposal,6-Closed Lost,2025-08-21 00:00:00,U202
H005896,O11886,,2-Qualified,2025-09-25 00:00:00,U208
H005897,O11886,2-Qualified,6-Closed Lost,2025-10-26 00:00:00,U208
H005898,O11887,,2-Qualified,2026-01-26 00:00:00,U202
H005899,O11887,2-Qualified,3-Proposal,2026-01-29 00:00:00,U202
H005900,O11887,3-Proposal,4-Negotiation,2026-02-01 00:00:00,U202
H005901,O11887,4-Negotiation,5-Closed Won,2026-02-02 00:00:00,U202
H005902,O11888,,2-Qualified,2024-05-11 00:00:00,U220
H005903,O11888,2-Qualified,3-Proposal,2024-05-31 00:00:00,U220
H005904,O11888,3-Proposal,4-Negotiation,2024-06-19 00:00:00,U220
H005905,O11888,4-Negotiation,5-Closed Won,2024-07-06 00:00:00,U220
H005906,O11889,,2-Qualified,2025-04-02 00:00:00,U209
H005907,O11889,2-Qualified,3-Proposal,2025-05-04 00:00:00,U209
H005908,O11889,3-Proposal,4-Negotiation,2025-07-04 00:00:00,U209
H005909,O11889,4-Negotiation,5-Closed Won,2025-08-12 00:00:00,U209
H005910,O11890,,2-Qualified,2024-08-20 00:00:00,U204
H005911,O11890,2-Qualified,3-Proposal,2024-09-10 00:00:00,U204
H005912,O11890,3-Proposal,6-Closed Lost,2024-09-19 00:00:00,U204
H005913,O11892,,2-Qualified,2026-03-06 00:00:00,U214
H005914,O11892,2-Qualified,3-Proposal,2026-04-03 00:00:00,U214
H005915,O11892,3-Proposal,4-Negotiation,2026-04-24 00:00:00,U214
H005916,O11892,4-Negotiation,6-Closed Lost,2026-05-13 00:00:00,U214
H005917,O11893,,2-Qualified,2024-08-30 00:00:00,U214
H005918,O11893,2-Qualified,3-Proposal,2024-10-13 00:00:00,U214
H005919,O11893,3-Proposal,4-Negotiation,2024-11-16 00:00:00,U214
H005920,O11893,4-Negotiation,5-Closed Won,2024-12-24 00:00:00,U214
H005921,O11894,,2-Qualified,2026-04-20 00:00:00,U207
H005922,O11894,2-Qualified,3-Proposal,2026-05-17 00:00:00,U207
H005923,O11894,3-Proposal,4-Negotiation,2026-06-30 00:00:00,U207
H005924,O11895,,2-Qualified,2024-08-31 00:00:00,U215
H005925,O11895,2-Qualified,3-Proposal,2024-10-02 00:00:00,U215
H005926,O11895,3-Proposal,4-Negotiation,2024-10-29 00:00:00,U215
H005927,O11895,4-Negotiation,5-Closed Won,2024-11-27 00:00:00,U215
H005928,O11896,,2-Qualified,2026-02-28 00:00:00,U219
H005929,O11896,2-Qualified,3-Proposal,2026-03-20 00:00:00,U219
H005930,O11896,3-Proposal,4-Negotiation,2026-03-31 00:00:00,U219
H005931,O11896,4-Negotiation,6-Closed Lost,2026-04-16 00:00:00,U219
H005932,O11897,,2-Qualified,2026-03-22 00:00:00,U216
H005933,O11897,2-Qualified,6-Closed Lost,2026-04-11 00:00:00,U216
H005934,O11898,,2-Qualified,2025-06-03 00:00:00,U203
H005935,O11898,2-Qualified,3-Proposal,2025-06-11 00:00:00,U203
H005936,O11898,3-Proposal,6-Closed Lost,2025-06-19 00:00:00,U203
H005937,O11899,,2-Qualified,2024-06-17 00:00:00,U222
H005938,O11899,2-Qualified,3-Proposal,2024-06-27 00:00:00,U222
H005939,O11899,3-Proposal,4-Negotiation,2024-07-06 00:00:00,U222
H005940,O11899,4-Negotiation,5-Closed Won,2024-07-15 00:00:00,U222
H005941,O11901,,2-Qualified,2024-05-30 00:00:00,U220
H005942,O11901,2-Qualified,3-Proposal,2024-06-16 00:00:00,U220
H005943,O11901,3-Proposal,4-Negotiation,2024-06-29 00:00:00,U220
H005944,O11901,4-Negotiation,5-Closed Won,2024-07-10 00:00:00,U220
H005945,O11902,,2-Qualified,2024-05-03 00:00:00,U201
H005946,O11902,2-Qualified,3-Proposal,2024-06-06 00:00:00,U201
H005947,O11902,3-Proposal,4-Negotiation,2024-06-28 00:00:00,U201
H005948,O11902,4-Negotiation,5-Closed Won,2024-07-15 00:00:00,U201
H005949,O11903,,2-Qualified,2025-04-22 00:00:00,U219
H005950,O11903,2-Qualified,3-Proposal,2025-05-25 00:00:00,U219
H005951,O11903,3-Proposal,6-Closed Lost,2025-07-18 00:00:00,U219
H005952,O11904,,2-Qualified,2025-02-19 00:00:00,U209
H005953,O11904,2-Qualified,3-Proposal,2025-03-04 00:00:00,U209
H005954,O11904,3-Proposal,4-Negotiation,2025-03-17 00:00:00,U209
H005955,O11904,4-Negotiation,5-Closed Won,2025-03-29 00:00:00,U209
H005956,O11905,,2-Qualified,2024-11-03 00:00:00,U207
H005957,O11905,2-Qualified,6-Closed Lost,2024-12-08 00:00:00,U207
H005958,O11907,,2-Qualified,2025-01-24 00:00:00,U208
H005959,O11907,2-Qualified,3-Proposal,2025-02-01 00:00:00,U208
H005960,O11907,3-Proposal,4-Negotiation,2025-02-15 00:00:00,U208
H005961,O11907,4-Negotiation,5-Closed Won,2025-02-24 00:00:00,U208
H005962,O11908,,2-Qualified,2025-11-06 00:00:00,U201
H005963,O11908,2-Qualified,3-Proposal,2025-11-27 00:00:00,U201
H005964,O11908,3-Proposal,6-Closed Lost,2025-12-22 00:00:00,U201
H005965,O11909,,2-Qualified,2026-01-28 00:00:00,U219
H005966,O11909,2-Qualified,3-Proposal,2026-02-22 00:00:00,U219
H005967,O11909,3-Proposal,6-Closed Lost,2026-03-10 00:00:00,U219
H005968,O11910,,2-Qualified,2024-05-11 00:00:00,U201
H005969,O11910,2-Qualified,3-Proposal,2024-05-23 00:00:00,U201
H005970,O11910,3-Proposal,4-Negotiation,2024-05-30 00:00:00,U201
H005971,O11910,4-Negotiation,5-Closed Won,2024-06-15 00:00:00,U201
H005972,O11911,,2-Qualified,2024-09-24 00:00:00,U206
H005973,O11911,2-Qualified,3-Proposal,2024-10-06 00:00:00,U206
H005974,O11911,3-Proposal,4-Negotiation,2024-10-14 00:00:00,U206
H005975,O11911,4-Negotiation,6-Closed Lost,2024-10-20 00:00:00,U206
H005976,O11912,,2-Qualified,2025-10-11 00:00:00,U205
H005977,O11912,2-Qualified,6-Closed Lost,2025-11-02 00:00:00,U205
H005978,O11913,,2-Qualified,2025-06-07 00:00:00,U216
H005979,O11913,2-Qualified,6-Closed Lost,2025-08-02 00:00:00,U216
H005980,O11914,,2-Qualified,2024-04-06 00:00:00,U201
H005981,O11914,2-Qualified,3-Proposal,2024-05-02 00:00:00,U201
H005982,O11914,3-Proposal,4-Negotiation,2024-06-14 00:00:00,U201
H005983,O11914,4-Negotiation,6-Closed Lost,2024-07-20 00:00:00,U201
H005984,O11916,,2-Qualified,2025-08-08 00:00:00,U210
H005985,O11916,2-Qualified,6-Closed Lost,2025-08-14 00:00:00,U210
H005986,O11917,,2-Qualified,2024-03-04 00:00:00,U210
H005987,O11917,2-Qualified,3-Proposal,2024-03-20 00:00:00,U210
H005988,O11917,3-Proposal,6-Closed Lost,2024-04-12 00:00:00,U210
H005989,O11918,,2-Qualified,2026-04-20 00:00:00,U212
H005990,O11918,2-Qualified,3-Proposal,2026-06-08 00:00:00,U212
H005991,O11918,3-Proposal,4-Negotiation,2026-07-21 00:00:00,U212
H005992,O11919,,2-Qualified,2025-09-22 00:00:00,U217
H005993,O11919,2-Qualified,3-Proposal,2025-10-08 00:00:00,U217
H005994,O11919,3-Proposal,6-Closed Lost,2025-10-23 00:00:00,U217
H005995,O11921,,2-Qualified,2024-10-08 00:00:00,U200
H005996,O11921,2-Qualified,3-Proposal,2024-12-03 00:00:00,U200
H005997,O11921,3-Proposal,4-Negotiation,2025-02-09 00:00:00,U200
H005998,O11921,4-Negotiation,6-Closed Lost,2025-04-12 00:00:00,U200
H005999,O11922,,2-Qualified,2026-05-21 00:00:00,U203
H006000,O11922,2-Qualified,3-Proposal,2026-05-28 00:00:00,U203
H006001,O11922,3-Proposal,4-Negotiation,2026-06-06 00:00:00,U203
H006002,O11922,4-Negotiation,5-Closed Won,2026-06-12 00:00:00,U203
H006003,O11923,,2-Qualified,2025-06-09 00:00:00,U211
H006004,O11923,2-Qualified,3-Proposal,2025-07-08 00:00:00,U211
H006005,O11923,3-Proposal,4-Negotiation,2025-07-27 00:00:00,U211
H006006,O11923,4-Negotiation,6-Closed Lost,2025-08-30 00:00:00,U211
H006007,O11924,,2-Qualified,2024-07-13 00:00:00,U214
H006008,O11924,2-Qualified,3-Proposal,2024-07-23 00:00:00,U214
H006009,O11924,3-Proposal,4-Negotiation,2024-07-31 00:00:00,U214
H006010,O11924,4-Negotiation,5-Closed Won,2024-08-06 00:00:00,U214
H006011,O11925,,2-Qualified,2024-12-21 00:00:00,U214
H006012,O11925,2-Qualified,6-Closed Lost,2025-01-09 00:00:00,U214
H006013,O11926,,2-Qualified,2024-10-06 00:00:00,U201
H006014,O11926,2-Qualified,3-Proposal,2024-10-31 00:00:00,U201
H006015,O11926,3-Proposal,4-Negotiation,2024-11-30 00:00:00,U201
H006016,O11926,4-Negotiation,6-Closed Lost,2025-01-10 00:00:00,U201
H006017,O11927,,2-Qualified,2025-12-11 00:00:00,U207
H006018,O11927,2-Qualified,3-Proposal,2025-12-29 00:00:00,U207
H006019,O11927,3-Proposal,4-Negotiation,2026-01-12 00:00:00,U207
H006020,O11927,4-Negotiation,5-Closed Won,2026-02-09 00:00:00,U207
H006021,O11928,,2-Qualified,2024-11-12 00:00:00,U203
H006022,O11928,2-Qualified,3-Proposal,2024-12-24 00:00:00,U203
H006023,O11928,3-Proposal,4-Negotiation,2025-02-24 00:00:00,U203
H006024,O11928,4-Negotiation,6-Closed Lost,2025-04-09 00:00:00,U203
H006025,O11929,,2-Qualified,2026-01-09 00:00:00,U202
H006026,O11929,2-Qualified,3-Proposal,2026-01-12 00:00:00,U202
H006027,O11929,3-Proposal,4-Negotiation,2026-01-15 00:00:00,U202
H006028,O11929,4-Negotiation,6-Closed Lost,2026-01-18 00:00:00,U202
H006029,O11930,,2-Qualified,2025-09-16 00:00:00,U223
H006030,O11930,2-Qualified,3-Proposal,2025-10-08 00:00:00,U223
H006031,O11930,3-Proposal,4-Negotiation,2025-10-31 00:00:00,U223
H006032,O11930,4-Negotiation,6-Closed Lost,2025-12-09 00:00:00,U223
H006033,O11931,,2-Qualified,2024-07-11 00:00:00,U215
H006034,O11931,2-Qualified,3-Proposal,2024-08-16 00:00:00,U215
H006035,O11931,3-Proposal,4-Negotiation,2024-09-19 00:00:00,U215
H006036,O11931,4-Negotiation,6-Closed Lost,2024-10-25 00:00:00,U215
H006037,O11933,,2-Qualified,2025-09-15 00:00:00,U206
H006038,O11933,2-Qualified,3-Proposal,2025-10-16 00:00:00,U206
H006039,O11933,3-Proposal,6-Closed Lost,2025-11-23 00:00:00,U206
H006040,O11934,,2-Qualified,2025-05-14 00:00:00,U203
H006041,O11934,2-Qualified,3-Proposal,2025-05-29 00:00:00,U203
H006042,O11934,3-Proposal,4-Negotiation,2025-06-16 00:00:00,U203
H006043,O11934,4-Negotiation,5-Closed Won,2025-06-25 00:00:00,U203
H006044,O11935,,2-Qualified,2024-05-15 00:00:00,U217
H006045,O11935,2-Qualified,3-Proposal,2024-05-24 00:00:00,U217
H006046,O11935,3-Proposal,4-Negotiation,2024-06-10 00:00:00,U217
H006047,O11935,4-Negotiation,5-Closed Won,2024-06-23 00:00:00,U217
H006048,O11936,,2-Qualified,2024-03-06 00:00:00,U202
H006049,O11936,2-Qualified,3-Proposal,2024-03-28 00:00:00,U202
H006050,O11936,3-Proposal,4-Negotiation,2024-04-11 00:00:00,U202
H006051,O11936,4-Negotiation,5-Closed Won,2024-04-28 00:00:00,U202
H006052,O11937,,2-Qualified,2024-03-01 00:00:00,U216
H006053,O11937,2-Qualified,3-Proposal,2024-03-24 00:00:00,U216
H006054,O11937,3-Proposal,4-Negotiation,2024-04-26 00:00:00,U216
H006055,O11937,4-Negotiation,5-Closed Won,2024-05-15 00:00:00,U216
H006056,O11938,,2-Qualified,2025-06-14 00:00:00,U216
H006057,O11938,2-Qualified,3-Proposal,2025-08-17 00:00:00,U216
H006058,O11938,3-Proposal,4-Negotiation,2025-10-11 00:00:00,U216
H006059,O11938,4-Negotiation,5-Closed Won,2025-11-15 00:00:00,U216
H006060,O11939,,2-Qualified,2025-01-30 00:00:00,U214
H006061,O11939,2-Qualified,3-Proposal,2025-03-05 00:00:00,U214
H006062,O11939,3-Proposal,4-Negotiation,2025-04-18 00:00:00,U214
H006063,O11939,4-Negotiation,5-Closed Won,2025-05-15 00:00:00,U214
H006064,O11940,,2-Qualified,2024-08-08 00:00:00,U216
H006065,O11940,2-Qualified,3-Proposal,2024-08-16 00:00:00,U216
H006066,O11940,3-Proposal,4-Negotiation,2024-08-24 00:00:00,U216
H006067,O11940,4-Negotiation,5-Closed Won,2024-08-31 00:00:00,U216
H006068,O11941,,2-Qualified,2024-06-22 00:00:00,U202
H006069,O11941,2-Qualified,3-Proposal,2024-08-09 00:00:00,U202
H006070,O11941,3-Proposal,4-Negotiation,2024-09-10 00:00:00,U202
H006071,O11941,4-Negotiation,5-Closed Won,2024-10-31 00:00:00,U202
H006072,O11942,,2-Qualified,2025-03-10 00:00:00,U213
H006073,O11942,2-Qualified,3-Proposal,2025-03-27 00:00:00,U213
H006074,O11942,3-Proposal,4-Negotiation,2025-04-25 00:00:00,U213
H006075,O11942,4-Negotiation,5-Closed Won,2025-05-23 00:00:00,U213
H006076,O11943,,2-Qualified,2024-03-02 00:00:00,U215
H006077,O11943,2-Qualified,3-Proposal,2024-04-06 00:00:00,U215
H006078,O11943,3-Proposal,4-Negotiation,2024-05-03 00:00:00,U215
H006079,O11943,4-Negotiation,5-Closed Won,2024-06-14 00:00:00,U215
H006080,O11944,,2-Qualified,2026-03-14 00:00:00,U214
H006081,O11944,2-Qualified,3-Proposal,2026-04-18 00:00:00,U214
H006082,O11944,3-Proposal,4-Negotiation,2026-05-05 00:00:00,U214
H006083,O11944,4-Negotiation,5-Closed Won,2026-05-31 00:00:00,U214
H006084,O11945,,2-Qualified,2025-01-27 00:00:00,U215
H006085,O11945,2-Qualified,3-Proposal,2025-02-03 00:00:00,U215
H006086,O11945,3-Proposal,4-Negotiation,2025-02-11 00:00:00,U215
H006087,O11945,4-Negotiation,6-Closed Lost,2025-02-19 00:00:00,U215
H006088,O11946,,2-Qualified,2024-11-04 00:00:00,U207
H006089,O11946,2-Qualified,3-Proposal,2024-12-05 00:00:00,U207
H006090,O11946,3-Proposal,4-Negotiation,2025-01-20 00:00:00,U207
H006091,O11946,4-Negotiation,5-Closed Won,2025-02-12 00:00:00,U207
H006092,O11947,,2-Qualified,2026-07-22 00:00:00,U206
H006093,O11948,,2-Qualified,2024-08-04 00:00:00,U210
H006094,O11948,2-Qualified,6-Closed Lost,2024-08-08 00:00:00,U210
H006095,O11949,,2-Qualified,2024-05-18 00:00:00,U219
H006096,O11949,2-Qualified,3-Proposal,2024-06-07 00:00:00,U219
H006097,O11949,3-Proposal,4-Negotiation,2024-06-23 00:00:00,U219
H006098,O11949,4-Negotiation,5-Closed Won,2024-07-24 00:00:00,U219
H006099,O11950,,2-Qualified,2025-01-15 00:00:00,U213
H006100,O11950,2-Qualified,3-Proposal,2025-01-24 00:00:00,U213
H006101,O11950,3-Proposal,4-Negotiation,2025-02-08 00:00:00,U213
H006102,O11950,4-Negotiation,5-Closed Won,2025-02-18 00:00:00,U213
H006103,O11951,,2-Qualified,2024-08-23 00:00:00,U221
H006104,O11951,2-Qualified,3-Proposal,2024-08-27 00:00:00,U221
H006105,O11951,3-Proposal,4-Negotiation,2024-08-31 00:00:00,U221
H006106,O11951,4-Negotiation,6-Closed Lost,2024-09-05 00:00:00,U221
H006107,O11953,,2-Qualified,2026-08-01 00:00:00,U208
H006108,O11953,2-Qualified,3-Proposal,2026-09-02 00:00:00,U208
H006109,O11954,,2-Qualified,2024-02-13 00:00:00,U220
H006110,O11954,2-Qualified,3-Proposal,2024-02-28 00:00:00,U220
H006111,O11954,3-Proposal,6-Closed Lost,2024-03-19 00:00:00,U220
H006112,O11955,,2-Qualified,2024-05-18 00:00:00,U215
H006113,O11955,2-Qualified,3-Proposal,2024-06-18 00:00:00,U215
H006114,O11955,3-Proposal,4-Negotiation,2024-07-28 00:00:00,U215
H006115,O11955,4-Negotiation,5-Closed Won,2024-08-31 00:00:00,U215
H006116,O11956,,2-Qualified,2025-11-15 00:00:00,U201
H006117,O11956,2-Qualified,3-Proposal,2026-01-06 00:00:00,U201
H006118,O11956,3-Proposal,6-Closed Lost,2026-02-03 00:00:00,U201
H006119,O11957,,2-Qualified,2024-03-10 00:00:00,U201
H006120,O11957,2-Qualified,3-Proposal,2024-04-11 00:00:00,U201
H006121,O11957,3-Proposal,4-Negotiation,2024-05-28 00:00:00,U201
H006122,O11957,4-Negotiation,5-Closed Won,2024-06-30 00:00:00,U201
H006123,O11958,,2-Qualified,2025-06-20 00:00:00,U208
H006124,O11958,2-Qualified,6-Closed Lost,2025-08-16 00:00:00,U208
H006125,O11959,,2-Qualified,2025-05-18 00:00:00,U210
H006126,O11959,2-Qualified,3-Proposal,2025-07-03 00:00:00,U210
H006127,O11959,3-Proposal,6-Closed Lost,2025-07-19 00:00:00,U210
H006128,O11960,,2-Qualified,2025-07-26 00:00:00,U202
H006129,O11960,2-Qualified,3-Proposal,2025-08-11 00:00:00,U202
H006130,O11960,3-Proposal,4-Negotiation,2025-09-08 00:00:00,U202
H006131,O11960,4-Negotiation,5-Closed Won,2025-10-11 00:00:00,U202
H006132,O11961,,2-Qualified,2024-08-20 00:00:00,U205
H006133,O11961,2-Qualified,6-Closed Lost,2024-11-25 00:00:00,U205
H006134,O11962,,2-Qualified,2024-05-29 00:00:00,U214
H006135,O11962,2-Qualified,6-Closed Lost,2024-06-18 00:00:00,U214
H006136,O11963,,2-Qualified,2025-02-25 00:00:00,U207
H006137,O11963,2-Qualified,6-Closed Lost,2025-03-05 00:00:00,U207
H006138,O11964,,2-Qualified,2025-02-11 00:00:00,U214
H006139,O11964,2-Qualified,3-Proposal,2025-02-26 00:00:00,U214
H006140,O11964,3-Proposal,4-Negotiation,2025-03-18 00:00:00,U214
H006141,O11964,4-Negotiation,5-Closed Won,2025-03-25 00:00:00,U214
H006142,O11965,,2-Qualified,2024-08-17 00:00:00,U211
H006143,O11965,2-Qualified,6-Closed Lost,2024-11-28 00:00:00,U211
H006144,O11966,,2-Qualified,2024-07-14 00:00:00,U223
H006145,O11966,2-Qualified,3-Proposal,2024-08-16 00:00:00,U223
H006146,O11966,3-Proposal,4-Negotiation,2024-09-07 00:00:00,U223
H006147,O11966,4-Negotiation,5-Closed Won,2024-10-07 00:00:00,U223
H006148,O11967,,2-Qualified,2024-04-14 00:00:00,U202
H006149,O11967,2-Qualified,3-Proposal,2024-04-22 00:00:00,U202
H006150,O11967,3-Proposal,4-Negotiation,2024-05-02 00:00:00,U202
H006151,O11967,4-Negotiation,5-Closed Won,2024-05-12 00:00:00,U202
H006152,O11968,,2-Qualified,2026-08-16 00:00:00,U209
H006153,O11969,,2-Qualified,2025-04-23 00:00:00,U220
H006154,O11969,2-Qualified,3-Proposal,2025-05-10 00:00:00,U220
H006155,O11969,3-Proposal,4-Negotiation,2025-06-02 00:00:00,U220
H006156,O11969,4-Negotiation,5-Closed Won,2025-06-27 00:00:00,U220
H006157,O11970,,2-Qualified,2026-03-23 00:00:00,U217
H006158,O11970,2-Qualified,3-Proposal,2026-04-25 00:00:00,U217
H006159,O11970,3-Proposal,6-Closed Lost,2026-05-30 00:00:00,U217
H006160,O11971,,2-Qualified,2025-04-05 00:00:00,U202
H006161,O11971,2-Qualified,3-Proposal,2025-04-24 00:00:00,U202
H006162,O11971,3-Proposal,4-Negotiation,2025-05-04 00:00:00,U202
H006163,O11971,4-Negotiation,5-Closed Won,2025-05-15 00:00:00,U202
H006164,O11972,,2-Qualified,2025-12-01 00:00:00,U203
H006165,O11972,2-Qualified,3-Proposal,2025-12-20 00:00:00,U203
H006166,O11972,3-Proposal,4-Negotiation,2026-01-09 00:00:00,U203
H006167,O11972,4-Negotiation,5-Closed Won,2026-02-03 00:00:00,U203
H006168,O11973,,2-Qualified,2025-09-11 00:00:00,U217
H006169,O11973,2-Qualified,3-Proposal,2025-10-05 00:00:00,U217
H006170,O11973,3-Proposal,4-Negotiation,2025-10-24 00:00:00,U217
H006171,O11973,4-Negotiation,6-Closed Lost,2025-11-15 00:00:00,U217
H006172,O11974,,2-Qualified,2025-07-06 00:00:00,U222
H006173,O11974,2-Qualified,3-Proposal,2025-07-31 00:00:00,U222
H006174,O11974,3-Proposal,4-Negotiation,2025-08-18 00:00:00,U222
H006175,O11974,4-Negotiation,5-Closed Won,2025-08-30 00:00:00,U222
H006176,O11975,,2-Qualified,2024-10-20 00:00:00,U214
H006177,O11975,2-Qualified,3-Proposal,2024-11-05 00:00:00,U214
H006178,O11975,3-Proposal,4-Negotiation,2024-11-24 00:00:00,U214
H006179,O11975,4-Negotiation,5-Closed Won,2024-12-08 00:00:00,U214
H006180,O11976,,2-Qualified,2025-07-02 00:00:00,U207
H006181,O11976,2-Qualified,3-Proposal,2025-07-21 00:00:00,U207
H006182,O11976,3-Proposal,4-Negotiation,2025-08-12 00:00:00,U207
H006183,O11976,4-Negotiation,5-Closed Won,2025-09-15 00:00:00,U207
H006184,O11977,,2-Qualified,2025-10-27 00:00:00,U218
H006185,O11977,2-Qualified,3-Proposal,2025-11-15 00:00:00,U218
H006186,O11977,3-Proposal,6-Closed Lost,2025-12-01 00:00:00,U218
H006187,O11978,,2-Qualified,2025-07-31 00:00:00,U217
H006188,O11978,2-Qualified,3-Proposal,2025-09-25 00:00:00,U217
H006189,O11978,3-Proposal,6-Closed Lost,2025-11-21 00:00:00,U217
H006190,O11979,,2-Qualified,2024-09-02 00:00:00,U203
H006191,O11979,2-Qualified,3-Proposal,2024-09-12 00:00:00,U203
H006192,O11979,3-Proposal,4-Negotiation,2024-09-30 00:00:00,U203
H006193,O11979,4-Negotiation,6-Closed Lost,2024-10-19 00:00:00,U203
H006194,O11980,,2-Qualified,2026-07-26 00:00:00,U202
H006195,O11981,,2-Qualified,2025-07-24 00:00:00,U223
H006196,O11981,2-Qualified,3-Proposal,2025-07-28 00:00:00,U223
H006197,O11981,3-Proposal,4-Negotiation,2025-07-31 00:00:00,U223
H006198,O11981,4-Negotiation,6-Closed Lost,2025-08-04 00:00:00,U223
H006199,O11982,,2-Qualified,2026-05-15 00:00:00,U201
H006200,O11982,2-Qualified,3-Proposal,2026-07-18 00:00:00,U201
H006201,O11983,,2-Qualified,2026-02-04 00:00:00,U211
H006202,O11983,2-Qualified,3-Proposal,2026-02-11 00:00:00,U211
H006203,O11983,3-Proposal,6-Closed Lost,2026-02-16 00:00:00,U211
H006204,O11984,,2-Qualified,2024-08-19 00:00:00,U203
H006205,O11984,2-Qualified,3-Proposal,2024-08-20 00:00:00,U203
H006206,O11984,3-Proposal,4-Negotiation,2024-08-21 00:00:00,U203
H006207,O11984,4-Negotiation,5-Closed Won,2024-08-23 00:00:00,U203
H006208,O11987,,2-Qualified,2025-12-24 00:00:00,U200
H006209,O11987,2-Qualified,3-Proposal,2026-01-13 00:00:00,U200
H006210,O11987,3-Proposal,4-Negotiation,2026-02-05 00:00:00,U200
H006211,O11987,4-Negotiation,6-Closed Lost,2026-02-09 00:00:00,U200
H006212,O11988,,2-Qualified,2025-12-03 00:00:00,U206
H006213,O11988,2-Qualified,3-Proposal,2026-01-06 00:00:00,U206
H006214,O11988,3-Proposal,4-Negotiation,2026-03-05 00:00:00,U206
H006215,O11988,4-Negotiation,6-Closed Lost,2026-04-05 00:00:00,U206
H006216,O11989,,2-Qualified,2024-05-22 00:00:00,U206
H006217,O11989,2-Qualified,6-Closed Lost,2024-07-04 00:00:00,U206
H006218,O11990,,2-Qualified,2025-09-22 00:00:00,U205
H006219,O11990,2-Qualified,3-Proposal,2025-10-10 00:00:00,U205
H006220,O11990,3-Proposal,4-Negotiation,2025-10-29 00:00:00,U205
H006221,O11990,4-Negotiation,5-Closed Won,2025-10-30 00:00:00,U205
H006222,O11991,,2-Qualified,2025-07-15 00:00:00,U217
H006223,O11991,2-Qualified,3-Proposal,2025-07-24 00:00:00,U217
H006224,O11991,3-Proposal,4-Negotiation,2025-08-01 00:00:00,U217
H006225,O11991,4-Negotiation,6-Closed Lost,2025-08-10 00:00:00,U217
H006226,O11992,,2-Qualified,2024-09-09 00:00:00,U201
H006227,O11992,2-Qualified,3-Proposal,2024-10-24 00:00:00,U201
H006228,O11992,3-Proposal,4-Negotiation,2024-11-20 00:00:00,U201
H006229,O11992,4-Negotiation,5-Closed Won,2024-12-16 00:00:00,U201
H006230,O11993,,2-Qualified,2025-09-05 00:00:00,U216
H006231,O11993,2-Qualified,3-Proposal,2025-09-17 00:00:00,U216
H006232,O11993,3-Proposal,4-Negotiation,2025-09-26 00:00:00,U216
H006233,O11993,4-Negotiation,5-Closed Won,2025-10-04 00:00:00,U216
H006234,O11994,,2-Qualified,2025-03-26 00:00:00,U205
H006235,O11994,2-Qualified,3-Proposal,2025-04-09 00:00:00,U205
H006236,O11994,3-Proposal,4-Negotiation,2025-04-25 00:00:00,U205
H006237,O11994,4-Negotiation,5-Closed Won,2025-05-08 00:00:00,U205
H006238,O11995,,2-Qualified,2026-09-11 00:00:00,U206
H006239,O11996,,2-Qualified,2024-02-24 00:00:00,U209
H006240,O11996,2-Qualified,3-Proposal,2024-03-14 00:00:00,U209
H006241,O11996,3-Proposal,4-Negotiation,2024-04-04 00:00:00,U209
H006242,O11996,4-Negotiation,5-Closed Won,2024-04-14 00:00:00,U209
H006243,O11997,,2-Qualified,2024-06-21 00:00:00,U207
H006244,O11997,2-Qualified,3-Proposal,2024-07-15 00:00:00,U207
H006245,O11997,3-Proposal,4-Negotiation,2024-09-01 00:00:00,U207
H006246,O11997,4-Negotiation,6-Closed Lost,2024-09-30 00:00:00,U207
H006247,O11998,,2-Qualified,2024-08-18 00:00:00,U221
H006248,O11998,2-Qualified,3-Proposal,2024-09-25 00:00:00,U221
H006249,O11998,3-Proposal,6-Closed Lost,2024-11-03 00:00:00,U221
H006250,O12000,,2-Qualified,2026-02-08 00:00:00,U217
H006251,O12000,2-Qualified,3-Proposal,2026-02-11 00:00:00,U217
H006252,O12000,3-Proposal,4-Negotiation,2026-02-14 00:00:00,U217
H006253,O12000,4-Negotiation,5-Closed Won,2026-02-16 00:00:00,U217
H006254,O12001,,2-Qualified,2026-03-08 00:00:00,U216
H006255,O12001,2-Qualified,3-Proposal,2026-03-30 00:00:00,U216
H006256,O12001,3-Proposal,4-Negotiation,2026-04-10 00:00:00,U216
H006257,O12001,4-Negotiation,5-Closed Won,2026-04-29 00:00:00,U216
H006258,O12002,,2-Qualified,2024-08-24 00:00:00,U211
H006259,O12002,2-Qualified,3-Proposal,2024-08-27 00:00:00,U211
H006260,O12002,3-Proposal,4-Negotiation,2024-09-01 00:00:00,U211
H006261,O12002,4-Negotiation,6-Closed Lost,2024-09-03 00:00:00,U211
H006262,O12003,,2-Qualified,2025-09-05 00:00:00,U216
H006263,O12003,2-Qualified,3-Proposal,2025-09-06 00:00:00,U216
H006264,O12003,3-Proposal,4-Negotiation,2025-09-07 00:00:00,U216
H006265,O12003,4-Negotiation,5-Closed Won,2025-09-09 00:00:00,U216
H006266,O12004,,2-Qualified,2025-01-24 00:00:00,U217
H006267,O12004,2-Qualified,3-Proposal,2025-02-20 00:00:00,U217
H006268,O12004,3-Proposal,4-Negotiation,2025-03-07 00:00:00,U217
H006269,O12004,4-Negotiation,6-Closed Lost,2025-03-22 00:00:00,U217
H006270,O12005,,2-Qualified,2024-12-17 00:00:00,U223
H006271,O12005,2-Qualified,3-Proposal,2025-01-16 00:00:00,U223
H006272,O12005,3-Proposal,4-Negotiation,2025-02-06 00:00:00,U223
H006273,O12005,4-Negotiation,5-Closed Won,2025-03-13 00:00:00,U223
H006274,O12006,,2-Qualified,2025-10-25 00:00:00,U205
H006275,O12006,2-Qualified,3-Proposal,2025-11-26 00:00:00,U205
H006276,O12006,3-Proposal,4-Negotiation,2025-12-20 00:00:00,U205
H006277,O12006,4-Negotiation,5-Closed Won,2026-01-30 00:00:00,U205
H006278,O12007,,2-Qualified,2025-04-26 00:00:00,U211
H006279,O12007,2-Qualified,3-Proposal,2025-05-12 00:00:00,U211
H006280,O12007,3-Proposal,4-Negotiation,2025-06-07 00:00:00,U211
H006281,O12007,4-Negotiation,5-Closed Won,2025-06-30 00:00:00,U211
H006282,O12008,,2-Qualified,2024-05-04 00:00:00,U207
H006283,O12008,2-Qualified,3-Proposal,2024-06-04 00:00:00,U207
H006284,O12008,3-Proposal,4-Negotiation,2024-07-16 00:00:00,U207
H006285,O12008,4-Negotiation,5-Closed Won,2024-09-01 00:00:00,U207
H006286,O12009,,2-Qualified,2026-05-18 00:00:00,U201
H006287,O12009,2-Qualified,3-Proposal,2026-06-17 00:00:00,U201
H006288,O12009,3-Proposal,4-Negotiation,2026-08-07 00:00:00,U201
H006289,O12010,,2-Qualified,2024-04-04 00:00:00,U206
H006290,O12010,2-Qualified,3-Proposal,2024-04-20 00:00:00,U206
H006291,O12010,3-Proposal,4-Negotiation,2024-05-17 00:00:00,U206
H006292,O12010,4-Negotiation,5-Closed Won,2024-05-27 00:00:00,U206
H006293,O12011,,2-Qualified,2024-08-21 00:00:00,U205
H006294,O12011,2-Qualified,3-Proposal,2024-09-10 00:00:00,U205
H006295,O12011,3-Proposal,4-Negotiation,2024-10-06 00:00:00,U205
H006296,O12011,4-Negotiation,5-Closed Won,2024-11-01 00:00:00,U205
H006297,O12012,,2-Qualified,2025-04-06 00:00:00,U218
H006298,O12012,2-Qualified,3-Proposal,2025-04-10 00:00:00,U218
H006299,O12012,3-Proposal,4-Negotiation,2025-04-15 00:00:00,U218
H006300,O12012,4-Negotiation,5-Closed Won,2025-04-18 00:00:00,U218
H006301,O12013,,2-Qualified,2025-03-27 00:00:00,U206
H006302,O12013,2-Qualified,3-Proposal,2025-04-12 00:00:00,U206
H006303,O12013,3-Proposal,6-Closed Lost,2025-04-25 00:00:00,U206
H006304,O12014,,2-Qualified,2024-11-08 00:00:00,U217
H006305,O12014,2-Qualified,3-Proposal,2025-01-07 00:00:00,U217
H006306,O12014,3-Proposal,6-Closed Lost,2025-02-16 00:00:00,U217
H006307,O12016,,2-Qualified,2025-04-12 00:00:00,U200
H006308,O12016,2-Qualified,3-Proposal,2025-04-27 00:00:00,U200
H006309,O12016,3-Proposal,6-Closed Lost,2025-05-06 00:00:00,U200
H006310,O12017,,2-Qualified,2025-01-11 00:00:00,U211
H006311,O12017,2-Qualified,3-Proposal,2025-02-18 00:00:00,U211
H006312,O12017,3-Proposal,4-Negotiation,2025-03-14 00:00:00,U211
H006313,O12017,4-Negotiation,6-Closed Lost,2025-04-14 00:00:00,U211
H006314,O12018,,2-Qualified,2024-06-18 00:00:00,U220
H006315,O12018,2-Qualified,3-Proposal,2024-06-22 00:00:00,U220
H006316,O12018,3-Proposal,4-Negotiation,2024-06-25 00:00:00,U220
H006317,O12018,4-Negotiation,5-Closed Won,2024-06-27 00:00:00,U220
H006318,O12019,,2-Qualified,2026-04-06 00:00:00,U211
H006319,O12019,2-Qualified,6-Closed Lost,2026-05-27 00:00:00,U211
H006320,O12020,,2-Qualified,2026-01-10 00:00:00,U200
H006321,O12020,2-Qualified,3-Proposal,2026-01-14 00:00:00,U200
H006322,O12020,3-Proposal,4-Negotiation,2026-01-18 00:00:00,U200
H006323,O12020,4-Negotiation,6-Closed Lost,2026-01-22 00:00:00,U200
H006324,O12021,,2-Qualified,2026-02-21 00:00:00,U219
H006325,O12021,2-Qualified,3-Proposal,2026-03-21 00:00:00,U219
H006326,O12021,3-Proposal,4-Negotiation,2026-04-06 00:00:00,U219
H006327,O12021,4-Negotiation,6-Closed Lost,2026-04-24 00:00:00,U219
H006328,O12022,,2-Qualified,2025-07-10 00:00:00,U215
H006329,O12022,2-Qualified,3-Proposal,2025-08-23 00:00:00,U215
H006330,O12022,3-Proposal,6-Closed Lost,2025-09-18 00:00:00,U215
H006331,O12023,,2-Qualified,2025-11-08 00:00:00,U201
H006332,O12023,2-Qualified,3-Proposal,2025-12-15 00:00:00,U201
H006333,O12023,3-Proposal,4-Negotiation,2026-01-10 00:00:00,U201
H006334,O12023,4-Negotiation,5-Closed Won,2026-02-28 00:00:00,U201
H006335,O12024,,2-Qualified,2024-05-10 00:00:00,U211
H006336,O12024,2-Qualified,3-Proposal,2024-05-21 00:00:00,U211
H006337,O12024,3-Proposal,4-Negotiation,2024-06-04 00:00:00,U211
H006338,O12024,4-Negotiation,5-Closed Won,2024-06-17 00:00:00,U211
H006339,O12025,,2-Qualified,2026-04-27 00:00:00,U223
H006340,O12025,2-Qualified,3-Proposal,2026-06-05 00:00:00,U223
H006341,O12025,3-Proposal,4-Negotiation,2026-07-09 00:00:00,U223
H006342,O12026,,2-Qualified,2026-08-22 00:00:00,U203
H006343,O12027,,2-Qualified,2024-05-31 00:00:00,U223
H006344,O12027,2-Qualified,3-Proposal,2024-06-01 00:00:00,U223
H006345,O12027,3-Proposal,4-Negotiation,2024-06-03 00:00:00,U223
H006346,O12027,4-Negotiation,5-Closed Won,2024-06-05 00:00:00,U223
H006347,O12028,,2-Qualified,2024-04-21 00:00:00,U202
H006348,O12028,2-Qualified,3-Proposal,2024-05-15 00:00:00,U202
H006349,O12028,3-Proposal,4-Negotiation,2024-06-07 00:00:00,U202
H006350,O12028,4-Negotiation,5-Closed Won,2024-06-25 00:00:00,U202
H006351,O12029,,2-Qualified,2026-05-03 00:00:00,U207
H006352,O12029,2-Qualified,3-Proposal,2026-05-04 00:00:00,U207
H006353,O12029,3-Proposal,6-Closed Lost,2026-05-07 00:00:00,U207
H006354,O12030,,2-Qualified,2025-04-02 00:00:00,U202
H006355,O12030,2-Qualified,3-Proposal,2025-04-12 00:00:00,U202
H006356,O12030,3-Proposal,4-Negotiation,2025-04-26 00:00:00,U202
H006357,O12030,4-Negotiation,5-Closed Won,2025-05-17 00:00:00,U202
H006358,O12031,,2-Qualified,2025-01-29 00:00:00,U203
H006359,O12031,2-Qualified,3-Proposal,2025-03-08 00:00:00,U203
H006360,O12031,3-Proposal,4-Negotiation,2025-04-02 00:00:00,U203
H006361,O12031,4-Negotiation,5-Closed Won,2025-04-24 00:00:00,U203
H006362,O12032,,2-Qualified,2025-05-23 00:00:00,U208
H006363,O12032,2-Qualified,6-Closed Lost,2025-06-03 00:00:00,U208
H006364,O12033,,2-Qualified,2025-05-05 00:00:00,U201
H006365,O12033,2-Qualified,3-Proposal,2025-05-27 00:00:00,U201
H006366,O12033,3-Proposal,4-Negotiation,2025-06-09 00:00:00,U201
H006367,O12033,4-Negotiation,5-Closed Won,2025-06-28 00:00:00,U201
H006368,O12034,,2-Qualified,2026-05-31 00:00:00,U223
H006369,O12034,2-Qualified,3-Proposal,2026-10-04 00:00:00,U223
H006370,O12035,,2-Qualified,2025-11-10 00:00:00,U200
H006371,O12035,2-Qualified,3-Proposal,2025-12-18 00:00:00,U200
H006372,O12035,3-Proposal,6-Closed Lost,2026-01-14 00:00:00,U200
H006373,O12036,,2-Qualified,2024-12-12 00:00:00,U208
H006374,O12036,2-Qualified,3-Proposal,2025-01-15 00:00:00,U208
H006375,O12036,3-Proposal,4-Negotiation,2025-03-12 00:00:00,U208
H006376,O12036,4-Negotiation,5-Closed Won,2025-05-12 00:00:00,U208
H006377,O12037,,2-Qualified,2025-11-23 00:00:00,U213
H006378,O12037,2-Qualified,3-Proposal,2026-01-02 00:00:00,U213
H006379,O12037,3-Proposal,4-Negotiation,2026-01-26 00:00:00,U213
H006380,O12037,4-Negotiation,5-Closed Won,2026-03-16 00:00:00,U213
H006381,O12038,,2-Qualified,2024-10-05 00:00:00,U209
H006382,O12038,2-Qualified,3-Proposal,2024-10-07 00:00:00,U209
H006383,O12038,3-Proposal,4-Negotiation,2024-10-09 00:00:00,U209
H006384,O12038,4-Negotiation,5-Closed Won,2024-10-10 00:00:00,U209
H006385,O12039,,2-Qualified,2026-01-18 00:00:00,U215
H006386,O12039,2-Qualified,3-Proposal,2026-02-10 00:00:00,U215
H006387,O12039,3-Proposal,4-Negotiation,2026-02-26 00:00:00,U215
H006388,O12039,4-Negotiation,5-Closed Won,2026-03-18 00:00:00,U215
H006389,O12040,,2-Qualified,2024-08-26 00:00:00,U220
H006390,O12040,2-Qualified,3-Proposal,2024-10-16 00:00:00,U220
H006391,O12040,3-Proposal,4-Negotiation,2024-11-28 00:00:00,U220
H006392,O12040,4-Negotiation,5-Closed Won,2024-12-18 00:00:00,U220
H006393,O12041,,2-Qualified,2025-04-07 00:00:00,U208
H006394,O12041,2-Qualified,3-Proposal,2025-05-02 00:00:00,U208
H006395,O12041,3-Proposal,4-Negotiation,2025-06-18 00:00:00,U208
H006396,O12041,4-Negotiation,5-Closed Won,2025-07-26 00:00:00,U208
H006397,O12042,,2-Qualified,2026-05-17 00:00:00,U210
H006398,O12042,2-Qualified,3-Proposal,2026-05-25 00:00:00,U210
H006399,O12042,3-Proposal,4-Negotiation,2026-06-09 00:00:00,U210
H006400,O12042,4-Negotiation,5-Closed Won,2026-06-18 00:00:00,U210
H006401,O12043,,2-Qualified,2026-01-17 00:00:00,U211
H006402,O12043,2-Qualified,6-Closed Lost,2026-01-20 00:00:00,U211
H006403,O12044,,2-Qualified,2026-05-24 00:00:00,U210
H006404,O12044,2-Qualified,3-Proposal,2026-07-06 00:00:00,U210
H006405,O12045,,2-Qualified,2026-03-13 00:00:00,U206
H006406,O12045,2-Qualified,6-Closed Lost,2026-03-29 00:00:00,U206
H006407,O12046,,2-Qualified,2026-02-27 00:00:00,U215
H006408,O12046,2-Qualified,3-Proposal,2026-03-13 00:00:00,U215
H006409,O12046,3-Proposal,4-Negotiation,2026-03-29 00:00:00,U215
H006410,O12046,4-Negotiation,6-Closed Lost,2026-04-13 00:00:00,U215
H006411,O12047,,2-Qualified,2026-09-01 00:00:00,U203
H006412,O12048,,2-Qualified,2025-11-11 00:00:00,U218
H006413,O12048,2-Qualified,3-Proposal,2025-12-24 00:00:00,U218
H006414,O12048,3-Proposal,4-Negotiation,2026-02-11 00:00:00,U218
H006415,O12048,4-Negotiation,5-Closed Won,2026-03-11 00:00:00,U218
H006416,O12049,,2-Qualified,2025-01-20 00:00:00,U223
H006417,O12049,2-Qualified,3-Proposal,2025-02-05 00:00:00,U223
H006418,O12049,3-Proposal,4-Negotiation,2025-02-19 00:00:00,U223
H006419,O12049,4-Negotiation,5-Closed Won,2025-03-02 00:00:00,U223
H006420,O12050,,2-Qualified,2024-08-08 00:00:00,U205
H006421,O12050,2-Qualified,3-Proposal,2024-08-29 00:00:00,U205
H006422,O12050,3-Proposal,4-Negotiation,2024-09-16 00:00:00,U205
H006423,O12050,4-Negotiation,5-Closed Won,2024-10-08 00:00:00,U205
H006424,O12051,,2-Qualified,2024-09-05 00:00:00,U210
H006425,O12051,2-Qualified,6-Closed Lost,2024-09-16 00:00:00,U210
H006426,O12052,,2-Qualified,2024-06-08 00:00:00,U212
H006427,O12052,2-Qualified,3-Proposal,2024-06-29 00:00:00,U212
H006428,O12052,3-Proposal,4-Negotiation,2024-07-21 00:00:00,U212
H006429,O12052,4-Negotiation,5-Closed Won,2024-08-07 00:00:00,U212
H006430,O12053,,2-Qualified,2024-08-07 00:00:00,U212
H006431,O12053,2-Qualified,3-Proposal,2024-09-01 00:00:00,U212
H006432,O12053,3-Proposal,4-Negotiation,2024-09-19 00:00:00,U212
H006433,O12053,4-Negotiation,5-Closed Won,2024-10-04 00:00:00,U212
H006434,O12054,,2-Qualified,2026-07-29 00:00:00,U200
H006435,O12054,2-Qualified,3-Proposal,2026-09-02 00:00:00,U200
H006436,O12055,,2-Qualified,2025-11-02 00:00:00,U204
H006437,O12055,2-Qualified,3-Proposal,2025-11-29 00:00:00,U204
H006438,O12055,3-Proposal,4-Negotiation,2025-12-26 00:00:00,U204
H006439,O12055,4-Negotiation,5-Closed Won,2026-01-15 00:00:00,U204
H006440,O12056,,2-Qualified,2024-11-06 00:00:00,U213
H006441,O12056,2-Qualified,6-Closed Lost,2024-12-20 00:00:00,U213
H006442,O12057,,2-Qualified,2025-07-28 00:00:00,U222
H006443,O12057,2-Qualified,3-Proposal,2025-08-01 00:00:00,U222
H006444,O12057,3-Proposal,4-Negotiation,2025-08-03 00:00:00,U222
H006445,O12057,4-Negotiation,6-Closed Lost,2025-08-05 00:00:00,U222
H006446,O12059,,2-Qualified,2024-07-07 00:00:00,U208
H006447,O12059,2-Qualified,3-Proposal,2024-08-16 00:00:00,U208
H006448,O12059,3-Proposal,4-Negotiation,2024-09-12 00:00:00,U208
H006449,O12059,4-Negotiation,5-Closed Won,2024-10-10 00:00:00,U208
H006450,O12060,,2-Qualified,2024-06-12 00:00:00,U215
H006451,O12060,2-Qualified,3-Proposal,2024-07-20 00:00:00,U215
H006452,O12060,3-Proposal,4-Negotiation,2024-08-10 00:00:00,U215
H006453,O12060,4-Negotiation,5-Closed Won,2024-09-04 00:00:00,U215
H006454,O12062,,2-Qualified,2026-07-31 00:00:00,U223
H006455,O12062,2-Qualified,3-Proposal,2026-09-11 00:00:00,U223
H006456,O12063,,2-Qualified,2026-08-22 00:00:00,U203
H006457,O12063,2-Qualified,3-Proposal,2026-10-03 00:00:00,U203
H006458,O12065,,2-Qualified,2026-03-10 00:00:00,U204
H006459,O12065,2-Qualified,3-Proposal,2026-04-05 00:00:00,U204
H006460,O12065,3-Proposal,4-Negotiation,2026-05-09 00:00:00,U204
H006461,O12065,4-Negotiation,5-Closed Won,2026-05-27 00:00:00,U204
H006462,O12066,,2-Qualified,2025-06-04 00:00:00,U200
H006463,O12066,2-Qualified,3-Proposal,2025-06-23 00:00:00,U200
H006464,O12066,3-Proposal,4-Negotiation,2025-07-11 00:00:00,U200
H006465,O12066,4-Negotiation,5-Closed Won,2025-07-19 00:00:00,U200
H006466,O12067,,2-Qualified,2025-11-22 00:00:00,U201
H006467,O12067,2-Qualified,3-Proposal,2025-12-14 00:00:00,U201
H006468,O12067,3-Proposal,4-Negotiation,2026-01-13 00:00:00,U201
H006469,O12067,4-Negotiation,6-Closed Lost,2026-01-30 00:00:00,U201
H006470,O12069,,2-Qualified,2025-09-17 00:00:00,U216
H006471,O12069,2-Qualified,3-Proposal,2025-09-24 00:00:00,U216
H006472,O12069,3-Proposal,4-Negotiation,2025-10-03 00:00:00,U216
H006473,O12069,4-Negotiation,6-Closed Lost,2025-10-11 00:00:00,U216
H006474,O12070,,2-Qualified,2024-05-08 00:00:00,U215
H006475,O12070,2-Qualified,3-Proposal,2024-05-20 00:00:00,U215
H006476,O12070,3-Proposal,4-Negotiation,2024-06-02 00:00:00,U215
H006477,O12070,4-Negotiation,6-Closed Lost,2024-06-20 00:00:00,U215
H006478,O12071,,2-Qualified,2025-10-18 00:00:00,U200
H006479,O12071,2-Qualified,6-Closed Lost,2025-11-29 00:00:00,U200
H006480,O12072,,2-Qualified,2025-10-08 00:00:00,U209
H006481,O12072,2-Qualified,3-Proposal,2025-11-26 00:00:00,U209
H006482,O12072,3-Proposal,6-Closed Lost,2026-01-12 00:00:00,U209
H006483,O12073,,2-Qualified,2025-09-02 00:00:00,U210
H006484,O12073,2-Qualified,3-Proposal,2025-09-29 00:00:00,U210
H006485,O12073,3-Proposal,6-Closed Lost,2025-11-13 00:00:00,U210
H006486,O12074,,2-Qualified,2025-09-29 00:00:00,U222
H006487,O12074,2-Qualified,3-Proposal,2025-10-17 00:00:00,U222
H006488,O12074,3-Proposal,4-Negotiation,2025-10-31 00:00:00,U222
H006489,O12074,4-Negotiation,6-Closed Lost,2025-11-22 00:00:00,U222
H006490,O12075,,2-Qualified,2025-06-30 00:00:00,U208
H006491,O12075,2-Qualified,3-Proposal,2025-07-07 00:00:00,U208
H006492,O12075,3-Proposal,4-Negotiation,2025-07-20 00:00:00,U208
H006493,O12075,4-Negotiation,5-Closed Won,2025-08-04 00:00:00,U208
H006494,O12076,,2-Qualified,2025-03-09 00:00:00,U207
H006495,O12076,2-Qualified,6-Closed Lost,2025-04-30 00:00:00,U207
H006496,O12077,,2-Qualified,2025-07-28 00:00:00,U211
H006497,O12077,2-Qualified,3-Proposal,2025-09-25 00:00:00,U211
H006498,O12077,3-Proposal,6-Closed Lost,2025-10-27 00:00:00,U211
H006499,O12078,,2-Qualified,2024-12-03 00:00:00,U207
H006500,O12078,2-Qualified,3-Proposal,2024-12-20 00:00:00,U207
H006501,O12078,3-Proposal,4-Negotiation,2025-01-02 00:00:00,U207
H006502,O12078,4-Negotiation,6-Closed Lost,2025-01-21 00:00:00,U207
H006503,O12079,,2-Qualified,2025-01-10 00:00:00,U219
H006504,O12079,2-Qualified,3-Proposal,2025-01-21 00:00:00,U219
H006505,O12079,3-Proposal,4-Negotiation,2025-01-29 00:00:00,U219
H006506,O12079,4-Negotiation,6-Closed Lost,2025-02-15 00:00:00,U219
H006507,O12080,,2-Qualified,2025-03-09 00:00:00,U222
H006508,O12080,2-Qualified,3-Proposal,2025-04-03 00:00:00,U222
H006509,O12080,3-Proposal,4-Negotiation,2025-04-28 00:00:00,U222
H006510,O12080,4-Negotiation,6-Closed Lost,2025-05-13 00:00:00,U222
H006511,O12081,,2-Qualified,2024-08-13 00:00:00,U220
H006512,O12081,2-Qualified,3-Proposal,2024-10-17 00:00:00,U220
H006513,O12081,3-Proposal,4-Negotiation,2024-12-05 00:00:00,U220
H006514,O12081,4-Negotiation,5-Closed Won,2025-01-02 00:00:00,U220
H006515,O12082,,2-Qualified,2025-04-15 00:00:00,U223
H006516,O12082,2-Qualified,3-Proposal,2025-04-28 00:00:00,U223
H006517,O12082,3-Proposal,4-Negotiation,2025-05-15 00:00:00,U223
H006518,O12082,4-Negotiation,6-Closed Lost,2025-06-12 00:00:00,U223
H006519,O12084,,2-Qualified,2025-03-02 00:00:00,U223
H006520,O12084,2-Qualified,3-Proposal,2025-03-26 00:00:00,U223
H006521,O12084,3-Proposal,4-Negotiation,2025-04-18 00:00:00,U223
H006522,O12084,4-Negotiation,5-Closed Won,2025-05-31 00:00:00,U223
H006523,O12085,,2-Qualified,2024-02-16 00:00:00,U201
H006524,O12085,2-Qualified,3-Proposal,2024-03-31 00:00:00,U201
H006525,O12085,3-Proposal,4-Negotiation,2024-06-08 00:00:00,U201
H006526,O12085,4-Negotiation,6-Closed Lost,2024-08-23 00:00:00,U201
H006527,O12087,,2-Qualified,2025-03-07 00:00:00,U218
H006528,O12087,2-Qualified,6-Closed Lost,2025-05-22 00:00:00,U218
H006529,O12088,,2-Qualified,2024-06-30 00:00:00,U216
H006530,O12088,2-Qualified,3-Proposal,2024-07-23 00:00:00,U216
H006531,O12088,3-Proposal,4-Negotiation,2024-08-19 00:00:00,U216
H006532,O12088,4-Negotiation,5-Closed Won,2024-08-28 00:00:00,U216
H006533,O12089,,2-Qualified,2025-09-01 00:00:00,U202
H006534,O12089,2-Qualified,6-Closed Lost,2025-09-21 00:00:00,U202
H006535,O12090,,2-Qualified,2024-06-25 00:00:00,U209
H006536,O12090,2-Qualified,3-Proposal,2024-06-27 00:00:00,U209
H006537,O12090,3-Proposal,6-Closed Lost,2024-06-30 00:00:00,U209
H006538,O12091,,2-Qualified,2024-03-02 00:00:00,U207
H006539,O12091,2-Qualified,3-Proposal,2024-03-14 00:00:00,U207
H006540,O12091,3-Proposal,4-Negotiation,2024-03-24 00:00:00,U207
H006541,O12091,4-Negotiation,6-Closed Lost,2024-04-08 00:00:00,U207
H006542,O12092,,2-Qualified,2024-09-11 00:00:00,U209
H006543,O12092,2-Qualified,3-Proposal,2024-10-23 00:00:00,U209
H006544,O12092,3-Proposal,4-Negotiation,2024-12-02 00:00:00,U209
H006545,O12092,4-Negotiation,5-Closed Won,2025-01-06 00:00:00,U209
H006546,O12093,,2-Qualified,2025-08-16 00:00:00,U214
H006547,O12093,2-Qualified,3-Proposal,2025-09-09 00:00:00,U214
H006548,O12093,3-Proposal,4-Negotiation,2025-09-29 00:00:00,U214
H006549,O12093,4-Negotiation,5-Closed Won,2025-10-10 00:00:00,U214
H006550,O12094,,2-Qualified,2026-02-26 00:00:00,U210
H006551,O12094,2-Qualified,3-Proposal,2026-03-14 00:00:00,U210
H006552,O12094,3-Proposal,4-Negotiation,2026-04-07 00:00:00,U210
H006553,O12094,4-Negotiation,5-Closed Won,2026-04-17 00:00:00,U210
H006554,O12095,,2-Qualified,2024-02-23 00:00:00,U201
H006555,O12095,2-Qualified,3-Proposal,2024-02-29 00:00:00,U201
H006556,O12095,3-Proposal,4-Negotiation,2024-03-06 00:00:00,U201
H006557,O12095,4-Negotiation,6-Closed Lost,2024-03-19 00:00:00,U201
H006558,O12096,,2-Qualified,2024-05-25 00:00:00,U214
H006559,O12096,2-Qualified,6-Closed Lost,2024-07-08 00:00:00,U214
H006560,O12097,,2-Qualified,2024-05-19 00:00:00,U223
H006561,O12097,2-Qualified,6-Closed Lost,2024-06-04 00:00:00,U223
H006562,O12098,,2-Qualified,2026-04-16 00:00:00,U217
H006563,O12098,2-Qualified,6-Closed Lost,2026-05-23 00:00:00,U217
H006564,O12099,,2-Qualified,2024-08-28 00:00:00,U214
H006565,O12099,2-Qualified,3-Proposal,2024-09-03 00:00:00,U214
H006566,O12099,3-Proposal,4-Negotiation,2024-09-08 00:00:00,U214
H006567,O12099,4-Negotiation,5-Closed Won,2024-09-12 00:00:00,U214
H006568,O12100,,2-Qualified,2024-12-08 00:00:00,U219
H006569,O12100,2-Qualified,3-Proposal,2024-12-21 00:00:00,U219
H006570,O12100,3-Proposal,4-Negotiation,2024-12-30 00:00:00,U219
H006571,O12100,4-Negotiation,5-Closed Won,2025-01-17 00:00:00,U219
H006572,O12101,,2-Qualified,2024-08-01 00:00:00,U220
H006573,O12101,2-Qualified,6-Closed Lost,2024-08-24 00:00:00,U220
H006574,O12102,,2-Qualified,2024-02-14 00:00:00,U223
H006575,O12102,2-Qualified,3-Proposal,2024-02-19 00:00:00,U223
H006576,O12102,3-Proposal,4-Negotiation,2024-02-25 00:00:00,U223
H006577,O12102,4-Negotiation,5-Closed Won,2024-03-01 00:00:00,U223
H006578,O12103,,2-Qualified,2025-11-16 00:00:00,U208
H006579,O12103,2-Qualified,3-Proposal,2025-11-27 00:00:00,U208
H006580,O12103,3-Proposal,4-Negotiation,2025-12-08 00:00:00,U208
H006581,O12103,4-Negotiation,6-Closed Lost,2025-12-18 00:00:00,U208
H006582,O12104,,2-Qualified,2024-09-11 00:00:00,U219
H006583,O12104,2-Qualified,3-Proposal,2024-09-18 00:00:00,U219
H006584,O12104,3-Proposal,4-Negotiation,2024-09-26 00:00:00,U219
H006585,O12104,4-Negotiation,5-Closed Won,2024-10-02 00:00:00,U219
H006586,O12106,,2-Qualified,2025-10-16 00:00:00,U214
H006587,O12106,2-Qualified,3-Proposal,2025-11-12 00:00:00,U214
H006588,O12106,3-Proposal,4-Negotiation,2025-12-04 00:00:00,U214
H006589,O12106,4-Negotiation,5-Closed Won,2025-12-24 00:00:00,U214
H006590,O12107,,2-Qualified,2025-09-17 00:00:00,U211
H006591,O12107,2-Qualified,3-Proposal,2025-11-03 00:00:00,U211
H006592,O12107,3-Proposal,6-Closed Lost,2026-01-22 00:00:00,U211
H006593,O12108,,2-Qualified,2026-05-09 00:00:00,U206
H006594,O12108,2-Qualified,3-Proposal,2026-06-29 00:00:00,U206
H006595,O12108,3-Proposal,4-Negotiation,2026-08-07 00:00:00,U206
H006596,O12110,,2-Qualified,2025-07-23 00:00:00,U207
H006597,O12110,2-Qualified,3-Proposal,2025-08-20 00:00:00,U207
H006598,O12110,3-Proposal,4-Negotiation,2025-09-18 00:00:00,U207
H006599,O12110,4-Negotiation,6-Closed Lost,2025-10-19 00:00:00,U207
H006600,O12111,,2-Qualified,2024-11-07 00:00:00,U203
H006601,O12111,2-Qualified,3-Proposal,2024-11-25 00:00:00,U203
H006602,O12111,3-Proposal,6-Closed Lost,2024-12-09 00:00:00,U203
H006603,O12112,,2-Qualified,2025-09-23 00:00:00,U216
H006604,O12112,2-Qualified,3-Proposal,2025-10-28 00:00:00,U216
H006605,O12112,3-Proposal,4-Negotiation,2025-11-25 00:00:00,U216
H006606,O12112,4-Negotiation,5-Closed Won,2025-12-03 00:00:00,U216
H006607,O12113,,2-Qualified,2025-09-27 00:00:00,U214
H006608,O12113,2-Qualified,3-Proposal,2025-10-23 00:00:00,U214
H006609,O12113,3-Proposal,4-Negotiation,2025-12-02 00:00:00,U214
H006610,O12113,4-Negotiation,5-Closed Won,2025-12-13 00:00:00,U214
H006611,O12114,,2-Qualified,2024-09-13 00:00:00,U200
H006612,O12114,2-Qualified,3-Proposal,2024-09-23 00:00:00,U200
H006613,O12114,3-Proposal,4-Negotiation,2024-09-30 00:00:00,U200
H006614,O12114,4-Negotiation,5-Closed Won,2024-10-11 00:00:00,U200
H006615,O12115,,2-Qualified,2024-04-09 00:00:00,U200
H006616,O12115,2-Qualified,6-Closed Lost,2024-06-22 00:00:00,U200
H006617,O12116,,2-Qualified,2025-09-06 00:00:00,U210
H006618,O12116,2-Qualified,6-Closed Lost,2025-09-09 00:00:00,U210
H006619,O12117,,2-Qualified,2026-06-21 00:00:00,U208
H006620,O12117,2-Qualified,3-Proposal,2026-07-27 00:00:00,U208
H006621,O12117,3-Proposal,4-Negotiation,2026-09-01 00:00:00,U208
H006622,O12118,,2-Qualified,2024-01-09 00:00:00,U202
H006623,O12118,2-Qualified,3-Proposal,2024-01-11 00:00:00,U202
H006624,O12118,3-Proposal,4-Negotiation,2024-01-13 00:00:00,U202
H006625,O12118,4-Negotiation,5-Closed Won,2024-01-15 00:00:00,U202
H006626,O12119,,2-Qualified,2025-03-23 00:00:00,U200
H006627,O12119,2-Qualified,3-Proposal,2025-03-28 00:00:00,U200
H006628,O12119,3-Proposal,6-Closed Lost,2025-04-06 00:00:00,U200
H006629,O12120,,2-Qualified,2024-10-03 00:00:00,U214
H006630,O12120,2-Qualified,3-Proposal,2024-10-17 00:00:00,U214
H006631,O12120,3-Proposal,4-Negotiation,2024-11-07 00:00:00,U214
H006632,O12120,4-Negotiation,5-Closed Won,2024-11-25 00:00:00,U214
H006633,O12121,,2-Qualified,2026-02-07 00:00:00,U202
H006634,O12121,2-Qualified,3-Proposal,2026-02-23 00:00:00,U202
H006635,O12121,3-Proposal,4-Negotiation,2026-03-04 00:00:00,U202
H006636,O12121,4-Negotiation,5-Closed Won,2026-03-16 00:00:00,U202
H006637,O12122,,2-Qualified,2024-07-28 00:00:00,U217
H006638,O12122,2-Qualified,3-Proposal,2024-08-07 00:00:00,U217
H006639,O12122,3-Proposal,4-Negotiation,2024-08-13 00:00:00,U217
H006640,O12122,4-Negotiation,5-Closed Won,2024-08-23 00:00:00,U217
H006641,O12123,,2-Qualified,2024-05-07 00:00:00,U213
H006642,O12123,2-Qualified,3-Proposal,2024-05-09 00:00:00,U213
H006643,O12123,3-Proposal,4-Negotiation,2024-05-11 00:00:00,U213
H006644,O12123,4-Negotiation,6-Closed Lost,2024-05-13 00:00:00,U213
H006645,O12125,,2-Qualified,2026-06-14 00:00:00,U207
H006646,O12126,,2-Qualified,2025-07-18 00:00:00,U215
H006647,O12126,2-Qualified,3-Proposal,2025-08-08 00:00:00,U215
H006648,O12126,3-Proposal,4-Negotiation,2025-09-09 00:00:00,U215
H006649,O12126,4-Negotiation,5-Closed Won,2025-10-20 00:00:00,U215
H006650,O12127,,2-Qualified,2024-05-14 00:00:00,U217
H006651,O12127,2-Qualified,3-Proposal,2024-06-22 00:00:00,U217
H006652,O12127,3-Proposal,4-Negotiation,2024-07-20 00:00:00,U217
H006653,O12127,4-Negotiation,5-Closed Won,2024-08-31 00:00:00,U217
H006654,O12128,,2-Qualified,2024-11-21 00:00:00,U223
H006655,O12128,2-Qualified,3-Proposal,2024-12-10 00:00:00,U223
H006656,O12128,3-Proposal,6-Closed Lost,2024-12-18 00:00:00,U223
H006657,O12129,,2-Qualified,2024-07-23 00:00:00,U214
H006658,O12129,2-Qualified,3-Proposal,2024-08-17 00:00:00,U214
H006659,O12129,3-Proposal,4-Negotiation,2024-09-17 00:00:00,U214
H006660,O12129,4-Negotiation,5-Closed Won,2024-09-30 00:00:00,U214
H006661,O12130,,2-Qualified,2026-05-20 00:00:00,U203
H006662,O12130,2-Qualified,3-Proposal,2026-05-25 00:00:00,U203
H006663,O12130,3-Proposal,4-Negotiation,2026-06-04 00:00:00,U203
H006664,O12130,4-Negotiation,5-Closed Won,2026-06-09 00:00:00,U203
H006665,O12131,,2-Qualified,2024-12-08 00:00:00,U206
H006666,O12131,2-Qualified,3-Proposal,2024-12-26 00:00:00,U206
H006667,O12131,3-Proposal,6-Closed Lost,2025-01-11 00:00:00,U206
H006668,O12132,,2-Qualified,2024-11-25 00:00:00,U213
H006669,O12132,2-Qualified,3-Proposal,2024-12-20 00:00:00,U213
H006670,O12132,3-Proposal,4-Negotiation,2025-01-16 00:00:00,U213
H006671,O12132,4-Negotiation,6-Closed Lost,2025-01-23 00:00:00,U213
H006672,O12133,,2-Qualified,2024-05-06 00:00:00,U203
H006673,O12133,2-Qualified,3-Proposal,2024-05-26 00:00:00,U203
H006674,O12133,3-Proposal,6-Closed Lost,2024-06-22 00:00:00,U203
H006675,O12134,,2-Qualified,2024-05-30 00:00:00,U216
H006676,O12134,2-Qualified,3-Proposal,2024-06-28 00:00:00,U216
H006677,O12134,3-Proposal,4-Negotiation,2024-07-30 00:00:00,U216
H006678,O12134,4-Negotiation,6-Closed Lost,2024-09-01 00:00:00,U216
H006679,O12135,,2-Qualified,2024-11-06 00:00:00,U217
H006680,O12135,2-Qualified,6-Closed Lost,2024-11-10 00:00:00,U217
H006681,O12136,,2-Qualified,2025-12-03 00:00:00,U210
H006682,O12136,2-Qualified,3-Proposal,2025-12-09 00:00:00,U210
H006683,O12136,3-Proposal,4-Negotiation,2025-12-19 00:00:00,U210
H006684,O12136,4-Negotiation,5-Closed Won,2025-12-27 00:00:00,U210
H006685,O12137,,2-Qualified,2025-09-30 00:00:00,U208
H006686,O12137,2-Qualified,3-Proposal,2025-10-10 00:00:00,U208
H006687,O12137,3-Proposal,4-Negotiation,2025-10-22 00:00:00,U208
H006688,O12137,4-Negotiation,5-Closed Won,2025-11-14 00:00:00,U208
H006689,O12138,,2-Qualified,2024-08-18 00:00:00,U215
H006690,O12138,2-Qualified,3-Proposal,2024-09-19 00:00:00,U215
H006691,O12138,3-Proposal,4-Negotiation,2024-11-04 00:00:00,U215
H006692,O12138,4-Negotiation,6-Closed Lost,2024-12-18 00:00:00,U215
H006693,O12139,,2-Qualified,2025-12-28 00:00:00,U217
H006694,O12139,2-Qualified,3-Proposal,2026-01-15 00:00:00,U217
H006695,O12139,3-Proposal,4-Negotiation,2026-01-28 00:00:00,U217
H006696,O12139,4-Negotiation,5-Closed Won,2026-02-21 00:00:00,U217
H006697,O12141,,2-Qualified,2024-10-26 00:00:00,U206
H006698,O12141,2-Qualified,3-Proposal,2024-11-07 00:00:00,U206
H006699,O12141,3-Proposal,4-Negotiation,2024-11-23 00:00:00,U206
H006700,O12141,4-Negotiation,6-Closed Lost,2024-12-10 00:00:00,U206
H006701,O12142,,2-Qualified,2026-02-03 00:00:00,U219
H006702,O12142,2-Qualified,3-Proposal,2026-02-12 00:00:00,U219
H006703,O12142,3-Proposal,4-Negotiation,2026-02-20 00:00:00,U219
H006704,O12142,4-Negotiation,5-Closed Won,2026-03-05 00:00:00,U219
H006705,O12143,,2-Qualified,2025-09-02 00:00:00,U201
H006706,O12143,2-Qualified,3-Proposal,2025-10-15 00:00:00,U201
H006707,O12143,3-Proposal,4-Negotiation,2025-11-11 00:00:00,U201
H006708,O12143,4-Negotiation,5-Closed Won,2025-12-04 00:00:00,U201
H006709,O12144,,2-Qualified,2026-02-11 00:00:00,U211
H006710,O12144,2-Qualified,3-Proposal,2026-02-25 00:00:00,U211
H006711,O12144,3-Proposal,6-Closed Lost,2026-03-14 00:00:00,U211
H006712,O12145,,2-Qualified,2026-02-09 00:00:00,U223
H006713,O12145,2-Qualified,6-Closed Lost,2026-03-10 00:00:00,U223
H006714,O12146,,2-Qualified,2024-06-02 00:00:00,U214
H006715,O12146,2-Qualified,3-Proposal,2024-06-29 00:00:00,U214
H006716,O12146,3-Proposal,4-Negotiation,2024-07-16 00:00:00,U214
H006717,O12146,4-Negotiation,6-Closed Lost,2024-07-26 00:00:00,U214
H006718,O12147,,2-Qualified,2026-09-30 00:00:00,U222
H006719,O12148,,2-Qualified,2024-06-15 00:00:00,U220
H006720,O12148,2-Qualified,3-Proposal,2024-06-21 00:00:00,U220
H006721,O12148,3-Proposal,4-Negotiation,2024-06-29 00:00:00,U220
H006722,O12148,4-Negotiation,5-Closed Won,2024-07-03 00:00:00,U220
H006723,O12149,,2-Qualified,2025-12-24 00:00:00,U210
H006724,O12149,2-Qualified,6-Closed Lost,2026-01-12 00:00:00,U210
H006725,O12150,,2-Qualified,2026-02-24 00:00:00,U220
H006726,O12150,2-Qualified,3-Proposal,2026-04-03 00:00:00,U220
H006727,O12150,3-Proposal,6-Closed Lost,2026-04-28 00:00:00,U220
H006728,O12151,,2-Qualified,2026-03-25 00:00:00,U204
H006729,O12151,2-Qualified,3-Proposal,2026-04-04 00:00:00,U204
H006730,O12151,3-Proposal,4-Negotiation,2026-04-13 00:00:00,U204
H006731,O12151,4-Negotiation,5-Closed Won,2026-04-21 00:00:00,U204
H006732,O12152,,2-Qualified,2024-06-29 00:00:00,U217
H006733,O12152,2-Qualified,3-Proposal,2024-07-15 00:00:00,U217
H006734,O12152,3-Proposal,4-Negotiation,2024-07-28 00:00:00,U217
H006735,O12152,4-Negotiation,6-Closed Lost,2024-08-15 00:00:00,U217
H006736,O12154,,2-Qualified,2026-05-22 00:00:00,U214
H006737,O12154,2-Qualified,6-Closed Lost,2026-06-12 00:00:00,U214
H006738,O12155,,2-Qualified,2024-09-09 00:00:00,U201
H006739,O12155,2-Qualified,3-Proposal,2024-10-15 00:00:00,U201
H006740,O12155,3-Proposal,6-Closed Lost,2024-11-08 00:00:00,U201
H006741,O12156,,2-Qualified,2025-08-01 00:00:00,U214
H006742,O12156,2-Qualified,3-Proposal,2025-09-13 00:00:00,U214
H006743,O12156,3-Proposal,4-Negotiation,2025-10-27 00:00:00,U214
H006744,O12156,4-Negotiation,5-Closed Won,2025-11-08 00:00:00,U214
H006745,O12157,,2-Qualified,2024-10-20 00:00:00,U216
H006746,O12157,2-Qualified,6-Closed Lost,2024-11-03 00:00:00,U216
H006747,O12158,,2-Qualified,2026-07-06 00:00:00,U216
H006748,O12158,2-Qualified,3-Proposal,2026-08-05 00:00:00,U216
H006749,O12159,,2-Qualified,2024-11-24 00:00:00,U223
H006750,O12159,2-Qualified,3-Proposal,2024-12-24 00:00:00,U223
H006751,O12159,3-Proposal,4-Negotiation,2025-01-23 00:00:00,U223
H006752,O12159,4-Negotiation,6-Closed Lost,2025-02-14 00:00:00,U223
H006753,O12160,,2-Qualified,2024-12-02 00:00:00,U203
H006754,O12160,2-Qualified,3-Proposal,2025-01-15 00:00:00,U203
H006755,O12160,3-Proposal,4-Negotiation,2025-02-16 00:00:00,U203
H006756,O12160,4-Negotiation,5-Closed Won,2025-03-08 00:00:00,U203
H006757,O12161,,2-Qualified,2024-08-04 00:00:00,U215
H006758,O12161,2-Qualified,3-Proposal,2024-08-18 00:00:00,U215
H006759,O12161,3-Proposal,4-Negotiation,2024-09-08 00:00:00,U215
H006760,O12161,4-Negotiation,5-Closed Won,2024-09-27 00:00:00,U215
H006761,O12162,,2-Qualified,2025-09-28 00:00:00,U219
H006762,O12162,2-Qualified,3-Proposal,2025-10-13 00:00:00,U219
H006763,O12162,3-Proposal,4-Negotiation,2025-10-26 00:00:00,U219
H006764,O12162,4-Negotiation,5-Closed Won,2025-11-03 00:00:00,U219
H006765,O12163,,2-Qualified,2025-05-24 00:00:00,U206
H006766,O12163,2-Qualified,3-Proposal,2025-06-12 00:00:00,U206
H006767,O12163,3-Proposal,6-Closed Lost,2025-06-24 00:00:00,U206
H006768,O12164,,2-Qualified,2024-12-13 00:00:00,U217
H006769,O12164,2-Qualified,3-Proposal,2024-12-16 00:00:00,U217
H006770,O12164,3-Proposal,4-Negotiation,2024-12-17 00:00:00,U217
H006771,O12164,4-Negotiation,5-Closed Won,2024-12-19 00:00:00,U217
H006772,O12165,,2-Qualified,2026-01-15 00:00:00,U217
H006773,O12165,2-Qualified,3-Proposal,2026-01-21 00:00:00,U217
H006774,O12165,3-Proposal,4-Negotiation,2026-01-28 00:00:00,U217
H006775,O12165,4-Negotiation,5-Closed Won,2026-02-01 00:00:00,U217
H006776,O12166,,2-Qualified,2026-03-03 00:00:00,U210
H006777,O12166,2-Qualified,3-Proposal,2026-03-19 00:00:00,U210
H006778,O12166,3-Proposal,4-Negotiation,2026-04-14 00:00:00,U210
H006779,O12166,4-Negotiation,5-Closed Won,2026-05-05 00:00:00,U210
H006780,O12169,,2-Qualified,2024-01-22 00:00:00,U217
H006781,O12169,2-Qualified,3-Proposal,2024-02-01 00:00:00,U217
H006782,O12169,3-Proposal,4-Negotiation,2024-02-14 00:00:00,U217
H006783,O12169,4-Negotiation,5-Closed Won,2024-02-23 00:00:00,U217
H006784,O12170,,2-Qualified,2026-02-04 00:00:00,U217
H006785,O12170,2-Qualified,6-Closed Lost,2026-04-18 00:00:00,U217
H006786,O12171,,2-Qualified,2025-03-04 00:00:00,U212
H006787,O12171,2-Qualified,3-Proposal,2025-03-11 00:00:00,U212
H006788,O12171,3-Proposal,6-Closed Lost,2025-03-21 00:00:00,U212
H006789,O12172,,2-Qualified,2024-04-06 00:00:00,U223
H006790,O12172,2-Qualified,3-Proposal,2024-06-16 00:00:00,U223
H006791,O12172,3-Proposal,6-Closed Lost,2024-08-08 00:00:00,U223
H006792,O12173,,2-Qualified,2024-10-10 00:00:00,U201
H006793,O12173,2-Qualified,3-Proposal,2024-11-05 00:00:00,U201
H006794,O12173,3-Proposal,4-Negotiation,2024-12-20 00:00:00,U201
H006795,O12173,4-Negotiation,6-Closed Lost,2025-01-13 00:00:00,U201
H006796,O12174,,2-Qualified,2025-11-18 00:00:00,U203
H006797,O12174,2-Qualified,3-Proposal,2026-01-22 00:00:00,U203
H006798,O12174,3-Proposal,6-Closed Lost,2026-03-19 00:00:00,U203
H006799,O12175,,2-Qualified,2024-08-03 00:00:00,U218
H006800,O12175,2-Qualified,3-Proposal,2024-08-26 00:00:00,U218
H006801,O12175,3-Proposal,4-Negotiation,2024-09-09 00:00:00,U218
H006802,O12175,4-Negotiation,5-Closed Won,2024-09-20 00:00:00,U218
H006803,O12177,,2-Qualified,2025-05-27 00:00:00,U223
H006804,O12177,2-Qualified,3-Proposal,2025-06-02 00:00:00,U223
H006805,O12177,3-Proposal,4-Negotiation,2025-06-07 00:00:00,U223
H006806,O12177,4-Negotiation,5-Closed Won,2025-06-10 00:00:00,U223
H006807,O12178,,2-Qualified,2024-05-12 00:00:00,U207
H006808,O12178,2-Qualified,3-Proposal,2024-07-03 00:00:00,U207
H006809,O12178,3-Proposal,6-Closed Lost,2024-08-03 00:00:00,U207
H006810,O12179,,2-Qualified,2025-09-09 00:00:00,U210
H006811,O12179,2-Qualified,3-Proposal,2025-09-28 00:00:00,U210
H006812,O12179,3-Proposal,4-Negotiation,2025-10-13 00:00:00,U210
H006813,O12179,4-Negotiation,6-Closed Lost,2025-10-27 00:00:00,U210
H006814,O12180,,2-Qualified,2026-06-07 00:00:00,U215
H006815,O12180,2-Qualified,3-Proposal,2026-10-10 00:00:00,U215
H006816,O12181,,2-Qualified,2025-06-08 00:00:00,U200
H006817,O12181,2-Qualified,3-Proposal,2025-07-14 00:00:00,U200
H006818,O12181,3-Proposal,4-Negotiation,2025-08-02 00:00:00,U200
H006819,O12181,4-Negotiation,5-Closed Won,2025-08-27 00:00:00,U200
H006820,O12182,,2-Qualified,2024-04-10 00:00:00,U207
H006821,O12182,2-Qualified,3-Proposal,2024-05-02 00:00:00,U207
H006822,O12182,3-Proposal,4-Negotiation,2024-05-21 00:00:00,U207
H006823,O12182,4-Negotiation,5-Closed Won,2024-05-25 00:00:00,U207
H006824,O12183,,2-Qualified,2025-09-03 00:00:00,U201
H006825,O12183,2-Qualified,3-Proposal,2025-09-11 00:00:00,U201
H006826,O12183,3-Proposal,4-Negotiation,2025-09-17 00:00:00,U201
H006827,O12183,4-Negotiation,6-Closed Lost,2025-09-24 00:00:00,U201
H006828,O12184,,2-Qualified,2026-02-21 00:00:00,U216
H006829,O12184,2-Qualified,3-Proposal,2026-03-20 00:00:00,U216
H006830,O12184,3-Proposal,4-Negotiation,2026-04-11 00:00:00,U216
H006831,O12184,4-Negotiation,6-Closed Lost,2026-04-16 00:00:00,U216
H006832,O12185,,2-Qualified,2025-03-20 00:00:00,U205
H006833,O12185,2-Qualified,3-Proposal,2025-03-29 00:00:00,U205
H006834,O12185,3-Proposal,4-Negotiation,2025-04-11 00:00:00,U205
H006835,O12185,4-Negotiation,5-Closed Won,2025-04-16 00:00:00,U205
H006836,O12186,,2-Qualified,2024-02-06 00:00:00,U223
H006837,O12186,2-Qualified,3-Proposal,2024-02-24 00:00:00,U223
H006838,O12186,3-Proposal,4-Negotiation,2024-03-12 00:00:00,U223
H006839,O12186,4-Negotiation,5-Closed Won,2024-04-07 00:00:00,U223
H006840,O12187,,2-Qualified,2025-04-19 00:00:00,U210
H006841,O12187,2-Qualified,3-Proposal,2025-04-22 00:00:00,U210
H006842,O12187,3-Proposal,6-Closed Lost,2025-04-24 00:00:00,U210
H006843,O12188,,2-Qualified,2024-12-13 00:00:00,U212
H006844,O12188,2-Qualified,3-Proposal,2025-01-06 00:00:00,U212
H006845,O12188,3-Proposal,4-Negotiation,2025-02-11 00:00:00,U212
H006846,O12188,4-Negotiation,6-Closed Lost,2025-03-06 00:00:00,U212
H006847,O12189,,2-Qualified,2026-01-30 00:00:00,U214
H006848,O12189,2-Qualified,3-Proposal,2026-02-06 00:00:00,U214
H006849,O12189,3-Proposal,4-Negotiation,2026-02-12 00:00:00,U214
H006850,O12189,4-Negotiation,5-Closed Won,2026-02-20 00:00:00,U214
H006851,O12190,,2-Qualified,2025-02-14 00:00:00,U211
H006852,O12190,2-Qualified,6-Closed Lost,2025-05-13 00:00:00,U211
H006853,O12191,,2-Qualified,2024-10-27 00:00:00,U206
H006854,O12191,2-Qualified,3-Proposal,2024-11-07 00:00:00,U206
H006855,O12191,3-Proposal,6-Closed Lost,2024-11-13 00:00:00,U206
H006856,O12192,,2-Qualified,2026-01-26 00:00:00,U214
H006857,O12192,2-Qualified,3-Proposal,2026-02-06 00:00:00,U214
H006858,O12192,3-Proposal,4-Negotiation,2026-02-19 00:00:00,U214
H006859,O12192,4-Negotiation,5-Closed Won,2026-03-07 00:00:00,U214
H006860,O12193,,2-Qualified,2024-07-14 00:00:00,U201
H006861,O12193,2-Qualified,3-Proposal,2024-09-10 00:00:00,U201
H006862,O12193,3-Proposal,4-Negotiation,2024-11-05 00:00:00,U201
H006863,O12193,4-Negotiation,5-Closed Won,2024-12-03 00:00:00,U201
H006864,O12194,,2-Qualified,2024-06-10 00:00:00,U214
H006865,O12194,2-Qualified,3-Proposal,2024-08-04 00:00:00,U214
H006866,O12194,3-Proposal,4-Negotiation,2024-10-04 00:00:00,U214
H006867,O12194,4-Negotiation,5-Closed Won,2024-11-07 00:00:00,U214
H006868,O12195,,2-Qualified,2025-10-31 00:00:00,U223
H006869,O12195,2-Qualified,3-Proposal,2025-11-17 00:00:00,U223
H006870,O12195,3-Proposal,4-Negotiation,2025-12-04 00:00:00,U223
H006871,O12195,4-Negotiation,5-Closed Won,2025-12-25 00:00:00,U223
H006872,O12196,,2-Qualified,2025-01-13 00:00:00,U201
H006873,O12196,2-Qualified,3-Proposal,2025-02-19 00:00:00,U201
H006874,O12196,3-Proposal,4-Negotiation,2025-03-18 00:00:00,U201
H006875,O12196,4-Negotiation,5-Closed Won,2025-05-07 00:00:00,U201
H006876,O12198,,2-Qualified,2025-10-16 00:00:00,U222
H006877,O12198,2-Qualified,3-Proposal,2025-10-18 00:00:00,U222
H006878,O12198,3-Proposal,4-Negotiation,2025-10-20 00:00:00,U222
H006879,O12198,4-Negotiation,5-Closed Won,2025-10-22 00:00:00,U222
H006880,O12199,,2-Qualified,2025-08-08 00:00:00,U206
H006881,O12199,2-Qualified,3-Proposal,2025-08-10 00:00:00,U206
H006882,O12199,3-Proposal,4-Negotiation,2025-08-12 00:00:00,U206
H006883,O12199,4-Negotiation,5-Closed Won,2025-08-14 00:00:00,U206
H006884,O12200,,2-Qualified,2024-08-18 00:00:00,U210
H006885,O12200,2-Qualified,3-Proposal,2024-08-26 00:00:00,U210
H006886,O12200,3-Proposal,4-Negotiation,2024-09-02 00:00:00,U210
H006887,O12200,4-Negotiation,5-Closed Won,2024-09-08 00:00:00,U210
H006888,O12201,,2-Qualified,2026-02-06 00:00:00,U200
H006889,O12201,2-Qualified,3-Proposal,2026-03-13 00:00:00,U200
H006890,O12201,3-Proposal,4-Negotiation,2026-04-11 00:00:00,U200
H006891,O12201,4-Negotiation,6-Closed Lost,2026-05-06 00:00:00,U200
H006892,O12203,,2-Qualified,2025-10-05 00:00:00,U218
H006893,O12203,2-Qualified,3-Proposal,2025-11-13 00:00:00,U218
H006894,O12203,3-Proposal,6-Closed Lost,2025-12-09 00:00:00,U218
H006895,O12205,,2-Qualified,2024-08-22 00:00:00,U214
H006896,O12205,2-Qualified,3-Proposal,2024-09-09 00:00:00,U214
H006897,O12205,3-Proposal,6-Closed Lost,2024-10-03 00:00:00,U214
H006898,O12206,,2-Qualified,2025-07-07 00:00:00,U213
H006899,O12206,2-Qualified,6-Closed Lost,2025-07-21 00:00:00,U213
H006900,O12207,,2-Qualified,2025-01-05 00:00:00,U202
H006901,O12207,2-Qualified,6-Closed Lost,2025-01-26 00:00:00,U202
H006902,O12208,,2-Qualified,2026-10-01 00:00:00,U215
H006903,O12208,2-Qualified,3-Proposal,2026-12-31 00:00:00,U215
H006904,O12209,,2-Qualified,2024-07-16 00:00:00,U203
H006905,O12209,2-Qualified,3-Proposal,2024-08-20 00:00:00,U203
H006906,O12209,3-Proposal,4-Negotiation,2024-10-08 00:00:00,U203
H006907,O12209,4-Negotiation,5-Closed Won,2024-10-25 00:00:00,U203
H006908,O12210,,2-Qualified,2025-12-23 00:00:00,U211
H006909,O12210,2-Qualified,3-Proposal,2026-01-19 00:00:00,U211
H006910,O12210,3-Proposal,4-Negotiation,2026-02-08 00:00:00,U211
H006911,O12210,4-Negotiation,5-Closed Won,2026-02-22 00:00:00,U211
H006912,O12211,,2-Qualified,2025-09-18 00:00:00,U215
H006913,O12211,2-Qualified,3-Proposal,2025-10-05 00:00:00,U215
H006914,O12211,3-Proposal,6-Closed Lost,2025-10-22 00:00:00,U215
H006915,O12212,,2-Qualified,2025-12-29 00:00:00,U205
H006916,O12212,2-Qualified,3-Proposal,2026-01-10 00:00:00,U205
H006917,O12212,3-Proposal,4-Negotiation,2026-01-20 00:00:00,U205
H006918,O12212,4-Negotiation,5-Closed Won,2026-01-30 00:00:00,U205
H006919,O12214,,2-Qualified,2024-08-06 00:00:00,U217
H006920,O12214,2-Qualified,3-Proposal,2024-08-25 00:00:00,U217
H006921,O12214,3-Proposal,4-Negotiation,2024-09-17 00:00:00,U217
H006922,O12214,4-Negotiation,5-Closed Won,2024-10-01 00:00:00,U217
H006923,O12215,,2-Qualified,2024-10-10 00:00:00,U217
H006924,O12215,2-Qualified,3-Proposal,2024-11-25 00:00:00,U217
H006925,O12215,3-Proposal,6-Closed Lost,2025-01-07 00:00:00,U217
H006926,O12216,,2-Qualified,2024-11-11 00:00:00,U206
H006927,O12216,2-Qualified,6-Closed Lost,2024-11-20 00:00:00,U206
H006928,O12217,,2-Qualified,2026-02-21 00:00:00,U213
H006929,O12217,2-Qualified,3-Proposal,2026-04-02 00:00:00,U213
H006930,O12217,3-Proposal,6-Closed Lost,2026-04-24 00:00:00,U213
H006931,O12218,,2-Qualified,2025-12-22 00:00:00,U205
H006932,O12218,2-Qualified,3-Proposal,2026-01-16 00:00:00,U205
H006933,O12218,3-Proposal,4-Negotiation,2026-02-10 00:00:00,U205
H006934,O12218,4-Negotiation,5-Closed Won,2026-03-03 00:00:00,U205
H006935,O12219,,2-Qualified,2025-02-21 00:00:00,U222
H006936,O12219,2-Qualified,3-Proposal,2025-04-26 00:00:00,U222
H006937,O12219,3-Proposal,4-Negotiation,2025-07-01 00:00:00,U222
H006938,O12219,4-Negotiation,6-Closed Lost,2025-07-25 00:00:00,U222
H006939,O12220,,2-Qualified,2025-03-26 00:00:00,U207
H006940,O12220,2-Qualified,3-Proposal,2025-05-17 00:00:00,U207
H006941,O12220,3-Proposal,4-Negotiation,2025-07-10 00:00:00,U207
H006942,O12220,4-Negotiation,5-Closed Won,2025-07-23 00:00:00,U207
H006943,O12221,,2-Qualified,2024-12-16 00:00:00,U215
H006944,O12221,2-Qualified,3-Proposal,2025-01-10 00:00:00,U215
H006945,O12221,3-Proposal,4-Negotiation,2025-01-23 00:00:00,U215
H006946,O12221,4-Negotiation,5-Closed Won,2025-02-17 00:00:00,U215
H006947,O12222,,2-Qualified,2025-07-22 00:00:00,U223
H006948,O12222,2-Qualified,3-Proposal,2025-08-02 00:00:00,U223
H006949,O12222,3-Proposal,4-Negotiation,2025-08-14 00:00:00,U223
H006950,O12222,4-Negotiation,5-Closed Won,2025-08-27 00:00:00,U223
H006951,O12223,,2-Qualified,2025-04-27 00:00:00,U212
H006952,O12223,2-Qualified,3-Proposal,2025-05-23 00:00:00,U212
H006953,O12223,3-Proposal,4-Negotiation,2025-07-04 00:00:00,U212
H006954,O12223,4-Negotiation,5-Closed Won,2025-07-23 00:00:00,U212
H006955,O12224,,2-Qualified,2025-03-28 00:00:00,U213
H006956,O12224,2-Qualified,3-Proposal,2025-05-04 00:00:00,U213
H006957,O12224,3-Proposal,4-Negotiation,2025-06-21 00:00:00,U213
H006958,O12224,4-Negotiation,5-Closed Won,2025-07-05 00:00:00,U213
H006959,O12225,,2-Qualified,2024-07-29 00:00:00,U212
H006960,O12225,2-Qualified,3-Proposal,2024-08-25 00:00:00,U212
H006961,O12225,3-Proposal,4-Negotiation,2024-09-16 00:00:00,U212
H006962,O12225,4-Negotiation,5-Closed Won,2024-10-19 00:00:00,U212
H006963,O12226,,2-Qualified,2025-11-15 00:00:00,U206
H006964,O12226,2-Qualified,3-Proposal,2025-12-09 00:00:00,U206
H006965,O12226,3-Proposal,4-Negotiation,2026-01-01 00:00:00,U206
H006966,O12226,4-Negotiation,6-Closed Lost,2026-01-29 00:00:00,U206
H006967,O12227,,2-Qualified,2024-06-13 00:00:00,U220
H006968,O12227,2-Qualified,3-Proposal,2024-07-14 00:00:00,U220
H006969,O12227,3-Proposal,6-Closed Lost,2024-09-04 00:00:00,U220
H006970,O12228,,2-Qualified,2025-08-01 00:00:00,U209
H006971,O12228,2-Qualified,3-Proposal,2025-09-03 00:00:00,U209
H006972,O12228,3-Proposal,4-Negotiation,2025-11-02 00:00:00,U209
H006973,O12228,4-Negotiation,6-Closed Lost,2025-12-07 00:00:00,U209
H006974,O12229,,2-Qualified,2025-09-24 00:00:00,U217
H006975,O12229,2-Qualified,3-Proposal,2025-12-01 00:00:00,U217
H006976,O12229,3-Proposal,6-Closed Lost,2026-02-03 00:00:00,U217
H006977,O12230,,2-Qualified,2024-03-16 00:00:00,U203
H006978,O12230,2-Qualified,3-Proposal,2024-04-01 00:00:00,U203
H006979,O12230,3-Proposal,4-Negotiation,2024-04-18 00:00:00,U203
H006980,O12230,4-Negotiation,5-Closed Won,2024-04-21 00:00:00,U203
H006981,O12231,,2-Qualified,2024-09-13 00:00:00,U218
H006982,O12231,2-Qualified,6-Closed Lost,2024-10-29 00:00:00,U218
H006983,O12232,,2-Qualified,2024-08-09 00:00:00,U203
H006984,O12232,2-Qualified,3-Proposal,2024-10-03 00:00:00,U203
H006985,O12232,3-Proposal,6-Closed Lost,2024-10-31 00:00:00,U203
H006986,O12234,,2-Qualified,2025-05-06 00:00:00,U208
H006987,O12234,2-Qualified,3-Proposal,2025-05-21 00:00:00,U208
H006988,O12234,3-Proposal,4-Negotiation,2025-06-01 00:00:00,U208
H006989,O12234,4-Negotiation,5-Closed Won,2025-06-10 00:00:00,U208
H006990,O12235,,2-Qualified,2026-01-31 00:00:00,U215
H006991,O12235,2-Qualified,3-Proposal,2026-02-03 00:00:00,U215
H006992,O12235,3-Proposal,4-Negotiation,2026-02-05 00:00:00,U215
H006993,O12235,4-Negotiation,5-Closed Won,2026-02-07 00:00:00,U215
H006994,O12236,,2-Qualified,2025-12-28 00:00:00,U205
H006995,O12236,2-Qualified,3-Proposal,2026-02-08 00:00:00,U205
H006996,O12236,3-Proposal,4-Negotiation,2026-03-13 00:00:00,U205
H006997,O12236,4-Negotiation,5-Closed Won,2026-04-11 00:00:00,U205
H006998,O12237,,2-Qualified,2026-03-30 00:00:00,U208
H006999,O12237,2-Qualified,3-Proposal,2026-04-13 00:00:00,U208
H007000,O12237,3-Proposal,6-Closed Lost,2026-04-24 00:00:00,U208
H007001,O12239,,2-Qualified,2026-02-12 00:00:00,U208
H007002,O12239,2-Qualified,3-Proposal,2026-02-23 00:00:00,U208
H007003,O12239,3-Proposal,4-Negotiation,2026-03-08 00:00:00,U208
H007004,O12239,4-Negotiation,5-Closed Won,2026-03-23 00:00:00,U208
H007005,O12240,,2-Qualified,2026-05-07 00:00:00,U214
H007006,O12240,2-Qualified,3-Proposal,2026-05-09 00:00:00,U214
H007007,O12240,3-Proposal,6-Closed Lost,2026-05-11 00:00:00,U214
H007008,O12241,,2-Qualified,2025-12-03 00:00:00,U223
H007009,O12241,2-Qualified,3-Proposal,2025-12-07 00:00:00,U223
H007010,O12241,3-Proposal,6-Closed Lost,2025-12-10 00:00:00,U223
H007011,O12243,,2-Qualified,2026-01-24 00:00:00,U208
H007012,O12243,2-Qualified,3-Proposal,2026-03-07 00:00:00,U208
H007013,O12243,3-Proposal,6-Closed Lost,2026-04-05 00:00:00,U208
H007014,O12244,,2-Qualified,2024-09-03 00:00:00,U220
H007015,O12244,2-Qualified,3-Proposal,2024-10-31 00:00:00,U220
H007016,O12244,3-Proposal,4-Negotiation,2024-12-29 00:00:00,U220
H007017,O12244,4-Negotiation,5-Closed Won,2025-02-02 00:00:00,U220
H007018,O12245,,2-Qualified,2025-05-28 00:00:00,U200
H007019,O12245,2-Qualified,3-Proposal,2025-06-09 00:00:00,U200
H007020,O12245,3-Proposal,4-Negotiation,2025-06-20 00:00:00,U200
H007021,O12245,4-Negotiation,6-Closed Lost,2025-06-26 00:00:00,U200
H007022,O12246,,2-Qualified,2025-09-11 00:00:00,U207
H007023,O12246,2-Qualified,3-Proposal,2025-10-14 00:00:00,U207
H007024,O12246,3-Proposal,4-Negotiation,2025-11-10 00:00:00,U207
H007025,O12246,4-Negotiation,6-Closed Lost,2025-12-02 00:00:00,U207
H007026,O12247,,2-Qualified,2026-03-28 00:00:00,U216
H007027,O12247,2-Qualified,3-Proposal,2026-04-06 00:00:00,U216
H007028,O12247,3-Proposal,6-Closed Lost,2026-04-17 00:00:00,U216
H007029,O12248,,2-Qualified,2024-10-17 00:00:00,U201
H007030,O12248,2-Qualified,3-Proposal,2024-11-03 00:00:00,U201
H007031,O12248,3-Proposal,4-Negotiation,2024-11-25 00:00:00,U201
H007032,O12248,4-Negotiation,5-Closed Won,2024-12-20 00:00:00,U201
H007033,O12249,,2-Qualified,2025-05-06 00:00:00,U206
H007034,O12249,2-Qualified,3-Proposal,2025-05-08 00:00:00,U206
H007035,O12249,3-Proposal,4-Negotiation,2025-05-10 00:00:00,U206
H007036,O12249,4-Negotiation,6-Closed Lost,2025-05-12 00:00:00,U206
H007037,O12250,,2-Qualified,2024-03-21 00:00:00,U213
H007038,O12250,2-Qualified,6-Closed Lost,2024-04-23 00:00:00,U213
H007039,O12251,,2-Qualified,2025-04-26 00:00:00,U211
H007040,O12251,2-Qualified,3-Proposal,2025-04-28 00:00:00,U211
H007041,O12251,3-Proposal,4-Negotiation,2025-04-30 00:00:00,U211
H007042,O12251,4-Negotiation,5-Closed Won,2025-05-02 00:00:00,U211
H007043,O12254,,2-Qualified,2025-12-10 00:00:00,U217
H007044,O12254,2-Qualified,3-Proposal,2025-12-19 00:00:00,U217
H007045,O12254,3-Proposal,4-Negotiation,2025-12-30 00:00:00,U217
H007046,O12254,4-Negotiation,5-Closed Won,2026-01-08 00:00:00,U217
H007047,O12255,,2-Qualified,2024-11-11 00:00:00,U221
H007048,O12255,2-Qualified,6-Closed Lost,2024-12-16 00:00:00,U221
H007049,O12256,,2-Qualified,2024-12-22 00:00:00,U217
H007050,O12256,2-Qualified,3-Proposal,2025-01-09 00:00:00,U217
H007051,O12256,3-Proposal,4-Negotiation,2025-02-01 00:00:00,U217
H007052,O12256,4-Negotiation,5-Closed Won,2025-02-19 00:00:00,U217
H007053,O12257,,2-Qualified,2025-11-30 00:00:00,U201
H007054,O12257,2-Qualified,6-Closed Lost,2025-12-19 00:00:00,U201
H007055,O12258,,2-Qualified,2026-03-19 00:00:00,U217
H007056,O12258,2-Qualified,3-Proposal,2026-04-11 00:00:00,U217
H007057,O12258,3-Proposal,4-Negotiation,2026-05-07 00:00:00,U217
H007058,O12258,4-Negotiation,5-Closed Won,2026-06-18 00:00:00,U217
H007059,O12259,,2-Qualified,2025-10-06 00:00:00,U222
H007060,O12259,2-Qualified,6-Closed Lost,2025-10-09 00:00:00,U222
H007061,O12260,,2-Qualified,2025-08-07 00:00:00,U203
H007062,O12260,2-Qualified,3-Proposal,2025-08-23 00:00:00,U203
H007063,O12260,3-Proposal,4-Negotiation,2025-09-04 00:00:00,U203
H007064,O12260,4-Negotiation,5-Closed Won,2025-09-19 00:00:00,U203
H007065,O12261,,2-Qualified,2024-04-22 00:00:00,U213
H007066,O12261,2-Qualified,3-Proposal,2024-05-17 00:00:00,U213
H007067,O12261,3-Proposal,4-Negotiation,2024-06-02 00:00:00,U213
H007068,O12261,4-Negotiation,5-Closed Won,2024-06-22 00:00:00,U213
H007069,O12262,,2-Qualified,2025-11-18 00:00:00,U217
H007070,O12262,2-Qualified,3-Proposal,2026-01-01 00:00:00,U217
H007071,O12262,3-Proposal,6-Closed Lost,2026-02-05 00:00:00,U217
H007072,O12263,,2-Qualified,2025-11-15 00:00:00,U201
H007073,O12263,2-Qualified,3-Proposal,2025-12-06 00:00:00,U201
H007074,O12263,3-Proposal,4-Negotiation,2025-12-31 00:00:00,U201
H007075,O12263,4-Negotiation,5-Closed Won,2026-02-08 00:00:00,U201
H007076,O12264,,2-Qualified,2025-02-10 00:00:00,U220
H007077,O12264,2-Qualified,3-Proposal,2025-02-22 00:00:00,U220
H007078,O12264,3-Proposal,4-Negotiation,2025-03-02 00:00:00,U220
H007079,O12264,4-Negotiation,6-Closed Lost,2025-03-16 00:00:00,U220
H007080,O12265,,2-Qualified,2026-06-25 00:00:00,U216
H007081,O12265,2-Qualified,3-Proposal,2026-07-11 00:00:00,U216
H007082,O12265,3-Proposal,4-Negotiation,2026-08-16 00:00:00,U216
H007083,O12266,,2-Qualified,2026-07-13 00:00:00,U217
H007084,O12267,,2-Qualified,2025-04-16 00:00:00,U219
H007085,O12267,2-Qualified,3-Proposal,2025-06-11 00:00:00,U219
H007086,O12267,3-Proposal,6-Closed Lost,2025-08-08 00:00:00,U219
H007087,O12268,,2-Qualified,2026-02-02 00:00:00,U220
H007088,O12268,2-Qualified,3-Proposal,2026-02-24 00:00:00,U220
H007089,O12268,3-Proposal,4-Negotiation,2026-03-16 00:00:00,U220
H007090,O12268,4-Negotiation,5-Closed Won,2026-03-28 00:00:00,U220
H007091,O12270,,2-Qualified,2025-09-21 00:00:00,U219
H007092,O12270,2-Qualified,3-Proposal,2025-10-23 00:00:00,U219
H007093,O12270,3-Proposal,4-Negotiation,2025-11-09 00:00:00,U219
H007094,O12270,4-Negotiation,6-Closed Lost,2025-11-28 00:00:00,U219
H007095,O12271,,2-Qualified,2024-05-02 00:00:00,U220
H007096,O12271,2-Qualified,3-Proposal,2024-06-16 00:00:00,U220
H007097,O12271,3-Proposal,4-Negotiation,2024-08-05 00:00:00,U220
H007098,O12271,4-Negotiation,5-Closed Won,2024-08-20 00:00:00,U220
H007099,O12272,,2-Qualified,2024-05-23 00:00:00,U216
H007100,O12272,2-Qualified,6-Closed Lost,2024-06-08 00:00:00,U216
H007101,O12273,,2-Qualified,2025-04-30 00:00:00,U216
H007102,O12273,2-Qualified,3-Proposal,2025-05-19 00:00:00,U216
H007103,O12273,3-Proposal,4-Negotiation,2025-06-01 00:00:00,U216
H007104,O12273,4-Negotiation,5-Closed Won,2025-06-19 00:00:00,U216
H007105,O12274,,2-Qualified,2026-08-30 00:00:00,U204
H007106,O12275,,2-Qualified,2024-07-13 00:00:00,U206
H007107,O12275,2-Qualified,3-Proposal,2024-09-03 00:00:00,U206
H007108,O12275,3-Proposal,4-Negotiation,2024-10-24 00:00:00,U206
H007109,O12275,4-Negotiation,5-Closed Won,2024-11-26 00:00:00,U206
H007110,O12276,,2-Qualified,2025-12-27 00:00:00,U212
H007111,O12276,2-Qualified,3-Proposal,2026-01-11 00:00:00,U212
H007112,O12276,3-Proposal,6-Closed Lost,2026-01-21 00:00:00,U212
H007113,O12278,,2-Qualified,2026-01-23 00:00:00,U217
H007114,O12278,2-Qualified,3-Proposal,2026-01-28 00:00:00,U217
H007115,O12278,3-Proposal,4-Negotiation,2026-02-03 00:00:00,U217
H007116,O12278,4-Negotiation,6-Closed Lost,2026-02-07 00:00:00,U217
H007117,O12279,,2-Qualified,2025-05-26 00:00:00,U216
H007118,O12279,2-Qualified,3-Proposal,2025-06-04 00:00:00,U216
H007119,O12279,3-Proposal,4-Negotiation,2025-06-09 00:00:00,U216
H007120,O12279,4-Negotiation,5-Closed Won,2025-06-16 00:00:00,U216
H007121,O12280,,2-Qualified,2025-11-19 00:00:00,U202
H007122,O12280,2-Qualified,6-Closed Lost,2025-12-20 00:00:00,U202
H007123,O12281,,2-Qualified,2025-03-28 00:00:00,U212
H007124,O12281,2-Qualified,3-Proposal,2025-04-06 00:00:00,U212
H007125,O12281,3-Proposal,4-Negotiation,2025-04-24 00:00:00,U212
H007126,O12281,4-Negotiation,5-Closed Won,2025-05-06 00:00:00,U212
H007127,O12282,,2-Qualified,2025-01-07 00:00:00,U217
H007128,O12282,2-Qualified,6-Closed Lost,2025-02-11 00:00:00,U217
H007129,O12283,,2-Qualified,2025-09-03 00:00:00,U207
H007130,O12283,2-Qualified,3-Proposal,2025-09-23 00:00:00,U207
H007131,O12283,3-Proposal,6-Closed Lost,2025-10-03 00:00:00,U207
H007132,O12284,,2-Qualified,2026-06-28 00:00:00,U215
H007133,O12284,2-Qualified,3-Proposal,2026-08-01 00:00:00,U215
H007134,O12285,,2-Qualified,2024-06-24 00:00:00,U222
H007135,O12285,2-Qualified,3-Proposal,2024-07-26 00:00:00,U222
H007136,O12285,3-Proposal,4-Negotiation,2024-08-31 00:00:00,U222
H007137,O12285,4-Negotiation,5-Closed Won,2024-09-22 00:00:00,U222
H007138,O12286,,2-Qualified,2024-04-10 00:00:00,U200
H007139,O12286,2-Qualified,3-Proposal,2024-05-09 00:00:00,U200
H007140,O12286,3-Proposal,4-Negotiation,2024-05-23 00:00:00,U200
H007141,O12286,4-Negotiation,5-Closed Won,2024-06-10 00:00:00,U200
H007142,O12288,,2-Qualified,2025-06-01 00:00:00,U202
H007143,O12288,2-Qualified,3-Proposal,2025-06-29 00:00:00,U202
H007144,O12288,3-Proposal,4-Negotiation,2025-07-27 00:00:00,U202
H007145,O12288,4-Negotiation,5-Closed Won,2025-09-11 00:00:00,U202
H007146,O12289,,2-Qualified,2025-02-09 00:00:00,U210
H007147,O12289,2-Qualified,3-Proposal,2025-04-09 00:00:00,U210
H007148,O12289,3-Proposal,6-Closed Lost,2025-04-27 00:00:00,U210
H007149,O12290,,2-Qualified,2025-05-18 00:00:00,U214
H007150,O12290,2-Qualified,3-Proposal,2025-07-03 00:00:00,U214
H007151,O12290,3-Proposal,4-Negotiation,2025-08-01 00:00:00,U214
H007152,O12290,4-Negotiation,5-Closed Won,2025-08-24 00:00:00,U214
H007153,O12291,,2-Qualified,2025-08-02 00:00:00,U219
H007154,O12291,2-Qualified,6-Closed Lost,2025-08-10 00:00:00,U219
H007155,O12292,,2-Qualified,2025-01-09 00:00:00,U205
H007156,O12292,2-Qualified,3-Proposal,2025-01-26 00:00:00,U205
H007157,O12292,3-Proposal,4-Negotiation,2025-02-15 00:00:00,U205
H007158,O12292,4-Negotiation,6-Closed Lost,2025-02-24 00:00:00,U205
H007159,O12293,,2-Qualified,2025-11-20 00:00:00,U209
H007160,O12293,2-Qualified,3-Proposal,2025-12-12 00:00:00,U209
H007161,O12293,3-Proposal,4-Negotiation,2026-01-14 00:00:00,U209
H007162,O12293,4-Negotiation,6-Closed Lost,2026-02-20 00:00:00,U209
H007163,O12294,,2-Qualified,2026-10-26 00:00:00,U220
H007164,O12295,,2-Qualified,2025-04-29 00:00:00,U216
H007165,O12295,2-Qualified,3-Proposal,2025-05-08 00:00:00,U216
H007166,O12295,3-Proposal,6-Closed Lost,2025-05-18 00:00:00,U216
H007167,O12296,,2-Qualified,2025-08-01 00:00:00,U222
H007168,O12296,2-Qualified,6-Closed Lost,2025-08-12 00:00:00,U222
H007169,O12297,,2-Qualified,2025-08-22 00:00:00,U202
H007170,O12297,2-Qualified,3-Proposal,2025-09-03 00:00:00,U202
H007171,O12297,3-Proposal,4-Negotiation,2025-09-15 00:00:00,U202
H007172,O12297,4-Negotiation,5-Closed Won,2025-09-29 00:00:00,U202
H007173,O12298,,2-Qualified,2025-11-04 00:00:00,U209
H007174,O12298,2-Qualified,3-Proposal,2025-11-21 00:00:00,U209
H007175,O12298,3-Proposal,6-Closed Lost,2025-11-30 00:00:00,U209
H007176,O12299,,2-Qualified,2025-07-16 00:00:00,U210
H007177,O12299,2-Qualified,3-Proposal,2025-07-18 00:00:00,U210
H007178,O12299,3-Proposal,4-Negotiation,2025-07-21 00:00:00,U210
H007179,O12299,4-Negotiation,6-Closed Lost,2025-07-25 00:00:00,U210
H007180,O12300,,2-Qualified,2026-03-09 00:00:00,U210
H007181,O12300,2-Qualified,6-Closed Lost,2026-03-13 00:00:00,U210
H007182,O12301,,2-Qualified,2025-01-26 00:00:00,U220
H007183,O12301,2-Qualified,3-Proposal,2025-02-13 00:00:00,U220
H007184,O12301,3-Proposal,4-Negotiation,2025-02-23 00:00:00,U220
H007185,O12301,4-Negotiation,5-Closed Won,2025-03-09 00:00:00,U220
H007186,O12302,,2-Qualified,2024-04-20 00:00:00,U223
H007187,O12302,2-Qualified,3-Proposal,2024-05-26 00:00:00,U223
H007188,O12302,3-Proposal,4-Negotiation,2024-07-08 00:00:00,U223
H007189,O12302,4-Negotiation,5-Closed Won,2024-09-01 00:00:00,U223
H007190,O12304,,2-Qualified,2026-06-23 00:00:00,U200
H007191,O12304,2-Qualified,3-Proposal,2026-07-04 00:00:00,U200
H007192,O12304,3-Proposal,2-Qualified,2026-07-18 00:00:00,U200
H007193,O12305,,2-Qualified,2024-05-17 00:00:00,U215
H007194,O12305,2-Qualified,3-Proposal,2024-06-03 00:00:00,U215
H007195,O12305,3-Proposal,4-Negotiation,2024-06-18 00:00:00,U215
H007196,O12305,4-Negotiation,5-Closed Won,2024-06-30 00:00:00,U215
H007197,O12306,,2-Qualified,2025-03-20 00:00:00,U201
H007198,O12306,2-Qualified,3-Proposal,2025-04-11 00:00:00,U201
H007199,O12306,3-Proposal,4-Negotiation,2025-04-28 00:00:00,U201
H007200,O12306,4-Negotiation,5-Closed Won,2025-05-24 00:00:00,U201
H007201,O12307,,2-Qualified,2024-06-23 00:00:00,U200
H007202,O12307,2-Qualified,3-Proposal,2024-06-25 00:00:00,U200
H007203,O12307,3-Proposal,4-Negotiation,2024-06-26 00:00:00,U200
H007204,O12307,4-Negotiation,5-Closed Won,2024-06-27 00:00:00,U200
H007205,O12308,,2-Qualified,2026-03-30 00:00:00,U217
H007206,O12308,2-Qualified,6-Closed Lost,2026-04-04 00:00:00,U217
H007207,O12309,,2-Qualified,2024-07-08 00:00:00,U220
H007208,O12309,2-Qualified,3-Proposal,2024-08-03 00:00:00,U220
H007209,O12309,3-Proposal,4-Negotiation,2024-08-26 00:00:00,U220
H007210,O12309,4-Negotiation,5-Closed Won,2024-09-13 00:00:00,U220
H007211,O12310,,2-Qualified,2025-05-11 00:00:00,U202
H007212,O12310,2-Qualified,6-Closed Lost,2025-06-26 00:00:00,U202
H007213,O12311,,2-Qualified,2024-11-12 00:00:00,U223
H007214,O12311,2-Qualified,6-Closed Lost,2025-02-05 00:00:00,U223
H007215,O12314,,2-Qualified,2026-05-15 00:00:00,U210
H007216,O12314,2-Qualified,3-Proposal,2026-06-01 00:00:00,U210
H007217,O12314,3-Proposal,6-Closed Lost,2026-06-15 00:00:00,U210
H007218,O12315,,2-Qualified,2026-03-30 00:00:00,U203
H007219,O12315,2-Qualified,6-Closed Lost,2026-05-01 00:00:00,U203
H007220,O12317,,2-Qualified,2025-10-02 00:00:00,U221
H007221,O12317,2-Qualified,3-Proposal,2025-10-17 00:00:00,U221
H007222,O12317,3-Proposal,4-Negotiation,2025-11-03 00:00:00,U221
H007223,O12317,4-Negotiation,6-Closed Lost,2025-11-18 00:00:00,U221
H007224,O12318,,2-Qualified,2024-01-26 00:00:00,U222
H007225,O12318,2-Qualified,3-Proposal,2024-01-28 00:00:00,U222
H007226,O12318,3-Proposal,4-Negotiation,2024-01-29 00:00:00,U222
H007227,O12318,4-Negotiation,5-Closed Won,2024-01-31 00:00:00,U222
H007228,O12319,,2-Qualified,2024-07-31 00:00:00,U205
H007229,O12319,2-Qualified,3-Proposal,2024-08-18 00:00:00,U205
H007230,O12319,3-Proposal,4-Negotiation,2024-09-18 00:00:00,U205
H007231,O12319,4-Negotiation,6-Closed Lost,2024-10-03 00:00:00,U205
H007232,O12320,,2-Qualified,2026-03-03 00:00:00,U206
H007233,O12320,2-Qualified,6-Closed Lost,2026-03-20 00:00:00,U206
H007234,O12321,,2-Qualified,2026-04-01 00:00:00,U213
H007235,O12321,2-Qualified,3-Proposal,2026-04-10 00:00:00,U213
H007236,O12321,3-Proposal,4-Negotiation,2026-04-17 00:00:00,U213
H007237,O12321,4-Negotiation,5-Closed Won,2026-04-20 00:00:00,U213
H007238,O12322,,2-Qualified,2026-06-20 00:00:00,U210
H007239,O12322,2-Qualified,3-Proposal,2026-07-12 00:00:00,U210
H007240,O12323,,2-Qualified,2024-10-03 00:00:00,U213
H007241,O12323,2-Qualified,6-Closed Lost,2024-12-12 00:00:00,U213
H007242,O12324,,2-Qualified,2025-11-10 00:00:00,U217
H007243,O12324,2-Qualified,3-Proposal,2025-12-14 00:00:00,U217
H007244,O12324,3-Proposal,4-Negotiation,2026-01-25 00:00:00,U217
H007245,O12324,4-Negotiation,6-Closed Lost,2026-03-03 00:00:00,U217
H007246,O12325,,2-Qualified,2026-03-21 00:00:00,U211
H007247,O12325,2-Qualified,6-Closed Lost,2026-05-25 00:00:00,U211
H007248,O12326,,2-Qualified,2026-04-19 00:00:00,U200
H007249,O12326,2-Qualified,3-Proposal,2026-04-23 00:00:00,U200
H007250,O12326,3-Proposal,4-Negotiation,2026-04-26 00:00:00,U200
H007251,O12326,4-Negotiation,5-Closed Won,2026-04-30 00:00:00,U200
H007252,O12327,,2-Qualified,2025-08-19 00:00:00,U210
H007253,O12327,2-Qualified,3-Proposal,2025-08-30 00:00:00,U210
H007254,O12327,3-Proposal,4-Negotiation,2025-09-09 00:00:00,U210
H007255,O12327,4-Negotiation,5-Closed Won,2025-09-24 00:00:00,U210
H007256,O12328,,2-Qualified,2025-03-11 00:00:00,U207
H007257,O12328,2-Qualified,3-Proposal,2025-05-21 00:00:00,U207
H007258,O12328,3-Proposal,6-Closed Lost,2025-06-25 00:00:00,U207
H007259,O12329,,2-Qualified,2025-08-26 00:00:00,U203
H007260,O12329,2-Qualified,3-Proposal,2025-08-28 00:00:00,U203
H007261,O12329,3-Proposal,4-Negotiation,2025-08-29 00:00:00,U203
H007262,O12329,4-Negotiation,5-Closed Won,2025-08-30 00:00:00,U203
H007263,O12330,,2-Qualified,2025-03-28 00:00:00,U215
H007264,O12330,2-Qualified,3-Proposal,2025-04-07 00:00:00,U215
H007265,O12330,3-Proposal,4-Negotiation,2025-04-21 00:00:00,U215
H007266,O12330,4-Negotiation,5-Closed Won,2025-05-04 00:00:00,U215
H007267,O12331,,2-Qualified,2026-01-02 00:00:00,U208
H007268,O12331,2-Qualified,3-Proposal,2026-02-04 00:00:00,U208
H007269,O12331,3-Proposal,6-Closed Lost,2026-04-05 00:00:00,U208
H007270,O12332,,2-Qualified,2024-05-20 00:00:00,U207
H007271,O12332,2-Qualified,3-Proposal,2024-07-02 00:00:00,U207
H007272,O12332,3-Proposal,4-Negotiation,2024-08-08 00:00:00,U207
H007273,O12332,4-Negotiation,5-Closed Won,2024-09-24 00:00:00,U207
H007274,O12333,,2-Qualified,2025-01-13 00:00:00,U218
H007275,O12333,2-Qualified,3-Proposal,2025-02-03 00:00:00,U218
H007276,O12333,3-Proposal,4-Negotiation,2025-03-21 00:00:00,U218
H007277,O12333,4-Negotiation,6-Closed Lost,2025-05-08 00:00:00,U218
H007278,O12334,,2-Qualified,2024-02-06 00:00:00,U207
H007279,O12334,2-Qualified,3-Proposal,2024-02-18 00:00:00,U207
H007280,O12334,3-Proposal,4-Negotiation,2024-02-27 00:00:00,U207
H007281,O12334,4-Negotiation,5-Closed Won,2024-03-04 00:00:00,U207
H007282,O12335,,2-Qualified,2025-07-09 00:00:00,U203
H007283,O12335,2-Qualified,3-Proposal,2025-08-20 00:00:00,U203
H007284,O12335,3-Proposal,6-Closed Lost,2025-10-06 00:00:00,U203
H007285,O12336,,2-Qualified,2025-12-09 00:00:00,U222
H007286,O12336,2-Qualified,3-Proposal,2025-12-18 00:00:00,U222
H007287,O12336,3-Proposal,4-Negotiation,2025-12-28 00:00:00,U222
H007288,O12336,4-Negotiation,5-Closed Won,2026-01-07 00:00:00,U222
H007289,O12337,,2-Qualified,2024-01-13 00:00:00,U213
H007290,O12337,2-Qualified,3-Proposal,2024-01-15 00:00:00,U213
H007291,O12337,3-Proposal,4-Negotiation,2024-01-17 00:00:00,U213
H007292,O12337,4-Negotiation,5-Closed Won,2024-01-20 00:00:00,U213
H007293,O12339,,2-Qualified,2025-12-13 00:00:00,U213
H007294,O12339,2-Qualified,6-Closed Lost,2026-03-03 00:00:00,U213
H007295,O12340,,2-Qualified,2025-08-30 00:00:00,U203
H007296,O12340,2-Qualified,3-Proposal,2025-10-22 00:00:00,U203
H007297,O12340,3-Proposal,6-Closed Lost,2025-11-15 00:00:00,U203
H007298,O12341,,2-Qualified,2026-01-18 00:00:00,U201
H007299,O12341,2-Qualified,3-Proposal,2026-01-22 00:00:00,U201
H007300,O12341,3-Proposal,6-Closed Lost,2026-02-01 00:00:00,U201
H007301,O12342,,2-Qualified,2024-09-14 00:00:00,U210
H007302,O12342,2-Qualified,3-Proposal,2024-09-27 00:00:00,U210
H007303,O12342,3-Proposal,6-Closed Lost,2024-10-07 00:00:00,U210
H007304,O12343,,2-Qualified,2025-11-29 00:00:00,U208
H007305,O12343,2-Qualified,3-Proposal,2025-12-10 00:00:00,U208
H007306,O12343,3-Proposal,4-Negotiation,2025-12-22 00:00:00,U208
H007307,O12343,4-Negotiation,5-Closed Won,2025-12-26 00:00:00,U208
H007308,O12344,,2-Qualified,2024-08-08 00:00:00,U210
H007309,O12344,2-Qualified,3-Proposal,2024-09-10 00:00:00,U210
H007310,O12344,3-Proposal,4-Negotiation,2024-09-28 00:00:00,U210
H007311,O12344,4-Negotiation,5-Closed Won,2024-10-17 00:00:00,U210
H007312,O12346,,2-Qualified,2026-04-08 00:00:00,U216
H007313,O12346,2-Qualified,6-Closed Lost,2026-05-13 00:00:00,U216
H007314,O12347,,2-Qualified,2026-06-19 00:00:00,U210
H007315,O12347,2-Qualified,3-Proposal,2026-06-22 00:00:00,U210
H007316,O12347,3-Proposal,6-Closed Lost,2026-06-23 00:00:00,U210
H007317,O12348,,2-Qualified,2025-07-21 00:00:00,U203
H007318,O12348,2-Qualified,3-Proposal,2025-08-29 00:00:00,U203
H007319,O12348,3-Proposal,4-Negotiation,2025-10-03 00:00:00,U203
H007320,O12348,4-Negotiation,6-Closed Lost,2025-12-08 00:00:00,U203
H007321,O12349,,2-Qualified,2024-05-20 00:00:00,U211
H007322,O12349,2-Qualified,3-Proposal,2024-06-11 00:00:00,U211
H007323,O12349,3-Proposal,4-Negotiation,2024-06-29 00:00:00,U211
H007324,O12349,4-Negotiation,5-Closed Won,2024-07-18 00:00:00,U211
H007325,O12350,,2-Qualified,2026-01-11 00:00:00,U207
H007326,O12350,2-Qualified,3-Proposal,2026-01-13 00:00:00,U207
H007327,O12350,3-Proposal,4-Negotiation,2026-01-15 00:00:00,U207
H007328,O12350,4-Negotiation,5-Closed Won,2026-01-18 00:00:00,U207
H007329,O12351,,2-Qualified,2026-02-21 00:00:00,U209
H007330,O12351,2-Qualified,3-Proposal,2026-02-28 00:00:00,U209
H007331,O12351,3-Proposal,4-Negotiation,2026-03-07 00:00:00,U209
H007332,O12351,4-Negotiation,5-Closed Won,2026-03-15 00:00:00,U209
H007333,O12352,,2-Qualified,2024-05-13 00:00:00,U204
H007334,O12352,2-Qualified,3-Proposal,2024-06-03 00:00:00,U204
H007335,O12352,3-Proposal,4-Negotiation,2024-06-20 00:00:00,U204
H007336,O12352,4-Negotiation,5-Closed Won,2024-07-18 00:00:00,U204
H007337,O12353,,2-Qualified,2025-08-15 00:00:00,U202
H007338,O12353,2-Qualified,3-Proposal,2025-09-17 00:00:00,U202
H007339,O12353,3-Proposal,4-Negotiation,2025-10-08 00:00:00,U202
H007340,O12353,4-Negotiation,5-Closed Won,2025-10-22 00:00:00,U202
H007341,O12355,,2-Qualified,2024-11-19 00:00:00,U220
H007342,O12355,2-Qualified,3-Proposal,2024-12-21 00:00:00,U220
H007343,O12355,3-Proposal,4-Negotiation,2025-01-30 00:00:00,U220
H007344,O12355,4-Negotiation,5-Closed Won,2025-03-02 00:00:00,U220
H007345,O12356,,2-Qualified,2024-06-29 00:00:00,U204
H007346,O12356,2-Qualified,3-Proposal,2024-07-27 00:00:00,U204
H007347,O12356,3-Proposal,4-Negotiation,2024-08-18 00:00:00,U204
H007348,O12356,4-Negotiation,5-Closed Won,2024-09-09 00:00:00,U204
H007349,O12357,,2-Qualified,2024-07-29 00:00:00,U205
H007350,O12357,2-Qualified,3-Proposal,2024-08-23 00:00:00,U205
H007351,O12357,3-Proposal,4-Negotiation,2024-09-24 00:00:00,U205
H007352,O12357,4-Negotiation,5-Closed Won,2024-11-05 00:00:00,U205
H007353,O12358,,2-Qualified,2024-03-18 00:00:00,U201
H007354,O12358,2-Qualified,3-Proposal,2024-04-21 00:00:00,U201
H007355,O12358,3-Proposal,6-Closed Lost,2024-05-01 00:00:00,U201
H007356,O12359,,2-Qualified,2026-01-12 00:00:00,U214
H007357,O12359,2-Qualified,3-Proposal,2026-01-30 00:00:00,U214
H007358,O12359,3-Proposal,4-Negotiation,2026-02-21 00:00:00,U214
H007359,O12359,4-Negotiation,5-Closed Won,2026-03-17 00:00:00,U214
H007360,O12361,,2-Qualified,2025-09-05 00:00:00,U215
H007361,O12361,2-Qualified,3-Proposal,2025-10-12 00:00:00,U215
H007362,O12361,3-Proposal,6-Closed Lost,2025-11-16 00:00:00,U215
H007363,O12362,,2-Qualified,2024-10-21 00:00:00,U202
H007364,O12362,2-Qualified,3-Proposal,2024-11-21 00:00:00,U202
H007365,O12362,3-Proposal,6-Closed Lost,2024-12-21 00:00:00,U202
H007366,O12363,,2-Qualified,2025-07-19 00:00:00,U213
H007367,O12363,2-Qualified,3-Proposal,2025-08-10 00:00:00,U213
H007368,O12363,3-Proposal,4-Negotiation,2025-08-24 00:00:00,U213
H007369,O12363,4-Negotiation,5-Closed Won,2025-09-09 00:00:00,U213
H007370,O12364,,2-Qualified,2025-03-11 00:00:00,U215
H007371,O12364,2-Qualified,3-Proposal,2025-04-17 00:00:00,U215
H007372,O12364,3-Proposal,4-Negotiation,2025-05-25 00:00:00,U215
H007373,O12364,4-Negotiation,5-Closed Won,2025-07-18 00:00:00,U215
H007374,O12365,,2-Qualified,2026-01-16 00:00:00,U210
H007375,O12365,2-Qualified,3-Proposal,2026-01-31 00:00:00,U210
H007376,O12365,3-Proposal,4-Negotiation,2026-02-15 00:00:00,U210
H007377,O12365,4-Negotiation,6-Closed Lost,2026-02-19 00:00:00,U210
H007378,O12366,,2-Qualified,2025-10-23 00:00:00,U217
H007379,O12366,2-Qualified,3-Proposal,2025-12-01 00:00:00,U217
H007380,O12366,3-Proposal,6-Closed Lost,2026-01-09 00:00:00,U217
H007381,O12367,,2-Qualified,2024-09-30 00:00:00,U202
H007382,O12367,2-Qualified,3-Proposal,2024-10-25 00:00:00,U202
H007383,O12367,3-Proposal,6-Closed Lost,2024-11-17 00:00:00,U202
H007384,O12368,,2-Qualified,2025-08-21 00:00:00,U202
H007385,O12368,2-Qualified,3-Proposal,2025-09-05 00:00:00,U202
H007386,O12368,3-Proposal,4-Negotiation,2025-09-22 00:00:00,U202
H007387,O12368,4-Negotiation,5-Closed Won,2025-10-10 00:00:00,U202
H007388,O12369,,2-Qualified,2025-11-28 00:00:00,U214
H007389,O12369,2-Qualified,3-Proposal,2025-11-29 00:00:00,U214
H007390,O12369,3-Proposal,4-Negotiation,2025-11-30 00:00:00,U214
H007391,O12369,4-Negotiation,5-Closed Won,2025-12-02 00:00:00,U214
H007392,O12370,,2-Qualified,2024-06-09 00:00:00,U211
H007393,O12370,2-Qualified,3-Proposal,2024-08-24 00:00:00,U211
H007394,O12370,3-Proposal,6-Closed Lost,2024-10-24 00:00:00,U211
H007395,O12371,,2-Qualified,2024-07-09 00:00:00,U207
H007396,O12371,2-Qualified,6-Closed Lost,2024-09-19 00:00:00,U207
H007397,O12372,,2-Qualified,2024-07-09 00:00:00,U219
H007398,O12372,2-Qualified,3-Proposal,2024-07-21 00:00:00,U219
H007399,O12372,3-Proposal,4-Negotiation,2024-08-14 00:00:00,U219
H007400,O12372,4-Negotiation,5-Closed Won,2024-09-09 00:00:00,U219
H007401,O12373,,2-Qualified,2024-03-14 00:00:00,U216
H007402,O12373,2-Qualified,3-Proposal,2024-03-29 00:00:00,U216
H007403,O12373,3-Proposal,4-Negotiation,2024-04-23 00:00:00,U216
H007404,O12373,4-Negotiation,5-Closed Won,2024-05-06 00:00:00,U216
H007405,O12374,,2-Qualified,2025-08-21 00:00:00,U217
H007406,O12374,2-Qualified,6-Closed Lost,2025-10-08 00:00:00,U217
H007407,O12375,,2-Qualified,2025-12-21 00:00:00,U210
H007408,O12375,2-Qualified,3-Proposal,2026-02-14 00:00:00,U210
H007409,O12375,3-Proposal,4-Negotiation,2026-04-06 00:00:00,U210
H007410,O12375,4-Negotiation,5-Closed Won,2026-04-27 00:00:00,U210
H007411,O12376,,2-Qualified,2024-04-18 00:00:00,U216
H007412,O12376,2-Qualified,3-Proposal,2024-05-13 00:00:00,U216
H007413,O12376,3-Proposal,4-Negotiation,2024-05-29 00:00:00,U216
H007414,O12376,4-Negotiation,5-Closed Won,2024-06-14 00:00:00,U216
H007415,O12377,,2-Qualified,2024-04-14 00:00:00,U217
H007416,O12377,2-Qualified,3-Proposal,2024-05-07 00:00:00,U217
H007417,O12377,3-Proposal,4-Negotiation,2024-06-01 00:00:00,U217
H007418,O12377,4-Negotiation,5-Closed Won,2024-06-28 00:00:00,U217
H007419,O12378,,2-Qualified,2025-02-20 00:00:00,U215
H007420,O12378,2-Qualified,3-Proposal,2025-03-12 00:00:00,U215
H007421,O12378,3-Proposal,4-Negotiation,2025-03-29 00:00:00,U215
H007422,O12378,4-Negotiation,5-Closed Won,2025-04-26 00:00:00,U215
H007423,O12379,,2-Qualified,2026-02-04 00:00:00,U220
H007424,O12379,2-Qualified,3-Proposal,2026-03-17 00:00:00,U220
H007425,O12379,3-Proposal,4-Negotiation,2026-05-05 00:00:00,U220
H007426,O12379,4-Negotiation,6-Closed Lost,2026-06-23 00:00:00,U220
H007427,O12380,,2-Qualified,2025-01-23 00:00:00,U214
H007428,O12380,2-Qualified,6-Closed Lost,2025-03-05 00:00:00,U214
H007429,O12381,,2-Qualified,2026-02-03 00:00:00,U212
H007430,O12381,2-Qualified,3-Proposal,2026-02-06 00:00:00,U212
H007431,O12381,3-Proposal,4-Negotiation,2026-02-09 00:00:00,U212
H007432,O12381,4-Negotiation,6-Closed Lost,2026-02-12 00:00:00,U212
H007433,O12382,,2-Qualified,2025-06-01 00:00:00,U218
H007434,O12382,2-Qualified,3-Proposal,2025-06-21 00:00:00,U218
H007435,O12382,3-Proposal,4-Negotiation,2025-07-31 00:00:00,U218
H007436,O12382,4-Negotiation,5-Closed Won,2025-08-23 00:00:00,U218
H007437,O12383,,2-Qualified,2025-09-07 00:00:00,U200
H007438,O12383,2-Qualified,3-Proposal,2025-11-28 00:00:00,U200
H007439,O12383,3-Proposal,6-Closed Lost,2026-01-24 00:00:00,U200
H007440,O12384,,2-Qualified,2025-03-13 00:00:00,U209
H007441,O12384,2-Qualified,3-Proposal,2025-04-19 00:00:00,U209
H007442,O12384,3-Proposal,4-Negotiation,2025-06-16 00:00:00,U209
H007443,O12384,4-Negotiation,5-Closed Won,2025-07-21 00:00:00,U209
H007444,O12385,,2-Qualified,2024-03-14 00:00:00,U200
H007445,O12385,2-Qualified,3-Proposal,2024-04-06 00:00:00,U200
H007446,O12385,3-Proposal,4-Negotiation,2024-04-27 00:00:00,U200
H007447,O12385,4-Negotiation,5-Closed Won,2024-05-14 00:00:00,U200
H007448,O12386,,2-Qualified,2026-03-08 00:00:00,U214
H007449,O12386,2-Qualified,3-Proposal,2026-03-26 00:00:00,U214
H007450,O12386,3-Proposal,6-Closed Lost,2026-04-17 00:00:00,U214
H007451,O12387,,2-Qualified,2025-01-06 00:00:00,U215
H007452,O12387,2-Qualified,3-Proposal,2025-01-18 00:00:00,U215
H007453,O12387,3-Proposal,4-Negotiation,2025-02-02 00:00:00,U215
H007454,O12387,4-Negotiation,6-Closed Lost,2025-02-22 00:00:00,U215
H007455,O12388,,2-Qualified,2025-12-31 00:00:00,U213
H007456,O12388,2-Qualified,6-Closed Lost,2026-02-08 00:00:00,U213
H007457,O12389,,2-Qualified,2025-06-12 00:00:00,U201
H007458,O12389,2-Qualified,3-Proposal,2025-07-04 00:00:00,U201
H007459,O12389,3-Proposal,6-Closed Lost,2025-07-24 00:00:00,U201
H007460,O12390,,2-Qualified,2025-10-12 00:00:00,U218
H007461,O12390,2-Qualified,3-Proposal,2025-11-07 00:00:00,U218
H007462,O12390,3-Proposal,4-Negotiation,2025-12-27 00:00:00,U218
H007463,O12390,4-Negotiation,5-Closed Won,2026-02-03 00:00:00,U218
H007464,O12391,,2-Qualified,2025-01-12 00:00:00,U213
H007465,O12391,2-Qualified,3-Proposal,2025-03-02 00:00:00,U213
H007466,O12391,3-Proposal,4-Negotiation,2025-03-28 00:00:00,U213
H007467,O12391,4-Negotiation,5-Closed Won,2025-04-29 00:00:00,U213
H007468,O12392,,2-Qualified,2026-08-28 00:00:00,U200
H007469,O12392,2-Qualified,3-Proposal,2026-10-23 00:00:00,U200
H007470,O12393,,2-Qualified,2024-07-05 00:00:00,U223
H007471,O12393,2-Qualified,3-Proposal,2024-07-31 00:00:00,U223
H007472,O12393,3-Proposal,4-Negotiation,2024-08-15 00:00:00,U223
H007473,O12393,4-Negotiation,5-Closed Won,2024-09-08 00:00:00,U223
H007474,O12394,,2-Qualified,2025-04-19 00:00:00,U206
H007475,O12394,2-Qualified,3-Proposal,2025-04-21 00:00:00,U206
H007476,O12394,3-Proposal,4-Negotiation,2025-04-22 00:00:00,U206
H007477,O12394,4-Negotiation,5-Closed Won,2025-04-23 00:00:00,U206
H007478,O12395,,2-Qualified,2024-07-20 00:00:00,U208
H007479,O12395,2-Qualified,3-Proposal,2024-08-24 00:00:00,U208
H007480,O12395,3-Proposal,4-Negotiation,2024-09-28 00:00:00,U208
H007481,O12395,4-Negotiation,5-Closed Won,2024-10-31 00:00:00,U208
H007482,O12396,,2-Qualified,2025-07-18 00:00:00,U211
H007483,O12396,2-Qualified,3-Proposal,2025-08-29 00:00:00,U211
H007484,O12396,3-Proposal,4-Negotiation,2025-10-15 00:00:00,U211
H007485,O12396,4-Negotiation,6-Closed Lost,2025-12-14 00:00:00,U211
H007486,O12398,,2-Qualified,2024-05-27 00:00:00,U214
H007487,O12398,2-Qualified,3-Proposal,2024-06-13 00:00:00,U214
H007488,O12398,3-Proposal,6-Closed Lost,2024-07-04 00:00:00,U214
H007489,O12399,,2-Qualified,2026-07-15 00:00:00,U219
H007490,O12400,,2-Qualified,2025-06-22 00:00:00,U208
H007491,O12400,2-Qualified,3-Proposal,2025-07-20 00:00:00,U208
H007492,O12400,3-Proposal,4-Negotiation,2025-09-14 00:00:00,U208
H007493,O12400,4-Negotiation,6-Closed Lost,2025-10-13 00:00:00,U208
H007494,O12401,,2-Qualified,2024-11-07 00:00:00,U206
H007495,O12401,2-Qualified,3-Proposal,2024-12-01 00:00:00,U206
H007496,O12401,3-Proposal,4-Negotiation,2024-12-27 00:00:00,U206
H007497,O12401,4-Negotiation,5-Closed Won,2025-01-13 00:00:00,U206
H007498,O12402,,2-Qualified,2025-06-01 00:00:00,U217
H007499,O12402,2-Qualified,3-Proposal,2025-06-24 00:00:00,U217
H007500,O12402,3-Proposal,4-Negotiation,2025-07-22 00:00:00,U217
H007501,O12402,4-Negotiation,6-Closed Lost,2025-08-08 00:00:00,U217
H007502,O12403,,2-Qualified,2024-03-31 00:00:00,U211
H007503,O12403,2-Qualified,3-Proposal,2024-04-28 00:00:00,U211
H007504,O12403,3-Proposal,4-Negotiation,2024-05-20 00:00:00,U211
H007505,O12403,4-Negotiation,5-Closed Won,2024-06-04 00:00:00,U211
H007506,O12405,,2-Qualified,2025-10-15 00:00:00,U216
H007507,O12405,2-Qualified,3-Proposal,2025-10-18 00:00:00,U216
H007508,O12405,3-Proposal,4-Negotiation,2025-10-21 00:00:00,U216
H007509,O12405,4-Negotiation,5-Closed Won,2025-10-25 00:00:00,U216
H007510,O12406,,2-Qualified,2025-11-04 00:00:00,U206
H007511,O12406,2-Qualified,3-Proposal,2025-11-15 00:00:00,U206
H007512,O12406,3-Proposal,4-Negotiation,2025-12-04 00:00:00,U206
H007513,O12406,4-Negotiation,5-Closed Won,2025-12-25 00:00:00,U206
H007514,O12407,,2-Qualified,2024-11-26 00:00:00,U219
H007515,O12407,2-Qualified,3-Proposal,2025-01-01 00:00:00,U219
H007516,O12407,3-Proposal,4-Negotiation,2025-01-23 00:00:00,U219
H007517,O12407,4-Negotiation,5-Closed Won,2025-03-05 00:00:00,U219
H007518,O12408,,2-Qualified,2024-12-08 00:00:00,U209
H007519,O12408,2-Qualified,3-Proposal,2024-12-10 00:00:00,U209
H007520,O12408,3-Proposal,4-Negotiation,2024-12-11 00:00:00,U209
H007521,O12408,4-Negotiation,5-Closed Won,2024-12-13 00:00:00,U209
H007522,O12409,,2-Qualified,2024-11-01 00:00:00,U216
H007523,O12409,2-Qualified,6-Closed Lost,2024-12-19 00:00:00,U216
H007524,O12410,,2-Qualified,2025-05-12 00:00:00,U200
H007525,O12410,2-Qualified,3-Proposal,2025-05-18 00:00:00,U200
H007526,O12410,3-Proposal,4-Negotiation,2025-05-21 00:00:00,U200
H007527,O12410,4-Negotiation,5-Closed Won,2025-05-24 00:00:00,U200
H007528,O12411,,2-Qualified,2025-11-12 00:00:00,U203
H007529,O12411,2-Qualified,3-Proposal,2025-11-21 00:00:00,U203
H007530,O12411,3-Proposal,4-Negotiation,2025-12-09 00:00:00,U203
H007531,O12411,4-Negotiation,5-Closed Won,2025-12-17 00:00:00,U203
H007532,O12412,,2-Qualified,2024-05-05 00:00:00,U207
H007533,O12412,2-Qualified,3-Proposal,2024-05-27 00:00:00,U207
H007534,O12412,3-Proposal,4-Negotiation,2024-06-27 00:00:00,U207
H007535,O12412,4-Negotiation,5-Closed Won,2024-07-24 00:00:00,U207
H007536,O12413,,2-Qualified,2026-01-01 00:00:00,U215
H007537,O12413,2-Qualified,3-Proposal,2026-01-07 00:00:00,U215
H007538,O12413,3-Proposal,4-Negotiation,2026-01-11 00:00:00,U215
H007539,O12413,4-Negotiation,5-Closed Won,2026-01-20 00:00:00,U215
H007540,O12414,,2-Qualified,2024-11-20 00:00:00,U212
H007541,O12414,2-Qualified,3-Proposal,2024-12-08 00:00:00,U212
H007542,O12414,3-Proposal,4-Negotiation,2025-01-06 00:00:00,U212
H007543,O12414,4-Negotiation,5-Closed Won,2025-01-29 00:00:00,U212
H007544,O12415,,2-Qualified,2025-07-21 00:00:00,U210
H007545,O12415,2-Qualified,3-Proposal,2025-08-20 00:00:00,U210
H007546,O12415,3-Proposal,4-Negotiation,2025-09-06 00:00:00,U210
H007547,O12415,4-Negotiation,5-Closed Won,2025-09-29 00:00:00,U210
H007548,O12418,,2-Qualified,2026-02-20 00:00:00,U211
H007549,O12418,2-Qualified,3-Proposal,2026-03-06 00:00:00,U211
H007550,O12418,3-Proposal,4-Negotiation,2026-03-17 00:00:00,U211
H007551,O12418,4-Negotiation,5-Closed Won,2026-03-30 00:00:00,U211
H007552,O12419,,2-Qualified,2026-01-02 00:00:00,U211
H007553,O12419,2-Qualified,3-Proposal,2026-02-06 00:00:00,U211
H007554,O12419,3-Proposal,4-Negotiation,2026-03-04 00:00:00,U211
H007555,O12419,4-Negotiation,5-Closed Won,2026-03-29 00:00:00,U211
H007556,O12420,,2-Qualified,2024-04-21 00:00:00,U222
H007557,O12420,2-Qualified,3-Proposal,2024-05-04 00:00:00,U222
H007558,O12420,3-Proposal,4-Negotiation,2024-05-19 00:00:00,U222
H007559,O12420,4-Negotiation,5-Closed Won,2024-06-08 00:00:00,U222
H007560,O12421,,2-Qualified,2025-03-28 00:00:00,U215
H007561,O12421,2-Qualified,3-Proposal,2025-05-17 00:00:00,U215
H007562,O12421,3-Proposal,4-Negotiation,2025-06-14 00:00:00,U215
H007563,O12421,4-Negotiation,5-Closed Won,2025-07-12 00:00:00,U215
H007564,O12422,,2-Qualified,2024-07-15 00:00:00,U214
H007565,O12422,2-Qualified,6-Closed Lost,2024-08-05 00:00:00,U214
H007566,O12423,,2-Qualified,2024-05-18 00:00:00,U217
H007567,O12423,2-Qualified,3-Proposal,2024-06-12 00:00:00,U217
H007568,O12423,3-Proposal,4-Negotiation,2024-07-22 00:00:00,U217
H007569,O12423,4-Negotiation,5-Closed Won,2024-08-16 00:00:00,U217
H007570,O12424,,2-Qualified,2026-03-21 00:00:00,U207
H007571,O12424,2-Qualified,3-Proposal,2026-04-12 00:00:00,U207
H007572,O12424,3-Proposal,4-Negotiation,2026-05-19 00:00:00,U207
H007573,O12424,4-Negotiation,6-Closed Lost,2026-06-20 00:00:00,U207
H007574,O12425,,2-Qualified,2024-05-03 00:00:00,U204
H007575,O12425,2-Qualified,3-Proposal,2024-05-23 00:00:00,U204
H007576,O12425,3-Proposal,4-Negotiation,2024-07-04 00:00:00,U204
H007577,O12425,4-Negotiation,5-Closed Won,2024-08-04 00:00:00,U204
H007578,O12426,,2-Qualified,2025-09-20 00:00:00,U219
H007579,O12426,2-Qualified,3-Proposal,2025-09-21 00:00:00,U219
H007580,O12426,3-Proposal,4-Negotiation,2025-09-23 00:00:00,U219
H007581,O12426,4-Negotiation,5-Closed Won,2025-09-25 00:00:00,U219
H007582,O12427,,2-Qualified,2025-04-28 00:00:00,U209
H007583,O12427,2-Qualified,3-Proposal,2025-04-29 00:00:00,U209
H007584,O12427,3-Proposal,4-Negotiation,2025-05-01 00:00:00,U209
H007585,O12427,4-Negotiation,5-Closed Won,2025-05-02 00:00:00,U209
H007586,O12428,,2-Qualified,2024-08-07 00:00:00,U200
H007587,O12428,2-Qualified,3-Proposal,2024-08-25 00:00:00,U200
H007588,O12428,3-Proposal,6-Closed Lost,2024-09-24 00:00:00,U200
H007589,O12429,,2-Qualified,2026-05-02 00:00:00,U213
H007590,O12429,2-Qualified,3-Proposal,2026-05-22 00:00:00,U213
H007591,O12429,3-Proposal,6-Closed Lost,2026-06-02 00:00:00,U213
H007592,O12430,,2-Qualified,2025-09-02 00:00:00,U219
H007593,O12430,2-Qualified,3-Proposal,2025-09-15 00:00:00,U219
H007594,O12430,3-Proposal,4-Negotiation,2025-09-28 00:00:00,U219
H007595,O12430,4-Negotiation,5-Closed Won,2025-10-18 00:00:00,U219
H007596,O12431,,2-Qualified,2025-03-25 00:00:00,U210
H007597,O12431,2-Qualified,3-Proposal,2025-03-29 00:00:00,U210
H007598,O12431,3-Proposal,4-Negotiation,2025-04-03 00:00:00,U210
H007599,O12431,4-Negotiation,5-Closed Won,2025-04-06 00:00:00,U210
H007600,O12432,,2-Qualified,2025-08-13 00:00:00,U214
H007601,O12432,2-Qualified,6-Closed Lost,2025-09-15 00:00:00,U214
H007602,O12433,,2-Qualified,2026-01-10 00:00:00,U207
H007603,O12433,2-Qualified,6-Closed Lost,2026-02-21 00:00:00,U207
H007604,O12435,,2-Qualified,2024-08-01 00:00:00,U217
H007605,O12435,2-Qualified,3-Proposal,2024-08-31 00:00:00,U217
H007606,O12435,3-Proposal,4-Negotiation,2024-10-06 00:00:00,U217
H007607,O12435,4-Negotiation,5-Closed Won,2024-10-29 00:00:00,U217
H007608,O12436,,2-Qualified,2024-12-21 00:00:00,U210
H007609,O12436,2-Qualified,6-Closed Lost,2025-01-11 00:00:00,U210
H007610,O12437,,2-Qualified,2024-06-19 00:00:00,U212
H007611,O12437,2-Qualified,6-Closed Lost,2024-06-22 00:00:00,U212
H007612,O12438,,2-Qualified,2024-03-21 00:00:00,U210
H007613,O12438,2-Qualified,3-Proposal,2024-05-11 00:00:00,U210
H007614,O12438,3-Proposal,6-Closed Lost,2024-06-10 00:00:00,U210
H007615,O12439,,2-Qualified,2025-12-17 00:00:00,U220
H007616,O12439,2-Qualified,3-Proposal,2026-01-17 00:00:00,U220
H007617,O12439,3-Proposal,4-Negotiation,2026-02-06 00:00:00,U220
H007618,O12439,4-Negotiation,5-Closed Won,2026-03-11 00:00:00,U220
H007619,O12440,,2-Qualified,2024-04-08 00:00:00,U217
H007620,O12440,2-Qualified,3-Proposal,2024-05-06 00:00:00,U217
H007621,O12440,3-Proposal,4-Negotiation,2024-05-25 00:00:00,U217
H007622,O12440,4-Negotiation,6-Closed Lost,2024-06-12 00:00:00,U217
H007623,O12441,,2-Qualified,2025-12-08 00:00:00,U207
H007624,O12441,2-Qualified,6-Closed Lost,2026-02-07 00:00:00,U207
H007625,O12442,,2-Qualified,2026-04-05 00:00:00,U213
H007626,O12442,2-Qualified,6-Closed Lost,2026-05-28 00:00:00,U213
H007627,O12443,,2-Qualified,2024-12-24 00:00:00,U215
H007628,O12443,2-Qualified,3-Proposal,2025-02-25 00:00:00,U215
H007629,O12443,3-Proposal,6-Closed Lost,2025-03-31 00:00:00,U215
H007630,O12444,,2-Qualified,2025-02-15 00:00:00,U205
H007631,O12444,2-Qualified,3-Proposal,2025-03-19 00:00:00,U205
H007632,O12444,3-Proposal,4-Negotiation,2025-04-27 00:00:00,U205
H007633,O12444,4-Negotiation,5-Closed Won,2025-05-21 00:00:00,U205
H007634,O12445,,2-Qualified,2024-12-20 00:00:00,U211
H007635,O12445,2-Qualified,3-Proposal,2024-12-21 00:00:00,U211
H007636,O12445,3-Proposal,4-Negotiation,2024-12-23 00:00:00,U211
H007637,O12445,4-Negotiation,5-Closed Won,2024-12-24 00:00:00,U211
H007638,O12446,,2-Qualified,2025-09-06 00:00:00,U216
H007639,O12446,2-Qualified,3-Proposal,2025-09-26 00:00:00,U216
H007640,O12446,3-Proposal,4-Negotiation,2025-10-11 00:00:00,U216
H007641,O12446,4-Negotiation,5-Closed Won,2025-10-25 00:00:00,U216
H007642,O12447,,2-Qualified,2025-04-27 00:00:00,U206
H007643,O12447,2-Qualified,3-Proposal,2025-04-29 00:00:00,U206
H007644,O12447,3-Proposal,4-Negotiation,2025-04-30 00:00:00,U206
H007645,O12447,4-Negotiation,5-Closed Won,2025-05-02 00:00:00,U206
H007646,O12448,,2-Qualified,2026-07-31 00:00:00,U208
H007647,O12448,2-Qualified,3-Proposal,2026-10-01 00:00:00,U208
H007648,O12449,,2-Qualified,2025-09-08 00:00:00,U205
H007649,O12449,2-Qualified,3-Proposal,2025-11-20 00:00:00,U205
H007650,O12449,3-Proposal,6-Closed Lost,2026-01-11 00:00:00,U205
H007651,O12450,,2-Qualified,2025-04-30 00:00:00,U210
H007652,O12450,2-Qualified,3-Proposal,2025-05-09 00:00:00,U210
H007653,O12450,3-Proposal,4-Negotiation,2025-05-29 00:00:00,U210
H007654,O12450,4-Negotiation,6-Closed Lost,2025-06-13 00:00:00,U210
H007655,O12451,,2-Qualified,2026-05-06 00:00:00,U211
H007656,O12451,2-Qualified,3-Proposal,2026-05-20 00:00:00,U211
H007657,O12451,3-Proposal,4-Negotiation,2026-06-06 00:00:00,U211
H007658,O12451,4-Negotiation,5-Closed Won,2026-06-11 00:00:00,U211
H007659,O12452,,2-Qualified,2025-06-22 00:00:00,U211
H007660,O12452,2-Qualified,3-Proposal,2025-07-21 00:00:00,U211
H007661,O12452,3-Proposal,4-Negotiation,2025-08-22 00:00:00,U211
H007662,O12452,4-Negotiation,5-Closed Won,2025-09-12 00:00:00,U211
H007663,O12453,,2-Qualified,2024-05-07 00:00:00,U211
H007664,O12453,2-Qualified,3-Proposal,2024-05-19 00:00:00,U211
H007665,O12453,3-Proposal,4-Negotiation,2024-05-30 00:00:00,U211
H007666,O12453,4-Negotiation,5-Closed Won,2024-06-13 00:00:00,U211
H007667,O12454,,2-Qualified,2024-11-29 00:00:00,U215
H007668,O12454,2-Qualified,3-Proposal,2024-12-18 00:00:00,U215
H007669,O12454,3-Proposal,4-Negotiation,2025-01-10 00:00:00,U215
H007670,O12454,4-Negotiation,5-Closed Won,2025-01-26 00:00:00,U215
H007671,O12455,,2-Qualified,2026-04-11 00:00:00,U214
H007672,O12455,2-Qualified,3-Proposal,2026-05-18 00:00:00,U214
H007673,O12455,3-Proposal,6-Closed Lost,2026-06-08 00:00:00,U214
H007674,O12456,,2-Qualified,2025-11-08 00:00:00,U216
H007675,O12456,2-Qualified,3-Proposal,2025-12-04 00:00:00,U216
H007676,O12456,3-Proposal,4-Negotiation,2026-01-10 00:00:00,U216
H007677,O12456,4-Negotiation,5-Closed Won,2026-01-31 00:00:00,U216
H007678,O12457,,2-Qualified,2025-01-20 00:00:00,U203
H007679,O12457,2-Qualified,3-Proposal,2025-02-19 00:00:00,U203
H007680,O12457,3-Proposal,4-Negotiation,2025-04-01 00:00:00,U203
H007681,O12457,4-Negotiation,5-Closed Won,2025-05-27 00:00:00,U203
H007682,O12458,,2-Qualified,2025-09-09 00:00:00,U219
H007683,O12458,2-Qualified,3-Proposal,2025-09-13 00:00:00,U219
H007684,O12458,3-Proposal,6-Closed Lost,2025-09-16 00:00:00,U219
H007685,O12459,,2-Qualified,2024-02-04 00:00:00,U215
H007686,O12459,2-Qualified,3-Proposal,2024-02-18 00:00:00,U215
H007687,O12459,3-Proposal,4-Negotiation,2024-02-24 00:00:00,U215
H007688,O12459,4-Negotiation,5-Closed Won,2024-03-05 00:00:00,U215
H007689,O12461,,2-Qualified,2025-08-31 00:00:00,U203
H007690,O12461,2-Qualified,3-Proposal,2025-09-19 00:00:00,U203
H007691,O12461,3-Proposal,4-Negotiation,2025-10-05 00:00:00,U203
H007692,O12461,4-Negotiation,5-Closed Won,2025-10-16 00:00:00,U203
H007693,O12462,,2-Qualified,2025-11-01 00:00:00,U223
H007694,O12462,2-Qualified,3-Proposal,2025-11-15 00:00:00,U223
H007695,O12462,3-Proposal,4-Negotiation,2025-12-05 00:00:00,U223
H007696,O12462,4-Negotiation,6-Closed Lost,2025-12-25 00:00:00,U223
H007697,O12463,,2-Qualified,2026-05-30 00:00:00,U214
H007698,O12463,2-Qualified,6-Closed Lost,2026-06-25 00:00:00,U214
H007699,O12464,,2-Qualified,2024-12-27 00:00:00,U205
H007700,O12464,2-Qualified,3-Proposal,2025-01-08 00:00:00,U205
H007701,O12464,3-Proposal,4-Negotiation,2025-01-27 00:00:00,U205
H007702,O12464,4-Negotiation,6-Closed Lost,2025-02-10 00:00:00,U205
H007703,O12465,,2-Qualified,2025-12-24 00:00:00,U216
H007704,O12465,2-Qualified,3-Proposal,2026-01-09 00:00:00,U216
H007705,O12465,3-Proposal,4-Negotiation,2026-02-02 00:00:00,U216
H007706,O12465,4-Negotiation,5-Closed Won,2026-02-25 00:00:00,U216
H007707,O12466,,2-Qualified,2024-03-09 00:00:00,U211
H007708,O12466,2-Qualified,3-Proposal,2024-03-10 00:00:00,U211
H007709,O12466,3-Proposal,4-Negotiation,2024-03-11 00:00:00,U211
H007710,O12466,4-Negotiation,5-Closed Won,2024-03-13 00:00:00,U211
H007711,O12467,,2-Qualified,2024-06-04 00:00:00,U207
H007712,O12467,2-Qualified,3-Proposal,2024-07-05 00:00:00,U207
H007713,O12467,3-Proposal,4-Negotiation,2024-08-01 00:00:00,U207
H007714,O12467,4-Negotiation,5-Closed Won,2024-08-21 00:00:00,U207
H007715,O12468,,2-Qualified,2025-10-15 00:00:00,U211
H007716,O12468,2-Qualified,6-Closed Lost,2025-11-10 00:00:00,U211
H007717,O12469,,2-Qualified,2024-09-17 00:00:00,U213
H007718,O12469,2-Qualified,3-Proposal,2024-10-05 00:00:00,U213
H007719,O12469,3-Proposal,4-Negotiation,2024-10-20 00:00:00,U213
H007720,O12469,4-Negotiation,5-Closed Won,2024-10-28 00:00:00,U213
H007721,O12470,,2-Qualified,2026-10-20 00:00:00,U206
H007722,O12471,,2-Qualified,2026-03-03 00:00:00,U209
H007723,O12471,2-Qualified,6-Closed Lost,2026-04-06 00:00:00,U209
H007724,O12472,,2-Qualified,2024-11-25 00:00:00,U212
H007725,O12472,2-Qualified,3-Proposal,2025-01-02 00:00:00,U212
H007726,O12472,3-Proposal,6-Closed Lost,2025-02-14 00:00:00,U212
H007727,O12473,,2-Qualified,2024-09-19 00:00:00,U208
H007728,O12473,2-Qualified,3-Proposal,2024-10-26 00:00:00,U208
H007729,O12473,3-Proposal,4-Negotiation,2024-11-17 00:00:00,U208
H007730,O12473,4-Negotiation,5-Closed Won,2024-12-07 00:00:00,U208
H007731,O12474,,2-Qualified,2024-09-05 00:00:00,U217
H007732,O12474,2-Qualified,3-Proposal,2024-09-12 00:00:00,U217
H007733,O12474,3-Proposal,4-Negotiation,2024-09-27 00:00:00,U217
H007734,O12474,4-Negotiation,5-Closed Won,2024-10-08 00:00:00,U217
H007735,O12475,,2-Qualified,2024-10-01 00:00:00,U217
H007736,O12475,2-Qualified,3-Proposal,2024-10-29 00:00:00,U217
H007737,O12475,3-Proposal,6-Closed Lost,2024-12-09 00:00:00,U217
H007738,O12476,,2-Qualified,2024-12-01 00:00:00,U201
H007739,O12476,2-Qualified,3-Proposal,2024-12-12 00:00:00,U201
H007740,O12476,3-Proposal,6-Closed Lost,2024-12-27 00:00:00,U201
H007741,O12478,,2-Qualified,2024-06-15 00:00:00,U206
H007742,O12478,2-Qualified,3-Proposal,2024-06-18 00:00:00,U206
H007743,O12478,3-Proposal,4-Negotiation,2024-06-20 00:00:00,U206
H007744,O12478,4-Negotiation,5-Closed Won,2024-06-23 00:00:00,U206
H007745,O12479,,2-Qualified,2026-02-05 00:00:00,U219
H007746,O12479,2-Qualified,3-Proposal,2026-03-06 00:00:00,U219
H007747,O12479,3-Proposal,4-Negotiation,2026-04-04 00:00:00,U219
H007748,O12479,4-Negotiation,5-Closed Won,2026-04-18 00:00:00,U219
H007749,O12480,,2-Qualified,2024-06-16 00:00:00,U217
H007750,O12480,2-Qualified,3-Proposal,2024-07-06 00:00:00,U217
H007751,O12480,3-Proposal,4-Negotiation,2024-07-23 00:00:00,U217
H007752,O12480,4-Negotiation,5-Closed Won,2024-07-29 00:00:00,U217
H007753,O12481,,2-Qualified,2025-09-03 00:00:00,U220
H007754,O12481,2-Qualified,3-Proposal,2025-11-13 00:00:00,U220
H007755,O12481,3-Proposal,6-Closed Lost,2026-01-08 00:00:00,U220
H007756,O12482,,2-Qualified,2024-05-20 00:00:00,U211
H007757,O12482,2-Qualified,6-Closed Lost,2024-05-25 00:00:00,U211
H007758,O12483,,2-Qualified,2025-12-26 00:00:00,U214
H007759,O12483,2-Qualified,3-Proposal,2026-01-02 00:00:00,U214
H007760,O12483,3-Proposal,6-Closed Lost,2026-01-12 00:00:00,U214
H007761,O12484,,2-Qualified,2025-06-16 00:00:00,U212
H007762,O12484,2-Qualified,3-Proposal,2025-06-26 00:00:00,U212
H007763,O12484,3-Proposal,4-Negotiation,2025-07-12 00:00:00,U212
H007764,O12484,4-Negotiation,5-Closed Won,2025-07-24 00:00:00,U212
H007765,O12485,,2-Qualified,2025-12-25 00:00:00,U223
H007766,O12485,2-Qualified,3-Proposal,2026-02-18 00:00:00,U223
H007767,O12485,3-Proposal,6-Closed Lost,2026-04-04 00:00:00,U223
H007768,O12486,,2-Qualified,2026-05-17 00:00:00,U211
H007769,O12486,2-Qualified,3-Proposal,2026-06-14 00:00:00,U211
H007770,O12486,3-Proposal,4-Negotiation,2026-07-09 00:00:00,U211
H007771,O12487,,2-Qualified,2026-11-05 00:00:00,U202
H007772,O12488,,2-Qualified,2025-12-04 00:00:00,U205
H007773,O12488,2-Qualified,3-Proposal,2026-01-19 00:00:00,U205
H007774,O12488,3-Proposal,4-Negotiation,2026-02-27 00:00:00,U205
H007775,O12488,4-Negotiation,6-Closed Lost,2026-04-04 00:00:00,U205
H007776,O12489,,2-Qualified,2026-06-02 00:00:00,U214
H007777,O12489,2-Qualified,3-Proposal,2026-06-28 00:00:00,U214
H007778,O12489,3-Proposal,4-Negotiation,2026-07-09 00:00:00,U214
H007779,O12490,,2-Qualified,2024-08-05 00:00:00,U217
H007780,O12490,2-Qualified,3-Proposal,2024-09-02 00:00:00,U217
H007781,O12490,3-Proposal,4-Negotiation,2024-10-09 00:00:00,U217
H007782,O12490,4-Negotiation,5-Closed Won,2024-11-07 00:00:00,U217
H007783,O12491,,2-Qualified,2024-06-04 00:00:00,U221
H007784,O12491,2-Qualified,6-Closed Lost,2024-06-09 00:00:00,U221
H007785,O12492,,2-Qualified,2025-07-30 00:00:00,U200
H007786,O12492,2-Qualified,3-Proposal,2025-08-31 00:00:00,U200
H007787,O12492,3-Proposal,4-Negotiation,2025-09-30 00:00:00,U200
H007788,O12492,4-Negotiation,5-Closed Won,2025-10-13 00:00:00,U200
H007789,O12493,,2-Qualified,2025-01-07 00:00:00,U207
H007790,O12493,2-Qualified,3-Proposal,2025-01-08 00:00:00,U207
H007791,O12493,3-Proposal,4-Negotiation,2025-01-10 00:00:00,U207
H007792,O12493,4-Negotiation,5-Closed Won,2025-01-12 00:00:00,U207
H007793,O12495,,2-Qualified,2024-10-20 00:00:00,U210
H007794,O12495,2-Qualified,3-Proposal,2024-10-25 00:00:00,U210
H007795,O12495,3-Proposal,4-Negotiation,2024-10-30 00:00:00,U210
H007796,O12495,4-Negotiation,5-Closed Won,2024-11-02 00:00:00,U210
H007797,O12496,,2-Qualified,2025-12-13 00:00:00,U211
H007798,O12496,2-Qualified,6-Closed Lost,2026-01-11 00:00:00,U211
H007799,O12497,,2-Qualified,2024-09-23 00:00:00,U216
H007800,O12497,2-Qualified,6-Closed Lost,2024-11-22 00:00:00,U216
H007801,O12498,,2-Qualified,2024-11-04 00:00:00,U223
H007802,O12498,2-Qualified,3-Proposal,2024-11-06 00:00:00,U223
H007803,O12498,3-Proposal,4-Negotiation,2024-11-07 00:00:00,U223
H007804,O12498,4-Negotiation,5-Closed Won,2024-11-09 00:00:00,U223
H007805,O12499,,2-Qualified,2024-12-20 00:00:00,U209
H007806,O12499,2-Qualified,3-Proposal,2025-01-02 00:00:00,U209
H007807,O12499,3-Proposal,4-Negotiation,2025-01-09 00:00:00,U209
H007808,O12499,4-Negotiation,5-Closed Won,2025-01-18 00:00:00,U209
H007809,O12501,,2-Qualified,2025-05-21 00:00:00,U216
H007810,O12501,2-Qualified,3-Proposal,2025-05-22 00:00:00,U216
H007811,O12501,3-Proposal,4-Negotiation,2025-05-24 00:00:00,U216
H007812,O12501,4-Negotiation,5-Closed Won,2025-05-26 00:00:00,U216
H007813,O12502,,2-Qualified,2024-07-09 00:00:00,U215
H007814,O12502,2-Qualified,3-Proposal,2024-08-03 00:00:00,U215
H007815,O12502,3-Proposal,4-Negotiation,2024-08-23 00:00:00,U215
H007816,O12502,4-Negotiation,5-Closed Won,2024-09-13 00:00:00,U215
H007817,O12503,,2-Qualified,2025-03-09 00:00:00,U203
H007818,O12503,2-Qualified,3-Proposal,2025-03-18 00:00:00,U203
H007819,O12503,3-Proposal,4-Negotiation,2025-03-26 00:00:00,U203
H007820,O12503,4-Negotiation,5-Closed Won,2025-04-03 00:00:00,U203
H007821,O12505,,2-Qualified,2024-03-11 00:00:00,U222
H007822,O12505,2-Qualified,6-Closed Lost,2024-04-10 00:00:00,U222
H007823,O12506,,2-Qualified,2025-07-24 00:00:00,U215
H007824,O12506,2-Qualified,3-Proposal,2025-08-06 00:00:00,U215
H007825,O12506,3-Proposal,4-Negotiation,2025-08-20 00:00:00,U215
H007826,O12506,4-Negotiation,5-Closed Won,2025-08-30 00:00:00,U215
H007827,O12507,,2-Qualified,2025-06-28 00:00:00,U202
H007828,O12507,2-Qualified,3-Proposal,2025-07-11 00:00:00,U202
H007829,O12507,3-Proposal,6-Closed Lost,2025-08-01 00:00:00,U202
H007830,O12508,,2-Qualified,2025-12-18 00:00:00,U201
H007831,O12508,2-Qualified,3-Proposal,2026-01-10 00:00:00,U201
H007832,O12508,3-Proposal,6-Closed Lost,2026-02-11 00:00:00,U201
H007833,O12509,,2-Qualified,2025-02-19 00:00:00,U223
H007834,O12509,2-Qualified,3-Proposal,2025-03-27 00:00:00,U223
H007835,O12509,3-Proposal,4-Negotiation,2025-05-21 00:00:00,U223
H007836,O12509,4-Negotiation,5-Closed Won,2025-07-19 00:00:00,U223
H007837,O12510,,2-Qualified,2024-11-28 00:00:00,U216
H007838,O12510,2-Qualified,3-Proposal,2024-12-12 00:00:00,U216
H007839,O12510,3-Proposal,6-Closed Lost,2025-01-07 00:00:00,U216
H007840,O12511,,2-Qualified,2024-07-06 00:00:00,U205
H007841,O12511,2-Qualified,3-Proposal,2024-08-21 00:00:00,U205
H007842,O12511,3-Proposal,4-Negotiation,2024-09-20 00:00:00,U205
H007843,O12511,4-Negotiation,6-Closed Lost,2024-10-20 00:00:00,U205
H007844,O12512,,2-Qualified,2025-02-20 00:00:00,U207
H007845,O12512,2-Qualified,3-Proposal,2025-02-21 00:00:00,U207
H007846,O12512,3-Proposal,4-Negotiation,2025-02-22 00:00:00,U207
H007847,O12512,4-Negotiation,5-Closed Won,2025-02-24 00:00:00,U207
H007848,O12513,,2-Qualified,2024-07-27 00:00:00,U203
H007849,O12513,2-Qualified,3-Proposal,2024-08-15 00:00:00,U203
H007850,O12513,3-Proposal,4-Negotiation,2024-09-12 00:00:00,U203
H007851,O12513,4-Negotiation,5-Closed Won,2024-10-03 00:00:00,U203
H007852,O12514,,2-Qualified,2025-09-02 00:00:00,U215
H007853,O12514,2-Qualified,3-Proposal,2025-09-29 00:00:00,U215
H007854,O12514,3-Proposal,6-Closed Lost,2025-10-17 00:00:00,U215
H007855,O12515,,2-Qualified,2025-08-11 00:00:00,U221
H007856,O12515,2-Qualified,3-Proposal,2025-08-19 00:00:00,U221
H007857,O12515,3-Proposal,4-Negotiation,2025-08-31 00:00:00,U221
H007858,O12515,4-Negotiation,6-Closed Lost,2025-09-06 00:00:00,U221
H007859,O12516,,2-Qualified,2024-08-24 00:00:00,U223
H007860,O12516,2-Qualified,3-Proposal,2024-09-11 00:00:00,U223
H007861,O12516,3-Proposal,4-Negotiation,2024-09-24 00:00:00,U223
H007862,O12516,4-Negotiation,5-Closed Won,2024-10-20 00:00:00,U223
H007863,O12517,,2-Qualified,2024-04-30 00:00:00,U216
H007864,O12517,2-Qualified,3-Proposal,2024-06-14 00:00:00,U216
H007865,O12517,3-Proposal,4-Negotiation,2024-08-22 00:00:00,U216
H007866,O12517,4-Negotiation,6-Closed Lost,2024-09-16 00:00:00,U216
H007867,O12519,,2-Qualified,2026-03-02 00:00:00,U211
H007868,O12519,2-Qualified,3-Proposal,2026-03-08 00:00:00,U211
H007869,O12519,3-Proposal,6-Closed Lost,2026-03-20 00:00:00,U211
H007870,O12520,,2-Qualified,2024-10-07 00:00:00,U206
H007871,O12520,2-Qualified,3-Proposal,2024-10-31 00:00:00,U206
H007872,O12520,3-Proposal,4-Negotiation,2024-11-11 00:00:00,U206
H007873,O12520,4-Negotiation,5-Closed Won,2024-11-27 00:00:00,U206
H007874,O12521,,2-Qualified,2026-08-02 00:00:00,U216
H007875,O12521,2-Qualified,3-Proposal,2026-08-27 00:00:00,U216
H007876,O12522,,2-Qualified,2025-04-23 00:00:00,U220
H007877,O12522,2-Qualified,3-Proposal,2025-04-25 00:00:00,U220
H007878,O12522,3-Proposal,4-Negotiation,2025-04-28 00:00:00,U220
H007879,O12522,4-Negotiation,5-Closed Won,2025-04-30 00:00:00,U220
H007880,O12523,,2-Qualified,2024-11-20 00:00:00,U203
H007881,O12523,2-Qualified,3-Proposal,2024-12-19 00:00:00,U203
H007882,O12523,3-Proposal,4-Negotiation,2025-01-19 00:00:00,U203
H007883,O12523,4-Negotiation,5-Closed Won,2025-01-21 00:00:00,U203
H007884,O12525,,2-Qualified,2025-09-30 00:00:00,U201
H007885,O12525,2-Qualified,3-Proposal,2025-10-28 00:00:00,U201
H007886,O12525,3-Proposal,4-Negotiation,2025-12-17 00:00:00,U201
H007887,O12525,4-Negotiation,5-Closed Won,2026-01-14 00:00:00,U201
H007888,O12526,,2-Qualified,2025-04-08 00:00:00,U208
H007889,O12526,2-Qualified,6-Closed Lost,2025-05-15 00:00:00,U208
H007890,O12527,,2-Qualified,2026-02-08 00:00:00,U213
H007891,O12527,2-Qualified,3-Proposal,2026-03-02 00:00:00,U213
H007892,O12527,3-Proposal,4-Negotiation,2026-04-14 00:00:00,U213
H007893,O12527,4-Negotiation,5-Closed Won,2026-05-02 00:00:00,U213
H007894,O12528,,2-Qualified,2024-08-09 00:00:00,U215
H007895,O12528,2-Qualified,3-Proposal,2024-10-01 00:00:00,U215
H007896,O12528,3-Proposal,4-Negotiation,2024-11-02 00:00:00,U215
H007897,O12528,4-Negotiation,6-Closed Lost,2024-12-08 00:00:00,U215
H007898,O12529,,2-Qualified,2026-09-25 00:00:00,U205
H007899,O12530,,2-Qualified,2024-07-27 00:00:00,U205
H007900,O12530,2-Qualified,3-Proposal,2024-08-10 00:00:00,U205
H007901,O12530,3-Proposal,4-Negotiation,2024-08-21 00:00:00,U205
H007902,O12530,4-Negotiation,5-Closed Won,2024-09-01 00:00:00,U205
H007903,O12531,,2-Qualified,2024-04-15 00:00:00,U206
H007904,O12531,2-Qualified,6-Closed Lost,2024-05-12 00:00:00,U206
H007905,O12532,,2-Qualified,2025-03-27 00:00:00,U221
H007906,O12532,2-Qualified,3-Proposal,2025-04-04 00:00:00,U221
H007907,O12532,3-Proposal,4-Negotiation,2025-04-07 00:00:00,U221
H007908,O12532,4-Negotiation,5-Closed Won,2025-04-10 00:00:00,U221
H007909,O12533,,2-Qualified,2024-07-12 00:00:00,U200
H007910,O12533,2-Qualified,3-Proposal,2024-08-06 00:00:00,U200
H007911,O12533,3-Proposal,4-Negotiation,2024-08-20 00:00:00,U200
H007912,O12533,4-Negotiation,5-Closed Won,2024-09-02 00:00:00,U200
H007913,O12535,,2-Qualified,2025-08-09 00:00:00,U202
H007914,O12535,2-Qualified,3-Proposal,2025-08-23 00:00:00,U202
H007915,O12535,3-Proposal,4-Negotiation,2025-09-08 00:00:00,U202
H007916,O12535,4-Negotiation,5-Closed Won,2025-09-19 00:00:00,U202
H007917,O12536,,2-Qualified,2025-09-03 00:00:00,U216
H007918,O12536,2-Qualified,3-Proposal,2025-10-08 00:00:00,U216
H007919,O12536,3-Proposal,4-Negotiation,2025-12-02 00:00:00,U216
H007920,O12536,4-Negotiation,6-Closed Lost,2026-01-04 00:00:00,U216
H007921,O12537,,2-Qualified,2025-04-04 00:00:00,U209
H007922,O12537,2-Qualified,6-Closed Lost,2025-04-19 00:00:00,U209
H007923,O12538,,2-Qualified,2025-09-16 00:00:00,U213
H007924,O12538,2-Qualified,3-Proposal,2025-09-23 00:00:00,U213
H007925,O12538,3-Proposal,4-Negotiation,2025-10-02 00:00:00,U213
H007926,O12538,4-Negotiation,5-Closed Won,2025-10-12 00:00:00,U213
H007927,O12539,,2-Qualified,2024-03-12 00:00:00,U220
H007928,O12539,2-Qualified,3-Proposal,2024-03-31 00:00:00,U220
H007929,O12539,3-Proposal,4-Negotiation,2024-04-20 00:00:00,U220
H007930,O12539,4-Negotiation,5-Closed Won,2024-05-10 00:00:00,U220
H007931,O12540,,2-Qualified,2025-09-23 00:00:00,U209
H007932,O12540,2-Qualified,3-Proposal,2025-10-23 00:00:00,U209
H007933,O12540,3-Proposal,4-Negotiation,2025-12-19 00:00:00,U209
H007934,O12540,4-Negotiation,5-Closed Won,2026-02-10 00:00:00,U209
H007935,O12541,,2-Qualified,2026-04-08 00:00:00,U213
H007936,O12541,2-Qualified,3-Proposal,2026-04-25 00:00:00,U213
H007937,O12541,3-Proposal,4-Negotiation,2026-05-03 00:00:00,U213
H007938,O12541,4-Negotiation,5-Closed Won,2026-05-15 00:00:00,U213
H007939,O12542,,2-Qualified,2024-06-21 00:00:00,U210
H007940,O12542,2-Qualified,3-Proposal,2024-06-23 00:00:00,U210
H007941,O12542,3-Proposal,6-Closed Lost,2024-06-27 00:00:00,U210
H007942,O12543,,2-Qualified,2024-06-29 00:00:00,U210
H007943,O12543,2-Qualified,3-Proposal,2024-08-08 00:00:00,U210
H007944,O12543,3-Proposal,4-Negotiation,2024-09-10 00:00:00,U210
H007945,O12543,4-Negotiation,5-Closed Won,2024-09-30 00:00:00,U210
H007946,O12544,,2-Qualified,2024-10-26 00:00:00,U208
H007947,O12544,2-Qualified,3-Proposal,2024-12-08 00:00:00,U208
H007948,O12544,3-Proposal,4-Negotiation,2025-01-08 00:00:00,U208
H007949,O12544,4-Negotiation,6-Closed Lost,2025-02-13 00:00:00,U208
H007950,O12545,,2-Qualified,2025-09-04 00:00:00,U203
H007951,O12545,2-Qualified,3-Proposal,2025-10-04 00:00:00,U203
H007952,O12545,3-Proposal,4-Negotiation,2025-10-31 00:00:00,U203
H007953,O12545,4-Negotiation,5-Closed Won,2025-11-22 00:00:00,U203
H007954,O12546,,2-Qualified,2025-04-19 00:00:00,U207
H007955,O12546,2-Qualified,3-Proposal,2025-04-23 00:00:00,U207
H007956,O12546,3-Proposal,4-Negotiation,2025-04-30 00:00:00,U207
H007957,O12546,4-Negotiation,5-Closed Won,2025-05-04 00:00:00,U207
H007958,O12547,,2-Qualified,2026-01-14 00:00:00,U207
H007959,O12547,2-Qualified,6-Closed Lost,2026-03-03 00:00:00,U207
H007960,O12548,,2-Qualified,2026-02-07 00:00:00,U212
H007961,O12548,2-Qualified,3-Proposal,2026-02-16 00:00:00,U212
H007962,O12548,3-Proposal,6-Closed Lost,2026-02-24 00:00:00,U212
H007963,O12549,,2-Qualified,2026-03-21 00:00:00,U219
H007964,O12549,2-Qualified,3-Proposal,2026-04-21 00:00:00,U219
H007965,O12549,3-Proposal,4-Negotiation,2026-05-21 00:00:00,U219
H007966,O12549,4-Negotiation,6-Closed Lost,2026-06-05 00:00:00,U219
H007967,O12550,,2-Qualified,2024-10-18 00:00:00,U219
H007968,O12550,2-Qualified,3-Proposal,2024-10-24 00:00:00,U219
H007969,O12550,3-Proposal,4-Negotiation,2024-11-02 00:00:00,U219
H007970,O12550,4-Negotiation,5-Closed Won,2024-11-09 00:00:00,U219
H007971,O12551,,2-Qualified,2026-02-02 00:00:00,U207
H007972,O12551,2-Qualified,3-Proposal,2026-02-08 00:00:00,U207
H007973,O12551,3-Proposal,4-Negotiation,2026-02-16 00:00:00,U207
H007974,O12551,4-Negotiation,5-Closed Won,2026-02-21 00:00:00,U207
H007975,O12552,,2-Qualified,2025-06-04 00:00:00,U211
H007976,O12552,2-Qualified,3-Proposal,2025-07-22 00:00:00,U211
H007977,O12552,3-Proposal,4-Negotiation,2025-08-21 00:00:00,U211
H007978,O12552,4-Negotiation,5-Closed Won,2025-09-21 00:00:00,U211
H007979,O12553,,2-Qualified,2025-11-15 00:00:00,U217
H007980,O12553,2-Qualified,6-Closed Lost,2025-12-25 00:00:00,U217
H007981,O12555,,2-Qualified,2025-08-17 00:00:00,U217
H007982,O12555,2-Qualified,3-Proposal,2025-08-20 00:00:00,U217
H007983,O12555,3-Proposal,4-Negotiation,2025-08-25 00:00:00,U217
H007984,O12555,4-Negotiation,5-Closed Won,2025-08-31 00:00:00,U217
H007985,O12556,,2-Qualified,2026-01-02 00:00:00,U209
H007986,O12556,2-Qualified,6-Closed Lost,2026-03-05 00:00:00,U209
H007987,O12557,,2-Qualified,2025-05-23 00:00:00,U211
H007988,O12557,2-Qualified,3-Proposal,2025-06-03 00:00:00,U211
H007989,O12557,3-Proposal,4-Negotiation,2025-06-15 00:00:00,U211
H007990,O12557,4-Negotiation,5-Closed Won,2025-06-19 00:00:00,U211
H007991,O12558,,2-Qualified,2025-07-25 00:00:00,U215
H007992,O12558,2-Qualified,6-Closed Lost,2025-08-11 00:00:00,U215
H007993,O12559,,2-Qualified,2024-04-01 00:00:00,U207
H007994,O12559,2-Qualified,3-Proposal,2024-04-11 00:00:00,U207
H007995,O12559,3-Proposal,4-Negotiation,2024-04-20 00:00:00,U207
H007996,O12559,4-Negotiation,5-Closed Won,2024-04-28 00:00:00,U207
H007997,O12560,,2-Qualified,2025-12-07 00:00:00,U209
H007998,O12560,2-Qualified,6-Closed Lost,2026-03-02 00:00:00,U209
H007999,O12561,,2-Qualified,2025-10-28 00:00:00,U220
H008000,O12561,2-Qualified,6-Closed Lost,2025-10-31 00:00:00,U220
H008001,O12562,,2-Qualified,2025-05-25 00:00:00,U214
H008002,O12562,2-Qualified,3-Proposal,2025-07-10 00:00:00,U214
H008003,O12562,3-Proposal,4-Negotiation,2025-08-21 00:00:00,U214
H008004,O12562,4-Negotiation,5-Closed Won,2025-09-14 00:00:00,U214
H008005,O12563,,2-Qualified,2024-11-11 00:00:00,U213
H008006,O12563,2-Qualified,3-Proposal,2025-01-14 00:00:00,U213
H008007,O12563,3-Proposal,4-Negotiation,2025-03-06 00:00:00,U213
H008008,O12563,4-Negotiation,5-Closed Won,2025-03-18 00:00:00,U213
H008009,O12564,,2-Qualified,2024-08-11 00:00:00,U208
H008010,O12564,2-Qualified,3-Proposal,2024-10-02 00:00:00,U208
H008011,O12564,3-Proposal,4-Negotiation,2024-10-29 00:00:00,U208
H008012,O12564,4-Negotiation,5-Closed Won,2024-12-06 00:00:00,U208
H008013,O12565,,2-Qualified,2025-12-18 00:00:00,U208
H008014,O12565,2-Qualified,3-Proposal,2026-01-31 00:00:00,U208
H008015,O12565,3-Proposal,4-Negotiation,2026-04-07 00:00:00,U208
H008016,O12565,4-Negotiation,6-Closed Lost,2026-05-13 00:00:00,U208
H008017,O12566,,2-Qualified,2024-06-14 00:00:00,U212
H008018,O12566,2-Qualified,3-Proposal,2024-06-21 00:00:00,U212
H008019,O12566,3-Proposal,6-Closed Lost,2024-07-02 00:00:00,U212
H008020,O12567,,2-Qualified,2024-02-05 00:00:00,U204
H008021,O12567,2-Qualified,3-Proposal,2024-02-27 00:00:00,U204
H008022,O12567,3-Proposal,4-Negotiation,2024-03-14 00:00:00,U204
H008023,O12567,4-Negotiation,5-Closed Won,2024-04-06 00:00:00,U204
H008024,O12568,,2-Qualified,2025-05-03 00:00:00,U206
H008025,O12568,2-Qualified,3-Proposal,2025-05-18 00:00:00,U206
H008026,O12568,3-Proposal,4-Negotiation,2025-06-01 00:00:00,U206
H008027,O12568,4-Negotiation,5-Closed Won,2025-06-12 00:00:00,U206
H008028,O12569,,2-Qualified,2024-08-13 00:00:00,U207
H008029,O12569,2-Qualified,6-Closed Lost,2024-08-17 00:00:00,U207
H008030,O12570,,2-Qualified,2025-04-28 00:00:00,U208
H008031,O12570,2-Qualified,3-Proposal,2025-07-01 00:00:00,U208
H008032,O12570,3-Proposal,6-Closed Lost,2025-09-21 00:00:00,U208
H008033,O12571,,2-Qualified,2024-03-20 00:00:00,U217
H008034,O12571,2-Qualified,3-Proposal,2024-03-29 00:00:00,U217
H008035,O12571,3-Proposal,4-Negotiation,2024-04-07 00:00:00,U217
H008036,O12571,4-Negotiation,5-Closed Won,2024-04-19 00:00:00,U217
H008037,O12572,,2-Qualified,2024-02-28 00:00:00,U216
H008038,O12572,2-Qualified,3-Proposal,2024-03-12 00:00:00,U216
H008039,O12572,3-Proposal,4-Negotiation,2024-03-26 00:00:00,U216
H008040,O12572,4-Negotiation,6-Closed Lost,2024-04-09 00:00:00,U216
H008041,O12573,,2-Qualified,2024-09-12 00:00:00,U221
H008042,O12573,2-Qualified,3-Proposal,2024-10-07 00:00:00,U221
H008043,O12573,3-Proposal,4-Negotiation,2024-10-23 00:00:00,U221
H008044,O12573,4-Negotiation,5-Closed Won,2024-11-21 00:00:00,U221
H008045,O12574,,2-Qualified,2025-09-20 00:00:00,U210
H008046,O12574,2-Qualified,3-Proposal,2025-10-12 00:00:00,U210
H008047,O12574,3-Proposal,4-Negotiation,2025-10-28 00:00:00,U210
H008048,O12574,4-Negotiation,5-Closed Won,2025-11-08 00:00:00,U210
H008049,O12575,,2-Qualified,2024-11-21 00:00:00,U211
H008050,O12575,2-Qualified,6-Closed Lost,2025-02-02 00:00:00,U211
H008051,O12576,,2-Qualified,2025-05-27 00:00:00,U206
H008052,O12576,2-Qualified,3-Proposal,2025-06-06 00:00:00,U206
H008053,O12576,3-Proposal,4-Negotiation,2025-06-12 00:00:00,U206
H008054,O12576,4-Negotiation,5-Closed Won,2025-06-18 00:00:00,U206
H008055,O12577,,2-Qualified,2024-06-28 00:00:00,U207
H008056,O12577,2-Qualified,6-Closed Lost,2024-09-08 00:00:00,U207
H008057,O12578,,2-Qualified,2025-10-31 00:00:00,U215
H008058,O12578,2-Qualified,3-Proposal,2025-12-18 00:00:00,U215
H008059,O12578,3-Proposal,6-Closed Lost,2026-01-28 00:00:00,U215
H008060,O12579,,2-Qualified,2025-11-06 00:00:00,U201
H008061,O12579,2-Qualified,3-Proposal,2025-11-16 00:00:00,U201
H008062,O12579,3-Proposal,4-Negotiation,2025-11-27 00:00:00,U201
H008063,O12579,4-Negotiation,5-Closed Won,2025-12-07 00:00:00,U201
H008064,O12581,,2-Qualified,2026-08-08 00:00:00,U206
H008065,O12582,,2-Qualified,2025-04-15 00:00:00,U219
H008066,O12582,2-Qualified,3-Proposal,2025-05-14 00:00:00,U219
H008067,O12582,3-Proposal,4-Negotiation,2025-06-02 00:00:00,U219
H008068,O12582,4-Negotiation,6-Closed Lost,2025-06-16 00:00:00,U219
H008069,O12583,,2-Qualified,2025-04-26 00:00:00,U223
H008070,O12583,2-Qualified,3-Proposal,2025-05-16 00:00:00,U223
H008071,O12583,3-Proposal,6-Closed Lost,2025-05-29 00:00:00,U223
H008072,O12584,,2-Qualified,2024-08-27 00:00:00,U212
H008073,O12584,2-Qualified,6-Closed Lost,2024-09-20 00:00:00,U212
H008074,O12585,,2-Qualified,2025-04-25 00:00:00,U220
H008075,O12585,2-Qualified,3-Proposal,2025-04-28 00:00:00,U220
H008076,O12585,3-Proposal,6-Closed Lost,2025-05-01 00:00:00,U220
H008077,O12586,,2-Qualified,2024-02-17 00:00:00,U220
H008078,O12586,2-Qualified,3-Proposal,2024-03-12 00:00:00,U220
H008079,O12586,3-Proposal,4-Negotiation,2024-04-03 00:00:00,U220
H008080,O12586,4-Negotiation,5-Closed Won,2024-04-22 00:00:00,U220
H008081,O12587,,2-Qualified,2025-10-05 00:00:00,U211
H008082,O12587,2-Qualified,3-Proposal,2025-10-08 00:00:00,U211
H008083,O12587,3-Proposal,6-Closed Lost,2025-10-10 00:00:00,U211
H008084,O12588,,2-Qualified,2025-08-24 00:00:00,U203
H008085,O12588,2-Qualified,3-Proposal,2025-09-14 00:00:00,U203
H008086,O12588,3-Proposal,4-Negotiation,2025-10-20 00:00:00,U203
H008087,O12588,4-Negotiation,5-Closed Won,2025-11-25 00:00:00,U203
H008088,O12589,,2-Qualified,2024-04-27 00:00:00,U207
H008089,O12589,2-Qualified,3-Proposal,2024-05-24 00:00:00,U207
H008090,O12589,3-Proposal,6-Closed Lost,2024-06-11 00:00:00,U207
H008091,O12590,,2-Qualified,2024-02-06 00:00:00,U202
H008092,O12590,2-Qualified,3-Proposal,2024-02-16 00:00:00,U202
H008093,O12590,3-Proposal,4-Negotiation,2024-03-01 00:00:00,U202
H008094,O12590,4-Negotiation,5-Closed Won,2024-03-19 00:00:00,U202
H008095,O12591,,2-Qualified,2025-04-11 00:00:00,U202
H008096,O12591,2-Qualified,3-Proposal,2025-04-27 00:00:00,U202
H008097,O12591,3-Proposal,4-Negotiation,2025-05-16 00:00:00,U202
H008098,O12591,4-Negotiation,5-Closed Won,2025-06-12 00:00:00,U202
H008099,O12592,,2-Qualified,2024-12-04 00:00:00,U205
H008100,O12592,2-Qualified,3-Proposal,2024-12-05 00:00:00,U205
H008101,O12592,3-Proposal,4-Negotiation,2024-12-07 00:00:00,U205
H008102,O12592,4-Negotiation,5-Closed Won,2024-12-08 00:00:00,U205
H008103,O12593,,2-Qualified,2025-08-21 00:00:00,U217
H008104,O12593,2-Qualified,3-Proposal,2025-10-04 00:00:00,U217
H008105,O12593,3-Proposal,6-Closed Lost,2025-11-11 00:00:00,U217
H008106,O12594,,2-Qualified,2025-01-29 00:00:00,U217
H008107,O12594,2-Qualified,3-Proposal,2025-02-19 00:00:00,U217
H008108,O12594,3-Proposal,4-Negotiation,2025-03-22 00:00:00,U217
H008109,O12594,4-Negotiation,5-Closed Won,2025-04-21 00:00:00,U217
H008110,O12595,,2-Qualified,2025-06-21 00:00:00,U219
H008111,O12595,2-Qualified,3-Proposal,2025-08-22 00:00:00,U219
H008112,O12595,3-Proposal,4-Negotiation,2025-10-25 00:00:00,U219
H008113,O12595,4-Negotiation,6-Closed Lost,2025-11-14 00:00:00,U219
H008114,O12596,,2-Qualified,2024-05-27 00:00:00,U205
H008115,O12596,2-Qualified,3-Proposal,2024-06-16 00:00:00,U205
H008116,O12596,3-Proposal,4-Negotiation,2024-07-22 00:00:00,U205
H008117,O12596,4-Negotiation,6-Closed Lost,2024-08-19 00:00:00,U205
H008118,O12597,,2-Qualified,2025-11-14 00:00:00,U204
H008119,O12597,2-Qualified,6-Closed Lost,2026-01-18 00:00:00,U204
H008120,O12598,,2-Qualified,2025-10-06 00:00:00,U200
H008121,O12598,2-Qualified,3-Proposal,2025-10-21 00:00:00,U200
H008122,O12598,3-Proposal,4-Negotiation,2025-11-16 00:00:00,U200
H008123,O12598,4-Negotiation,5-Closed Won,2025-12-02 00:00:00,U200
H008124,O12599,,2-Qualified,2025-12-03 00:00:00,U216
H008125,O12599,2-Qualified,6-Closed Lost,2025-12-18 00:00:00,U216
