rate_date,currency,rate_to_usd
2024-01-01,USD,1.0
2024-01-02,USD,1.0
2024-01-03,USD,1.0
2024-01-04,USD,1.0
2024-01-05,USD,1.0
2024-01-06,USD,1.0
2024-01-07,USD,1.0
2024-01-08,USD,1.0
2024-01-09,USD,1.0
2024-01-10,USD,1.0
2024-01-11,USD,1.0
2024-01-12,USD,1.0
2024-01-13,USD,1.0
2024-01-14,USD,1.0
2024-01-15,USD,1.0
2024-01-16,USD,1.0
2024-01-17,USD,1.0
2024-01-18,USD,1.0
2024-01-19,USD,1.0
2024-01-20,USD,1.0
2024-01-21,USD,1.0
2024-01-22,USD,1.0
2024-01-23,USD,1.0
2024-01-24,USD,1.0
2024-01-25,USD,1.0
2024-01-26,USD,1.0
2024-01-27,USD,1.0
2024-01-28,USD,1.0
2024-01-29,USD,1.0
2024-01-30,USD,1.0
2024-01-31,USD,1.0
2024-02-01,USD,1.0
2024-02-02,USD,1.0
2024-02-03,USD,1.0
2024-02-04,USD,1.0
2024-02-05,USD,1.0
2024-02-06,USD,1.0
2024-02-07,USD,1.0
2024-02-08,USD,1.0
2024-02-09,USD,1.0
2024-02-10,USD,1.0
2024-02-11,USD,1.0
2024-02-12,USD,1.0
2024-02-13,USD,1.0
2024-02-14,USD,1.0
2024-02-15,USD,1.0
2024-02-16,USD,1.0
2024-02-17,USD,1.0
2024-02-18,USD,1.0
2024-02-19,USD,1.0
2024-02-20,USD,1.0
2024-02-21,USD,1.0
2024-02-22,USD,1.0
2024-02-23,USD,1.0
2024-02-24,USD,1.0
2024-02-25,USD,1.0
2024-02-26,USD,1.0
2024-02-27,USD,1.0
2024-02-28,USD,1.0
2024-02-29,USD,1.0
2024-03-01,USD,1.0
2024-03-02,USD,1.0
2024-03-03,USD,1.0
2024-03-04,USD,1.0
2024-03-05,USD,1.0
2024-03-06,USD,1.0
2024-03-07,USD,1.0
2024-03-08,USD,1.0
2024-03-09,USD,1.0
2024-03-10,USD,1.0
2024-03-11,USD,1.0
2024-03-12,USD,1.0
2024-03-13,USD,1.0
2024-03-14,USD,1.0
2024-03-15,USD,1.0
2024-03-16,USD,1.0
2024-03-17,USD,1.0
2024-03-18,USD,1.0
2024-03-19,USD,1.0
2024-03-20,USD,1.0
2024-03-21,USD,1.0
2024-03-22,USD,1.0
2024-03-23,USD,1.0
2024-03-24,USD,1.0
2024-03-25,USD,1.0
2024-03-26,USD,1.0
2024-03-27,USD,1.0
2024-03-28,USD,1.0
2024-03-29,USD,1.0
2024-03-30,USD,1.0
2024-03-31,USD,1.0
2024-04-01,USD,1.0
2024-04-02,USD,1.0
2024-04-03,USD,1.0
2024-04-04,USD,1.0
2024-04-05,USD,1.0
2024-04-06,USD,1.0
2024-04-07,USD,1.0
2024-04-08,USD,1.0
2024-04-09,USD,1.0
2024-04-10,USD,1.0
2024-04-11,USD,1.0
2024-04-12,USD,1.0
2024-04-13,USD,1.0
2024-04-14,USD,1.0
2024-04-15,USD,1.0
2024-04-16,USD,1.0
2024-04-17,USD,1.0
2024-04-18,USD,1.0
2024-04-19,USD,1.0
2024-04-20,USD,1.0
2024-04-21,USD,1.0
2024-04-22,USD,1.0
2024-04-23,USD,1.0
2024-04-24,USD,1.0
2024-04-25,USD,1.0
2024-04-26,USD,1.0
2024-04-27,USD,1.0
2024-04-28,USD,1.0
2024-04-29,USD,1.0
2024-04-30,USD,1.0
2024-05-01,USD,1.0
2024-05-02,USD,1.0
2024-05-03,USD,1.0
2024-05-04,USD,1.0
2024-05-05,USD,1.0
2024-05-06,USD,1.0
2024-05-07,USD,1.0
2024-05-08,USD,1.0
2024-05-09,USD,1.0
2024-05-10,USD,1.0
2024-05-11,USD,1.0
2024-05-12,USD,1.0
2024-05-13,USD,1.0
2024-05-14,USD,1.0
2024-05-15,USD,1.0
2024-05-16,USD,1.0
2024-05-17,USD,1.0
2024-05-18,USD,1.0
2024-05-19,USD,1.0
2024-05-20,USD,1.0
2024-05-21,USD,1.0
2024-05-22,USD,1.0
2024-05-23,USD,1.0
2024-05-24,USD,1.0
2024-05-25,USD,1.0
2024-05-26,USD,1.0
2024-05-27,USD,1.0
2024-05-28,USD,1.0
2024-05-29,USD,1.0
2024-05-30,USD,1.0
2024-05-31,USD,1.0
2024-06-01,USD,1.0
2024-06-02,USD,1.0
2024-06-03,USD,1.0
2024-06-04,USD,1.0
2024-06-05,USD,1.0
2024-06-06,USD,1.0
2024-06-07,USD,1.0
2024-06-08,USD,1.0
2024-06-09,USD,1.0
2024-06-10,USD,1.0
2024-06-11,USD,1.0
2024-06-12,USD,1.0
2024-06-13,USD,1.0
2024-06-14,USD,1.0
2024-06-15,USD,1.0
2024-06-16,USD,1.0
2024-06-17,USD,1.0
2024-06-18,USD,1.0
2024-06-19,USD,1.0
2024-06-20,USD,1.0
2024-06-21,USD,1.0
2024-06-22,USD,1.0
2024-06-23,USD,1.0
2024-06-24,USD,1.0
2024-06-25,USD,1.0
2024-06-26,USD,1.0
2024-06-27,USD,1.0
2024-06-28,USD,1.0
2024-06-29,USD,1.0
2024-06-30,USD,1.0
2024-07-01,USD,1.0
2024-07-02,USD,1.0
2024-07-03,USD,1.0
2024-07-04,USD,1.0
2024-07-05,USD,1.0
2024-07-06,USD,1.0
2024-07-07,USD,1.0
2024-07-08,USD,1.0
2024-07-09,USD,1.0
2024-07-10,USD,1.0
2024-07-11,USD,1.0
2024-07-12,USD,1.0
2024-07-13,USD,1.0
2024-07-14,USD,1.0
2024-07-15,USD,1.0
2024-07-16,USD,1.0
2024-07-17,USD,1.0
2024-07-18,USD,1.0
2024-07-19,USD,1.0
2024-07-20,USD,1.0
2024-07-21,USD,1.0
2024-07-22,USD,1.0
2024-07-23,USD,1.0
2024-07-24,USD,1.0
2024-07-25,USD,1.0
2024-07-26,USD,1.0
2024-07-27,USD,1.0
2024-07-28,USD,1.0
2024-07-29,USD,1.0
2024-07-30,USD,1.0
2024-07-31,USD,1.0
2024-08-01,USD,1.0
2024-08-02,USD,1.0
2024-08-03,USD,1.0
2024-08-04,USD,1.0
2024-08-05,USD,1.0
2024-08-06,USD,1.0
2024-08-07,USD,1.0
2024-08-08,USD,1.0
2024-08-09,USD,1.0
2024-08-10,USD,1.0
2024-08-11,USD,1.0
2024-08-12,USD,1.0
2024-08-13,USD,1.0
2024-08-14,USD,1.0
2024-08-15,USD,1.0
2024-08-16,USD,1.0
2024-08-17,USD,1.0
2024-08-18,USD,1.0
2024-08-19,USD,1.0
2024-08-20,USD,1.0
2024-08-21,USD,1.0
2024-08-22,USD,1.0
2024-08-23,USD,1.0
2024-08-24,USD,1.0
2024-08-25,USD,1.0
2024-08-26,USD,1.0
2024-08-27,USD,1.0
2024-08-28,USD,1.0
2024-08-29,USD,1.0
2024-08-30,USD,1.0
2024-08-31,USD,1.0
2024-09-01,USD,1.0
2024-09-02,USD,1.0
2024-09-03,USD,1.0
2024-09-04,USD,1.0
2024-09-05,USD,1.0
2024-09-06,USD,1.0
2024-09-07,USD,1.0
2024-09-08,USD,1.0
2024-09-09,USD,1.0
2024-09-10,USD,1.0
2024-09-11,USD,1.0
2024-09-12,USD,1.0
2024-09-13,USD,1.0
2024-09-14,USD,1.0
2024-09-15,USD,1.0
2024-09-16,USD,1.0
2024-09-17,USD,1.0
2024-09-18,USD,1.0
2024-09-19,USD,1.0
2024-09-20,USD,1.0
2024-09-21,USD,1.0
2024-09-22,USD,1.0
2024-09-23,USD,1.0
2024-09-24,USD,1.0
2024-09-25,USD,1.0
2024-09-26,USD,1.0
2024-09-27,USD,1.0
2024-09-28,USD,1.0
2024-09-29,USD,1.0
2024-09-30,USD,1.0
2024-10-01,USD,1.0
2024-10-02,USD,1.0
2024-10-03,USD,1.0
2024-10-04,USD,1.0
2024-10-05,USD,1.0
2024-10-06,USD,1.0
2024-10-07,USD,1.0
2024-10-08,USD,1.0
2024-10-09,USD,1.0
2024-10-10,USD,1.0
2024-10-11,USD,1.0
2024-10-12,USD,1.0
2024-10-13,USD,1.0
2024-10-14,USD,1.0
2024-10-15,USD,1.0
2024-10-16,USD,1.0
2024-10-17,USD,1.0
2024-10-18,USD,1.0
2024-10-19,USD,1.0
2024-10-20,USD,1.0
2024-10-21,USD,1.0
2024-10-22,USD,1.0
2024-10-23,USD,1.0
2024-10-24,USD,1.0
2024-10-25,USD,1.0
2024-10-26,USD,1.0
2024-10-27,USD,1.0
2024-10-28,USD,1.0
2024-10-29,USD,1.0
2024-10-30,USD,1.0
2024-10-31,USD,1.0
2024-11-01,USD,1.0
2024-11-02,USD,1.0
2024-11-03,USD,1.0
2024-11-04,USD,1.0
2024-11-05,USD,1.0
2024-11-06,USD,1.0
2024-11-07,USD,1.0
2024-11-08,USD,1.0
2024-11-09,USD,1.0
2024-11-10,USD,1.0
2024-11-11,USD,1.0
2024-11-12,USD,1.0
2024-11-13,USD,1.0
2024-11-14,USD,1.0
2024-11-15,USD,1.0
2024-11-16,USD,1.0
2024-11-17,USD,1.0
2024-11-18,USD,1.0
2024-11-19,USD,1.0
2024-11-20,USD,1.0
2024-11-21,USD,1.0
2024-11-22,USD,1.0
2024-11-23,USD,1.0
2024-11-24,USD,1.0
2024-11-25,USD,1.0
2024-11-26,USD,1.0
2024-11-27,USD,1.0
2024-11-28,USD,1.0
2024-11-29,USD,1.0
2024-11-30,USD,1.0
2024-12-01,USD,1.0
2024-12-02,USD,1.0
2024-12-03,USD,1.0
2024-12-04,USD,1.0
2024-12-05,USD,1.0
2024-12-06,USD,1.0
2024-12-07,USD,1.0
2024-12-08,USD,1.0
2024-12-09,USD,1.0
2024-12-10,USD,1.0
2024-12-11,USD,1.0
2024-12-12,USD,1.0
2024-12-13,USD,1.0
2024-12-14,USD,1.0
2024-12-15,USD,1.0
2024-12-16,USD,1.0
2024-12-17,USD,1.0
2024-12-18,USD,1.0
2024-12-19,USD,1.0
2024-12-20,USD,1.0
2024-12-21,USD,1.0
2024-12-22,USD,1.0
2024-12-23,USD,1.0
2024-12-24,USD,1.0
2024-12-25,USD,1.0
2024-12-26,USD,1.0
2024-12-27,USD,1.0
2024-12-28,USD,1.0
2024-12-29,USD,1.0
2024-12-30,USD,1.0
2024-12-31,USD,1.0
2025-01-01,USD,1.0
2025-01-02,USD,1.0
2025-01-03,USD,1.0
2025-01-04,USD,1.0
2025-01-05,USD,1.0
2025-01-06,USD,1.0
2025-01-07,USD,1.0
2025-01-08,USD,1.0
2025-01-09,USD,1.0
2025-01-10,USD,1.0
2025-01-11,USD,1.0
2025-01-12,USD,1.0
2025-01-13,USD,1.0
2025-01-14,USD,1.0
2025-01-15,USD,1.0
2025-01-16,USD,1.0
2025-01-17,USD,1.0
2025-01-18,USD,1.0
2025-01-19,USD,1.0
2025-01-20,USD,1.0
2025-01-21,USD,1.0
2025-01-22,USD,1.0
2025-01-23,USD,1.0
2025-01-24,USD,1.0
2025-01-25,USD,1.0
2025-01-26,USD,1.0
2025-01-27,USD,1.0
2025-01-28,USD,1.0
2025-01-29,USD,1.0
2025-01-30,USD,1.0
2025-01-31,USD,1.0
2025-02-01,USD,1.0
2025-02-02,USD,1.0
2025-02-03,USD,1.0
2025-02-04,USD,1.0
2025-02-05,USD,1.0
2025-02-06,USD,1.0
2025-02-07,USD,1.0
2025-02-08,USD,1.0
2025-02-09,USD,1.0
2025-02-10,USD,1.0
2025-02-11,USD,1.0
2025-02-12,USD,1.0
2025-02-13,USD,1.0
2025-02-14,USD,1.0
2025-02-15,USD,1.0
2025-02-16,USD,1.0
2025-02-17,USD,1.0
2025-02-18,USD,1.0
2025-02-19,USD,1.0
2025-02-20,USD,1.0
2025-02-21,USD,1.0
2025-02-22,USD,1.0
2025-02-23,USD,1.0
2025-02-24,USD,1.0
2025-02-25,USD,1.0
2025-02-26,USD,1.0
2025-02-27,USD,1.0
2025-02-28,USD,1.0
2025-03-01,USD,1.0
2025-03-02,USD,1.0
2025-03-03,USD,1.0
2025-03-04,USD,1.0
2025-03-05,USD,1.0
2025-03-06,USD,1.0
2025-03-07,USD,1.0
2025-03-08,USD,1.0
2025-03-09,USD,1.0
2025-03-10,USD,1.0
2025-03-11,USD,1.0
2025-03-12,USD,1.0
2025-03-13,USD,1.0
2025-03-14,USD,1.0
2025-03-15,USD,1.0
2025-03-16,USD,1.0
2025-03-17,USD,1.0
2025-03-18,USD,1.0
2025-03-19,USD,1.0
2025-03-20,USD,1.0
2025-03-21,USD,1.0
2025-03-22,USD,1.0
2025-03-23,USD,1.0
2025-03-24,USD,1.0
2025-03-25,USD,1.0
2025-03-26,USD,1.0
2025-03-27,USD,1.0
2025-03-28,USD,1.0
2025-03-29,USD,1.0
2025-03-30,USD,1.0
2025-03-31,USD,1.0
2025-04-01,USD,1.0
2025-04-02,USD,1.0
2025-04-03,USD,1.0
2025-04-04,USD,1.0
2025-04-05,USD,1.0
2025-04-06,USD,1.0
2025-04-07,USD,1.0
2025-04-08,USD,1.0
2025-04-09,USD,1.0
2025-04-10,USD,1.0
2025-04-11,USD,1.0
2025-04-12,USD,1.0
2025-04-13,USD,1.0
2025-04-14,USD,1.0
2025-04-15,USD,1.0
2025-04-16,USD,1.0
2025-04-17,USD,1.0
2025-04-18,USD,1.0
2025-04-19,USD,1.0
2025-04-20,USD,1.0
2025-04-21,USD,1.0
2025-04-22,USD,1.0
2025-04-23,USD,1.0
2025-04-24,USD,1.0
2025-04-25,USD,1.0
2025-04-26,USD,1.0
2025-04-27,USD,1.0
2025-04-28,USD,1.0
2025-04-29,USD,1.0
2025-04-30,USD,1.0
2025-05-01,USD,1.0
2025-05-02,USD,1.0
2025-05-03,USD,1.0
2025-05-04,USD,1.0
2025-05-05,USD,1.0
2025-05-06,USD,1.0
2025-05-07,USD,1.0
2025-05-08,USD,1.0
2025-05-09,USD,1.0
2025-05-10,USD,1.0
2025-05-11,USD,1.0
2025-05-12,USD,1.0
2025-05-13,USD,1.0
2025-05-14,USD,1.0
2025-05-15,USD,1.0
2025-05-16,USD,1.0
2025-05-17,USD,1.0
2025-05-18,USD,1.0
2025-05-19,USD,1.0
2025-05-20,USD,1.0
2025-05-21,USD,1.0
2025-05-22,USD,1.0
2025-05-23,USD,1.0
2025-05-24,USD,1.0
2025-05-25,USD,1.0
2025-05-26,USD,1.0
2025-05-27,USD,1.0
2025-05-28,USD,1.0
2025-05-29,USD,1.0
2025-05-30,USD,1.0
2025-05-31,USD,1.0
2025-06-01,USD,1.0
2025-06-02,USD,1.0
2025-06-03,USD,1.0
2025-06-04,USD,1.0
2025-06-05,USD,1.0
2025-06-06,USD,1.0
2025-06-07,USD,1.0
2025-06-08,USD,1.0
2025-06-09,USD,1.0
2025-06-10,USD,1.0
2025-06-11,USD,1.0
2025-06-12,USD,1.0
2025-06-13,USD,1.0
2025-06-14,USD,1.0
2025-06-15,USD,1.0
2025-06-16,USD,1.0
2025-06-17,USD,1.0
2025-06-18,USD,1.0
2025-06-19,USD,1.0
2025-06-20,USD,1.0
2025-06-21,USD,1.0
2025-06-22,USD,1.0
2025-06-23,USD,1.0
2025-06-24,USD,1.0
2025-06-25,USD,1.0
2025-06-26,USD,1.0
2025-06-27,USD,1.0
2025-06-28,USD,1.0
2025-06-29,USD,1.0
2025-06-30,USD,1.0
2025-07-01,USD,1.0
2025-07-02,USD,1.0
2025-07-03,USD,1.0
2025-07-04,USD,1.0
2025-07-05,USD,1.0
2025-07-06,USD,1.0
2025-07-07,USD,1.0
2025-07-08,USD,1.0
2025-07-09,USD,1.0
2025-07-10,USD,1.0
2025-07-11,USD,1.0
2025-07-12,USD,1.0
2025-07-13,USD,1.0
2025-07-14,USD,1.0
2025-07-15,USD,1.0
2025-07-16,USD,1.0
2025-07-17,USD,1.0
2025-07-18,USD,1.0
2025-07-19,USD,1.0
2025-07-20,USD,1.0
2025-07-21,USD,1.0
2025-07-22,USD,1.0
2025-07-23,USD,1.0
2025-07-24,USD,1.0
2025-07-25,USD,1.0
2025-07-26,USD,1.0
2025-07-27,USD,1.0
2025-07-28,USD,1.0
2025-07-29,USD,1.0
2025-07-30,USD,1.0
2025-07-31,USD,1.0
2025-08-01,USD,1.0
2025-08-02,USD,1.0
2025-08-03,USD,1.0
2025-08-04,USD,1.0
2025-08-05,USD,1.0
2025-08-06,USD,1.0
2025-08-07,USD,1.0
2025-08-08,USD,1.0
2025-08-09,USD,1.0
2025-08-10,USD,1.0
2025-08-11,USD,1.0
2025-08-12,USD,1.0
2025-08-13,USD,1.0
2025-08-14,USD,1.0
2025-08-15,USD,1.0
2025-08-16,USD,1.0
2025-08-17,USD,1.0
2025-08-18,USD,1.0
2025-08-19,USD,1.0
2025-08-20,USD,1.0
2025-08-21,USD,1.0
2025-08-22,USD,1.0
2025-08-23,USD,1.0
2025-08-24,USD,1.0
2025-08-25,USD,1.0
2025-08-26,USD,1.0
2025-08-27,USD,1.0
2025-08-28,USD,1.0
2025-08-29,USD,1.0
2025-08-30,USD,1.0
2025-08-31,USD,1.0
2025-09-01,USD,1.0
2025-09-02,USD,1.0
2025-09-03,USD,1.0
2025-09-04,USD,1.0
2025-09-05,USD,1.0
2025-09-06,USD,1.0
2025-09-07,USD,1.0
2025-09-08,USD,1.0
2025-09-09,USD,1.0
2025-09-10,USD,1.0
2025-09-11,USD,1.0
2025-09-12,USD,1.0
2025-09-13,USD,1.0
2025-09-14,USD,1.0
2025-09-15,USD,1.0
2025-09-16,USD,1.0
2025-09-17,USD,1.0
2025-09-18,USD,1.0
2025-09-19,USD,1.0
2025-09-20,USD,1.0
2025-09-21,USD,1.0
2025-09-22,USD,1.0
2025-09-23,USD,1.0
2025-09-24,USD,1.0
2025-09-25,USD,1.0
2025-09-26,USD,1.0
2025-09-27,USD,1.0
2025-09-28,USD,1.0
2025-09-29,USD,1.0
2025-09-30,USD,1.0
2025-10-01,USD,1.0
2025-10-02,USD,1.0
2025-10-03,USD,1.0
2025-10-04,USD,1.0
2025-10-05,USD,1.0
2025-10-06,USD,1.0
2025-10-07,USD,1.0
2025-10-08,USD,1.0
2025-10-09,USD,1.0
2025-10-10,USD,1.0
2025-10-11,USD,1.0
2025-10-12,USD,1.0
2025-10-13,USD,1.0
2025-10-14,USD,1.0
2025-10-15,USD,1.0
2025-10-16,USD,1.0
2025-10-17,USD,1.0
2025-10-18,USD,1.0
2025-10-19,USD,1.0
2025-10-20,USD,1.0
2025-10-21,USD,1.0
2025-10-22,USD,1.0
2025-10-23,USD,1.0
2025-10-24,USD,1.0
2025-10-25,USD,1.0
2025-10-26,USD,1.0
2025-10-27,USD,1.0
2025-10-28,USD,1.0
2025-10-29,USD,1.0
2025-10-30,USD,1.0
2025-10-31,USD,1.0
2025-11-01,USD,1.0
2025-11-02,USD,1.0
2025-11-03,USD,1.0
2025-11-04,USD,1.0
2025-11-05,USD,1.0
2025-11-06,USD,1.0
2025-11-07,USD,1.0
2025-11-08,USD,1.0
2025-11-09,USD,1.0
2025-11-10,USD,1.0
2025-11-11,USD,1.0
2025-11-12,USD,1.0
2025-11-13,USD,1.0
2025-11-14,USD,1.0
2025-11-15,USD,1.0
2025-11-16,USD,1.0
2025-11-17,USD,1.0
2025-11-18,USD,1.0
2025-11-19,USD,1.0
2025-11-20,USD,1.0
2025-11-21,USD,1.0
2025-11-22,USD,1.0
2025-11-23,USD,1.0
2025-11-24,USD,1.0
2025-11-25,USD,1.0
2025-11-26,USD,1.0
2025-11-27,USD,1.0
2025-11-28,USD,1.0
2025-11-29,USD,1.0
2025-11-30,USD,1.0
2025-12-01,USD,1.0
2025-12-02,USD,1.0
2025-12-03,USD,1.0
2025-12-04,USD,1.0
2025-12-05,USD,1.0
2025-12-06,USD,1.0
2025-12-07,USD,1.0
2025-12-08,USD,1.0
2025-12-09,USD,1.0
2025-12-10,USD,1.0
2025-12-11,USD,1.0
2025-12-12,USD,1.0
2025-12-13,USD,1.0
2025-12-14,USD,1.0
2025-12-15,USD,1.0
2025-12-16,USD,1.0
2025-12-17,USD,1.0
2025-12-18,USD,1.0
2025-12-19,USD,1.0
2025-12-20,USD,1.0
2025-12-21,USD,1.0
2025-12-22,USD,1.0
2025-12-23,USD,1.0
2025-12-24,USD,1.0
2025-12-25,USD,1.0
2025-12-26,USD,1.0
2025-12-27,USD,1.0
2025-12-28,USD,1.0
2025-12-29,USD,1.0
2025-12-30,USD,1.0
2025-12-31,USD,1.0
2026-01-01,USD,1.0
2026-01-02,USD,1.0
2026-01-03,USD,1.0
2026-01-04,USD,1.0
2026-01-05,USD,1.0
2026-01-06,USD,1.0
2026-01-07,USD,1.0
2026-01-08,USD,1.0
2026-01-09,USD,1.0
2026-01-10,USD,1.0
2026-01-11,USD,1.0
2026-01-12,USD,1.0
2026-01-13,USD,1.0
2026-01-14,USD,1.0
2026-01-15,USD,1.0
2026-01-16,USD,1.0
2026-01-17,USD,1.0
2026-01-18,USD,1.0
2026-01-19,USD,1.0
2026-01-20,USD,1.0
2026-01-21,USD,1.0
2026-01-22,USD,1.0
2026-01-23,USD,1.0
2026-01-24,USD,1.0
2026-01-25,USD,1.0
2026-01-26,USD,1.0
2026-01-27,USD,1.0
2026-01-28,USD,1.0
2026-01-29,USD,1.0
2026-01-30,USD,1.0
2026-01-31,USD,1.0
2026-02-01,USD,1.0
2026-02-02,USD,1.0
2026-02-03,USD,1.0
2026-02-04,USD,1.0
2026-02-05,USD,1.0
2026-02-06,USD,1.0
2026-02-07,USD,1.0
2026-02-08,USD,1.0
2026-02-09,USD,1.0
2026-02-10,USD,1.0
2026-02-11,USD,1.0
2026-02-12,USD,1.0
2026-02-13,USD,1.0
2026-02-14,USD,1.0
2026-02-15,USD,1.0
2026-02-16,USD,1.0
2026-02-17,USD,1.0
2026-02-18,USD,1.0
2026-02-19,USD,1.0
2026-02-20,USD,1.0
2026-02-21,USD,1.0
2026-02-22,USD,1.0
2026-02-23,USD,1.0
2026-02-24,USD,1.0
2026-02-25,USD,1.0
2026-02-26,USD,1.0
2026-02-27,USD,1.0
2026-02-28,USD,1.0
2026-03-01,USD,1.0
2026-03-02,USD,1.0
2026-03-03,USD,1.0
2026-03-04,USD,1.0
2026-03-05,USD,1.0
2026-03-06,USD,1.0
2026-03-07,USD,1.0
2026-03-08,USD,1.0
2026-03-09,USD,1.0
2026-03-10,USD,1.0
2026-03-11,USD,1.0
2026-03-12,USD,1.0
2026-03-13,USD,1.0
2026-03-14,USD,1.0
2026-03-15,USD,1.0
2026-03-16,USD,1.0
2026-03-17,USD,1.0
2026-03-18,USD,1.0
2026-03-19,USD,1.0
2026-03-20,USD,1.0
2026-03-21,USD,1.0
2026-03-22,USD,1.0
2026-03-23,USD,1.0
2026-03-24,USD,1.0
2026-03-25,USD,1.0
2026-03-26,USD,1.0
2026-03-27,USD,1.0
2026-03-28,USD,1.0
2026-03-29,USD,1.0
2026-03-30,USD,1.0
2026-03-31,USD,1.0
2026-04-01,USD,1.0
2026-04-02,USD,1.0
2026-04-03,USD,1.0
2026-04-04,USD,1.0
2026-04-05,USD,1.0
2026-04-06,USD,1.0
2026-04-07,USD,1.0
2026-04-08,USD,1.0
2026-04-09,USD,1.0
2026-04-10,USD,1.0
2026-04-11,USD,1.0
2026-04-12,USD,1.0
2026-04-13,USD,1.0
2026-04-14,USD,1.0
2026-04-15,USD,1.0
2026-04-16,USD,1.0
2026-04-17,USD,1.0
2026-04-18,USD,1.0
2026-04-19,USD,1.0
2026-04-20,USD,1.0
2026-04-21,USD,1.0
2026-04-22,USD,1.0
2026-04-23,USD,1.0
2026-04-24,USD,1.0
2026-04-25,USD,1.0
2026-04-26,USD,1.0
2026-04-27,USD,1.0
2026-04-28,USD,1.0
2026-04-29,USD,1.0
2026-04-30,USD,1.0
2026-05-01,USD,1.0
2026-05-02,USD,1.0
2026-05-03,USD,1.0
2026-05-04,USD,1.0
2026-05-05,USD,1.0
2026-05-06,USD,1.0
2026-05-07,USD,1.0
2026-05-08,USD,1.0
2026-05-09,USD,1.0
2026-05-10,USD,1.0
2026-05-11,USD,1.0
2026-05-12,USD,1.0
2026-05-13,USD,1.0
2026-05-14,USD,1.0
2026-05-15,USD,1.0
2026-05-16,USD,1.0
2026-05-17,USD,1.0
2026-05-18,USD,1.0
2026-05-19,USD,1.0
2026-05-20,USD,1.0
2026-05-21,USD,1.0
2026-05-22,USD,1.0
2026-05-23,USD,1.0
2026-05-24,USD,1.0
2026-05-25,USD,1.0
2026-05-26,USD,1.0
2026-05-27,USD,1.0
2026-05-28,USD,1.0
2026-05-29,USD,1.0
2026-05-30,USD,1.0
2026-05-31,USD,1.0
2026-06-01,USD,1.0
2026-06-02,USD,1.0
2026-06-03,USD,1.0
2026-06-04,USD,1.0
2026-06-05,USD,1.0
2026-06-06,USD,1.0
2026-06-07,USD,1.0
2026-06-08,USD,1.0
2026-06-09,USD,1.0
2026-06-10,USD,1.0
2026-06-11,USD,1.0
2026-06-12,USD,1.0
2026-06-13,USD,1.0
2026-06-14,USD,1.0
2026-06-15,USD,1.0
2026-06-16,USD,1.0
2026-06-17,USD,1.0
2026-06-18,USD,1.0
2026-06-19,USD,1.0
2026-06-20,USD,1.0
2026-06-21,USD,1.0
2026-06-22,USD,1.0
2026-06-23,USD,1.0
2026-06-24,USD,1.0
2026-06-25,USD,1.0
2026-06-26,USD,1.0
2026-06-27,USD,1.0
2026-06-28,USD,1.0
2026-06-29,USD,1.0
2026-06-30,USD,1.0
2026-07-01,USD,1.0
2024-01-01,EUR,1.086272
2024-01-02,EUR,1.091982
2024-01-03,EUR,1.09228
2024-01-04,EUR,1.091088
2024-01-05,EUR,1.095086
2024-01-06,EUR,1.09742
2024-01-07,EUR,1.090151
2024-01-08,EUR,1.08964
2024-01-09,EUR,1.096516
2024-01-10,EUR,1.097682
2024-01-11,EUR,1.105815
2024-01-12,EUR,1.095531
2024-01-13,EUR,1.097665
2024-01-14,EUR,1.09372
2024-01-15,EUR,1.091118
2024-01-16,EUR,1.092895
2024-01-17,EUR,1.093733
2024-01-18,EUR,1.090341
2024-01-19,EUR,1.095004
2024-01-20,EUR,1.097283
2024-01-21,EUR,1.093516
2024-01-22,EUR,1.091895
2024-01-23,EUR,1.095042
2024-01-24,EUR,1.09747
2024-01-25,EUR,1.096774
2024-01-26,EUR,1.094655
2024-01-27,EUR,1.089636
2024-01-28,EUR,1.088126
2024-01-29,EUR,1.085502
2024-01-30,EUR,1.086091
2024-01-31,EUR,1.083941
2024-02-01,EUR,1.087164
2024-02-02,EUR,1.086784
2024-02-03,EUR,1.086326
2024-02-04,EUR,1.086482
2024-02-05,EUR,1.089821
2024-02-06,EUR,1.088775
2024-02-07,EUR,1.089836
2024-02-08,EUR,1.090417
2024-02-09,EUR,1.093892
2024-02-10,EUR,1.090539
2024-02-11,EUR,1.092333
2024-02-12,EUR,1.09415
2024-02-13,EUR,1.090419
2024-02-14,EUR,1.084128
2024-02-15,EUR,1.083359
2024-02-16,EUR,1.079025
2024-02-17,EUR,1.073064
2024-02-18,EUR,1.076399
2024-02-19,EUR,1.082645
2024-02-20,EUR,1.076717
2024-02-21,EUR,1.078265
2024-02-22,EUR,1.068758
2024-02-23,EUR,1.065353
2024-02-24,EUR,1.067088
2024-02-25,EUR,1.066698
2024-02-26,EUR,1.065016
2024-02-27,EUR,1.068982
2024-02-28,EUR,1.070596
2024-02-29,EUR,1.072531
2024-03-01,EUR,1.075256
2024-03-02,EUR,1.074365
2024-03-03,EUR,1.079507
2024-03-04,EUR,1.075336
2024-03-05,EUR,1.074038
2024-03-06,EUR,1.07703
2024-03-07,EUR,1.074022
2024-03-08,EUR,1.075174
2024-03-09,EUR,1.076542
2024-03-10,EUR,1.073437
2024-03-11,EUR,1.080968
2024-03-12,EUR,1.084383
2024-03-13,EUR,1.085366
2024-03-14,EUR,1.085886
2024-03-15,EUR,1.088777
2024-03-16,EUR,1.085062
2024-03-17,EUR,1.082553
2024-03-18,EUR,1.081089
2024-03-19,EUR,1.073895
2024-03-20,EUR,1.075284
2024-03-21,EUR,1.077771
2024-03-22,EUR,1.074819
2024-03-23,EUR,1.076384
2024-03-24,EUR,1.070143
2024-03-25,EUR,1.077918
2024-03-26,EUR,1.073314
2024-03-27,EUR,1.068807
2024-03-28,EUR,1.065978
2024-03-29,EUR,1.06984
2024-03-30,EUR,1.066843
2024-03-31,EUR,1.067081
2024-04-01,EUR,1.069185
2024-04-02,EUR,1.067299
2024-04-03,EUR,1.072095
2024-04-04,EUR,1.070088
2024-04-05,EUR,1.070092
2024-04-06,EUR,1.072911
2024-04-07,EUR,1.072083
2024-04-08,EUR,1.073151
2024-04-09,EUR,1.069831
2024-04-10,EUR,1.069732
2024-04-11,EUR,1.066869
2024-04-12,EUR,1.061808
2024-04-13,EUR,1.059413
2024-04-14,EUR,1.062132
2024-04-15,EUR,1.059272
2024-04-16,EUR,1.063568
2024-04-17,EUR,1.066868
2024-04-18,EUR,1.06639
2024-04-19,EUR,1.071578
2024-04-20,EUR,1.069312
2024-04-21,EUR,1.075351
2024-04-22,EUR,1.072204
2024-04-23,EUR,1.071643
2024-04-24,EUR,1.069735
2024-04-25,EUR,1.066226
2024-04-26,EUR,1.067709
2024-04-27,EUR,1.064643
2024-04-28,EUR,1.065089
2024-04-29,EUR,1.063958
2024-04-30,EUR,1.068552
2024-05-01,EUR,1.069672
2024-05-02,EUR,1.07201
2024-05-03,EUR,1.07136
2024-05-04,EUR,1.067688
2024-05-05,EUR,1.068319
2024-05-06,EUR,1.065414
2024-05-07,EUR,1.062339
2024-05-08,EUR,1.064418
2024-05-09,EUR,1.066329
2024-05-10,EUR,1.069771
2024-05-11,EUR,1.066073
2024-05-12,EUR,1.072475
2024-05-13,EUR,1.075655
2024-05-14,EUR,1.075282
2024-05-15,EUR,1.07589
2024-05-16,EUR,1.072469
2024-05-17,EUR,1.077317
2024-05-18,EUR,1.08221
2024-05-19,EUR,1.085563
2024-05-20,EUR,1.086979
2024-05-21,EUR,1.087755
2024-05-22,EUR,1.084688
2024-05-23,EUR,1.083908
2024-05-24,EUR,1.085547
2024-05-25,EUR,1.079022
2024-05-26,EUR,1.08313
2024-05-27,EUR,1.08415
2024-05-28,EUR,1.084576
2024-05-29,EUR,1.088787
2024-05-30,EUR,1.084908
2024-05-31,EUR,1.087757
2024-06-01,EUR,1.090347
2024-06-02,EUR,1.086918
2024-06-03,EUR,1.085234
2024-06-04,EUR,1.086814
2024-06-05,EUR,1.086974
2024-06-06,EUR,1.087594
2024-06-07,EUR,1.080952
2024-06-08,EUR,1.085646
2024-06-09,EUR,1.087978
2024-06-10,EUR,1.087414
2024-06-11,EUR,1.083387
2024-06-12,EUR,1.086056
2024-06-13,EUR,1.089598
2024-06-14,EUR,1.092027
2024-06-15,EUR,1.08246
2024-06-16,EUR,1.085545
2024-06-17,EUR,1.08652
2024-06-18,EUR,1.089302
2024-06-19,EUR,1.086788
2024-06-20,EUR,1.077351
2024-06-21,EUR,1.076168
2024-06-22,EUR,1.081689
2024-06-23,EUR,1.079308
2024-06-24,EUR,1.075289
2024-06-25,EUR,1.0791
2024-06-26,EUR,1.079655
2024-06-27,EUR,1.08324
2024-06-28,EUR,1.087453
2024-06-29,EUR,1.09059
2024-06-30,EUR,1.09066
2024-07-01,EUR,1.090887
2024-07-02,EUR,1.083386
2024-07-03,EUR,1.085138
2024-07-04,EUR,1.088008
2024-07-05,EUR,1.091757
2024-07-06,EUR,1.091396
2024-07-07,EUR,1.09305
2024-07-08,EUR,1.089573
2024-07-09,EUR,1.091045
2024-07-10,EUR,1.089322
2024-07-11,EUR,1.082676
2024-07-12,EUR,1.081172
2024-07-13,EUR,1.07951
2024-07-14,EUR,1.077747
2024-07-15,EUR,1.076876
2024-07-16,EUR,1.076935
2024-07-17,EUR,1.074126
2024-07-18,EUR,1.071053
2024-07-19,EUR,1.07188
2024-07-20,EUR,1.070696
2024-07-21,EUR,1.075387
2024-07-22,EUR,1.075791
2024-07-23,EUR,1.074402
2024-07-24,EUR,1.076734
2024-07-25,EUR,1.080044
2024-07-26,EUR,1.078841
2024-07-27,EUR,1.07998
2024-07-28,EUR,1.077478
2024-07-29,EUR,1.079777
2024-07-30,EUR,1.079618
2024-07-31,EUR,1.086003
2024-08-01,EUR,1.083404
2024-08-02,EUR,1.081041
2024-08-03,EUR,1.078812
2024-08-04,EUR,1.072525
2024-08-05,EUR,1.073325
2024-08-06,EUR,1.076887
2024-08-07,EUR,1.074817
2024-08-08,EUR,1.080265
2024-08-09,EUR,1.076612
2024-08-10,EUR,1.073426
2024-08-11,EUR,1.07316
2024-08-12,EUR,1.067676
2024-08-13,EUR,1.06672
2024-08-14,EUR,1.067632
2024-08-15,EUR,1.065599
2024-08-16,EUR,1.063793
2024-08-17,EUR,1.063317
2024-08-18,EUR,1.061147
2024-08-19,EUR,1.060175
2024-08-20,EUR,1.059053
2024-08-21,EUR,1.058551
2024-08-22,EUR,1.06032
2024-08-23,EUR,1.053742
2024-08-24,EUR,1.053436
2024-08-25,EUR,1.058704
2024-08-26,EUR,1.061458
2024-08-27,EUR,1.064556
2024-08-28,EUR,1.072975
2024-08-29,EUR,1.069685
2024-08-30,EUR,1.070784
2024-08-31,EUR,1.070481
2024-09-01,EUR,1.075711
2024-09-02,EUR,1.06545
2024-09-03,EUR,1.065231
2024-09-04,EUR,1.066158
2024-09-05,EUR,1.070412
2024-09-06,EUR,1.068948
2024-09-07,EUR,1.070366
2024-09-08,EUR,1.071171
2024-09-09,EUR,1.068035
2024-09-10,EUR,1.063673
2024-09-11,EUR,1.0651
2024-09-12,EUR,1.06016
2024-09-13,EUR,1.057852
2024-09-14,EUR,1.06056
2024-09-15,EUR,1.062877
2024-09-16,EUR,1.064366
2024-09-17,EUR,1.065181
2024-09-18,EUR,1.070637
2024-09-19,EUR,1.070672
2024-09-20,EUR,1.070106
2024-09-21,EUR,1.065384
2024-09-22,EUR,1.057256
2024-09-23,EUR,1.055109
2024-09-24,EUR,1.058182
2024-09-25,EUR,1.058021
2024-09-26,EUR,1.057683
2024-09-27,EUR,1.052749
2024-09-28,EUR,1.053489
2024-09-29,EUR,1.057315
2024-09-30,EUR,1.063092
2024-10-01,EUR,1.056485
2024-10-02,EUR,1.052785
2024-10-03,EUR,1.054911
2024-10-04,EUR,1.048245
2024-10-05,EUR,1.049618
2024-10-06,EUR,1.05101
2024-10-07,EUR,1.048609
2024-10-08,EUR,1.044925
2024-10-09,EUR,1.046804
2024-10-10,EUR,1.05223
2024-10-11,EUR,1.051819
2024-10-12,EUR,1.051996
2024-10-13,EUR,1.051074
2024-10-14,EUR,1.058236
2024-10-15,EUR,1.05597
2024-10-16,EUR,1.052878
2024-10-17,EUR,1.054142
2024-10-18,EUR,1.04915
2024-10-19,EUR,1.045592
2024-10-20,EUR,1.04476
2024-10-21,EUR,1.044853
2024-10-22,EUR,1.049929
2024-10-23,EUR,1.049069
2024-10-24,EUR,1.047343
2024-10-25,EUR,1.043281
2024-10-26,EUR,1.040669
2024-10-27,EUR,1.041183
2024-10-28,EUR,1.038137
2024-10-29,EUR,1.040212
2024-10-30,EUR,1.038213
2024-10-31,EUR,1.037453
2024-11-01,EUR,1.038164
2024-11-02,EUR,1.034444
2024-11-03,EUR,1.030997
2024-11-04,EUR,1.036059
2024-11-05,EUR,1.033648
2024-11-06,EUR,1.03637
2024-11-07,EUR,1.035016
2024-11-08,EUR,1.036089
2024-11-09,EUR,1.039146
2024-11-10,EUR,1.03653
2024-11-11,EUR,1.030983
2024-11-12,EUR,1.029523
2024-11-13,EUR,1.027144
2024-11-14,EUR,1.026518
2024-11-15,EUR,1.033152
2024-11-16,EUR,1.03387
2024-11-17,EUR,1.037494
2024-11-18,EUR,1.036321
2024-11-19,EUR,1.044149
2024-11-20,EUR,1.045103
2024-11-21,EUR,1.042248
2024-11-22,EUR,1.0424
2024-11-23,EUR,1.042742
2024-11-24,EUR,1.04727
2024-11-25,EUR,1.0499
2024-11-26,EUR,1.048906
2024-11-27,EUR,1.048931
2024-11-28,EUR,1.048446
2024-11-29,EUR,1.046357
2024-11-30,EUR,1.045148
2024-12-01,EUR,1.042615
2024-12-02,EUR,1.044394
2024-12-03,EUR,1.046631
2024-12-04,EUR,1.050518
2024-12-05,EUR,1.048734
2024-12-06,EUR,1.046672
2024-12-07,EUR,1.041127
2024-12-08,EUR,1.042383
2024-12-09,EUR,1.036058
2024-12-10,EUR,1.035671
2024-12-11,EUR,1.035827
2024-12-12,EUR,1.032742
2024-12-13,EUR,1.03459
2024-12-14,EUR,1.034545
2024-12-15,EUR,1.034196
2024-12-16,EUR,1.031435
2024-12-17,EUR,1.032581
2024-12-18,EUR,1.037806
2024-12-19,EUR,1.0386
2024-12-20,EUR,1.045495
2024-12-21,EUR,1.043225
2024-12-22,EUR,1.039405
2024-12-23,EUR,1.038213
2024-12-24,EUR,1.04013
2024-12-25,EUR,1.040666
2024-12-26,EUR,1.041768
2024-12-27,EUR,1.046501
2024-12-28,EUR,1.043417
2024-12-29,EUR,1.042664
2024-12-30,EUR,1.038414
2024-12-31,EUR,1.04108
2025-01-01,EUR,1.042581
2025-01-02,EUR,1.044005
2025-01-03,EUR,1.045581
2025-01-04,EUR,1.046586
2025-01-05,EUR,1.045963
2025-01-06,EUR,1.043359
2025-01-07,EUR,1.039003
2025-01-08,EUR,1.036542
2025-01-09,EUR,1.041238
2025-01-10,EUR,1.039972
2025-01-11,EUR,1.042926
2025-01-12,EUR,1.043756
2025-01-13,EUR,1.046829
2025-01-14,EUR,1.050892
2025-01-15,EUR,1.046579
2025-01-16,EUR,1.049042
2025-01-17,EUR,1.051433
2025-01-18,EUR,1.044038
2025-01-19,EUR,1.045622
2025-01-20,EUR,1.048517
2025-01-21,EUR,1.051114
2025-01-22,EUR,1.056357
2025-01-23,EUR,1.056518
2025-01-24,EUR,1.050878
2025-01-25,EUR,1.055471
2025-01-26,EUR,1.058361
2025-01-27,EUR,1.062171
2025-01-28,EUR,1.070604
2025-01-29,EUR,1.07153
2025-01-30,EUR,1.071359
2025-01-31,EUR,1.072071
2025-02-01,EUR,1.074078
2025-02-02,EUR,1.074625
2025-02-03,EUR,1.072872
2025-02-04,EUR,1.074003
2025-02-05,EUR,1.074342
2025-02-06,EUR,1.076835
2025-02-07,EUR,1.073279
2025-02-08,EUR,1.079508
2025-02-09,EUR,1.080905
2025-02-10,EUR,1.084813
2025-02-11,EUR,1.08586
2025-02-12,EUR,1.081758
2025-02-13,EUR,1.081993
2025-02-14,EUR,1.080766
2025-02-15,EUR,1.080532
2025-02-16,EUR,1.075909
2025-02-17,EUR,1.07785
2025-02-18,EUR,1.082315
2025-02-19,EUR,1.079014
2025-02-20,EUR,1.0805
2025-02-21,EUR,1.084751
2025-02-22,EUR,1.085729
2025-02-23,EUR,1.08649
2025-02-24,EUR,1.084267
2025-02-25,EUR,1.090108
2025-02-26,EUR,1.090827
2025-02-27,EUR,1.088682
2025-02-28,EUR,1.089296
2025-03-01,EUR,1.089683
2025-03-02,EUR,1.094003
2025-03-03,EUR,1.088791
2025-03-04,EUR,1.089932
2025-03-05,EUR,1.087279
2025-03-06,EUR,1.086593
2025-03-07,EUR,1.087077
2025-03-08,EUR,1.085472
2025-03-09,EUR,1.088599
2025-03-10,EUR,1.090551
2025-03-11,EUR,1.086667
2025-03-12,EUR,1.08927
2025-03-13,EUR,1.087665
2025-03-14,EUR,1.084879
2025-03-15,EUR,1.082384
2025-03-16,EUR,1.085516
2025-03-17,EUR,1.085658
2025-03-18,EUR,1.085888
2025-03-19,EUR,1.08282
2025-03-20,EUR,1.086844
2025-03-21,EUR,1.090271
2025-03-22,EUR,1.090848
2025-03-23,EUR,1.088592
2025-03-24,EUR,1.094451
2025-03-25,EUR,1.093926
2025-03-26,EUR,1.095879
2025-03-27,EUR,1.093118
2025-03-28,EUR,1.086692
2025-03-29,EUR,1.082316
2025-03-30,EUR,1.081202
2025-03-31,EUR,1.07954
2025-04-01,EUR,1.083718
2025-04-02,EUR,1.082345
2025-04-03,EUR,1.078833
2025-04-04,EUR,1.079583
2025-04-05,EUR,1.07873
2025-04-06,EUR,1.082909
2025-04-07,EUR,1.077066
2025-04-08,EUR,1.07687
2025-04-09,EUR,1.078385
2025-04-10,EUR,1.082487
2025-04-11,EUR,1.081685
2025-04-12,EUR,1.094918
2025-04-13,EUR,1.099326
2025-04-14,EUR,1.095229
2025-04-15,EUR,1.093311
2025-04-16,EUR,1.099783
2025-04-17,EUR,1.097348
2025-04-18,EUR,1.098286
2025-04-19,EUR,1.105484
2025-04-20,EUR,1.109066
2025-04-21,EUR,1.106132
2025-04-22,EUR,1.106298
2025-04-23,EUR,1.102979
2025-04-24,EUR,1.106976
2025-04-25,EUR,1.102768
2025-04-26,EUR,1.106871
2025-04-27,EUR,1.101305
2025-04-28,EUR,1.097678
2025-04-29,EUR,1.095393
2025-04-30,EUR,1.09132
2025-05-01,EUR,1.08861
2025-05-02,EUR,1.090329
2025-05-03,EUR,1.090394
2025-05-04,EUR,1.091357
2025-05-05,EUR,1.089168
2025-05-06,EUR,1.091128
2025-05-07,EUR,1.084852
2025-05-08,EUR,1.086063
2025-05-09,EUR,1.088576
2025-05-10,EUR,1.083573
2025-05-11,EUR,1.081614
2025-05-12,EUR,1.083084
2025-05-13,EUR,1.08218
2025-05-14,EUR,1.083291
2025-05-15,EUR,1.088241
2025-05-16,EUR,1.088122
2025-05-17,EUR,1.086869
2025-05-18,EUR,1.08367
2025-05-19,EUR,1.075647
2025-05-20,EUR,1.075907
2025-05-21,EUR,1.072797
2025-05-22,EUR,1.068435
2025-05-23,EUR,1.068308
2025-05-24,EUR,1.063717
2025-05-25,EUR,1.063288
2025-05-26,EUR,1.062931
2025-05-27,EUR,1.059262
2025-05-28,EUR,1.055845
2025-05-29,EUR,1.061529
2025-05-30,EUR,1.056229
2025-05-31,EUR,1.050532
2025-06-01,EUR,1.04689
2025-06-02,EUR,1.04994
2025-06-03,EUR,1.046454
2025-06-04,EUR,1.047982
2025-06-05,EUR,1.047257
2025-06-06,EUR,1.045186
2025-06-07,EUR,1.044655
2025-06-08,EUR,1.045871
2025-06-09,EUR,1.042777
2025-06-10,EUR,1.043945
2025-06-11,EUR,1.039629
2025-06-12,EUR,1.039906
2025-06-13,EUR,1.047266
2025-06-14,EUR,1.051563
2025-06-15,EUR,1.051601
2025-06-16,EUR,1.048641
2025-06-17,EUR,1.046665
2025-06-18,EUR,1.045949
2025-06-19,EUR,1.042239
2025-06-20,EUR,1.037261
2025-06-21,EUR,1.035252
2025-06-22,EUR,1.039204
2025-06-23,EUR,1.031579
2025-06-24,EUR,1.032889
2025-06-25,EUR,1.037623
2025-06-26,EUR,1.029748
2025-06-27,EUR,1.026558
2025-06-28,EUR,1.023041
2025-06-29,EUR,1.029716
2025-06-30,EUR,1.031279
2025-07-01,EUR,1.034117
2025-07-02,EUR,1.038435
2025-07-03,EUR,1.035732
2025-07-04,EUR,1.036837
2025-07-05,EUR,1.031354
2025-07-06,EUR,1.030189
2025-07-07,EUR,1.029197
2025-07-08,EUR,1.032576
2025-07-09,EUR,1.030709
2025-07-10,EUR,1.032057
2025-07-11,EUR,1.034007
2025-07-12,EUR,1.034936
2025-07-13,EUR,1.035317
2025-07-14,EUR,1.039371
2025-07-15,EUR,1.042107
2025-07-16,EUR,1.039594
2025-07-17,EUR,1.03555
2025-07-18,EUR,1.036042
2025-07-19,EUR,1.031487
2025-07-20,EUR,1.030427
2025-07-21,EUR,1.033451
2025-07-22,EUR,1.028177
2025-07-23,EUR,1.031844
2025-07-24,EUR,1.033412
2025-07-25,EUR,1.03368
2025-07-26,EUR,1.037176
2025-07-27,EUR,1.034438
2025-07-28,EUR,1.023738
2025-07-29,EUR,1.029445
2025-07-30,EUR,1.029635
2025-07-31,EUR,1.028599
2025-08-01,EUR,1.029674
2025-08-02,EUR,1.036045
2025-08-03,EUR,1.034509
2025-08-04,EUR,1.028308
2025-08-05,EUR,1.034507
2025-08-06,EUR,1.038696
2025-08-07,EUR,1.043488
2025-08-08,EUR,1.045697
2025-08-09,EUR,1.048685
2025-08-10,EUR,1.046699
2025-08-11,EUR,1.044364
2025-08-12,EUR,1.048365
2025-08-13,EUR,1.050346
2025-08-14,EUR,1.052951
2025-08-15,EUR,1.049718
2025-08-16,EUR,1.050919
2025-08-17,EUR,1.043525
2025-08-18,EUR,1.048932
2025-08-19,EUR,1.056855
2025-08-20,EUR,1.056541
2025-08-21,EUR,1.060744
2025-08-22,EUR,1.064595
2025-08-23,EUR,1.066832
2025-08-24,EUR,1.065945
2025-08-25,EUR,1.062941
2025-08-26,EUR,1.066426
2025-08-27,EUR,1.06195
2025-08-28,EUR,1.063816
2025-08-29,EUR,1.067882
2025-08-30,EUR,1.067999
2025-08-31,EUR,1.064036
2025-09-01,EUR,1.062181
2025-09-02,EUR,1.058133
2025-09-03,EUR,1.067704
2025-09-04,EUR,1.074856
2025-09-05,EUR,1.073631
2025-09-06,EUR,1.071916
2025-09-07,EUR,1.072785
2025-09-08,EUR,1.073023
2025-09-09,EUR,1.078412
2025-09-10,EUR,1.080388
2025-09-11,EUR,1.077275
2025-09-12,EUR,1.073911
2025-09-13,EUR,1.066993
2025-09-14,EUR,1.070472
2025-09-15,EUR,1.069543
2025-09-16,EUR,1.076392
2025-09-17,EUR,1.07942
2025-09-18,EUR,1.077287
2025-09-19,EUR,1.075815
2025-09-20,EUR,1.074672
2025-09-21,EUR,1.071081
2025-09-22,EUR,1.075132
2025-09-23,EUR,1.072941
2025-09-24,EUR,1.06665
2025-09-25,EUR,1.072871
2025-09-26,EUR,1.075951
2025-09-27,EUR,1.076521
2025-09-28,EUR,1.071791
2025-09-29,EUR,1.071808
2025-09-30,EUR,1.069483
2025-10-01,EUR,1.064123
2025-10-02,EUR,1.066055
2025-10-03,EUR,1.064166
2025-10-04,EUR,1.064171
2025-10-05,EUR,1.055716
2025-10-06,EUR,1.052929
2025-10-07,EUR,1.051333
2025-10-08,EUR,1.050019
2025-10-09,EUR,1.057756
2025-10-10,EUR,1.051431
2025-10-11,EUR,1.053228
2025-10-12,EUR,1.050801
2025-10-13,EUR,1.052744
2025-10-14,EUR,1.055172
2025-10-15,EUR,1.04863
2025-10-16,EUR,1.047767
2025-10-17,EUR,1.050893
2025-10-18,EUR,1.051746
2025-10-19,EUR,1.049677
2025-10-20,EUR,1.046936
2025-10-21,EUR,1.03967
2025-10-22,EUR,1.046557
2025-10-23,EUR,1.046407
2025-10-24,EUR,1.04662
2025-10-25,EUR,1.044057
2025-10-26,EUR,1.0415
2025-10-27,EUR,1.043087
2025-10-28,EUR,1.047095
2025-10-29,EUR,1.045681
2025-10-30,EUR,1.046144
2025-10-31,EUR,1.04938
2025-11-01,EUR,1.049809
2025-11-02,EUR,1.053513
2025-11-03,EUR,1.055373
2025-11-04,EUR,1.06118
2025-11-05,EUR,1.059173
2025-11-06,EUR,1.061002
2025-11-07,EUR,1.059782
2025-11-08,EUR,1.058137
2025-11-09,EUR,1.058953
2025-11-10,EUR,1.062172
2025-11-11,EUR,1.060032
2025-11-12,EUR,1.059626
2025-11-13,EUR,1.062718
2025-11-14,EUR,1.065945
2025-11-15,EUR,1.07093
2025-11-16,EUR,1.072656
2025-11-17,EUR,1.075138
2025-11-18,EUR,1.072107
2025-11-19,EUR,1.073091
2025-11-20,EUR,1.078116
2025-11-21,EUR,1.07702
2025-11-22,EUR,1.083071
2025-11-23,EUR,1.082537
2025-11-24,EUR,1.07749
2025-11-25,EUR,1.076368
2025-11-26,EUR,1.077963
2025-11-27,EUR,1.077384
2025-11-28,EUR,1.071342
2025-11-29,EUR,1.071569
2025-11-30,EUR,1.074968
2025-12-01,EUR,1.081621
2025-12-02,EUR,1.090104
2025-12-03,EUR,1.089439
2025-12-04,EUR,1.082908
2025-12-05,EUR,1.075723
2025-12-06,EUR,1.067664
2025-12-07,EUR,1.071384
2025-12-08,EUR,1.07219
2025-12-09,EUR,1.065963
2025-12-10,EUR,1.069118
2025-12-11,EUR,1.063884
2025-12-12,EUR,1.062259
2025-12-13,EUR,1.06408
2025-12-14,EUR,1.06022
2025-12-15,EUR,1.0615
2025-12-16,EUR,1.058157
2025-12-17,EUR,1.059133
2025-12-18,EUR,1.054371
2025-12-19,EUR,1.055018
2025-12-20,EUR,1.052902
2025-12-21,EUR,1.052244
2025-12-22,EUR,1.053182
2025-12-23,EUR,1.055467
2025-12-24,EUR,1.051377
2025-12-25,EUR,1.05273
2025-12-26,EUR,1.052094
2025-12-27,EUR,1.046015
2025-12-28,EUR,1.047088
2025-12-29,EUR,1.04664
2025-12-30,EUR,1.050112
2025-12-31,EUR,1.04936
2026-01-01,EUR,1.042928
2026-01-02,EUR,1.044276
2026-01-03,EUR,1.050382
2026-01-04,EUR,1.050713
2026-01-05,EUR,1.042564
2026-01-06,EUR,1.04199
2026-01-07,EUR,1.039249
2026-01-08,EUR,1.040031
2026-01-09,EUR,1.036022
2026-01-10,EUR,1.039125
2026-01-11,EUR,1.043503
2026-01-12,EUR,1.041519
2026-01-13,EUR,1.041932
2026-01-14,EUR,1.045249
2026-01-15,EUR,1.046849
2026-01-16,EUR,1.046722
2026-01-17,EUR,1.045242
2026-01-18,EUR,1.04565
2026-01-19,EUR,1.044382
2026-01-20,EUR,1.04511
2026-01-21,EUR,1.050119
2026-01-22,EUR,1.055062
2026-01-23,EUR,1.056701
2026-01-24,EUR,1.053387
2026-01-25,EUR,1.053756
2026-01-26,EUR,1.051623
2026-01-27,EUR,1.056381
2026-01-28,EUR,1.06102
2026-01-29,EUR,1.061867
2026-01-30,EUR,1.056105
2026-01-31,EUR,1.05982
2026-02-01,EUR,1.069699
2026-02-02,EUR,1.071747
2026-02-03,EUR,1.07606
2026-02-04,EUR,1.077045
2026-02-05,EUR,1.075616
2026-02-06,EUR,1.074223
2026-02-07,EUR,1.066308
2026-02-08,EUR,1.068757
2026-02-09,EUR,1.068874
2026-02-10,EUR,1.069448
2026-02-11,EUR,1.067971
2026-02-12,EUR,1.068432
2026-02-13,EUR,1.064088
2026-02-14,EUR,1.067419
2026-02-15,EUR,1.066967
2026-02-16,EUR,1.06693
2026-02-17,EUR,1.064923
2026-02-18,EUR,1.067926
2026-02-19,EUR,1.07067
2026-02-20,EUR,1.075662
2026-02-21,EUR,1.0682
2026-02-22,EUR,1.069479
2026-02-23,EUR,1.065052
2026-02-24,EUR,1.067226
2026-02-25,EUR,1.066442
2026-02-26,EUR,1.070714
2026-02-27,EUR,1.072879
2026-02-28,EUR,1.073718
2026-03-01,EUR,1.074695
2026-03-02,EUR,1.082437
2026-03-03,EUR,1.07911
2026-03-04,EUR,1.070581
2026-03-05,EUR,1.073098
2026-03-06,EUR,1.071368
2026-03-07,EUR,1.074264
2026-03-08,EUR,1.074059
2026-03-09,EUR,1.07936
2026-03-10,EUR,1.07526
2026-03-11,EUR,1.074889
2026-03-12,EUR,1.067151
2026-03-13,EUR,1.073605
2026-03-14,EUR,1.07294
2026-03-15,EUR,1.068491
2026-03-16,EUR,1.065512
2026-03-17,EUR,1.066336
2026-03-18,EUR,1.06287
2026-03-19,EUR,1.069555
2026-03-20,EUR,1.067146
2026-03-21,EUR,1.061777
2026-03-22,EUR,1.058533
2026-03-23,EUR,1.057178
2026-03-24,EUR,1.058148
2026-03-25,EUR,1.056765
2026-03-26,EUR,1.052552
2026-03-27,EUR,1.049625
2026-03-28,EUR,1.052742
2026-03-29,EUR,1.053364
2026-03-30,EUR,1.050815
2026-03-31,EUR,1.04472
2026-04-01,EUR,1.045671
2026-04-02,EUR,1.046502
2026-04-03,EUR,1.051385
2026-04-04,EUR,1.061809
2026-04-05,EUR,1.059359
2026-04-06,EUR,1.060396
2026-04-07,EUR,1.062887
2026-04-08,EUR,1.0609
2026-04-09,EUR,1.066441
2026-04-10,EUR,1.055009
2026-04-11,EUR,1.053453
2026-04-12,EUR,1.055784
2026-04-13,EUR,1.053437
2026-04-14,EUR,1.054439
2026-04-15,EUR,1.056086
2026-04-16,EUR,1.056926
2026-04-17,EUR,1.063854
2026-04-18,EUR,1.056716
2026-04-19,EUR,1.057104
2026-04-20,EUR,1.058886
2026-04-21,EUR,1.063289
2026-04-22,EUR,1.067915
2026-04-23,EUR,1.066172
2026-04-24,EUR,1.061272
2026-04-25,EUR,1.054399
2026-04-26,EUR,1.054204
2026-04-27,EUR,1.052228
2026-04-28,EUR,1.056136
2026-04-29,EUR,1.054291
2026-04-30,EUR,1.057984
2026-05-01,EUR,1.058458
2026-05-02,EUR,1.06539
2026-05-03,EUR,1.060089
2026-05-04,EUR,1.058768
2026-05-05,EUR,1.055866
2026-05-06,EUR,1.057642
2026-05-07,EUR,1.054965
2026-05-08,EUR,1.054697
2026-05-09,EUR,1.06086
2026-05-10,EUR,1.059935
2026-05-11,EUR,1.063894
2026-05-12,EUR,1.063131
2026-05-13,EUR,1.068624
2026-05-14,EUR,1.070829
2026-05-15,EUR,1.06878
2026-05-16,EUR,1.070278
2026-05-17,EUR,1.060464
2026-05-18,EUR,1.056317
2026-05-19,EUR,1.055233
2026-05-20,EUR,1.058577
2026-05-21,EUR,1.063731
2026-05-22,EUR,1.063622
2026-05-23,EUR,1.064932
2026-05-24,EUR,1.063236
2026-05-25,EUR,1.062468
2026-05-26,EUR,1.061172
2026-05-27,EUR,1.054739
2026-05-28,EUR,1.062252
2026-05-29,EUR,1.059624
2026-05-30,EUR,1.061254
2026-05-31,EUR,1.061965
2026-06-01,EUR,1.066301
2026-06-02,EUR,1.073022
2026-06-03,EUR,1.070408
2026-06-04,EUR,1.074356
2026-06-05,EUR,1.081115
2026-06-06,EUR,1.082906
2026-06-07,EUR,1.089519
2026-06-08,EUR,1.096041
2026-06-09,EUR,1.101341
2026-06-10,EUR,1.10089
2026-06-11,EUR,1.10688
2026-06-12,EUR,1.108123
2026-06-13,EUR,1.110848
2026-06-14,EUR,1.104797
2026-06-15,EUR,1.105076
2026-06-16,EUR,1.10754
2026-06-17,EUR,1.107371
2026-06-18,EUR,1.104388
2026-06-19,EUR,1.107615
2026-06-20,EUR,1.108169
2026-06-21,EUR,1.11252
2026-06-22,EUR,1.123336
2026-06-23,EUR,1.124276
2026-06-24,EUR,1.120341
2026-06-25,EUR,1.124722
2026-06-26,EUR,1.119119
2026-06-27,EUR,1.125277
2026-06-28,EUR,1.123719
2026-06-29,EUR,1.12439
2026-06-30,EUR,1.126655
2026-07-01,EUR,1.127424
2024-01-01,GBP,1.270276
2024-01-02,GBP,1.26947
2024-01-03,GBP,1.268058
2024-01-04,GBP,1.267912
2024-01-05,GBP,1.266664
2024-01-06,GBP,1.265582
2024-01-07,GBP,1.269044
2024-01-08,GBP,1.273669
2024-01-09,GBP,1.283547
2024-01-10,GBP,1.282636
2024-01-11,GBP,1.284634
2024-01-12,GBP,1.286739
2024-01-13,GBP,1.289056
2024-01-14,GBP,1.299107
2024-01-15,GBP,1.298817
2024-01-16,GBP,1.302245
2024-01-17,GBP,1.303788
2024-01-18,GBP,1.301001
2024-01-19,GBP,1.29847
2024-01-20,GBP,1.305573
2024-01-21,GBP,1.305976
2024-01-22,GBP,1.306064
2024-01-23,GBP,1.29522
2024-01-24,GBP,1.299121
2024-01-25,GBP,1.306094
2024-01-26,GBP,1.314453
2024-01-27,GBP,1.306816
2024-01-28,GBP,1.308979
2024-01-29,GBP,1.312586
2024-01-30,GBP,1.313658
2024-01-31,GBP,1.315906
2024-02-01,GBP,1.316298
2024-02-02,GBP,1.316955
2024-02-03,GBP,1.322207
2024-02-04,GBP,1.317434
2024-02-05,GBP,1.326537
2024-02-06,GBP,1.324419
2024-02-07,GBP,1.320531
2024-02-08,GBP,1.32225
2024-02-09,GBP,1.326444
2024-02-10,GBP,1.321511
2024-02-11,GBP,1.320276
2024-02-12,GBP,1.313556
2024-02-13,GBP,1.317206
2024-02-14,GBP,1.320688
2024-02-15,GBP,1.323833
2024-02-16,GBP,1.326768
2024-02-17,GBP,1.328625
2024-02-18,GBP,1.331083
2024-02-19,GBP,1.331272
2024-02-20,GBP,1.33448
2024-02-21,GBP,1.328653
2024-02-22,GBP,1.327188
2024-02-23,GBP,1.324142
2024-02-24,GBP,1.324883
2024-02-25,GBP,1.322302
2024-02-26,GBP,1.323264
2024-02-27,GBP,1.318544
2024-02-28,GBP,1.318953
2024-02-29,GBP,1.320304
2024-03-01,GBP,1.31914
2024-03-02,GBP,1.320016
2024-03-03,GBP,1.314525
2024-03-04,GBP,1.318246
2024-03-05,GBP,1.320713
2024-03-06,GBP,1.319594
2024-03-07,GBP,1.323223
2024-03-08,GBP,1.32009
2024-03-09,GBP,1.319908
2024-03-10,GBP,1.319883
2024-03-11,GBP,1.320512
2024-03-12,GBP,1.314199
2024-03-13,GBP,1.311337
2024-03-14,GBP,1.310819
2024-03-15,GBP,1.311467
2024-03-16,GBP,1.306303
2024-03-17,GBP,1.305247
2024-03-18,GBP,1.306966
2024-03-19,GBP,1.304438
2024-03-20,GBP,1.30845
2024-03-21,GBP,1.31826
2024-03-22,GBP,1.321412
2024-03-23,GBP,1.320072
2024-03-24,GBP,1.332935
2024-03-25,GBP,1.3214
2024-03-26,GBP,1.321928
2024-03-27,GBP,1.321442
2024-03-28,GBP,1.316398
2024-03-29,GBP,1.316186
2024-03-30,GBP,1.313313
2024-03-31,GBP,1.310122
2024-04-01,GBP,1.308452
2024-04-02,GBP,1.301089
2024-04-03,GBP,1.302499
2024-04-04,GBP,1.303591
2024-04-05,GBP,1.298508
2024-04-06,GBP,1.294779
2024-04-07,GBP,1.294302
2024-04-08,GBP,1.297133
2024-04-09,GBP,1.294047
2024-04-10,GBP,1.300481
2024-04-11,GBP,1.294971
2024-04-12,GBP,1.304019
2024-04-13,GBP,1.304776
2024-04-14,GBP,1.306968
2024-04-15,GBP,1.304177
2024-04-16,GBP,1.30242
2024-04-17,GBP,1.303509
2024-04-18,GBP,1.297155
2024-04-19,GBP,1.292098
2024-04-20,GBP,1.287784
2024-04-21,GBP,1.282112
2024-04-22,GBP,1.282218
2024-04-23,GBP,1.27353
2024-04-24,GBP,1.274901
2024-04-25,GBP,1.274407
2024-04-26,GBP,1.277172
2024-04-27,GBP,1.278975
2024-04-28,GBP,1.282883
2024-04-29,GBP,1.285149
2024-04-30,GBP,1.282935
2024-05-01,GBP,1.286302
2024-05-02,GBP,1.29095
2024-05-03,GBP,1.293649
2024-05-04,GBP,1.288549
2024-05-05,GBP,1.286637
2024-05-06,GBP,1.293065
2024-05-07,GBP,1.294752
2024-05-08,GBP,1.287195
2024-05-09,GBP,1.286534
2024-05-10,GBP,1.287274
2024-05-11,GBP,1.285359
2024-05-12,GBP,1.287518
2024-05-13,GBP,1.28015
2024-05-14,GBP,1.280861
2024-05-15,GBP,1.278309
2024-05-16,GBP,1.275781
2024-05-17,GBP,1.277222
2024-05-18,GBP,1.271544
2024-05-19,GBP,1.272179
2024-05-20,GBP,1.274751
2024-05-21,GBP,1.27947
2024-05-22,GBP,1.277093
2024-05-23,GBP,1.272793
2024-05-24,GBP,1.276106
2024-05-25,GBP,1.274642
2024-05-26,GBP,1.275222
2024-05-27,GBP,1.273752
2024-05-28,GBP,1.268562
2024-05-29,GBP,1.271762
2024-05-30,GBP,1.27111
2024-05-31,GBP,1.271659
2024-06-01,GBP,1.268502
2024-06-02,GBP,1.269703
2024-06-03,GBP,1.266618
2024-06-04,GBP,1.262789
2024-06-05,GBP,1.258785
2024-06-06,GBP,1.2576
2024-06-07,GBP,1.251758
2024-06-08,GBP,1.259891
2024-06-09,GBP,1.25356
2024-06-10,GBP,1.246251
2024-06-11,GBP,1.24506
2024-06-12,GBP,1.240568
2024-06-13,GBP,1.250216
2024-06-14,GBP,1.256843
2024-06-15,GBP,1.265748
2024-06-16,GBP,1.267304
2024-06-17,GBP,1.277537
2024-06-18,GBP,1.275666
2024-06-19,GBP,1.273019
2024-06-20,GBP,1.274542
2024-06-21,GBP,1.28018
2024-06-22,GBP,1.287954
2024-06-23,GBP,1.282529
2024-06-24,GBP,1.283332
2024-06-25,GBP,1.284869
2024-06-26,GBP,1.294517
2024-06-27,GBP,1.291174
2024-06-28,GBP,1.292755
2024-06-29,GBP,1.284096
2024-06-30,GBP,1.284918
2024-07-01,GBP,1.287243
2024-07-02,GBP,1.290453
2024-07-03,GBP,1.296006
2024-07-04,GBP,1.296959
2024-07-05,GBP,1.301142
2024-07-06,GBP,1.308536
2024-07-07,GBP,1.305887
2024-07-08,GBP,1.300841
2024-07-09,GBP,1.303341
2024-07-10,GBP,1.294438
2024-07-11,GBP,1.294038
2024-07-12,GBP,1.294369
2024-07-13,GBP,1.288994
2024-07-14,GBP,1.283521
2024-07-15,GBP,1.278365
2024-07-16,GBP,1.285467
2024-07-17,GBP,1.286691
2024-07-18,GBP,1.285614
2024-07-19,GBP,1.288727
2024-07-20,GBP,1.291567
2024-07-21,GBP,1.294058
2024-07-22,GBP,1.295952
2024-07-23,GBP,1.295198
2024-07-24,GBP,1.292512
2024-07-25,GBP,1.292614
2024-07-26,GBP,1.285726
2024-07-27,GBP,1.287118
2024-07-28,GBP,1.28855
2024-07-29,GBP,1.292563
2024-07-30,GBP,1.290647
2024-07-31,GBP,1.297946
2024-08-01,GBP,1.297991
2024-08-02,GBP,1.293048
2024-08-03,GBP,1.292999
2024-08-04,GBP,1.286625
2024-08-05,GBP,1.280665
2024-08-06,GBP,1.276568
2024-08-07,GBP,1.277291
2024-08-08,GBP,1.274897
2024-08-09,GBP,1.274276
2024-08-10,GBP,1.273817
2024-08-11,GBP,1.269683
2024-08-12,GBP,1.271953
2024-08-13,GBP,1.268126
2024-08-14,GBP,1.266805
2024-08-15,GBP,1.271676
2024-08-16,GBP,1.267312
2024-08-17,GBP,1.270036
2024-08-18,GBP,1.276077
2024-08-19,GBP,1.273627
2024-08-20,GBP,1.267794
2024-08-21,GBP,1.259659
2024-08-22,GBP,1.258852
2024-08-23,GBP,1.262424
2024-08-24,GBP,1.257059
2024-08-25,GBP,1.258028
2024-08-26,GBP,1.25828
2024-08-27,GBP,1.258098
2024-08-28,GBP,1.268795
2024-08-29,GBP,1.27097
2024-08-30,GBP,1.268588
2024-08-31,GBP,1.273463
2024-09-01,GBP,1.283743
2024-09-02,GBP,1.285367
2024-09-03,GBP,1.292383
2024-09-04,GBP,1.2929
2024-09-05,GBP,1.297065
2024-09-06,GBP,1.298511
2024-09-07,GBP,1.296132
2024-09-08,GBP,1.292775
2024-09-09,GBP,1.293134
2024-09-10,GBP,1.297752
2024-09-11,GBP,1.296068
2024-09-12,GBP,1.292
2024-09-13,GBP,1.29132
2024-09-14,GBP,1.298366
2024-09-15,GBP,1.300342
2024-09-16,GBP,1.29835
2024-09-17,GBP,1.296202
2024-09-18,GBP,1.296929
2024-09-19,GBP,1.297063
2024-09-20,GBP,1.293453
2024-09-21,GBP,1.295272
2024-09-22,GBP,1.297097
2024-09-23,GBP,1.299095
2024-09-24,GBP,1.296889
2024-09-25,GBP,1.295433
2024-09-26,GBP,1.297561
2024-09-27,GBP,1.294007
2024-09-28,GBP,1.293251
2024-09-29,GBP,1.289664
2024-09-30,GBP,1.288517
2024-10-01,GBP,1.288749
2024-10-02,GBP,1.283914
2024-10-03,GBP,1.286287
2024-10-04,GBP,1.279519
2024-10-05,GBP,1.275388
2024-10-06,GBP,1.273164
2024-10-07,GBP,1.276857
2024-10-08,GBP,1.279317
2024-10-09,GBP,1.271349
2024-10-10,GBP,1.272022
2024-10-11,GBP,1.27519
2024-10-12,GBP,1.271442
2024-10-13,GBP,1.264339
2024-10-14,GBP,1.259528
2024-10-15,GBP,1.258432
2024-10-16,GBP,1.260324
2024-10-17,GBP,1.258617
2024-10-18,GBP,1.260445
2024-10-19,GBP,1.254786
2024-10-20,GBP,1.249721
2024-10-21,GBP,1.2462
2024-10-22,GBP,1.239499
2024-10-23,GBP,1.240805
2024-10-24,GBP,1.237807
2024-10-25,GBP,1.234243
2024-10-26,GBP,1.229513
2024-10-27,GBP,1.228525
2024-10-28,GBP,1.230339
2024-10-29,GBP,1.230461
2024-10-30,GBP,1.240721
2024-10-31,GBP,1.238025
2024-11-01,GBP,1.242429
2024-11-02,GBP,1.244186
2024-11-03,GBP,1.245883
2024-11-04,GBP,1.238015
2024-11-05,GBP,1.234855
2024-11-06,GBP,1.237251
2024-11-07,GBP,1.237596
2024-11-08,GBP,1.237124
2024-11-09,GBP,1.234594
2024-11-10,GBP,1.233978
2024-11-11,GBP,1.234698
2024-11-12,GBP,1.232008
2024-11-13,GBP,1.225999
2024-11-14,GBP,1.226145
2024-11-15,GBP,1.222319
2024-11-16,GBP,1.22857
2024-11-17,GBP,1.225946
2024-11-18,GBP,1.227831
2024-11-19,GBP,1.231661
2024-11-20,GBP,1.235205
2024-11-21,GBP,1.231291
2024-11-22,GBP,1.238287
2024-11-23,GBP,1.241956
2024-11-24,GBP,1.240923
2024-11-25,GBP,1.240503
2024-11-26,GBP,1.243427
2024-11-27,GBP,1.237302
2024-11-28,GBP,1.234633
2024-11-29,GBP,1.236735
2024-11-30,GBP,1.231955
2024-12-01,GBP,1.22926
2024-12-02,GBP,1.228999
2024-12-03,GBP,1.221869
2024-12-04,GBP,1.215976
2024-12-05,GBP,1.210575
2024-12-06,GBP,1.213764
2024-12-07,GBP,1.217981
2024-12-08,GBP,1.219266
2024-12-09,GBP,1.220301
2024-12-10,GBP,1.212579
2024-12-11,GBP,1.212606
2024-12-12,GBP,1.216365
2024-12-13,GBP,1.212826
2024-12-14,GBP,1.210748
2024-12-15,GBP,1.20708
2024-12-16,GBP,1.208415
2024-12-17,GBP,1.206079
2024-12-18,GBP,1.214062
2024-12-19,GBP,1.216428
2024-12-20,GBP,1.215299
2024-12-21,GBP,1.219309
2024-12-22,GBP,1.217365
2024-12-23,GBP,1.218832
2024-12-24,GBP,1.222749
2024-12-25,GBP,1.216163
2024-12-26,GBP,1.222955
2024-12-27,GBP,1.22242
2024-12-28,GBP,1.225728
2024-12-29,GBP,1.228805
2024-12-30,GBP,1.222953
2024-12-31,GBP,1.224907
2025-01-01,GBP,1.220049
2025-01-02,GBP,1.222375
2025-01-03,GBP,1.228889
2025-01-04,GBP,1.219414
2025-01-05,GBP,1.223715
2025-01-06,GBP,1.227332
2025-01-07,GBP,1.229258
2025-01-08,GBP,1.236821
2025-01-09,GBP,1.235937
2025-01-10,GBP,1.23685
2025-01-11,GBP,1.237186
2025-01-12,GBP,1.236639
2025-01-13,GBP,1.235707
2025-01-14,GBP,1.241004
2025-01-15,GBP,1.239187
2025-01-16,GBP,1.236406
2025-01-17,GBP,1.23461
2025-01-18,GBP,1.232103
2025-01-19,GBP,1.233953
2025-01-20,GBP,1.23109
2025-01-21,GBP,1.228616
2025-01-22,GBP,1.218941
2025-01-23,GBP,1.21829
2025-01-24,GBP,1.219638
2025-01-25,GBP,1.220065
2025-01-26,GBP,1.214007
2025-01-27,GBP,1.208296
2025-01-28,GBP,1.202239
2025-01-29,GBP,1.202023
2025-01-30,GBP,1.194245
2025-01-31,GBP,1.189533
2025-02-01,GBP,1.201292
2025-02-02,GBP,1.201397
2025-02-03,GBP,1.198414
2025-02-04,GBP,1.197107
2025-02-05,GBP,1.197207
2025-02-06,GBP,1.203365
2025-02-07,GBP,1.206152
2025-02-08,GBP,1.20603
2025-02-09,GBP,1.210792
2025-02-10,GBP,1.209644
2025-02-11,GBP,1.20973
2025-02-12,GBP,1.208233
2025-02-13,GBP,1.210994
2025-02-14,GBP,1.210792
2025-02-15,GBP,1.210175
2025-02-16,GBP,1.213966
2025-02-17,GBP,1.214041
2025-02-18,GBP,1.214498
2025-02-19,GBP,1.203891
2025-02-20,GBP,1.202117
2025-02-21,GBP,1.201324
2025-02-22,GBP,1.207204
2025-02-23,GBP,1.198801
2025-02-24,GBP,1.20142
2025-02-25,GBP,1.20341
2025-02-26,GBP,1.202654
2025-02-27,GBP,1.201379
2025-02-28,GBP,1.201502
2025-03-01,GBP,1.206284
2025-03-02,GBP,1.211326
2025-03-03,GBP,1.212549
2025-03-04,GBP,1.216608
2025-03-05,GBP,1.221725
2025-03-06,GBP,1.216328
2025-03-07,GBP,1.218231
2025-03-08,GBP,1.215901
2025-03-09,GBP,1.216642
2025-03-10,GBP,1.219286
2025-03-11,GBP,1.215864
2025-03-12,GBP,1.218519
2025-03-13,GBP,1.220995
2025-03-14,GBP,1.220154
2025-03-15,GBP,1.219901
2025-03-16,GBP,1.220538
2025-03-17,GBP,1.224788
2025-03-18,GBP,1.227004
2025-03-19,GBP,1.227643
2025-03-20,GBP,1.232302
2025-03-21,GBP,1.232526
2025-03-22,GBP,1.233619
2025-03-23,GBP,1.234693
2025-03-24,GBP,1.232689
2025-03-25,GBP,1.225319
2025-03-26,GBP,1.223293
2025-03-27,GBP,1.224114
2025-03-28,GBP,1.225332
2025-03-29,GBP,1.228225
2025-03-30,GBP,1.232079
2025-03-31,GBP,1.233548
2025-04-01,GBP,1.234961
2025-04-02,GBP,1.237659
2025-04-03,GBP,1.239696
2025-04-04,GBP,1.244091
2025-04-05,GBP,1.253037
2025-04-06,GBP,1.245232
2025-04-07,GBP,1.242575
2025-04-08,GBP,1.244519
2025-04-09,GBP,1.240502
2025-04-10,GBP,1.243465
2025-04-11,GBP,1.240987
2025-04-12,GBP,1.241679
2025-04-13,GBP,1.241845
2025-04-14,GBP,1.24157
2025-04-15,GBP,1.239995
2025-04-16,GBP,1.2385
2025-04-17,GBP,1.239263
2025-04-18,GBP,1.244014
2025-04-19,GBP,1.238914
2025-04-20,GBP,1.241784
2025-04-21,GBP,1.232136
2025-04-22,GBP,1.221786
2025-04-23,GBP,1.226819
2025-04-24,GBP,1.224453
2025-04-25,GBP,1.223937
2025-04-26,GBP,1.223302
2025-04-27,GBP,1.221093
2025-04-28,GBP,1.217946
2025-04-29,GBP,1.218915
2025-04-30,GBP,1.215439
2025-05-01,GBP,1.214343
2025-05-02,GBP,1.2135
2025-05-03,GBP,1.219098
2025-05-04,GBP,1.213532
2025-05-05,GBP,1.21615
2025-05-06,GBP,1.212735
2025-05-07,GBP,1.211528
2025-05-08,GBP,1.21995
2025-05-09,GBP,1.217095
2025-05-10,GBP,1.22107
2025-05-11,GBP,1.212365
2025-05-12,GBP,1.207557
2025-05-13,GBP,1.204923
2025-05-14,GBP,1.206112
2025-05-15,GBP,1.198962
2025-05-16,GBP,1.201149
2025-05-17,GBP,1.198051
2025-05-18,GBP,1.193994
2025-05-19,GBP,1.198621
2025-05-20,GBP,1.200973
2025-05-21,GBP,1.196612
2025-05-22,GBP,1.195553
2025-05-23,GBP,1.195706
2025-05-24,GBP,1.197485
2025-05-25,GBP,1.205227
2025-05-26,GBP,1.198171
2025-05-27,GBP,1.206891
2025-05-28,GBP,1.205069
2025-05-29,GBP,1.20461
2025-05-30,GBP,1.200862
2025-05-31,GBP,1.200794
2025-06-01,GBP,1.197335
2025-06-02,GBP,1.196383
2025-06-03,GBP,1.196736
2025-06-04,GBP,1.19666
2025-06-05,GBP,1.209156
2025-06-06,GBP,1.214413
2025-06-07,GBP,1.215401
2025-06-08,GBP,1.215603
2025-06-09,GBP,1.222885
2025-06-10,GBP,1.227174
2025-06-11,GBP,1.226011
2025-06-12,GBP,1.22521
2025-06-13,GBP,1.232906
2025-06-14,GBP,1.238685
2025-06-15,GBP,1.24272
2025-06-16,GBP,1.244036
2025-06-17,GBP,1.244439
2025-06-18,GBP,1.238939
2025-06-19,GBP,1.237165
2025-06-20,GBP,1.236788
2025-06-21,GBP,1.234024
2025-06-22,GBP,1.226985
2025-06-23,GBP,1.227864
2025-06-24,GBP,1.228597
2025-06-25,GBP,1.22739
2025-06-26,GBP,1.22789
2025-06-27,GBP,1.229716
2025-06-28,GBP,1.229389
2025-06-29,GBP,1.230399
2025-06-30,GBP,1.230794
2025-07-01,GBP,1.234018
2025-07-02,GBP,1.234176
2025-07-03,GBP,1.239004
2025-07-04,GBP,1.238183
2025-07-05,GBP,1.24529
2025-07-06,GBP,1.242055
2025-07-07,GBP,1.24945
2025-07-08,GBP,1.251339
2025-07-09,GBP,1.25238
2025-07-10,GBP,1.251554
2025-07-11,GBP,1.244641
2025-07-12,GBP,1.248073
2025-07-13,GBP,1.252773
2025-07-14,GBP,1.253871
2025-07-15,GBP,1.25684
2025-07-16,GBP,1.255314
2025-07-17,GBP,1.253725
2025-07-18,GBP,1.245837
2025-07-19,GBP,1.245979
2025-07-20,GBP,1.246558
2025-07-21,GBP,1.244267
2025-07-22,GBP,1.241187
2025-07-23,GBP,1.255637
2025-07-24,GBP,1.248991
2025-07-25,GBP,1.253461
2025-07-26,GBP,1.256228
2025-07-27,GBP,1.26558
2025-07-28,GBP,1.27203
2025-07-29,GBP,1.270081
2025-07-30,GBP,1.266213
2025-07-31,GBP,1.267578
2025-08-01,GBP,1.269356
2025-08-02,GBP,1.269857
2025-08-03,GBP,1.266739
2025-08-04,GBP,1.266387
2025-08-05,GBP,1.279514
2025-08-06,GBP,1.282483
2025-08-07,GBP,1.275457
2025-08-08,GBP,1.274154
2025-08-09,GBP,1.282276
2025-08-10,GBP,1.287519
2025-08-11,GBP,1.283815
2025-08-12,GBP,1.274679
2025-08-13,GBP,1.278463
2025-08-14,GBP,1.279512
2025-08-15,GBP,1.27432
2025-08-16,GBP,1.281121
2025-08-17,GBP,1.282162
2025-08-18,GBP,1.283249
2025-08-19,GBP,1.283576
2025-08-20,GBP,1.283767
2025-08-21,GBP,1.286274
2025-08-22,GBP,1.282385
2025-08-23,GBP,1.28437
2025-08-24,GBP,1.283226
2025-08-25,GBP,1.285591
2025-08-26,GBP,1.283858
2025-08-27,GBP,1.275956
2025-08-28,GBP,1.283208
2025-08-29,GBP,1.283522
2025-08-30,GBP,1.274321
2025-08-31,GBP,1.271504
2025-09-01,GBP,1.267579
2025-09-02,GBP,1.264651
2025-09-03,GBP,1.269853
2025-09-04,GBP,1.2719
2025-09-05,GBP,1.26769
2025-09-06,GBP,1.2679
2025-09-07,GBP,1.26993
2025-09-08,GBP,1.271314
2025-09-09,GBP,1.269641
2025-09-10,GBP,1.263012
2025-09-11,GBP,1.272373
2025-09-12,GBP,1.266709
2025-09-13,GBP,1.263499
2025-09-14,GBP,1.267023
2025-09-15,GBP,1.266367
2025-09-16,GBP,1.27069
2025-09-17,GBP,1.27213
2025-09-18,GBP,1.274
2025-09-19,GBP,1.275971
2025-09-20,GBP,1.281937
2025-09-21,GBP,1.283483
2025-09-22,GBP,1.285263
2025-09-23,GBP,1.289843
2025-09-24,GBP,1.296704
2025-09-25,GBP,1.299142
2025-09-26,GBP,1.297156
2025-09-27,GBP,1.295153
2025-09-28,GBP,1.294814
2025-09-29,GBP,1.300546
2025-09-30,GBP,1.304324
2025-10-01,GBP,1.306664
2025-10-02,GBP,1.310854
2025-10-03,GBP,1.312478
2025-10-04,GBP,1.307905
2025-10-05,GBP,1.303822
2025-10-06,GBP,1.302335
2025-10-07,GBP,1.3032
2025-10-08,GBP,1.299886
2025-10-09,GBP,1.292225
2025-10-10,GBP,1.291697
2025-10-11,GBP,1.289643
2025-10-12,GBP,1.286622
2025-10-13,GBP,1.28183
2025-10-14,GBP,1.277512
2025-10-15,GBP,1.270926
2025-10-16,GBP,1.27154
2025-10-17,GBP,1.269372
2025-10-18,GBP,1.265659
2025-10-19,GBP,1.271419
2025-10-20,GBP,1.274283
2025-10-21,GBP,1.276587
2025-10-22,GBP,1.27993
2025-10-23,GBP,1.28085
2025-10-24,GBP,1.280089
2025-10-25,GBP,1.279056
2025-10-26,GBP,1.280943
2025-10-27,GBP,1.282311
2025-10-28,GBP,1.286416
2025-10-29,GBP,1.293641
2025-10-30,GBP,1.298543
2025-10-31,GBP,1.29928
2025-11-01,GBP,1.303716
2025-11-02,GBP,1.303927
2025-11-03,GBP,1.295729
2025-11-04,GBP,1.288399
2025-11-05,GBP,1.289666
2025-11-06,GBP,1.299511
2025-11-07,GBP,1.301845
2025-11-08,GBP,1.299896
2025-11-09,GBP,1.302551
2025-11-10,GBP,1.309581
2025-11-11,GBP,1.307293
2025-11-12,GBP,1.308387
2025-11-13,GBP,1.309199
2025-11-14,GBP,1.310102
2025-11-15,GBP,1.308886
2025-11-16,GBP,1.308702
2025-11-17,GBP,1.312698
2025-11-18,GBP,1.30825
2025-11-19,GBP,1.312704
2025-11-20,GBP,1.316582
2025-11-21,GBP,1.314624
2025-11-22,GBP,1.310446
2025-11-23,GBP,1.302984
2025-11-24,GBP,1.296094
2025-11-25,GBP,1.288865
2025-11-26,GBP,1.285483
2025-11-27,GBP,1.284345
2025-11-28,GBP,1.282048
2025-11-29,GBP,1.289714
2025-11-30,GBP,1.288399
2025-12-01,GBP,1.28909
2025-12-02,GBP,1.293306
2025-12-03,GBP,1.295511
2025-12-04,GBP,1.29066
2025-12-05,GBP,1.294509
2025-12-06,GBP,1.296161
2025-12-07,GBP,1.301955
2025-12-08,GBP,1.297859
2025-12-09,GBP,1.29357
2025-12-10,GBP,1.29009
2025-12-11,GBP,1.291419
2025-12-12,GBP,1.295216
2025-12-13,GBP,1.295669
2025-12-14,GBP,1.297586
2025-12-15,GBP,1.296417
2025-12-16,GBP,1.29228
2025-12-17,GBP,1.29554
2025-12-18,GBP,1.291401
2025-12-19,GBP,1.293347
2025-12-20,GBP,1.296736
2025-12-21,GBP,1.303717
2025-12-22,GBP,1.30788
2025-12-23,GBP,1.307145
2025-12-24,GBP,1.310779
2025-12-25,GBP,1.313481
2025-12-26,GBP,1.312693
2025-12-27,GBP,1.316517
2025-12-28,GBP,1.316365
2025-12-29,GBP,1.314908
2025-12-30,GBP,1.317099
2025-12-31,GBP,1.31413
2026-01-01,GBP,1.321284
2026-01-02,GBP,1.316638
2026-01-03,GBP,1.317994
2026-01-04,GBP,1.317167
2026-01-05,GBP,1.321937
2026-01-06,GBP,1.321658
2026-01-07,GBP,1.31471
2026-01-08,GBP,1.311054
2026-01-09,GBP,1.31615
2026-01-10,GBP,1.320127
2026-01-11,GBP,1.316156
2026-01-12,GBP,1.319814
2026-01-13,GBP,1.317481
2026-01-14,GBP,1.31631
2026-01-15,GBP,1.313885
2026-01-16,GBP,1.313771
2026-01-17,GBP,1.316274
2026-01-18,GBP,1.306827
2026-01-19,GBP,1.307354
2026-01-20,GBP,1.312936
2026-01-21,GBP,1.311575
2026-01-22,GBP,1.306865
2026-01-23,GBP,1.302129
2026-01-24,GBP,1.29283
2026-01-25,GBP,1.288568
2026-01-26,GBP,1.294961
2026-01-27,GBP,1.286672
2026-01-28,GBP,1.287184
2026-01-29,GBP,1.286913
2026-01-30,GBP,1.286377
2026-01-31,GBP,1.290789
2026-02-01,GBP,1.294671
2026-02-02,GBP,1.293841
2026-02-03,GBP,1.28914
2026-02-04,GBP,1.292207
2026-02-05,GBP,1.29768
2026-02-06,GBP,1.302126
2026-02-07,GBP,1.301038
2026-02-08,GBP,1.298453
2026-02-09,GBP,1.307263
2026-02-10,GBP,1.309354
2026-02-11,GBP,1.314891
2026-02-12,GBP,1.315242
2026-02-13,GBP,1.312879
2026-02-14,GBP,1.309917
2026-02-15,GBP,1.311005
2026-02-16,GBP,1.310989
2026-02-17,GBP,1.309504
2026-02-18,GBP,1.301616
2026-02-19,GBP,1.30357
2026-02-20,GBP,1.301103
2026-02-21,GBP,1.300591
2026-02-22,GBP,1.301309
2026-02-23,GBP,1.293973
2026-02-24,GBP,1.292629
2026-02-25,GBP,1.290055
2026-02-26,GBP,1.282323
2026-02-27,GBP,1.283506
2026-02-28,GBP,1.290579
2026-03-01,GBP,1.287836
2026-03-02,GBP,1.29054
2026-03-03,GBP,1.289681
2026-03-04,GBP,1.295833
2026-03-05,GBP,1.294662
2026-03-06,GBP,1.296498
2026-03-07,GBP,1.29141
2026-03-08,GBP,1.288484
2026-03-09,GBP,1.290281
2026-03-10,GBP,1.290392
2026-03-11,GBP,1.293053
2026-03-12,GBP,1.295553
2026-03-13,GBP,1.294765
2026-03-14,GBP,1.295811
2026-03-15,GBP,1.294954
2026-03-16,GBP,1.290789
2026-03-17,GBP,1.296719
2026-03-18,GBP,1.300979
2026-03-19,GBP,1.30395
2026-03-20,GBP,1.303173
2026-03-21,GBP,1.305404
2026-03-22,GBP,1.309487
2026-03-23,GBP,1.308365
2026-03-24,GBP,1.301261
2026-03-25,GBP,1.306149
2026-03-26,GBP,1.304432
2026-03-27,GBP,1.316261
2026-03-28,GBP,1.314194
2026-03-29,GBP,1.318891
2026-03-30,GBP,1.326756
2026-03-31,GBP,1.32535
2026-04-01,GBP,1.33082
2026-04-02,GBP,1.332269
2026-04-03,GBP,1.335813
2026-04-04,GBP,1.335887
2026-04-05,GBP,1.338056
2026-04-06,GBP,1.336927
2026-04-07,GBP,1.341805
2026-04-08,GBP,1.340185
2026-04-09,GBP,1.345009
2026-04-10,GBP,1.345522
2026-04-11,GBP,1.347784
2026-04-12,GBP,1.343232
2026-04-13,GBP,1.345697
2026-04-14,GBP,1.347141
2026-04-15,GBP,1.352883
2026-04-16,GBP,1.355978
2026-04-17,GBP,1.35554
2026-04-18,GBP,1.357463
2026-04-19,GBP,1.356353
2026-04-20,GBP,1.355682
2026-04-21,GBP,1.358674
2026-04-22,GBP,1.360812
2026-04-23,GBP,1.361658
2026-04-24,GBP,1.359784
2026-04-25,GBP,1.358484
2026-04-26,GBP,1.352687
2026-04-27,GBP,1.35258
2026-04-28,GBP,1.34433
2026-04-29,GBP,1.355833
2026-04-30,GBP,1.355036
2026-05-01,GBP,1.357797
2026-05-02,GBP,1.365036
2026-05-03,GBP,1.370341
2026-05-04,GBP,1.369765
2026-05-05,GBP,1.368389
2026-05-06,GBP,1.371028
2026-05-07,GBP,1.376104
2026-05-08,GBP,1.3719
2026-05-09,GBP,1.370357
2026-05-10,GBP,1.368671
2026-05-11,GBP,1.368365
2026-05-12,GBP,1.368718
2026-05-13,GBP,1.364767
2026-05-14,GBP,1.362627
2026-05-15,GBP,1.366947
2026-05-16,GBP,1.362891
2026-05-17,GBP,1.352828
2026-05-18,GBP,1.356395
2026-05-19,GBP,1.35208
2026-05-20,GBP,1.356435
2026-05-21,GBP,1.358975
2026-05-22,GBP,1.362371
2026-05-23,GBP,1.360017
2026-05-24,GBP,1.358007
2026-05-25,GBP,1.364384
2026-05-26,GBP,1.368341
2026-05-27,GBP,1.362332
2026-05-28,GBP,1.361144
2026-05-29,GBP,1.36566
2026-05-30,GBP,1.358428
2026-05-31,GBP,1.357672
2026-06-01,GBP,1.356725
2026-06-02,GBP,1.350502
2026-06-03,GBP,1.347842
2026-06-04,GBP,1.347573
2026-06-05,GBP,1.348196
2026-06-06,GBP,1.348418
2026-06-07,GBP,1.341227
2026-06-08,GBP,1.340771
2026-06-09,GBP,1.350558
2026-06-10,GBP,1.348461
2026-06-11,GBP,1.350131
2026-06-12,GBP,1.355094
2026-06-13,GBP,1.359726
2026-06-14,GBP,1.35542
2026-06-15,GBP,1.353111
2026-06-16,GBP,1.353571
2026-06-17,GBP,1.349164
2026-06-18,GBP,1.349666
2026-06-19,GBP,1.351298
2026-06-20,GBP,1.348267
2026-06-21,GBP,1.353577
2026-06-22,GBP,1.347038
2026-06-23,GBP,1.346527
2026-06-24,GBP,1.349343
2026-06-25,GBP,1.348188
2026-06-26,GBP,1.341598
2026-06-27,GBP,1.341038
2026-06-28,GBP,1.353373
2026-06-29,GBP,1.353696
2026-06-30,GBP,1.345862
2026-07-01,GBP,1.352085
2024-01-01,BRL,0.185485
2024-01-02,BRL,0.186091
2024-01-03,BRL,0.186401
2024-01-04,BRL,0.187398
2024-01-05,BRL,0.186999
2024-01-06,BRL,0.187033
2024-01-07,BRL,0.186969
2024-01-08,BRL,0.186053
2024-01-09,BRL,0.186375
2024-01-10,BRL,0.186246
2024-01-11,BRL,0.185987
2024-01-12,BRL,0.186282
2024-01-13,BRL,0.18688
2024-01-14,BRL,0.185793
2024-01-15,BRL,0.186483
2024-01-16,BRL,0.185692
2024-01-17,BRL,0.185731
2024-01-18,BRL,0.186393
2024-01-19,BRL,0.185706
2024-01-20,BRL,0.184726
2024-01-21,BRL,0.186232
2024-01-22,BRL,0.186745
2024-01-23,BRL,0.185853
2024-01-24,BRL,0.186559
2024-01-25,BRL,0.186181
2024-01-26,BRL,0.186547
2024-01-27,BRL,0.186264
2024-01-28,BRL,0.185742
2024-01-29,BRL,0.185656
2024-01-30,BRL,0.186263
2024-01-31,BRL,0.187496
2024-02-01,BRL,0.187585
2024-02-02,BRL,0.187847
2024-02-03,BRL,0.188074
2024-02-04,BRL,0.187267
2024-02-05,BRL,0.186446
2024-02-06,BRL,0.185484
2024-02-07,BRL,0.184406
2024-02-08,BRL,0.185196
2024-02-09,BRL,0.184241
2024-02-10,BRL,0.185367
2024-02-11,BRL,0.185823
2024-02-12,BRL,0.185667
2024-02-13,BRL,0.186511
2024-02-14,BRL,0.186924
2024-02-15,BRL,0.187312
2024-02-16,BRL,0.187487
2024-02-17,BRL,0.187034
2024-02-18,BRL,0.187301
2024-02-19,BRL,0.186831
2024-02-20,BRL,0.186624
2024-02-21,BRL,0.186423
2024-02-22,BRL,0.186565
2024-02-23,BRL,0.187368
2024-02-24,BRL,0.188665
2024-02-25,BRL,0.187779
2024-02-26,BRL,0.187636
2024-02-27,BRL,0.187489
2024-02-28,BRL,0.187845
2024-02-29,BRL,0.188318
2024-03-01,BRL,0.188662
2024-03-02,BRL,0.188469
2024-03-03,BRL,0.189487
2024-03-04,BRL,0.190518
2024-03-05,BRL,0.190841
2024-03-06,BRL,0.189768
2024-03-07,BRL,0.188324
2024-03-08,BRL,0.18825
2024-03-09,BRL,0.188626
2024-03-10,BRL,0.188277
2024-03-11,BRL,0.18941
2024-03-12,BRL,0.190001
2024-03-13,BRL,0.190627
2024-03-14,BRL,0.190521
2024-03-15,BRL,0.190043
2024-03-16,BRL,0.190376
2024-03-17,BRL,0.190666
2024-03-18,BRL,0.19118
2024-03-19,BRL,0.191496
2024-03-20,BRL,0.191773
2024-03-21,BRL,0.192519
2024-03-22,BRL,0.191842
2024-03-23,BRL,0.191434
2024-03-24,BRL,0.190072
2024-03-25,BRL,0.190213
2024-03-26,BRL,0.190931
2024-03-27,BRL,0.190397
2024-03-28,BRL,0.190199
2024-03-29,BRL,0.190312
2024-03-30,BRL,0.191428
2024-03-31,BRL,0.191698
2024-04-01,BRL,0.191696
2024-04-02,BRL,0.190619
2024-04-03,BRL,0.191071
2024-04-04,BRL,0.189765
2024-04-05,BRL,0.188734
2024-04-06,BRL,0.18821
2024-04-07,BRL,0.187823
2024-04-08,BRL,0.187694
2024-04-09,BRL,0.187945
2024-04-10,BRL,0.188057
2024-04-11,BRL,0.188599
2024-04-12,BRL,0.18875
2024-04-13,BRL,0.188779
2024-04-14,BRL,0.189273
2024-04-15,BRL,0.189902
2024-04-16,BRL,0.19072
2024-04-17,BRL,0.190522
2024-04-18,BRL,0.188541
2024-04-19,BRL,0.187974
2024-04-20,BRL,0.189199
2024-04-21,BRL,0.189392
2024-04-22,BRL,0.188861
2024-04-23,BRL,0.188816
2024-04-24,BRL,0.18856
2024-04-25,BRL,0.188224
2024-04-26,BRL,0.187106
2024-04-27,BRL,0.186514
2024-04-28,BRL,0.185639
2024-04-29,BRL,0.185749
2024-04-30,BRL,0.185696
2024-05-01,BRL,0.185094
2024-05-02,BRL,0.184374
2024-05-03,BRL,0.185156
2024-05-04,BRL,0.186412
2024-05-05,BRL,0.186637
2024-05-06,BRL,0.186315
2024-05-07,BRL,0.18623
2024-05-08,BRL,0.187105
2024-05-09,BRL,0.187177
2024-05-10,BRL,0.18847
2024-05-11,BRL,0.188246
2024-05-12,BRL,0.18835
2024-05-13,BRL,0.188949
2024-05-14,BRL,0.189989
2024-05-15,BRL,0.190755
2024-05-16,BRL,0.1907
2024-05-17,BRL,0.191597
2024-05-18,BRL,0.191379
2024-05-19,BRL,0.190443
2024-05-20,BRL,0.189846
2024-05-21,BRL,0.190678
2024-05-22,BRL,0.190391
2024-05-23,BRL,0.188976
2024-05-24,BRL,0.188987
2024-05-25,BRL,0.189772
2024-05-26,BRL,0.190114
2024-05-27,BRL,0.190415
2024-05-28,BRL,0.190185
2024-05-29,BRL,0.1904
2024-05-30,BRL,0.189519
2024-05-31,BRL,0.189054
2024-06-01,BRL,0.189486
2024-06-02,BRL,0.188726
2024-06-03,BRL,0.189266
2024-06-04,BRL,0.188613
2024-06-05,BRL,0.187869
2024-06-06,BRL,0.188592
2024-06-07,BRL,0.189219
2024-06-08,BRL,0.189282
2024-06-09,BRL,0.188728
2024-06-10,BRL,0.18876
2024-06-11,BRL,0.188652
2024-06-12,BRL,0.188445
2024-06-13,BRL,0.188525
2024-06-14,BRL,0.188874
2024-06-15,BRL,0.188752
2024-06-16,BRL,0.189736
2024-06-17,BRL,0.189676
2024-06-18,BRL,0.189821
2024-06-19,BRL,0.189304
2024-06-20,BRL,0.188093
2024-06-21,BRL,0.188336
2024-06-22,BRL,0.188559
2024-06-23,BRL,0.188649
2024-06-24,BRL,0.187441
2024-06-25,BRL,0.188108
2024-06-26,BRL,0.187442
2024-06-27,BRL,0.187653
2024-06-28,BRL,0.186497
2024-06-29,BRL,0.186198
2024-06-30,BRL,0.187014
2024-07-01,BRL,0.186899
2024-07-02,BRL,0.186467
2024-07-03,BRL,0.186076
2024-07-04,BRL,0.187194
2024-07-05,BRL,0.186264
2024-07-06,BRL,0.186353
2024-07-07,BRL,0.185649
2024-07-08,BRL,0.184383
2024-07-09,BRL,0.184677
2024-07-10,BRL,0.183772
2024-07-11,BRL,0.183487
2024-07-12,BRL,0.183484
2024-07-13,BRL,0.183286
2024-07-14,BRL,0.182418
2024-07-15,BRL,0.184
2024-07-16,BRL,0.184691
2024-07-17,BRL,0.185212
2024-07-18,BRL,0.185448
2024-07-19,BRL,0.185544
2024-07-20,BRL,0.185066
2024-07-21,BRL,0.185444
2024-07-22,BRL,0.18618
2024-07-23,BRL,0.186182
2024-07-24,BRL,0.185416
2024-07-25,BRL,0.184722
2024-07-26,BRL,0.183606
2024-07-27,BRL,0.183765
2024-07-28,BRL,0.185319
2024-07-29,BRL,0.184442
2024-07-30,BRL,0.184859
2024-07-31,BRL,0.184626
2024-08-01,BRL,0.185409
2024-08-02,BRL,0.186406
2024-08-03,BRL,0.186443
2024-08-04,BRL,0.185997
2024-08-05,BRL,0.185306
2024-08-06,BRL,0.184699
2024-08-07,BRL,0.18295
2024-08-08,BRL,0.182817
2024-08-09,BRL,0.182714
2024-08-10,BRL,0.182808
2024-08-11,BRL,0.183552
2024-08-12,BRL,0.18321
2024-08-13,BRL,0.184685
2024-08-14,BRL,0.184921
2024-08-15,BRL,0.185684
2024-08-16,BRL,0.185801
2024-08-17,BRL,0.187117
2024-08-18,BRL,0.188376
2024-08-19,BRL,0.189628
2024-08-20,BRL,0.190158
2024-08-21,BRL,0.189415
2024-08-22,BRL,0.190614
2024-08-23,BRL,0.190729
2024-08-24,BRL,0.192036
2024-08-25,BRL,0.19312
2024-08-26,BRL,0.192912
2024-08-27,BRL,0.192045
2024-08-28,BRL,0.192225
2024-08-29,BRL,0.191692
2024-08-30,BRL,0.191787
2024-08-31,BRL,0.192586
2024-09-01,BRL,0.191783
2024-09-02,BRL,0.191822
2024-09-03,BRL,0.191506
2024-09-04,BRL,0.191057
2024-09-05,BRL,0.19164
2024-09-06,BRL,0.19283
2024-09-07,BRL,0.193305
2024-09-08,BRL,0.194037
2024-09-09,BRL,0.194851
2024-09-10,BRL,0.195074
2024-09-11,BRL,0.194922
2024-09-12,BRL,0.195471
2024-09-13,BRL,0.194273
2024-09-14,BRL,0.194112
2024-09-15,BRL,0.194586
2024-09-16,BRL,0.195566
2024-09-17,BRL,0.195505
2024-09-18,BRL,0.194358
2024-09-19,BRL,0.193076
2024-09-20,BRL,0.191899
2024-09-21,BRL,0.192343
2024-09-22,BRL,0.19215
2024-09-23,BRL,0.191763
2024-09-24,BRL,0.191551
2024-09-25,BRL,0.192474
2024-09-26,BRL,0.192338
2024-09-27,BRL,0.193632
2024-09-28,BRL,0.192924
2024-09-29,BRL,0.193304
2024-09-30,BRL,0.193354
2024-10-01,BRL,0.192607
2024-10-02,BRL,0.192195
2024-10-03,BRL,0.193375
2024-10-04,BRL,0.192939
2024-10-05,BRL,0.192921
2024-10-06,BRL,0.192433
2024-10-07,BRL,0.191666
2024-10-08,BRL,0.191106
2024-10-09,BRL,0.191033
2024-10-10,BRL,0.190239
2024-10-11,BRL,0.190284
2024-10-12,BRL,0.190461
2024-10-13,BRL,0.190798
2024-10-14,BRL,0.19047
2024-10-15,BRL,0.191196
2024-10-16,BRL,0.190813
2024-10-17,BRL,0.192359
2024-10-18,BRL,0.193412
2024-10-19,BRL,0.192933
2024-10-20,BRL,0.1921
2024-10-21,BRL,0.19135
2024-10-22,BRL,0.190692
2024-10-23,BRL,0.190522
2024-10-24,BRL,0.19157
2024-10-25,BRL,0.19133
2024-10-26,BRL,0.191209
2024-10-27,BRL,0.191046
2024-10-28,BRL,0.191571
2024-10-29,BRL,0.191931
2024-10-30,BRL,0.192236
2024-10-31,BRL,0.192524
2024-11-01,BRL,0.192693
2024-11-02,BRL,0.19282
2024-11-03,BRL,0.193095
2024-11-04,BRL,0.193119
2024-11-05,BRL,0.193133
2024-11-06,BRL,0.192212
2024-11-07,BRL,0.192639
2024-11-08,BRL,0.192577
2024-11-09,BRL,0.192382
2024-11-10,BRL,0.193115
2024-11-11,BRL,0.191736
2024-11-12,BRL,0.191488
2024-11-13,BRL,0.192302
2024-11-14,BRL,0.191462
2024-11-15,BRL,0.190625
2024-11-16,BRL,0.19051
2024-11-17,BRL,0.192137
2024-11-18,BRL,0.191778
2024-11-19,BRL,0.191262
2024-11-20,BRL,0.191492
2024-11-21,BRL,0.191561
2024-11-22,BRL,0.191787
2024-11-23,BRL,0.193387
2024-11-24,BRL,0.193323
2024-11-25,BRL,0.194965
2024-11-26,BRL,0.195331
2024-11-27,BRL,0.194757
2024-11-28,BRL,0.19539
2024-11-29,BRL,0.195695
2024-11-30,BRL,0.196851
2024-12-01,BRL,0.19686
2024-12-02,BRL,0.196508
2024-12-03,BRL,0.19665
2024-12-04,BRL,0.195989
2024-12-05,BRL,0.195959
2024-12-06,BRL,0.195824
2024-12-07,BRL,0.195401
2024-12-08,BRL,0.194436
2024-12-09,BRL,0.195015
2024-12-10,BRL,0.195149
2024-12-11,BRL,0.195866
2024-12-12,BRL,0.195248
2024-12-13,BRL,0.196989
2024-12-14,BRL,0.196798
2024-12-15,BRL,0.197943
2024-12-16,BRL,0.197739
2024-12-17,BRL,0.197948
2024-12-18,BRL,0.197784
2024-12-19,BRL,0.197516
2024-12-20,BRL,0.197672
2024-12-21,BRL,0.197126
2024-12-22,BRL,0.196959
2024-12-23,BRL,0.197638
2024-12-24,BRL,0.197716
2024-12-25,BRL,0.198313
2024-12-26,BRL,0.196915
2024-12-27,BRL,0.197074
2024-12-28,BRL,0.197216
2024-12-29,BRL,0.196005
2024-12-30,BRL,0.197064
2024-12-31,BRL,0.196849
2025-01-01,BRL,0.196559
2025-01-02,BRL,0.197619
2025-01-03,BRL,0.198713
2025-01-04,BRL,0.197845
2025-01-05,BRL,0.197222
2025-01-06,BRL,0.196609
2025-01-07,BRL,0.196217
2025-01-08,BRL,0.196894
2025-01-09,BRL,0.19681
2025-01-10,BRL,0.196577
2025-01-11,BRL,0.195676
2025-01-12,BRL,0.196501
2025-01-13,BRL,0.196554
2025-01-14,BRL,0.195901
2025-01-15,BRL,0.195687
2025-01-16,BRL,0.194907
2025-01-17,BRL,0.194753
2025-01-18,BRL,0.194246
2025-01-19,BRL,0.193682
2025-01-20,BRL,0.193066
2025-01-21,BRL,0.193475
2025-01-22,BRL,0.193727
2025-01-23,BRL,0.193055
2025-01-24,BRL,0.193801
2025-01-25,BRL,0.194297
2025-01-26,BRL,0.194312
2025-01-27,BRL,0.193865
2025-01-28,BRL,0.193881
2025-01-29,BRL,0.194842
2025-01-30,BRL,0.195069
2025-01-31,BRL,0.195911
2025-02-01,BRL,0.19508
2025-02-02,BRL,0.195824
2025-02-03,BRL,0.19565
2025-02-04,BRL,0.197059
2025-02-05,BRL,0.196548
2025-02-06,BRL,0.197422
2025-02-07,BRL,0.1973
2025-02-08,BRL,0.196516
2025-02-09,BRL,0.195845
2025-02-10,BRL,0.195143
2025-02-11,BRL,0.195723
2025-02-12,BRL,0.196701
2025-02-13,BRL,0.196539
2025-02-14,BRL,0.196794
2025-02-15,BRL,0.19762
2025-02-16,BRL,0.197346
2025-02-17,BRL,0.196291
2025-02-18,BRL,0.196684
2025-02-19,BRL,0.19693
2025-02-20,BRL,0.195559
2025-02-21,BRL,0.195516
2025-02-22,BRL,0.194838
2025-02-23,BRL,0.193943
2025-02-24,BRL,0.194096
2025-02-25,BRL,0.19411
2025-02-26,BRL,0.193314
2025-02-27,BRL,0.19343
2025-02-28,BRL,0.194009
2025-03-01,BRL,0.193996
2025-03-02,BRL,0.194519
2025-03-03,BRL,0.194479
2025-03-04,BRL,0.194203
2025-03-05,BRL,0.195177
2025-03-06,BRL,0.195439
2025-03-07,BRL,0.195949
2025-03-08,BRL,0.194989
2025-03-09,BRL,0.195394
2025-03-10,BRL,0.1959
2025-03-11,BRL,0.195468
2025-03-12,BRL,0.195871
2025-03-13,BRL,0.194897
2025-03-14,BRL,0.195234
2025-03-15,BRL,0.194572
2025-03-16,BRL,0.193996
2025-03-17,BRL,0.194171
2025-03-18,BRL,0.194145
2025-03-19,BRL,0.19407
2025-03-20,BRL,0.194738
2025-03-21,BRL,0.195033
2025-03-22,BRL,0.194076
2025-03-23,BRL,0.193506
2025-03-24,BRL,0.193335
2025-03-25,BRL,0.193425
2025-03-26,BRL,0.193151
2025-03-27,BRL,0.193254
2025-03-28,BRL,0.193001
2025-03-29,BRL,0.193049
2025-03-30,BRL,0.192933
2025-03-31,BRL,0.194104
2025-04-01,BRL,0.194162
2025-04-02,BRL,0.19476
2025-04-03,BRL,0.195346
2025-04-04,BRL,0.196633
2025-04-05,BRL,0.196698
2025-04-06,BRL,0.196578
2025-04-07,BRL,0.197904
2025-04-08,BRL,0.197724
2025-04-09,BRL,0.198279
2025-04-10,BRL,0.19864
2025-04-11,BRL,0.198898
2025-04-12,BRL,0.198884
2025-04-13,BRL,0.198541
2025-04-14,BRL,0.197704
2025-04-15,BRL,0.197987
2025-04-16,BRL,0.19843
2025-04-17,BRL,0.199665
2025-04-18,BRL,0.198661
2025-04-19,BRL,0.19783
2025-04-20,BRL,0.197067
2025-04-21,BRL,0.196937
2025-04-22,BRL,0.198629
2025-04-23,BRL,0.198662
2025-04-24,BRL,0.199662
2025-04-25,BRL,0.200187
2025-04-26,BRL,0.20142
2025-04-27,BRL,0.201618
2025-04-28,BRL,0.201753
2025-04-29,BRL,0.200929
2025-04-30,BRL,0.200883
2025-05-01,BRL,0.201042
2025-05-02,BRL,0.200003
2025-05-03,BRL,0.200258
2025-05-04,BRL,0.200462
2025-05-05,BRL,0.200636
2025-05-06,BRL,0.200672
2025-05-07,BRL,0.201574
2025-05-08,BRL,0.201717
2025-05-09,BRL,0.201128
2025-05-10,BRL,0.201186
2025-05-11,BRL,0.200644
2025-05-12,BRL,0.201399
2025-05-13,BRL,0.201924
2025-05-14,BRL,0.201085
2025-05-15,BRL,0.200301
2025-05-16,BRL,0.200556
2025-05-17,BRL,0.200446
2025-05-18,BRL,0.201043
2025-05-19,BRL,0.200647
2025-05-20,BRL,0.200932
2025-05-21,BRL,0.201211
2025-05-22,BRL,0.201706
2025-05-23,BRL,0.200149
2025-05-24,BRL,0.200026
2025-05-25,BRL,0.199483
2025-05-26,BRL,0.198806
2025-05-27,BRL,0.198715
2025-05-28,BRL,0.198896
2025-05-29,BRL,0.198654
2025-05-30,BRL,0.200334
2025-05-31,BRL,0.199805
2025-06-01,BRL,0.19896
2025-06-02,BRL,0.200168
2025-06-03,BRL,0.199701
2025-06-04,BRL,0.199776
2025-06-05,BRL,0.200294
2025-06-06,BRL,0.200521
2025-06-07,BRL,0.200176
2025-06-08,BRL,0.201405
2025-06-09,BRL,0.201988
2025-06-10,BRL,0.201006
2025-06-11,BRL,0.201404
2025-06-12,BRL,0.201282
2025-06-13,BRL,0.201912
2025-06-14,BRL,0.201789
2025-06-15,BRL,0.20251
2025-06-16,BRL,0.202243
2025-06-17,BRL,0.203312
2025-06-18,BRL,0.203188
2025-06-19,BRL,0.203791
2025-06-20,BRL,0.203111
2025-06-21,BRL,0.203427
2025-06-22,BRL,0.20232
2025-06-23,BRL,0.200077
2025-06-24,BRL,0.19977
2025-06-25,BRL,0.198888
2025-06-26,BRL,0.200006
2025-06-27,BRL,0.201133
2025-06-28,BRL,0.201222
2025-06-29,BRL,0.201085
2025-06-30,BRL,0.201134
2025-07-01,BRL,0.200364
2025-07-02,BRL,0.200642
2025-07-03,BRL,0.199752
2025-07-04,BRL,0.200763
2025-07-05,BRL,0.200047
2025-07-06,BRL,0.201171
2025-07-07,BRL,0.20081
2025-07-08,BRL,0.20172
2025-07-09,BRL,0.20254
2025-07-10,BRL,0.202992
2025-07-11,BRL,0.2024
2025-07-12,BRL,0.203163
2025-07-13,BRL,0.202681
2025-07-14,BRL,0.20281
2025-07-15,BRL,0.203666
2025-07-16,BRL,0.204732
2025-07-17,BRL,0.205025
2025-07-18,BRL,0.206154
2025-07-19,BRL,0.205691
2025-07-20,BRL,0.20494
2025-07-21,BRL,0.204131
2025-07-22,BRL,0.204294
2025-07-23,BRL,0.203721
2025-07-24,BRL,0.204135
2025-07-25,BRL,0.204506
2025-07-26,BRL,0.204568
2025-07-27,BRL,0.20431
2025-07-28,BRL,0.203568
2025-07-29,BRL,0.203729
2025-07-30,BRL,0.203208
2025-07-31,BRL,0.203058
2025-08-01,BRL,0.203989
2025-08-02,BRL,0.205055
2025-08-03,BRL,0.205777
2025-08-04,BRL,0.205637
2025-08-05,BRL,0.2061
2025-08-06,BRL,0.203996
2025-08-07,BRL,0.203767
2025-08-08,BRL,0.202319
2025-08-09,BRL,0.202551
2025-08-10,BRL,0.203306
2025-08-11,BRL,0.20247
2025-08-12,BRL,0.202086
2025-08-13,BRL,0.202297
2025-08-14,BRL,0.201719
2025-08-15,BRL,0.200708
2025-08-16,BRL,0.201129
2025-08-17,BRL,0.201071
2025-08-18,BRL,0.200731
2025-08-19,BRL,0.200147
2025-08-20,BRL,0.200214
2025-08-21,BRL,0.199366
2025-08-22,BRL,0.200444
2025-08-23,BRL,0.200786
2025-08-24,BRL,0.200577
2025-08-25,BRL,0.200871
2025-08-26,BRL,0.201064
2025-08-27,BRL,0.201883
2025-08-28,BRL,0.202465
2025-08-29,BRL,0.201781
2025-08-30,BRL,0.202496
2025-08-31,BRL,0.203301
2025-09-01,BRL,0.203231
2025-09-02,BRL,0.20372
2025-09-03,BRL,0.20379
2025-09-04,BRL,0.203747
2025-09-05,BRL,0.203755
2025-09-06,BRL,0.204316
2025-09-07,BRL,0.204736
2025-09-08,BRL,0.204878
2025-09-09,BRL,0.206891
2025-09-10,BRL,0.207064
2025-09-11,BRL,0.205992
2025-09-12,BRL,0.206277
2025-09-13,BRL,0.206122
2025-09-14,BRL,0.207599
2025-09-15,BRL,0.207142
2025-09-16,BRL,0.207231
2025-09-17,BRL,0.206482
2025-09-18,BRL,0.207482
2025-09-19,BRL,0.206448
2025-09-20,BRL,0.207016
2025-09-21,BRL,0.205925
2025-09-22,BRL,0.205762
2025-09-23,BRL,0.20676
2025-09-24,BRL,0.207023
2025-09-25,BRL,0.2072
2025-09-26,BRL,0.206526
2025-09-27,BRL,0.206859
2025-09-28,BRL,0.206335
2025-09-29,BRL,0.205825
2025-09-30,BRL,0.20542
2025-10-01,BRL,0.205022
2025-10-02,BRL,0.205924
2025-10-03,BRL,0.206494
2025-10-04,BRL,0.20687
2025-10-05,BRL,0.207053
2025-10-06,BRL,0.208095
2025-10-07,BRL,0.208181
2025-10-08,BRL,0.208177
2025-10-09,BRL,0.207761
2025-10-10,BRL,0.207667
2025-10-11,BRL,0.207547
2025-10-12,BRL,0.207823
2025-10-13,BRL,0.208409
2025-10-14,BRL,0.208823
2025-10-15,BRL,0.208632
2025-10-16,BRL,0.208647
2025-10-17,BRL,0.208463
2025-10-18,BRL,0.208946
2025-10-19,BRL,0.209877
2025-10-20,BRL,0.20946
2025-10-21,BRL,0.209063
2025-10-22,BRL,0.208952
2025-10-23,BRL,0.208574
2025-10-24,BRL,0.207739
2025-10-25,BRL,0.207384
2025-10-26,BRL,0.206384
2025-10-27,BRL,0.206625
2025-10-28,BRL,0.2075
2025-10-29,BRL,0.207878
2025-10-30,BRL,0.206473
2025-10-31,BRL,0.206014
2025-11-01,BRL,0.206714
2025-11-02,BRL,0.206954
2025-11-03,BRL,0.206452
2025-11-04,BRL,0.206889
2025-11-05,BRL,0.20751
2025-11-06,BRL,0.207782
2025-11-07,BRL,0.206199
2025-11-08,BRL,0.205967
2025-11-09,BRL,0.206152
2025-11-10,BRL,0.205879
2025-11-11,BRL,0.205914
2025-11-12,BRL,0.207061
2025-11-13,BRL,0.205975
2025-11-14,BRL,0.20604
2025-11-15,BRL,0.205042
2025-11-16,BRL,0.203933
2025-11-17,BRL,0.203561
2025-11-18,BRL,0.203642
2025-11-19,BRL,0.204737
2025-11-20,BRL,0.203241
2025-11-21,BRL,0.204388
2025-11-22,BRL,0.204163
2025-11-23,BRL,0.204827
2025-11-24,BRL,0.203848
2025-11-25,BRL,0.202206
2025-11-26,BRL,0.202119
2025-11-27,BRL,0.202844
2025-11-28,BRL,0.203055
2025-11-29,BRL,0.204353
2025-11-30,BRL,0.204277
2025-12-01,BRL,0.204612
2025-12-02,BRL,0.204658
2025-12-03,BRL,0.203106
2025-12-04,BRL,0.203499
2025-12-05,BRL,0.20355
2025-12-06,BRL,0.202904
2025-12-07,BRL,0.202838
2025-12-08,BRL,0.201963
2025-12-09,BRL,0.201839
2025-12-10,BRL,0.201405
2025-12-11,BRL,0.200948
2025-12-12,BRL,0.200227
2025-12-13,BRL,0.199136
2025-12-14,BRL,0.198716
2025-12-15,BRL,0.198342
2025-12-16,BRL,0.198841
2025-12-17,BRL,0.198227
2025-12-18,BRL,0.198115
2025-12-19,BRL,0.19822
2025-12-20,BRL,0.197325
2025-12-21,BRL,0.195818
2025-12-22,BRL,0.195591
2025-12-23,BRL,0.1956
2025-12-24,BRL,0.196295
2025-12-25,BRL,0.195538
2025-12-26,BRL,0.194807
2025-12-27,BRL,0.195318
2025-12-28,BRL,0.195508
2025-12-29,BRL,0.195294
2025-12-30,BRL,0.195391
2025-12-31,BRL,0.195097
2026-01-01,BRL,0.195923
2026-01-02,BRL,0.195767
2026-01-03,BRL,0.196396
2026-01-04,BRL,0.196566
2026-01-05,BRL,0.195893
2026-01-06,BRL,0.195112
2026-01-07,BRL,0.19517
2026-01-08,BRL,0.195472
2026-01-09,BRL,0.194358
2026-01-10,BRL,0.193938
2026-01-11,BRL,0.192725
2026-01-12,BRL,0.193524
2026-01-13,BRL,0.194104
2026-01-14,BRL,0.193594
2026-01-15,BRL,0.194134
2026-01-16,BRL,0.193859
2026-01-17,BRL,0.19418
2026-01-18,BRL,0.195294
2026-01-19,BRL,0.196144
2026-01-20,BRL,0.196542
2026-01-21,BRL,0.197006
2026-01-22,BRL,0.196654
2026-01-23,BRL,0.196496
2026-01-24,BRL,0.196747
2026-01-25,BRL,0.197047
2026-01-26,BRL,0.198497
2026-01-27,BRL,0.198268
2026-01-28,BRL,0.198382
2026-01-29,BRL,0.198343
2026-01-30,BRL,0.197007
2026-01-31,BRL,0.196403
2026-02-01,BRL,0.197803
2026-02-02,BRL,0.197993
2026-02-03,BRL,0.19823
2026-02-04,BRL,0.19798
2026-02-05,BRL,0.197229
2026-02-06,BRL,0.197449
2026-02-07,BRL,0.198136
2026-02-08,BRL,0.199033
2026-02-09,BRL,0.199465
2026-02-10,BRL,0.199697
2026-02-11,BRL,0.200345
2026-02-12,BRL,0.200995
2026-02-13,BRL,0.201065
2026-02-14,BRL,0.202442
2026-02-15,BRL,0.202413
2026-02-16,BRL,0.202532
2026-02-17,BRL,0.202669
2026-02-18,BRL,0.202067
2026-02-19,BRL,0.203616
2026-02-20,BRL,0.203415
2026-02-21,BRL,0.203318
2026-02-22,BRL,0.203933
2026-02-23,BRL,0.204234
2026-02-24,BRL,0.203817
2026-02-25,BRL,0.203479
2026-02-26,BRL,0.203209
2026-02-27,BRL,0.202861
2026-02-28,BRL,0.202281
2026-03-01,BRL,0.201645
2026-03-02,BRL,0.201961
2026-03-03,BRL,0.202109
2026-03-04,BRL,0.202489
2026-03-05,BRL,0.202226
2026-03-06,BRL,0.201331
2026-03-07,BRL,0.202252
2026-03-08,BRL,0.202283
2026-03-09,BRL,0.201199
2026-03-10,BRL,0.201746
2026-03-11,BRL,0.20137
2026-03-12,BRL,0.200286
2026-03-13,BRL,0.200155
2026-03-14,BRL,0.200387
2026-03-15,BRL,0.201463
2026-03-16,BRL,0.20247
2026-03-17,BRL,0.202567
2026-03-18,BRL,0.203292
2026-03-19,BRL,0.202343
2026-03-20,BRL,0.202773
2026-03-21,BRL,0.201718
2026-03-22,BRL,0.201421
2026-03-23,BRL,0.201157
2026-03-24,BRL,0.201059
2026-03-25,BRL,0.201573
2026-03-26,BRL,0.200486
2026-03-27,BRL,0.200309
2026-03-28,BRL,0.200893
2026-03-29,BRL,0.200741
2026-03-30,BRL,0.201632
2026-03-31,BRL,0.202433
2026-04-01,BRL,0.202501
2026-04-02,BRL,0.20189
2026-04-03,BRL,0.201916
2026-04-04,BRL,0.20208
2026-04-05,BRL,0.20262
2026-04-06,BRL,0.203191
2026-04-07,BRL,0.203264
2026-04-08,BRL,0.204023
2026-04-09,BRL,0.203368
2026-04-10,BRL,0.202631
2026-04-11,BRL,0.201662
2026-04-12,BRL,0.201696
2026-04-13,BRL,0.200975
2026-04-14,BRL,0.20087
2026-04-15,BRL,0.201574
2026-04-16,BRL,0.200941
2026-04-17,BRL,0.19994
2026-04-18,BRL,0.199722
2026-04-19,BRL,0.200909
2026-04-20,BRL,0.200941
2026-04-21,BRL,0.201717
2026-04-22,BRL,0.202114
2026-04-23,BRL,0.202163
2026-04-24,BRL,0.202716
2026-04-25,BRL,0.202649
2026-04-26,BRL,0.202432
2026-04-27,BRL,0.203438
2026-04-28,BRL,0.204213
2026-04-29,BRL,0.204673
2026-04-30,BRL,0.204101
2026-05-01,BRL,0.204202
2026-05-02,BRL,0.203512
2026-05-03,BRL,0.20376
2026-05-04,BRL,0.203245
2026-05-05,BRL,0.203557
2026-05-06,BRL,0.202984
2026-05-07,BRL,0.202207
2026-05-08,BRL,0.203535
2026-05-09,BRL,0.203134
2026-05-10,BRL,0.203596
2026-05-11,BRL,0.203329
2026-05-12,BRL,0.20397
2026-05-13,BRL,0.202973
2026-05-14,BRL,0.203611
2026-05-15,BRL,0.202808
2026-05-16,BRL,0.20317
2026-05-17,BRL,0.203712
2026-05-18,BRL,0.203698
2026-05-19,BRL,0.203892
2026-05-20,BRL,0.20298
2026-05-21,BRL,0.203779
2026-05-22,BRL,0.202133
2026-05-23,BRL,0.202636
2026-05-24,BRL,0.203259
2026-05-25,BRL,0.203607
2026-05-26,BRL,0.204103
2026-05-27,BRL,0.20316
2026-05-28,BRL,0.204423
2026-05-29,BRL,0.205647
2026-05-30,BRL,0.205601
2026-05-31,BRL,0.204753
2026-06-01,BRL,0.205042
2026-06-02,BRL,0.205005
2026-06-03,BRL,0.205228
2026-06-04,BRL,0.206289
2026-06-05,BRL,0.206134
2026-06-06,BRL,0.206208
2026-06-07,BRL,0.20595
2026-06-08,BRL,0.206179
2026-06-09,BRL,0.205595
2026-06-10,BRL,0.206778
2026-06-11,BRL,0.206475
2026-06-12,BRL,0.205781
2026-06-13,BRL,0.205095
2026-06-14,BRL,0.205055
2026-06-15,BRL,0.204329
2026-06-16,BRL,0.205844
2026-06-17,BRL,0.205444
2026-06-18,BRL,0.205676
2026-06-19,BRL,0.205763
2026-06-20,BRL,0.205428
2026-06-21,BRL,0.206793
2026-06-22,BRL,0.206796
2026-06-23,BRL,0.205716
2026-06-24,BRL,0.205597
2026-06-25,BRL,0.205223
2026-06-26,BRL,0.205925
2026-06-27,BRL,0.206056
2026-06-28,BRL,0.206376
2026-06-29,BRL,0.207052
2026-06-30,BRL,0.206851
2026-07-01,BRL,0.206518
2024-01-01,SGD,0.747418
2024-01-02,SGD,0.747969
2024-01-03,SGD,0.748883
2024-01-04,SGD,0.746755
2024-01-05,SGD,0.746939
2024-01-06,SGD,0.750482
2024-01-07,SGD,0.754522
2024-01-08,SGD,0.75697
2024-01-09,SGD,0.760368
2024-01-10,SGD,0.759319
2024-01-11,SGD,0.762586
2024-01-12,SGD,0.759904
2024-01-13,SGD,0.758639
2024-01-14,SGD,0.762525
2024-01-15,SGD,0.764312
2024-01-16,SGD,0.765907
2024-01-17,SGD,0.762442
2024-01-18,SGD,0.759977
2024-01-19,SGD,0.759145
2024-01-20,SGD,0.758387
2024-01-21,SGD,0.750681
2024-01-22,SGD,0.748893
2024-01-23,SGD,0.751141
2024-01-24,SGD,0.751918
2024-01-25,SGD,0.754628
2024-01-26,SGD,0.754358
2024-01-27,SGD,0.753873
2024-01-28,SGD,0.749696
2024-01-29,SGD,0.749478
2024-01-30,SGD,0.752447
2024-01-31,SGD,0.752874
2024-02-01,SGD,0.749526
2024-02-02,SGD,0.749952
2024-02-03,SGD,0.753323
2024-02-04,SGD,0.756094
2024-02-05,SGD,0.756052
2024-02-06,SGD,0.760189
2024-02-07,SGD,0.763826
2024-02-08,SGD,0.762658
2024-02-09,SGD,0.765483
2024-02-10,SGD,0.765713
2024-02-11,SGD,0.769115
2024-02-12,SGD,0.768398
2024-02-13,SGD,0.764645
2024-02-14,SGD,0.765647
2024-02-15,SGD,0.762443
2024-02-16,SGD,0.762339
2024-02-17,SGD,0.7612
2024-02-18,SGD,0.760859
2024-02-19,SGD,0.760738
2024-02-20,SGD,0.758655
2024-02-21,SGD,0.758331
2024-02-22,SGD,0.758387
2024-02-23,SGD,0.757741
2024-02-24,SGD,0.755864
2024-02-25,SGD,0.755655
2024-02-26,SGD,0.759478
2024-02-27,SGD,0.762862
2024-02-28,SGD,0.761896
2024-02-29,SGD,0.762822
2024-03-01,SGD,0.761671
2024-03-02,SGD,0.757531
2024-03-03,SGD,0.756137
2024-03-04,SGD,0.757132
2024-03-05,SGD,0.757318
2024-03-06,SGD,0.756049
2024-03-07,SGD,0.758123
2024-03-08,SGD,0.76185
2024-03-09,SGD,0.761284
2024-03-10,SGD,0.761823
2024-03-11,SGD,0.764392
2024-03-12,SGD,0.762537
2024-03-13,SGD,0.765332
2024-03-14,SGD,0.765199
2024-03-15,SGD,0.762653
2024-03-16,SGD,0.757236
2024-03-17,SGD,0.754546
2024-03-18,SGD,0.755724
2024-03-19,SGD,0.754521
2024-03-20,SGD,0.751794
2024-03-21,SGD,0.749553
2024-03-22,SGD,0.749007
2024-03-23,SGD,0.750254
2024-03-24,SGD,0.748555
2024-03-25,SGD,0.750376
2024-03-26,SGD,0.750156
2024-03-27,SGD,0.747701
2024-03-28,SGD,0.750838
2024-03-29,SGD,0.748615
2024-03-30,SGD,0.751402
2024-03-31,SGD,0.749885
2024-04-01,SGD,0.747682
2024-04-02,SGD,0.749454
2024-04-03,SGD,0.747483
2024-04-04,SGD,0.744916
2024-04-05,SGD,0.745047
2024-04-06,SGD,0.739289
2024-04-07,SGD,0.735891
2024-04-08,SGD,0.737261
2024-04-09,SGD,0.735451
2024-04-10,SGD,0.731945
2024-04-11,SGD,0.72819
2024-04-12,SGD,0.730788
2024-04-13,SGD,0.731214
2024-04-14,SGD,0.728845
2024-04-15,SGD,0.728096
2024-04-16,SGD,0.730138
2024-04-17,SGD,0.729747
2024-04-18,SGD,0.731714
2024-04-19,SGD,0.733524
2024-04-20,SGD,0.736064
2024-04-21,SGD,0.737028
2024-04-22,SGD,0.739696
2024-04-23,SGD,0.742562
2024-04-24,SGD,0.741353
2024-04-25,SGD,0.741138
2024-04-26,SGD,0.737057
2024-04-27,SGD,0.733359
2024-04-28,SGD,0.734512
2024-04-29,SGD,0.732775
2024-04-30,SGD,0.736313
2024-05-01,SGD,0.737229
2024-05-02,SGD,0.738083
2024-05-03,SGD,0.740041
2024-05-04,SGD,0.740962
2024-05-05,SGD,0.740907
2024-05-06,SGD,0.738882
2024-05-07,SGD,0.740987
2024-05-08,SGD,0.737383
2024-05-09,SGD,0.739551
2024-05-10,SGD,0.741215
2024-05-11,SGD,0.739178
2024-05-12,SGD,0.736696
2024-05-13,SGD,0.736113
2024-05-14,SGD,0.736089
2024-05-15,SGD,0.739652
2024-05-16,SGD,0.742352
2024-05-17,SGD,0.738329
2024-05-18,SGD,0.739736
2024-05-19,SGD,0.742219
2024-05-20,SGD,0.741646
2024-05-21,SGD,0.742342
2024-05-22,SGD,0.742931
2024-05-23,SGD,0.742186
2024-05-24,SGD,0.742921
2024-05-25,SGD,0.743827
2024-05-26,SGD,0.740572
2024-05-27,SGD,0.740582
2024-05-28,SGD,0.743164
2024-05-29,SGD,0.738945
2024-05-30,SGD,0.738165
2024-05-31,SGD,0.737009
2024-06-01,SGD,0.738821
2024-06-02,SGD,0.739182
2024-06-03,SGD,0.740922
2024-06-04,SGD,0.741041
2024-06-05,SGD,0.737065
2024-06-06,SGD,0.738891
2024-06-07,SGD,0.738997
2024-06-08,SGD,0.738861
2024-06-09,SGD,0.738106
2024-06-10,SGD,0.737943
2024-06-11,SGD,0.741763
2024-06-12,SGD,0.74487
2024-06-13,SGD,0.743015
2024-06-14,SGD,0.745135
2024-06-15,SGD,0.748315
2024-06-16,SGD,0.747053
2024-06-17,SGD,0.74733
2024-06-18,SGD,0.748376
2024-06-19,SGD,0.749024
2024-06-20,SGD,0.749798
2024-06-21,SGD,0.752568
2024-06-22,SGD,0.75642
2024-06-23,SGD,0.754041
2024-06-24,SGD,0.757961
2024-06-25,SGD,0.759108
2024-06-26,SGD,0.755201
2024-06-27,SGD,0.755195
2024-06-28,SGD,0.759705
2024-06-29,SGD,0.76052
2024-06-30,SGD,0.763987
2024-07-01,SGD,0.762964
2024-07-02,SGD,0.763386
2024-07-03,SGD,0.761882
2024-07-04,SGD,0.760902
2024-07-05,SGD,0.757058
2024-07-06,SGD,0.758401
2024-07-07,SGD,0.761581
2024-07-08,SGD,0.763815
2024-07-09,SGD,0.765266
2024-07-10,SGD,0.771264
2024-07-11,SGD,0.772562
2024-07-12,SGD,0.771608
2024-07-13,SGD,0.774854
2024-07-14,SGD,0.778558
2024-07-15,SGD,0.776494
2024-07-16,SGD,0.768123
2024-07-17,SGD,0.766423
2024-07-18,SGD,0.763277
2024-07-19,SGD,0.76396
2024-07-20,SGD,0.761569
2024-07-21,SGD,0.760095
2024-07-22,SGD,0.757021
2024-07-23,SGD,0.756404
2024-07-24,SGD,0.755667
2024-07-25,SGD,0.755246
2024-07-26,SGD,0.760476
2024-07-27,SGD,0.75872
2024-07-28,SGD,0.755549
2024-07-29,SGD,0.756605
2024-07-30,SGD,0.756056
2024-07-31,SGD,0.752296
2024-08-01,SGD,0.748426
2024-08-02,SGD,0.748501
2024-08-03,SGD,0.750655
2024-08-04,SGD,0.750198
2024-08-05,SGD,0.749103
2024-08-06,SGD,0.748877
2024-08-07,SGD,0.748707
2024-08-08,SGD,0.749377
2024-08-09,SGD,0.745567
2024-08-10,SGD,0.746811
2024-08-11,SGD,0.744138
2024-08-12,SGD,0.740923
2024-08-13,SGD,0.741109
2024-08-14,SGD,0.736407
2024-08-15,SGD,0.734879
2024-08-16,SGD,0.734559
2024-08-17,SGD,0.732362
2024-08-18,SGD,0.734812
2024-08-19,SGD,0.742348
2024-08-20,SGD,0.743343
2024-08-21,SGD,0.742951
2024-08-22,SGD,0.741897
2024-08-23,SGD,0.738397
2024-08-24,SGD,0.733427
2024-08-25,SGD,0.731273
2024-08-26,SGD,0.729397
2024-08-27,SGD,0.730709
2024-08-28,SGD,0.727756
2024-08-29,SGD,0.729112
2024-08-30,SGD,0.729019
2024-08-31,SGD,0.732139
2024-09-01,SGD,0.736864
2024-09-02,SGD,0.736017
2024-09-03,SGD,0.737297
2024-09-04,SGD,0.7337
2024-09-05,SGD,0.735209
2024-09-06,SGD,0.741286
2024-09-07,SGD,0.74055
2024-09-08,SGD,0.741455
2024-09-09,SGD,0.74143
2024-09-10,SGD,0.741694
2024-09-11,SGD,0.744388
2024-09-12,SGD,0.739366
2024-09-13,SGD,0.738731
2024-09-14,SGD,0.738725
2024-09-15,SGD,0.739158
2024-09-16,SGD,0.735823
2024-09-17,SGD,0.735005
2024-09-18,SGD,0.736916
2024-09-19,SGD,0.735745
2024-09-20,SGD,0.735896
2024-09-21,SGD,0.740818
2024-09-22,SGD,0.736703
2024-09-23,SGD,0.742402
2024-09-24,SGD,0.747599
2024-09-25,SGD,0.74772
2024-09-26,SGD,0.743374
2024-09-27,SGD,0.739906
2024-09-28,SGD,0.743262
2024-09-29,SGD,0.744159
2024-09-30,SGD,0.742786
2024-10-01,SGD,0.743284
2024-10-02,SGD,0.744047
2024-10-03,SGD,0.741118
2024-10-04,SGD,0.738872
2024-10-05,SGD,0.7363
2024-10-06,SGD,0.736243
2024-10-07,SGD,0.734695
2024-10-08,SGD,0.733633
2024-10-09,SGD,0.734743
2024-10-10,SGD,0.739648
2024-10-11,SGD,0.741949
2024-10-12,SGD,0.741239
2024-10-13,SGD,0.741698
2024-10-14,SGD,0.741237
2024-10-15,SGD,0.742444
2024-10-16,SGD,0.743158
2024-10-17,SGD,0.743374
2024-10-18,SGD,0.740697
2024-10-19,SGD,0.742481
2024-10-20,SGD,0.740914
2024-10-21,SGD,0.740904
2024-10-22,SGD,0.743927
2024-10-23,SGD,0.742742
2024-10-24,SGD,0.741036
2024-10-25,SGD,0.737487
2024-10-26,SGD,0.735426
2024-10-27,SGD,0.735541
2024-10-28,SGD,0.732765
2024-10-29,SGD,0.729619
2024-10-30,SGD,0.732786
2024-10-31,SGD,0.734756
2024-11-01,SGD,0.730554
2024-11-02,SGD,0.733536
2024-11-03,SGD,0.735641
2024-11-04,SGD,0.734369
2024-11-05,SGD,0.73317
2024-11-06,SGD,0.731429
2024-11-07,SGD,0.730853
2024-11-08,SGD,0.732286
2024-11-09,SGD,0.727475
2024-11-10,SGD,0.727162
2024-11-11,SGD,0.731563
2024-11-12,SGD,0.735335
2024-11-13,SGD,0.73217
2024-11-14,SGD,0.734593
2024-11-15,SGD,0.736063
2024-11-16,SGD,0.734636
2024-11-17,SGD,0.737231
2024-11-18,SGD,0.737837
2024-11-19,SGD,0.736944
2024-11-20,SGD,0.740001
2024-11-21,SGD,0.737566
2024-11-22,SGD,0.737914
2024-11-23,SGD,0.738665
2024-11-24,SGD,0.737774
2024-11-25,SGD,0.737551
2024-11-26,SGD,0.736381
2024-11-27,SGD,0.739738
2024-11-28,SGD,0.738296
2024-11-29,SGD,0.73672
2024-11-30,SGD,0.732428
2024-12-01,SGD,0.732341
2024-12-02,SGD,0.734278
2024-12-03,SGD,0.732143
2024-12-04,SGD,0.730535
2024-12-05,SGD,0.734918
2024-12-06,SGD,0.736614
2024-12-07,SGD,0.736634
2024-12-08,SGD,0.735036
2024-12-09,SGD,0.735922
2024-12-10,SGD,0.732629
2024-12-11,SGD,0.731777
2024-12-12,SGD,0.733896
2024-12-13,SGD,0.729885
2024-12-14,SGD,0.730629
2024-12-15,SGD,0.729867
2024-12-16,SGD,0.729318
2024-12-17,SGD,0.725245
2024-12-18,SGD,0.726315
2024-12-19,SGD,0.726811
2024-12-20,SGD,0.728598
2024-12-21,SGD,0.729753
2024-12-22,SGD,0.73096
2024-12-23,SGD,0.731973
2024-12-24,SGD,0.730971
2024-12-25,SGD,0.72901
2024-12-26,SGD,0.727426
2024-12-27,SGD,0.730199
2024-12-28,SGD,0.731222
2024-12-29,SGD,0.732541
2024-12-30,SGD,0.733165
2024-12-31,SGD,0.732463
2025-01-01,SGD,0.730342
2025-01-02,SGD,0.730246
2025-01-03,SGD,0.732371
2025-01-04,SGD,0.732956
2025-01-05,SGD,0.737282
2025-01-06,SGD,0.736633
2025-01-07,SGD,0.735863
2025-01-08,SGD,0.737007
2025-01-09,SGD,0.739943
2025-01-10,SGD,0.739633
2025-01-11,SGD,0.733869
2025-01-12,SGD,0.736349
2025-01-13,SGD,0.738182
2025-01-14,SGD,0.738592
2025-01-15,SGD,0.739344
2025-01-16,SGD,0.742355
2025-01-17,SGD,0.742885
2025-01-18,SGD,0.743351
2025-01-19,SGD,0.737856
2025-01-20,SGD,0.73808
2025-01-21,SGD,0.739243
2025-01-22,SGD,0.737839
2025-01-23,SGD,0.737011
2025-01-24,SGD,0.732276
2025-01-25,SGD,0.728938
2025-01-26,SGD,0.728037
2025-01-27,SGD,0.726781
2025-01-28,SGD,0.732943
2025-01-29,SGD,0.734222
2025-01-30,SGD,0.732542
2025-01-31,SGD,0.733434
2025-02-01,SGD,0.735847
2025-02-02,SGD,0.734264
2025-02-03,SGD,0.738031
2025-02-04,SGD,0.737595
2025-02-05,SGD,0.741439
2025-02-06,SGD,0.734977
2025-02-07,SGD,0.735576
2025-02-08,SGD,0.735065
2025-02-09,SGD,0.733155
2025-02-10,SGD,0.732025
2025-02-11,SGD,0.732985
2025-02-12,SGD,0.731142
2025-02-13,SGD,0.732461
2025-02-14,SGD,0.733747
2025-02-15,SGD,0.734281
2025-02-16,SGD,0.734992
2025-02-17,SGD,0.734756
2025-02-18,SGD,0.735338
2025-02-19,SGD,0.738547
2025-02-20,SGD,0.745797
2025-02-21,SGD,0.742905
2025-02-22,SGD,0.744888
2025-02-23,SGD,0.748488
2025-02-24,SGD,0.751078
2025-02-25,SGD,0.75056
2025-02-26,SGD,0.753502
2025-02-27,SGD,0.753356
2025-02-28,SGD,0.754919
2025-03-01,SGD,0.752956
2025-03-02,SGD,0.755607
2025-03-03,SGD,0.755457
2025-03-04,SGD,0.758942
2025-03-05,SGD,0.757494
2025-03-06,SGD,0.755487
2025-03-07,SGD,0.755581
2025-03-08,SGD,0.758288
2025-03-09,SGD,0.754288
2025-03-10,SGD,0.755404
2025-03-11,SGD,0.756381
2025-03-12,SGD,0.754283
2025-03-13,SGD,0.751927
2025-03-14,SGD,0.750034
2025-03-15,SGD,0.750522
2025-03-16,SGD,0.75496
2025-03-17,SGD,0.75027
2025-03-18,SGD,0.749423
2025-03-19,SGD,0.750948
2025-03-20,SGD,0.747148
2025-03-21,SGD,0.7433
2025-03-22,SGD,0.743905
2025-03-23,SGD,0.743456
2025-03-24,SGD,0.743261
2025-03-25,SGD,0.740998
2025-03-26,SGD,0.746011
2025-03-27,SGD,0.742348
2025-03-28,SGD,0.740827
2025-03-29,SGD,0.745116
2025-03-30,SGD,0.74824
2025-03-31,SGD,0.750253
2025-04-01,SGD,0.752549
2025-04-02,SGD,0.75284
2025-04-03,SGD,0.75008
2025-04-04,SGD,0.751485
2025-04-05,SGD,0.752614
2025-04-06,SGD,0.750029
2025-04-07,SGD,0.749759
2025-04-08,SGD,0.749413
2025-04-09,SGD,0.751523
2025-04-10,SGD,0.753488
2025-04-11,SGD,0.753836
2025-04-12,SGD,0.748408
2025-04-13,SGD,0.747687
2025-04-14,SGD,0.746577
2025-04-15,SGD,0.745492
2025-04-16,SGD,0.747348
2025-04-17,SGD,0.749691
2025-04-18,SGD,0.750515
2025-04-19,SGD,0.749153
2025-04-20,SGD,0.750876
2025-04-21,SGD,0.749688
2025-04-22,SGD,0.74583
2025-04-23,SGD,0.747924
2025-04-24,SGD,0.748755
2025-04-25,SGD,0.751797
2025-04-26,SGD,0.752001
2025-04-27,SGD,0.75517
2025-04-28,SGD,0.761336
2025-04-29,SGD,0.759828
2025-04-30,SGD,0.75867
2025-05-01,SGD,0.755223
2025-05-02,SGD,0.757634
2025-05-03,SGD,0.765321
2025-05-04,SGD,0.763559
2025-05-05,SGD,0.761964
2025-05-06,SGD,0.767655
2025-05-07,SGD,0.764322
2025-05-08,SGD,0.763969
2025-05-09,SGD,0.762575
2025-05-10,SGD,0.763855
2025-05-11,SGD,0.766342
2025-05-12,SGD,0.762975
2025-05-13,SGD,0.763618
2025-05-14,SGD,0.766178
2025-05-15,SGD,0.76767
2025-05-16,SGD,0.766094
2025-05-17,SGD,0.76322
2025-05-18,SGD,0.768392
2025-05-19,SGD,0.76946
2025-05-20,SGD,0.771462
2025-05-21,SGD,0.771505
2025-05-22,SGD,0.772658
2025-05-23,SGD,0.774627
2025-05-24,SGD,0.772932
2025-05-25,SGD,0.775379
2025-05-26,SGD,0.776905
2025-05-27,SGD,0.779624
2025-05-28,SGD,0.78267
2025-05-29,SGD,0.78691
2025-05-30,SGD,0.787951
2025-05-31,SGD,0.786916
2025-06-01,SGD,0.787948
2025-06-02,SGD,0.793891
2025-06-03,SGD,0.795797
2025-06-04,SGD,0.801677
2025-06-05,SGD,0.798246
2025-06-06,SGD,0.797478
2025-06-07,SGD,0.794575
2025-06-08,SGD,0.79112
2025-06-09,SGD,0.793615
2025-06-10,SGD,0.793069
2025-06-11,SGD,0.790726
2025-06-12,SGD,0.781002
2025-06-13,SGD,0.780317
2025-06-14,SGD,0.778932
2025-06-15,SGD,0.779062
2025-06-16,SGD,0.778905
2025-06-17,SGD,0.775761
2025-06-18,SGD,0.776486
2025-06-19,SGD,0.774467
2025-06-20,SGD,0.77341
2025-06-21,SGD,0.775
2025-06-22,SGD,0.774211
2025-06-23,SGD,0.772689
2025-06-24,SGD,0.773857
2025-06-25,SGD,0.776109
2025-06-26,SGD,0.777277
2025-06-27,SGD,0.780865
2025-06-28,SGD,0.782309
2025-06-29,SGD,0.786571
2025-06-30,SGD,0.781139
2025-07-01,SGD,0.779366
2025-07-02,SGD,0.777553
2025-07-03,SGD,0.782092
2025-07-04,SGD,0.781404
2025-07-05,SGD,0.783125
2025-07-06,SGD,0.782369
2025-07-07,SGD,0.782551
2025-07-08,SGD,0.781937
2025-07-09,SGD,0.776579
2025-07-10,SGD,0.773272
2025-07-11,SGD,0.770524
2025-07-12,SGD,0.773652
2025-07-13,SGD,0.765061
2025-07-14,SGD,0.763597
2025-07-15,SGD,0.763043
2025-07-16,SGD,0.764078
2025-07-17,SGD,0.765339
2025-07-18,SGD,0.764024
2025-07-19,SGD,0.76148
2025-07-20,SGD,0.761874
2025-07-21,SGD,0.759212
2025-07-22,SGD,0.757312
2025-07-23,SGD,0.75709
2025-07-24,SGD,0.762838
2025-07-25,SGD,0.762001
2025-07-26,SGD,0.766576
2025-07-27,SGD,0.766512
2025-07-28,SGD,0.767327
2025-07-29,SGD,0.76508
2025-07-30,SGD,0.764802
2025-07-31,SGD,0.762271
2025-08-01,SGD,0.76197
2025-08-02,SGD,0.76094
2025-08-03,SGD,0.759194
2025-08-04,SGD,0.757515
2025-08-05,SGD,0.755357
2025-08-06,SGD,0.757301
2025-08-07,SGD,0.757929
2025-08-08,SGD,0.755621
2025-08-09,SGD,0.754746
2025-08-10,SGD,0.754457
2025-08-11,SGD,0.752911
2025-08-12,SGD,0.75218
2025-08-13,SGD,0.751537
2025-08-14,SGD,0.754247
2025-08-15,SGD,0.749394
2025-08-16,SGD,0.749051
2025-08-17,SGD,0.749305
2025-08-18,SGD,0.750154
2025-08-19,SGD,0.746342
2025-08-20,SGD,0.746142
2025-08-21,SGD,0.74917
2025-08-22,SGD,0.74975
2025-08-23,SGD,0.748479
2025-08-24,SGD,0.745435
2025-08-25,SGD,0.747973
2025-08-26,SGD,0.746294
2025-08-27,SGD,0.747587
2025-08-28,SGD,0.749555
2025-08-29,SGD,0.748683
2025-08-30,SGD,0.748222
2025-08-31,SGD,0.745736
2025-09-01,SGD,0.743451
2025-09-02,SGD,0.743984
2025-09-03,SGD,0.741354
2025-09-04,SGD,0.739198
2025-09-05,SGD,0.73546
2025-09-06,SGD,0.732719
2025-09-07,SGD,0.734528
2025-09-08,SGD,0.736908
2025-09-09,SGD,0.735079
2025-09-10,SGD,0.733152
2025-09-11,SGD,0.732652
2025-09-12,SGD,0.731679
2025-09-13,SGD,0.737488
2025-09-14,SGD,0.739039
2025-09-15,SGD,0.736351
2025-09-16,SGD,0.734718
2025-09-17,SGD,0.731942
2025-09-18,SGD,0.73205
2025-09-19,SGD,0.73238
2025-09-20,SGD,0.73135
2025-09-21,SGD,0.729901
2025-09-22,SGD,0.730175
2025-09-23,SGD,0.729492
2025-09-24,SGD,0.727728
2025-09-25,SGD,0.724829
2025-09-26,SGD,0.722066
2025-09-27,SGD,0.723374
2025-09-28,SGD,0.7207
2025-09-29,SGD,0.717451
2025-09-30,SGD,0.717381
2025-10-01,SGD,0.715748
2025-10-02,SGD,0.716784
2025-10-03,SGD,0.715063
2025-10-04,SGD,0.711381
2025-10-05,SGD,0.709103
2025-10-06,SGD,0.707874
2025-10-07,SGD,0.706299
2025-10-08,SGD,0.706237
2025-10-09,SGD,0.706084
2025-10-10,SGD,0.707556
2025-10-11,SGD,0.70515
2025-10-12,SGD,0.703397
2025-10-13,SGD,0.704434
2025-10-14,SGD,0.709569
2025-10-15,SGD,0.70711
2025-10-16,SGD,0.704586
2025-10-17,SGD,0.702308
2025-10-18,SGD,0.703373
2025-10-19,SGD,0.7032
2025-10-20,SGD,0.704052
2025-10-21,SGD,0.703297
2025-10-22,SGD,0.704014
2025-10-23,SGD,0.698779
2025-10-24,SGD,0.698062
2025-10-25,SGD,0.697031
2025-10-26,SGD,0.701114
2025-10-27,SGD,0.702171
2025-10-28,SGD,0.702737
2025-10-29,SGD,0.698529
2025-10-30,SGD,0.700287
2025-10-31,SGD,0.701366
2025-11-01,SGD,0.703112
2025-11-02,SGD,0.702376
2025-11-03,SGD,0.702303
2025-11-04,SGD,0.703356
2025-11-05,SGD,0.706005
2025-11-06,SGD,0.711541
2025-11-07,SGD,0.706911
2025-11-08,SGD,0.707077
2025-11-09,SGD,0.709334
2025-11-10,SGD,0.709668
2025-11-11,SGD,0.704796
2025-11-12,SGD,0.708137
2025-11-13,SGD,0.708439
2025-11-14,SGD,0.713747
2025-11-15,SGD,0.713497
2025-11-16,SGD,0.719537
2025-11-17,SGD,0.72392
2025-11-18,SGD,0.727467
2025-11-19,SGD,0.730625
2025-11-20,SGD,0.730138
2025-11-21,SGD,0.729552
2025-11-22,SGD,0.726835
2025-11-23,SGD,0.730898
2025-11-24,SGD,0.729797
2025-11-25,SGD,0.72669
2025-11-26,SGD,0.727186
2025-11-27,SGD,0.724616
2025-11-28,SGD,0.726762
2025-11-29,SGD,0.728505
2025-11-30,SGD,0.725558
2025-12-01,SGD,0.727908
2025-12-02,SGD,0.726157
2025-12-03,SGD,0.725802
2025-12-04,SGD,0.727099
2025-12-05,SGD,0.735375
2025-12-06,SGD,0.732025
2025-12-07,SGD,0.739861
2025-12-08,SGD,0.739307
2025-12-09,SGD,0.74151
2025-12-10,SGD,0.743501
2025-12-11,SGD,0.744557
2025-12-12,SGD,0.749471
2025-12-13,SGD,0.753391
2025-12-14,SGD,0.753542
2025-12-15,SGD,0.756068
2025-12-16,SGD,0.757353
2025-12-17,SGD,0.75699
2025-12-18,SGD,0.761466
2025-12-19,SGD,0.759806
2025-12-20,SGD,0.758501
2025-12-21,SGD,0.757439
2025-12-22,SGD,0.761652
2025-12-23,SGD,0.765553
2025-12-24,SGD,0.762998
2025-12-25,SGD,0.763907
2025-12-26,SGD,0.766919
2025-12-27,SGD,0.762446
2025-12-28,SGD,0.761774
2025-12-29,SGD,0.763222
2025-12-30,SGD,0.75994
2025-12-31,SGD,0.75633
2026-01-01,SGD,0.758727
2026-01-02,SGD,0.756866
2026-01-03,SGD,0.757885
2026-01-04,SGD,0.758785
2026-01-05,SGD,0.761888
2026-01-06,SGD,0.758683
2026-01-07,SGD,0.760163
2026-01-08,SGD,0.757153
2026-01-09,SGD,0.754355
2026-01-10,SGD,0.757664
2026-01-11,SGD,0.756008
2026-01-12,SGD,0.754665
2026-01-13,SGD,0.751833
2026-01-14,SGD,0.751221
2026-01-15,SGD,0.74947
2026-01-16,SGD,0.747418
2026-01-17,SGD,0.745826
2026-01-18,SGD,0.746809
2026-01-19,SGD,0.74729
2026-01-20,SGD,0.749
2026-01-21,SGD,0.753723
2026-01-22,SGD,0.755351
2026-01-23,SGD,0.754031
2026-01-24,SGD,0.754557
2026-01-25,SGD,0.751112
2026-01-26,SGD,0.747872
2026-01-27,SGD,0.74694
2026-01-28,SGD,0.750387
2026-01-29,SGD,0.751984
2026-01-30,SGD,0.751485
2026-01-31,SGD,0.755688
2026-02-01,SGD,0.755266
2026-02-02,SGD,0.75761
2026-02-03,SGD,0.758719
2026-02-04,SGD,0.757498
2026-02-05,SGD,0.757043
2026-02-06,SGD,0.756212
2026-02-07,SGD,0.756543
2026-02-08,SGD,0.758368
2026-02-09,SGD,0.756111
2026-02-10,SGD,0.755775
2026-02-11,SGD,0.758027
2026-02-12,SGD,0.758336
2026-02-13,SGD,0.754774
2026-02-14,SGD,0.756406
2026-02-15,SGD,0.763117
2026-02-16,SGD,0.760572
2026-02-17,SGD,0.763169
2026-02-18,SGD,0.762369
2026-02-19,SGD,0.7622
2026-02-20,SGD,0.76359
2026-02-21,SGD,0.762883
2026-02-22,SGD,0.762458
2026-02-23,SGD,0.764848
2026-02-24,SGD,0.768305
2026-02-25,SGD,0.769323
2026-02-26,SGD,0.770775
2026-02-27,SGD,0.769009
2026-02-28,SGD,0.771495
2026-03-01,SGD,0.77299
2026-03-02,SGD,0.777402
2026-03-03,SGD,0.778956
2026-03-04,SGD,0.776987
2026-03-05,SGD,0.77539
2026-03-06,SGD,0.779881
2026-03-07,SGD,0.780697
2026-03-08,SGD,0.779313
2026-03-09,SGD,0.778004
2026-03-10,SGD,0.780121
2026-03-11,SGD,0.777478
2026-03-12,SGD,0.782046
2026-03-13,SGD,0.785933
2026-03-14,SGD,0.783071
2026-03-15,SGD,0.779713
2026-03-16,SGD,0.775803
2026-03-17,SGD,0.775444
2026-03-18,SGD,0.779585
2026-03-19,SGD,0.783269
2026-03-20,SGD,0.780812
2026-03-21,SGD,0.777818
2026-03-22,SGD,0.778666
2026-03-23,SGD,0.778331
2026-03-24,SGD,0.776715
2026-03-25,SGD,0.775918
2026-03-26,SGD,0.776195
2026-03-27,SGD,0.782103
2026-03-28,SGD,0.781787
2026-03-29,SGD,0.778607
2026-03-30,SGD,0.77897
2026-03-31,SGD,0.779636
2026-04-01,SGD,0.778915
2026-04-02,SGD,0.778006
2026-04-03,SGD,0.778588
2026-04-04,SGD,0.777423
2026-04-05,SGD,0.775657
2026-04-06,SGD,0.778478
2026-04-07,SGD,0.775441
2026-04-08,SGD,0.769963
2026-04-09,SGD,0.773148
2026-04-10,SGD,0.77206
2026-04-11,SGD,0.76968
2026-04-12,SGD,0.770987
2026-04-13,SGD,0.766238
2026-04-14,SGD,0.769836
2026-04-15,SGD,0.772774
2026-04-16,SGD,0.773821
2026-04-17,SGD,0.772029
2026-04-18,SGD,0.770149
2026-04-19,SGD,0.773604
2026-04-20,SGD,0.771881
2026-04-21,SGD,0.776267
2026-04-22,SGD,0.77617
2026-04-23,SGD,0.77621
2026-04-24,SGD,0.77467
2026-04-25,SGD,0.777309
2026-04-26,SGD,0.780072
2026-04-27,SGD,0.782611
2026-04-28,SGD,0.786027
2026-04-29,SGD,0.780938
2026-04-30,SGD,0.7814
2026-05-01,SGD,0.783504
2026-05-02,SGD,0.784968
2026-05-03,SGD,0.784723
2026-05-04,SGD,0.785344
2026-05-05,SGD,0.785149
2026-05-06,SGD,0.783864
2026-05-07,SGD,0.784109
2026-05-08,SGD,0.782727
2026-05-09,SGD,0.779122
2026-05-10,SGD,0.782312
2026-05-11,SGD,0.781829
2026-05-12,SGD,0.78138
2026-05-13,SGD,0.774691
2026-05-14,SGD,0.772927
2026-05-15,SGD,0.770734
2026-05-16,SGD,0.772583
2026-05-17,SGD,0.775302
2026-05-18,SGD,0.778736
2026-05-19,SGD,0.778679
2026-05-20,SGD,0.780757
2026-05-21,SGD,0.778137
2026-05-22,SGD,0.782175
2026-05-23,SGD,0.782727
2026-05-24,SGD,0.782899
2026-05-25,SGD,0.782041
2026-05-26,SGD,0.785692
2026-05-27,SGD,0.784824
2026-05-28,SGD,0.786128
2026-05-29,SGD,0.787226
2026-05-30,SGD,0.789606
2026-05-31,SGD,0.791344
2026-06-01,SGD,0.789611
2026-06-02,SGD,0.789042
2026-06-03,SGD,0.79305
2026-06-04,SGD,0.792526
2026-06-05,SGD,0.794348
2026-06-06,SGD,0.797361
2026-06-07,SGD,0.796044
2026-06-08,SGD,0.79985
2026-06-09,SGD,0.800321
2026-06-10,SGD,0.800286
2026-06-11,SGD,0.799093
2026-06-12,SGD,0.797319
2026-06-13,SGD,0.800532
2026-06-14,SGD,0.801842
2026-06-15,SGD,0.800506
2026-06-16,SGD,0.797015
2026-06-17,SGD,0.797355
2026-06-18,SGD,0.797782
2026-06-19,SGD,0.797685
2026-06-20,SGD,0.802398
2026-06-21,SGD,0.801819
2026-06-22,SGD,0.800914
2026-06-23,SGD,0.798931
2026-06-24,SGD,0.794805
2026-06-25,SGD,0.795036
2026-06-26,SGD,0.791014
2026-06-27,SGD,0.78441
2026-06-28,SGD,0.777163
2026-06-29,SGD,0.776375
2026-06-30,SGD,0.774201
2026-07-01,SGD,0.775336
