snapshot_date,account_id,arr_usd,active_subscription_lines
2025-06-30,A1000,26964.0,1
2025-06-30,A1009,561669.0,2
2025-06-30,A1010,102650.79939623001,2
2025-06-30,A1014,7047.77194777,3
2025-06-30,A1017,8868.9994,1
2025-06-30,A1019,10800.0,1
2025-06-30,A1022,36166.717335830006,3
2025-06-30,A1024,170577.27000000002,2
2025-06-30,A1026,15157.33,2
2025-06-30,A1027,11312.0,1
2025-06-30,A1028,348600.82999999996,4
2025-06-30,A1029,178910.677428,1
2025-06-30,A1031,265474.04409608,4
2025-06-30,A1032,105391.31,2
2025-06-30,A1033,77500.0,1
2025-06-30,A1035,155111.83,2
2025-06-30,A1037,57297.83,2
2025-06-30,A1038,25881.0,2
2025-06-30,A1039,12373.05,1
2025-06-30,A1040,121142.0,4
2025-06-30,A1041,15207.0,3
2025-06-30,A1043,9281.511,1
2025-06-30,A1044,10878.0,1
2025-06-30,A1046,24206.219999999998,2
2025-06-30,A1048,30592.18,2
2025-06-30,A1050,18048.403466210002,2
2025-06-30,A1051,68620.66,2
2025-06-30,A1052,101500.0,2
2025-06-30,A1053,7374.360000000001,2
2025-06-30,A1055,2965.117428,1
2025-06-30,A1057,153174.0,1
2025-06-30,A1060,74617.22,2
2025-06-30,A1062,26058.940000000002,2
2025-06-30,A1064,20300.0,1
2025-06-30,A1066,111976.64,3
2025-06-30,A1067,46005.46,3
2025-06-30,A1068,97636.38,2
2025-06-30,A1070,6482.0,1
2025-06-30,A1071,18291.0,1
2025-06-30,A1072,16361.055413459999,2
2025-06-30,A1074,51922.73107778,2
2025-06-30,A1077,87800.0,1
2025-06-30,A1078,23688.0,1
2025-06-30,A1080,174090.93,3
2025-06-30,A1081,13692.0,1
2025-06-30,A1084,35400.0,1
2025-06-30,A1087,188278.7,4
2025-06-30,A1088,44930.87691269,3
2025-06-30,A1089,3192.6583108600003,3
2025-06-30,A1090,2670.33,1
2025-06-30,A1097,9925.46,2
2025-06-30,A1098,494600.0,1
2025-06-30,A1099,423063.24452919007,2
2025-06-30,A1102,75101.06,2
2025-06-30,A1104,9192.439999999999,2
2025-06-30,A1108,12085.1,2
2025-06-30,A1111,366260.799408,1
2025-06-30,A1117,10296.39,2
2025-06-30,A1119,290444.0,2
2025-06-30,A1121,21462.0,1
2025-06-30,A1123,32980.35602399999,2
2025-06-30,A1124,240632.59999999998,4
2025-06-30,A1128,115364.83,4
2025-06-30,A1130,476123.72000000003,2
2025-06-30,A1131,147538.55,2
2025-06-30,A1133,32415.726917220003,3
2025-06-30,A1134,136647.57164979,3
2025-06-30,A1136,37600.0,4
2025-06-30,A1137,90066.67,1
2025-06-30,A1142,86289.0,1
2025-06-30,A1143,140070.0,1
2025-06-30,A1144,5698.85,2
2025-06-30,A1147,27178.74959039,4
2025-06-30,A1148,12088.67,2
2025-06-30,A1150,249205.58995369,2
2025-06-30,A1151,60382.06032278,3
2025-06-30,A1154,80877.63993744,3
2025-06-30,A1156,198627.36,2
2025-06-30,A1157,4068.6019108,2
2025-06-30,A1159,146600.0,1
2025-06-30,A1164,20803.329999999998,2
2025-06-30,A1166,400035.85363646,4
2025-06-30,A1169,160000.0,1
2025-06-30,A1170,197997.91,3
2025-06-30,A1174,45300.0,1
2025-06-30,A1175,6906.55,2
2025-06-30,A1178,25830.0,1
2025-06-30,A1179,143296.16999999998,2
2025-06-30,A1183,71267.4649981,2
2025-06-30,A1184,258768.3,3
2025-06-30,A1186,42543.11,2
2025-06-30,A1187,50204.53,3
2025-06-30,A1188,415403.56,2
2025-06-30,A1189,65300.0,1
2025-06-30,A1193,10133.983728160001,3
2025-06-30,A1195,384361.37,4
2025-06-30,A1196,583553.29454294,4
2025-06-30,A1198,60207.0,2
2025-06-30,A1200,15591.79685552,2
2025-06-30,A1201,6843.567444,1
2025-06-30,A1202,400181.45999999996,3
2025-06-30,A1204,18732.0,1
2025-06-30,A1206,258214.74,4
2025-06-30,A1207,11700.0,1
2025-06-30,A1208,43226.56,2
2025-06-30,A1209,69887.30183826,2
2025-06-30,A1210,12044.550083999999,1
2025-06-30,A1211,2085.73142124,4
2025-06-30,A1213,214756.72000000003,2
2025-06-30,A1217,6909.46,2
2025-06-30,A1219,78474.1,4
2025-06-30,A1221,356199.80837688,4
2025-06-30,A1222,49965.81818486001,2
2025-06-30,A1224,35123.64,4
2025-06-30,A1225,11004.0,1
2025-06-30,A1227,18850.0,1
2025-06-30,A1228,25159.449999999997,2
2025-06-30,A1229,74500.0,1
2025-06-30,A1231,64801.754388,1
2025-06-30,A1232,73609.2,1
2025-06-30,A1233,134961.88,4
2025-06-30,A1235,2594.6286,1
2025-06-30,A1236,39097.630000000005,3
2025-06-30,A1237,44117.926146829996,2
2025-06-30,A1238,6678.0,1
2025-06-30,A1240,12586.16,2
2025-06-30,A1244,15418.09,2
2025-06-30,A1245,31034.53676675,4
2025-06-30,A1246,138562.5433121,2
2025-06-30,A1248,65940.0,1
2025-06-30,A1251,65168.363794619996,4
2025-06-30,A1256,18595.92241226,2
2025-06-30,A1260,62800.0,1
2025-06-30,A1261,73233.28,2
2025-06-30,A1263,237994.56,2
2025-06-30,A1264,22554.19548348,1
2025-06-30,A1266,86444.25,2
2025-06-30,A1270,56543.58233373001,2
2025-06-30,A1271,174566.78,2
2025-06-30,A1273,26883.12,1
2025-06-30,A1274,137998.16556656,2
2025-06-30,A1276,14512.467471700002,2
2025-06-30,A1278,4024.428128,1
2025-06-30,A1279,25242.0,2
2025-06-30,A1282,24570.0,1
2025-06-30,A1283,7644.0,1
2025-06-30,A1286,305800.0,2
2025-06-30,A1289,14257.07461016,2
2025-06-30,A1291,3660.95,2
2025-06-30,A1293,27131.14225792,2
2025-06-30,A1295,3443.08,1
2025-06-30,A1296,249846.40000000002,2
2025-06-30,A1297,183354.0,2
2025-06-30,A1298,60391.73053080001,2
2025-06-30,A1302,24423.92493606,2
2025-06-30,A1303,105606.08,4
2025-06-30,A1306,587365.94,4
2025-06-30,A1307,487356.88,2
2025-06-30,A1308,10901.462800000001,1
2025-06-30,A1310,14448.0,1
2025-06-30,A1312,59469.734813999996,2
2025-06-30,A1314,95800.0,1
2025-06-30,A1315,420649.87,4
2025-06-30,A1316,14112.0,1
2025-06-30,A1319,223590.63,3
2025-06-30,A1320,39800.0,1
2025-06-30,A1322,4666.4400000000005,2
2025-06-30,A1323,28674.050412000004,2
2025-06-30,A1326,338633.13,3
2025-06-30,A1329,114030.0,1
2025-06-30,A1330,170500.0,1
2025-06-30,A1333,4752.28,1
2025-06-30,A1335,159700.0,1
2025-06-30,A1336,6723.849227250001,2
2025-06-30,A1337,132804.0,1
2025-06-30,A1343,231994.69,4
2025-06-30,A1344,55819.32,3
2025-06-30,A1346,39446.7,2
2025-06-30,A1349,60705.0,4
2025-06-30,A1353,248620.38799999998,1
2025-06-30,A1354,16108.648458000001,3
2025-06-30,A1355,6937.54,1
2025-06-30,A1356,34595.048,1
2025-06-30,A1357,28534.728096,1
2025-06-30,A1358,14216.334151940002,2
2025-06-30,A1359,9492.036295060001,2
2025-06-30,A1361,10974.439999999999,2
2025-06-30,A1362,66430.38,2
2025-06-30,A1363,8244.044326000001,1
2025-06-30,A1365,8632.789116,1
2025-06-30,A1366,42507.01,2
2025-06-30,A1368,129907.31,2
2025-06-30,A1370,44210.0,3
2025-06-30,A1372,127906.94,2
2025-06-30,A1375,432695.57601941004,2
2025-06-30,A1378,180830.0,1
2025-06-30,A1384,96076.4,2
2025-06-30,A1385,18921.760000000002,3
2025-06-30,A1386,53084.83446463999,2
2025-06-30,A1392,13597.36205105,2
2025-06-30,A1394,36046.75,2
2025-06-30,A1395,17994.94196285,2
2025-06-30,A1397,20409.09,2
2025-06-30,A1398,4764.5089800000005,1
2025-06-30,A1399,35208.5,4
2025-06-30,A1400,189699.91999999998,2
2025-06-30,A1401,2619.64564692,3
2025-06-30,A1403,9072.0,1
2025-06-30,A1404,190500.0,1
2025-06-30,A1407,1345.988728,1
2025-06-30,A1410,98600.0,1
2025-06-30,A1412,404543.54655998,2
2025-06-30,A1413,6132.0,1
2025-06-30,A1414,110004.14,4
2025-06-30,A1415,10689.0,1
2025-06-30,A1416,66504.55750227,4
2025-06-30,A1417,156633.33,1
2025-06-30,A1418,7441.856573270001,1
2025-06-30,A1419,3038.3100906000004,3
2025-07-31,A1000,26964.0,1
2025-07-31,A1005,16506.0,1
2025-07-31,A1009,561669.0,2
2025-07-31,A1010,21567.02610062,1
2025-07-31,A1014,4533.52292269,2
2025-07-31,A1016,17008.950311999997,2
2025-07-31,A1017,8845.9514,1
2025-07-31,A1019,10800.0,1
2025-07-31,A1022,39744.828782230004,4
2025-07-31,A1024,170577.27000000002,2
2025-07-31,A1026,15157.33,2
2025-07-31,A1027,11312.0,1
2025-07-31,A1028,348600.82999999996,4
2025-07-31,A1029,184257.673236,1
2025-07-31,A1031,273408.10717896005,4
2025-07-31,A1032,105391.31,2
2025-07-31,A1033,77500.0,1
2025-07-31,A1035,155111.83,2
2025-07-31,A1037,57297.83,2
2025-07-31,A1038,25881.0,2
2025-07-31,A1039,12373.05,1
2025-07-31,A1040,121142.0,4
2025-07-31,A1041,15207.0,3
2025-07-31,A1043,9257.391,1
2025-07-31,A1044,10878.0,1
2025-07-31,A1046,24206.219999999998,2
2025-07-31,A1048,30592.18,2
2025-07-31,A1050,7875.81796716,1
2025-07-31,A1051,68620.66,2
2025-07-31,A1052,101500.0,2
2025-07-31,A1053,7374.360000000001,2
2025-07-31,A1054,135836.69220000002,1
2025-07-31,A1055,16090.33013406,3
2025-07-31,A1057,153174.0,1
2025-07-31,A1060,74617.22,2
2025-07-31,A1062,26058.940000000002,2
2025-07-31,A1064,20300.0,1
2025-07-31,A1066,111976.64,3
2025-07-31,A1067,46005.46,3
2025-07-31,A1068,97636.38,2
2025-07-31,A1070,6482.0,1
2025-07-31,A1071,18291.0,1
2025-07-31,A1072,16850.028436020002,2
2025-07-31,A1074,53474.514511860005,2
2025-07-31,A1077,87800.0,1
2025-07-31,A1078,23688.0,1
2025-07-31,A1080,174090.93,3
2025-07-31,A1081,13692.0,1
2025-07-31,A1084,35400.0,1
2025-07-31,A1087,188278.7,4
2025-07-31,A1088,44814.11437789,3
2025-07-31,A1089,3223.1985208199994,3
2025-07-31,A1090,2670.33,1
2025-07-31,A1093,3780.0,1
2025-07-31,A1097,9925.46,2
2025-07-31,A1098,494600.0,1
2025-07-31,A1099,421963.82381439,2
2025-07-31,A1102,75101.06,2
2025-07-31,A1104,9192.439999999999,2
2025-07-31,A1108,12085.1,2
2025-07-31,A1111,479689.78714942996,3
2025-07-31,A1117,10296.39,2
2025-07-31,A1119,290444.0,2
2025-07-31,A1121,21462.0,1
2025-07-31,A1123,33966.020088000005,2
2025-07-31,A1124,240632.59999999998,4
2025-07-31,A1125,88536.0,2
2025-07-31,A1128,115364.83,4
2025-07-31,A1130,476123.72000000003,2
2025-07-31,A1131,147538.55,2
2025-07-31,A1133,32725.808050139996,3
2025-07-31,A1134,80305.93315888001,2
2025-07-31,A1136,37600.0,4
2025-07-31,A1137,90066.67,1
2025-07-31,A1138,150176.53,2
2025-07-31,A1142,86289.0,1
2025-07-31,A1143,140070.0,1
2025-07-31,A1144,5698.85,2
2025-07-31,A1145,10542.0,1
2025-07-31,A1147,27108.11977159,4
2025-07-31,A1148,12088.67,2
2025-07-31,A1150,248557.97569889002,2
2025-07-31,A1151,58923.56354542,3
2025-07-31,A1154,83294.78131728001,3
2025-07-31,A1156,198627.36,2
2025-07-31,A1157,4058.0287748,2
2025-07-31,A1159,146600.0,1
2025-07-31,A1164,20803.329999999998,2
2025-07-31,A1166,411991.48458702,4
2025-07-31,A1168,21840.0,1
2025-07-31,A1169,160000.0,1
2025-07-31,A1170,197997.91,3
2025-07-31,A1171,21126.0,1
2025-07-31,A1174,48471.0,1
2025-07-31,A1175,6906.55,2
2025-07-31,A1178,25830.0,1
2025-07-31,A1179,143296.16999999998,2
2025-07-31,A1183,73397.3928597,2
2025-07-31,A1184,258768.3,3
2025-07-31,A1186,42543.11,2
2025-07-31,A1187,50204.53,3
2025-07-31,A1188,415403.56,2
2025-07-31,A1189,65300.0,1
2025-07-31,A1190,244725.83155742998,2
2025-07-31,A1193,10230.92300592,3
2025-07-31,A1195,384361.37,4
2025-07-31,A1196,600993.6008707801,4
2025-07-31,A1198,60207.0,2
2025-07-31,A1200,16057.779510240001,2
2025-07-31,A1201,8303.22142364,2
2025-07-31,A1202,400181.45999999996,3
2025-07-31,A1204,18732.0,1
2025-07-31,A1206,258214.74,4
2025-07-31,A1207,11700.0,1
2025-07-31,A1208,43226.56,2
2025-07-31,A1209,71975.98159362,2
2025-07-31,A1210,12404.518308,1
2025-07-31,A1211,2105.68303188,4
2025-07-31,A1213,214756.72000000003,2
2025-07-31,A1215,216142.41999999998,2
2025-07-31,A1217,6909.46,2
2025-07-31,A1219,78474.1,4
2025-07-31,A1221,366845.33780856,4
2025-07-31,A1222,49835.971273660005,2
2025-07-31,A1224,35123.64,4
2025-07-31,A1225,11004.0,1
2025-07-31,A1227,18850.0,1
2025-07-31,A1228,25159.449999999997,2
2025-07-31,A1229,74500.0,1
2025-07-31,A1231,65421.632556,1
2025-07-31,A1232,73609.2,1
2025-07-31,A1233,134961.88,4
2025-07-31,A1235,2619.4482,1
2025-07-31,A1236,39097.630000000005,3
2025-07-31,A1237,198479.33784087,3
2025-07-31,A1238,6678.0,1
2025-07-31,A1240,12586.16,2
2025-07-31,A1244,15418.09,2
2025-07-31,A1245,30953.886856750003,4
2025-07-31,A1246,138202.45878010002,2
2025-07-31,A1248,65940.0,1
2025-07-31,A1250,193046.56,2
2025-07-31,A1251,67116.01148694,4
2025-07-31,A1256,18773.806582619996,2
2025-07-31,A1261,73233.28,2
2025-07-31,A1263,237994.56,2
2025-07-31,A1264,150620.79622304,3
2025-07-31,A1266,86444.25,2
2025-07-31,A1270,60519.736151289995,2
2025-07-31,A1271,30308.68,1
2025-07-31,A1272,8316.0,1
2025-07-31,A1273,26883.12,1
2025-07-31,A1274,137639.54769136,2
2025-07-31,A1276,14474.753707700002,2
2025-07-31,A1278,3927.220192,1
2025-07-31,A1279,25242.0,2
2025-07-31,A1282,24570.0,1
2025-07-31,A1283,7644.0,1
2025-07-31,A1286,305800.0,2
2025-07-31,A1289,14683.167223920002,2
2025-07-31,A1291,3660.95,2
2025-07-31,A1293,27390.672311039998,2
2025-07-31,A1295,3443.08,1
2025-07-31,A1296,249846.40000000002,2
2025-07-31,A1297,131400.0,1
2025-07-31,A1298,62510.19913548,2
2025-07-31,A1302,25493.733641089995,2
2025-07-31,A1303,105606.08,4
2025-07-31,A1305,78500.0,1
2025-07-31,A1306,587365.94,4
2025-07-31,A1307,467553.55999999994,2
2025-07-31,A1308,11005.7436,1
2025-07-31,A1310,14448.0,1
2025-07-31,A1312,59315.18993400001,2
2025-07-31,A1314,95800.0,1
2025-07-31,A1315,420649.87,4
2025-07-31,A1319,223590.63,3
2025-07-31,A1320,39800.0,1
2025-07-31,A1322,4666.4400000000005,2
2025-07-31,A1323,125777.02468113,4
2025-07-31,A1326,338633.13,3
2025-07-31,A1329,114030.0,1
2025-07-31,A1330,170500.0,1
2025-07-31,A1333,4752.28,1
2025-07-31,A1335,159700.0,1
2025-07-31,A1336,6561.438200250001,2
2025-07-31,A1337,132804.0,1
2025-07-31,A1343,231994.69,4
2025-07-31,A1344,55819.32,3
2025-07-31,A1346,39446.7,2
2025-07-31,A1349,60705.0,4
2025-07-31,A1353,256050.75600000002,1
2025-07-31,A1354,15719.552562,3
2025-07-31,A1355,6937.54,1
2025-07-31,A1356,34925.975999999995,1
2025-07-31,A1357,29387.528352,1
2025-07-31,A1358,14352.32422278,2
2025-07-31,A1359,9467.36919986,2
2025-07-31,A1361,10974.439999999999,2
2025-07-31,A1362,32781.73,1
2025-07-31,A1363,8222.620406,1
2025-07-31,A1365,8890.792092000002,1
2025-07-31,A1366,117965.73,4
2025-07-31,A1368,129907.31,2
2025-07-31,A1370,44210.0,3
2025-07-31,A1372,127906.94,2
2025-07-31,A1375,431571.12362221,2
2025-07-31,A1378,180830.0,1
2025-07-31,A1384,96076.4,2
2025-07-31,A1385,18921.760000000002,3
2025-07-31,A1386,54671.34898368001,2
2025-07-31,A1392,13562.026385050001,2
2025-07-31,A1393,90700.0,1
2025-07-31,A1394,36046.75,2
2025-07-31,A1395,17948.17824085,2
2025-07-31,A1396,23065.4,2
2025-07-31,A1397,20409.09,2
2025-07-31,A1398,4752.12738,1
2025-07-31,A1399,35208.5,4
2025-07-31,A1400,189699.91999999998,2
2025-07-31,A1401,2644.70455404,3
2025-07-31,A1403,9072.0,1
2025-07-31,A1404,190500.0,1
2025-07-31,A1407,10334.027736,2
2025-07-31,A1410,98600.0,1
2025-07-31,A1412,403492.25325838005,2
2025-07-31,A1413,6132.0,1
2025-07-31,A1414,110004.14,4
2025-07-31,A1415,10689.0,1
2025-07-31,A1416,64898.17503903001,4
2025-07-31,A1417,156633.33,1
2025-07-31,A1418,7262.102458030001,1
2025-07-31,A1419,6783.3352422,4
2025-08-31,A1000,26964.0,1
2025-08-31,A1005,16506.0,1
2025-08-31,A1009,561669.0,2
2025-08-31,A1010,22310.04714568,1
2025-08-31,A1014,4435.182829039999,2
2025-08-31,A1016,17029.304964000003,2
2025-08-31,A1017,9150.7096,1
2025-08-31,A1019,10800.0,1
2025-08-31,A1021,10533.50663337,2
2025-08-31,A1022,40784.30835352,4
2025-08-31,A1024,170577.27000000002,2
2025-08-31,A1026,16870.93,2
2025-08-31,A1027,11312.0,1
2025-08-31,A1028,348600.82999999996,4
2025-08-31,A1029,184828.364448,1
2025-08-31,A1031,274254.91915328,4
2025-08-31,A1032,105391.31,2
2025-08-31,A1033,77500.0,1
2025-08-31,A1034,41459.020000000004,2
2025-08-31,A1035,155111.83,2
2025-08-31,A1037,57297.83,2
2025-08-31,A1038,25881.0,2
2025-08-31,A1039,12373.05,1
2025-08-31,A1040,121142.0,4
2025-08-31,A1041,15207.0,3
2025-08-31,A1043,9576.324,1
2025-08-31,A1044,10878.0,1
2025-08-31,A1046,24206.219999999998,2
2025-08-31,A1048,30592.18,2
2025-08-31,A1050,8147.15340624,1
2025-08-31,A1051,68620.66,2
2025-08-31,A1052,101500.0,2
2025-08-31,A1053,7374.360000000001,2
2025-08-31,A1054,132890.15519999998,1
2025-08-31,A1055,16109.58547107,3
2025-08-31,A1057,153174.0,1
2025-08-31,A1060,74617.22,2
2025-08-31,A1062,26058.940000000002,2
2025-08-31,A1064,20300.0,1
2025-08-31,A1066,95596.64,2
2025-08-31,A1067,46005.46,3
2025-08-31,A1068,97636.38,2
2025-08-31,A1070,6482.0,1
2025-08-31,A1071,18291.0,1
2025-08-31,A1072,16902.21710736,2
2025-08-31,A1074,53640.138200479996,2
2025-08-31,A1076,42732.5487435,2
2025-08-31,A1077,87800.0,1
2025-08-31,A1078,23688.0,1
2025-08-31,A1080,174090.93,3
2025-08-31,A1081,13692.0,1
2025-08-31,A1084,35400.0,1
2025-08-31,A1087,188278.7,4
2025-08-31,A1088,46358.03749196,3
2025-08-31,A1089,3227.05573029,3
2025-08-31,A1090,2670.33,1
2025-08-31,A1093,3780.0,1
2025-08-31,A1097,9925.46,2
2025-08-31,A1098,494600.0,1
2025-08-31,A1099,436501.20137796004,2
2025-08-31,A1102,75101.06,2
2025-08-31,A1104,9192.439999999999,2
2025-08-31,A1108,12085.1,2
2025-08-31,A1110,37759.2327248,2
2025-08-31,A1111,536078.96787652,4
2025-08-31,A1117,10296.39,2
2025-08-31,A1119,290444.0,2
2025-08-31,A1121,21462.0,1
2025-08-31,A1122,25000.0,1
2025-08-31,A1123,34071.221183999995,2
2025-08-31,A1124,80380.34,2
2025-08-31,A1125,88536.0,2
2025-08-31,A1128,115364.83,4
2025-08-31,A1130,476123.72000000003,2
2025-08-31,A1131,147538.55,2
2025-08-31,A1133,32764.97110383,3
2025-08-31,A1134,83072.61031232,2
2025-08-31,A1136,37600.0,4
2025-08-31,A1137,90066.67,1
2025-08-31,A1138,150176.53,2
2025-08-31,A1142,86289.0,1
2025-08-31,A1143,140070.0,1
2025-08-31,A1144,5698.85,2
2025-08-31,A1145,10542.0,1
2025-08-31,A1147,28042.04099876,4
2025-08-31,A1148,12088.67,2
2025-08-31,A1150,257121.22433596,2
2025-08-31,A1151,57645.40771471999,3
2025-08-31,A1154,83552.76568704,3
2025-08-31,A1156,198627.36,2
2025-08-31,A1157,4197.8348272,2
2025-08-31,A1159,156862.0,1
2025-08-31,A1160,194066.66999999998,2
2025-08-31,A1163,52355.95,2
2025-08-31,A1164,20803.329999999998,2
2025-08-31,A1166,260973.39869119998,3
2025-08-31,A1168,21840.0,1
2025-08-31,A1169,160000.0,1
2025-08-31,A1170,197997.91,3
2025-08-31,A1171,21126.0,1
2025-08-31,A1174,48471.0,1
2025-08-31,A1175,6906.55,2
2025-08-31,A1178,25830.0,1
2025-08-31,A1179,143296.16999999998,2
2025-08-31,A1183,73624.7225896,2
2025-08-31,A1184,258768.3,3
2025-08-31,A1186,42543.11,2
2025-08-31,A1187,50204.53,3
2025-08-31,A1188,415403.56,2
2025-08-31,A1189,65300.0,1
2025-08-31,A1190,239417.29742087997,2
2025-08-31,A1193,10243.16637624,3
2025-08-31,A1195,384361.37,4
2025-08-31,A1196,602855.02547504,4
2025-08-31,A1198,29757.0,1
2025-08-31,A1200,16107.514392320001,2
2025-08-31,A1201,8589.28164496,2
2025-08-31,A1202,400181.45999999996,3
2025-08-31,A1204,18732.0,1
2025-08-31,A1206,258214.74,4
2025-08-31,A1207,13455.0,1
2025-08-31,A1208,43226.56,2
2025-08-31,A1209,72198.90886416,2
2025-08-31,A1210,12442.938144,1
2025-08-31,A1211,2108.20290786,4
2025-08-31,A1213,214756.72000000003,2
2025-08-31,A1215,216142.41999999998,2
2025-08-31,A1217,6909.46,2
2025-08-31,A1219,78474.1,4
2025-08-31,A1221,275377.64447024,3
2025-08-31,A1222,51552.90597224,2
2025-08-31,A1224,35123.64,4
2025-08-31,A1225,21404.0,2
2025-08-31,A1226,3279.70052424,2
2025-08-31,A1227,18850.0,1
2025-08-31,A1228,25159.449999999997,2
2025-08-31,A1229,74500.0,1
2025-08-31,A1231,65499.922782,1
2025-08-31,A1232,73609.2,1
2025-08-31,A1233,134961.88,4
2025-08-31,A1235,2622.5829000000003,1
2025-08-31,A1236,39097.630000000005,3
2025-08-31,A1237,194173.97157192,3
2025-08-31,A1240,12586.16,2
2025-08-31,A1244,15418.09,2
2025-08-31,A1245,32020.301357,4
2025-08-31,A1246,142963.7705564,2
2025-08-31,A1248,65940.0,1
2025-08-31,A1250,193046.56,2
2025-08-31,A1251,67323.88623792,4
2025-08-31,A1256,18796.27324239,2
2025-08-31,A1261,73233.28,2
2025-08-31,A1263,237994.56,2
2025-08-31,A1264,155809.94102656,3
2025-08-31,A1266,86444.25,2
2025-08-31,A1270,59206.95652663999,2
2025-08-31,A1271,122056.03,3
2025-08-31,A1272,8316.0,1
2025-08-31,A1273,26883.12,1
2025-08-31,A1274,142381.46621503998,2
2025-08-31,A1276,9784.204713320001,1
2025-08-31,A1278,3842.0318719999996,1
2025-08-31,A1279,25242.0,2
2025-08-31,A1282,24570.0,1
2025-08-31,A1283,7644.0,1
2025-08-31,A1286,305800.0,2
2025-08-31,A1289,14728.644594559999,2
2025-08-31,A1291,3660.95,2
2025-08-31,A1293,27423.450794880002,2
2025-08-31,A1295,3443.08,1
2025-08-31,A1296,249846.40000000002,2
2025-08-31,A1297,131400.0,1
2025-08-31,A1298,62585.005242060004,2
2025-08-31,A1302,26372.036496759996,2
2025-08-31,A1303,105606.08,4
2025-08-31,A1305,78500.0,1
2025-08-31,A1306,587365.94,4
2025-08-31,A1307,467553.55999999994,2
2025-08-31,A1308,11018.914200000001,1
2025-08-31,A1310,67872.0,2
2025-08-31,A1312,61358.699976,2
2025-08-31,A1314,95800.0,1
2025-08-31,A1315,420649.87,4
2025-08-31,A1319,223590.63,3
2025-08-31,A1320,39800.0,1
2025-08-31,A1322,4666.4400000000005,2
2025-08-31,A1323,123048.69958007999,4
2025-08-31,A1326,338633.13,3
2025-08-31,A1329,114030.0,1
2025-08-31,A1330,170500.0,1
2025-08-31,A1333,4752.28,1
2025-08-31,A1335,159700.0,1
2025-08-31,A1336,6419.109053999999,2
2025-08-31,A1337,132804.0,1
2025-08-31,A1343,231994.69,4
2025-08-31,A1344,55819.32,3
2025-08-31,A1346,39446.7,2
2025-08-31,A1349,60705.0,4
2025-08-31,A1353,256843.808,1
2025-08-31,A1354,15378.567792,3
2025-08-31,A1355,6937.54,1
2025-08-31,A1356,34967.772000000004,1
2025-08-31,A1357,29478.548736,1
2025-08-31,A1358,14369.499683910002,2
2025-08-31,A1359,9793.536309039999,2
2025-08-31,A1361,10974.439999999999,2
2025-08-31,A1362,32781.73,1
2025-08-31,A1363,8505.903784,1
2025-08-31,A1365,8918.329056,1
2025-08-31,A1366,117965.73,4
2025-08-31,A1368,129907.31,2
2025-08-31,A1370,44210.0,3
2025-08-31,A1372,127906.94,2
2025-08-31,A1375,446439.48914444004,2
2025-08-31,A1378,180830.0,1
2025-08-31,A1384,96076.4,2
2025-08-31,A1385,18921.760000000002,3
2025-08-31,A1386,54840.67956224,2
2025-08-31,A1392,14029.261458199999,2
2025-08-31,A1393,90700.0,1
2025-08-31,A1394,36046.75,2
2025-08-31,A1395,245055.77964043999,4
2025-08-31,A1396,23065.4,2
2025-08-31,A1397,20409.09,2
2025-08-31,A1398,4915.84632,1
2025-08-31,A1399,35208.5,4
2025-08-31,A1400,189699.91999999998,2
2025-08-31,A1401,2647.86947838,3
2025-08-31,A1403,9072.0,1
2025-08-31,A1404,190500.0,1
2025-08-31,A1407,10346.394492000001,2
2025-08-31,A1410,121694.52,3
2025-08-31,A1412,417393.25353032,2
2025-08-31,A1413,6132.0,1
2025-08-31,A1414,110004.14,4
2025-08-31,A1415,10689.0,1
2025-08-31,A1416,63490.41936648,4
2025-08-31,A1417,156633.33,1
2025-08-31,A1418,7104.574670479999,1
2025-08-31,A1419,6791.4528759,4
2025-09-30,A1000,26964.0,1
2025-09-30,A1005,16506.0,1
2025-09-30,A1007,3052.0,1
2025-09-30,A1009,561669.0,2
2025-09-30,A1010,22424.25646454,1
2025-09-30,A1014,4266.544585590001,2
2025-09-30,A1016,17206.80088,2
2025-09-30,A1017,9197.5538,1
2025-09-30,A1019,10800.0,1
2025-09-30,A1021,10643.297045399999,2
2025-09-30,A1022,40993.09088306,4
2025-09-30,A1024,170577.27000000002,2
2025-09-30,A1026,16870.93,2
2025-09-30,A1027,11312.0,1
2025-09-30,A1028,348600.82999999996,4
2025-09-30,A1029,202871.08545816,1
2025-09-30,A1031,281333.97391568,4
2025-09-30,A1032,105391.31,2
2025-09-30,A1033,77500.0,1
2025-09-30,A1034,41459.020000000004,2
2025-09-30,A1035,155111.83,2
2025-09-30,A1037,168397.83,3
2025-09-30,A1038,25881.0,2
2025-09-30,A1039,12373.05,1
2025-09-30,A1040,121142.0,4
2025-09-30,A1041,15207.0,3
2025-09-30,A1043,9625.347,1
2025-09-30,A1044,10878.0,1
2025-09-30,A1046,24206.219999999998,2
2025-09-30,A1048,30592.18,2
2025-09-30,A1050,8188.86021372,1
2025-09-30,A1051,68620.66,2
2025-09-30,A1052,101500.0,2
2025-09-30,A1053,7374.360000000001,2
2025-09-30,A1054,127837.2942,1
2025-09-30,A1055,13249.1935394,2
2025-09-30,A1057,153174.0,1
2025-09-30,A1060,74617.22,2
2025-09-30,A1061,20265.54,2
2025-09-30,A1062,26058.940000000002,2
2025-09-30,A1064,20300.0,1
2025-09-30,A1066,110401.64,3
2025-09-30,A1067,46005.46,3
2025-09-30,A1068,97636.38,2
2025-09-30,A1070,6482.0,1
2025-09-30,A1071,18291.0,1
2025-09-30,A1072,17338.49632116,2
2025-09-30,A1074,101590.02686364,4
2025-09-30,A1076,43177.94877,2
2025-09-30,A1077,87800.0,1
2025-09-30,A1078,23688.0,1
2025-09-30,A1080,180472.83,3
2025-09-30,A1081,13692.0,1
2025-09-30,A1084,35400.0,1
2025-09-30,A1087,188278.7,4
2025-09-30,A1088,38948.29286120999,2
2025-09-30,A1089,3260.6912318,3
2025-09-30,A1090,2670.33,1
2025-09-30,A1093,11424.0,2
2025-09-30,A1097,9925.46,2
2025-09-30,A1098,494600.0,1
2025-09-30,A1099,438735.73295763007,2
2025-09-30,A1101,214039.56840000002,1
2025-09-30,A1102,75101.06,2
2025-09-30,A1104,9192.439999999999,2
2025-09-30,A1108,11495.49,2
2025-09-30,A1110,37952.5293244,2
2025-09-30,A1111,538823.25673331,4
2025-09-30,A1117,10296.39,2
2025-09-30,A1119,51744.0,1
2025-09-30,A1121,21462.0,1
2025-09-30,A1122,25000.0,1
2025-09-30,A1123,52311.16617104,4
2025-09-30,A1124,185080.34,3
2025-09-30,A1125,88536.0,2
2025-09-30,A1128,115364.83,4
2025-09-30,A1129,89651.01000000001,2
2025-09-30,A1130,476123.72000000003,2
2025-09-30,A1131,147538.55,2
2025-09-30,A1133,33106.4793786,3
2025-09-30,A1134,83497.87459696,2
2025-09-30,A1136,37600.0,4
2025-09-30,A1137,320566.67,2
2025-09-30,A1138,150176.53,2
2025-09-30,A1139,61281.3759,1
2025-09-30,A1142,86289.0,1
2025-09-30,A1143,140070.0,1
2025-09-30,A1144,5698.85,2
2025-09-30,A1145,37397.83,3
2025-09-30,A1147,29134.81310668,4
2025-09-30,A1148,12088.67,2
2025-09-30,A1150,258437.47614413,2
2025-09-30,A1151,55453.56564762,3
2025-09-30,A1154,85709.42565024001,3
2025-09-30,A1156,198627.36,2
2025-09-30,A1157,4219.3243316,2
2025-09-30,A1159,156862.0,1
2025-09-30,A1160,194066.66999999998,2
2025-09-30,A1163,52355.95,2
2025-09-30,A1164,20803.329999999998,2
2025-09-30,A1166,267709.6314872,3
2025-09-30,A1168,21840.0,1
2025-09-30,A1169,160000.0,1
2025-09-30,A1170,197997.91,3
2025-09-30,A1171,21126.0,1
2025-09-30,A1174,48471.0,1
2025-09-30,A1175,6906.55,2
2025-09-30,A1178,121253.70000000001,3
2025-09-30,A1179,143296.16999999998,2
2025-09-30,A1183,132002.3495826,3
2025-09-30,A1184,258768.3,3
2025-09-30,A1186,45399.11,3
2025-09-30,A1187,50204.53,3
2025-09-30,A1188,415403.56,2
2025-09-30,A1189,65300.0,1
2025-09-30,A1190,230313.97202373,2
2025-09-30,A1193,10349.9305808,3
2025-09-30,A1195,384361.37,4
2025-09-30,A1196,618415.8903532401,4
2025-09-30,A1198,29757.0,1
2025-09-30,A1200,16523.28077792,2
2025-09-30,A1201,8633.25178988,2
2025-09-30,A1202,400181.45999999996,3
2025-09-30,A1203,30884.84,2
2025-09-30,A1204,18732.0,1
2025-09-30,A1206,258214.74,4
2025-09-30,A1207,13455.0,1
2025-09-30,A1208,43226.56,2
2025-09-30,A1209,74062.50362196,2
2025-09-30,A1210,12764.114664,1
2025-09-30,A1211,2130.1766411999997,4
2025-09-30,A1212,29832.519999999997,2
2025-09-30,A1213,214756.72000000003,2
2025-09-30,A1215,368856.83,4
2025-09-30,A1217,6909.46,2
2025-09-30,A1219,78474.1,4
2025-09-30,A1221,282485.67896444,3
2025-09-30,A1222,51816.81497422,2
2025-09-30,A1224,35123.64,4
2025-09-30,A1225,21404.0,2
2025-09-30,A1226,3313.8847408,2
2025-09-30,A1227,18850.0,1
2025-09-30,A1228,25159.449999999997,2
2025-09-30,A1229,74500.0,1
2025-09-30,A1232,73609.2,1
2025-09-30,A1233,134961.88,4
2025-09-30,A1235,2649.9179999999997,1
2025-09-30,A1236,39097.630000000005,3
2025-09-30,A1237,186790.92587757,3
2025-09-30,A1240,12586.16,2
2025-09-30,A1244,23283.66,4
2025-09-30,A1245,32184.21928975,4
2025-09-30,A1246,143695.6289317,2
2025-09-30,A1248,65940.0,1
2025-09-30,A1250,193046.56,2
2025-09-30,A1251,69061.64714652,4
2025-09-30,A1256,18992.1862138,2
2025-09-30,A1258,2520.0,1
2025-09-30,A1261,73233.28,2
2025-09-30,A1263,237994.56,2
2025-09-30,A1264,156607.56135968,3
2025-09-30,A1266,86444.25,2
2025-09-30,A1270,56955.739940190004,2
2025-09-30,A1271,122056.03,3
2025-09-30,A1272,8316.0,1
2025-09-30,A1273,26883.12,1
2025-09-30,A1274,143110.34366512,2
2025-09-30,A1276,9834.29189371,1
2025-09-30,A1277,6750.0,1
2025-09-30,A1278,3695.9469120000003,1
2025-09-30,A1279,25242.0,2
2025-09-30,A1282,24570.0,1
2025-09-30,A1283,11886.0,2
2025-09-30,A1286,305800.0,2
2025-09-30,A1289,15108.81965936,2
2025-09-30,A1291,3660.95,2
2025-09-30,A1293,27709.2845696,2
2025-09-30,A1295,3443.08,1
2025-09-30,A1296,252869.94,2
2025-09-30,A1297,131400.0,1
2025-09-30,A1298,63237.326805200006,2
2025-09-30,A1302,26507.03990153,2
2025-09-30,A1303,67421.47,3
2025-09-30,A1305,78500.0,1
2025-09-30,A1306,587365.94,4
2025-09-30,A1307,467553.55999999994,2
2025-09-30,A1308,11133.764,1
2025-09-30,A1310,67872.0,2
2025-09-30,A1312,61672.80667799999,2
2025-09-30,A1313,87700.0,1
2025-09-30,A1314,95800.0,1
2025-09-30,A1315,420649.87,4
2025-09-30,A1316,41000.0,1
2025-09-30,A1319,223590.63,3
2025-09-30,A1320,39800.0,1
2025-09-30,A1322,4666.4400000000005,2
2025-09-30,A1323,118370.03866443,4
2025-09-30,A1326,338633.13,3
2025-09-30,A1329,114030.0,1
2025-09-30,A1330,293331.09,3
2025-09-30,A1333,24230.43,3
2025-09-30,A1335,159700.0,1
2025-09-30,A1336,6175.036302750001,2
2025-09-30,A1337,132804.0,1
2025-09-30,A1343,166889.47,3
2025-09-30,A1344,55819.32,3
2025-09-30,A1346,39446.7,2
2025-09-30,A1349,60705.0,4
2025-09-30,A1353,281916.58936,1
2025-09-30,A1354,14793.830982000001,3
2025-09-30,A1355,6937.54,1
2025-09-30,A1356,35332.24,1
2025-09-30,A1357,30239.447616,1
2025-09-30,A1358,14519.2725322,2
2025-09-30,A1359,9843.67125962,2
2025-09-30,A1361,10974.439999999999,2
2025-09-30,A1362,77931.73000000001,2
2025-09-30,A1363,8549.447102,1
2025-09-30,A1365,14407.562904,2
2025-09-30,A1366,117965.73,4
2025-09-30,A1368,129907.31,2
2025-09-30,A1370,44210.0,3
2025-09-30,A1372,184306.39,4
2025-09-30,A1375,464851.30999667,2
2025-09-30,A1378,180830.0,1
2025-09-30,A1384,96076.4,2
2025-09-30,A1385,18921.760000000002,3
2025-09-30,A1386,56256.22454144001,2
2025-09-30,A1392,14101.07988085,2
2025-09-30,A1393,143023.25,4
2025-09-30,A1394,36046.75,2
2025-09-30,A1395,246310.26617256997,4
2025-09-30,A1396,23065.4,2
2025-09-30,A1397,20409.09,2
2025-09-30,A1398,4941.01146,1
2025-09-30,A1399,35208.5,4
2025-09-30,A1400,189699.91999999998,2
2025-09-30,A1401,2675.4681396,3
2025-09-30,A1403,9072.0,1
2025-09-30,A1404,190500.0,1
2025-09-30,A1407,24642.300289400002,4
2025-09-30,A1410,121694.52,3
2025-09-30,A1412,419529.96793846,2
2025-09-30,A1413,6132.0,1
2025-09-30,A1414,110004.14,4
2025-09-30,A1415,10689.0,1
2025-09-30,A1416,35683.915485330006,3
2025-09-30,A1417,156633.33,1
2025-09-30,A1418,6834.43857033,1
2025-09-30,A1419,5856.6536146,3
2025-10-31,A1000,26964.0,1
2025-10-31,A1005,16506.0,1
2025-10-31,A1007,3052.0,1
2025-10-31,A1009,561669.0,2
2025-10-31,A1010,22002.749224400002,1
2025-10-31,A1014,27944.799070740002,4
2025-10-31,A1016,17256.556696,2
2025-10-31,A1017,9024.668,1
2025-10-31,A1019,11556.0,1
2025-10-31,A1021,10674.07359318,2
2025-10-31,A1022,40222.5465116,4
2025-10-31,A1024,170577.27000000002,2
2025-10-31,A1026,16870.93,2
2025-10-31,A1027,11312.0,1
2025-10-31,A1028,348600.82999999996,4
2025-10-31,A1029,202086.5551152,1
2025-10-31,A1031,280246.0168096,4
2025-10-31,A1032,105391.31,2
2025-10-31,A1033,77500.0,1
2025-10-31,A1034,41459.020000000004,2
2025-10-31,A1035,155111.83,2
2025-10-31,A1037,168397.83,3
2025-10-31,A1039,12373.05,1
2025-10-31,A1040,121142.0,4
2025-10-31,A1041,15207.0,3
2025-10-31,A1043,9444.42,1
2025-10-31,A1044,10878.0,1
2025-10-31,A1046,24206.219999999998,2
2025-10-31,A1048,30592.18,2
2025-10-31,A1050,8034.9347592,1
2025-10-31,A1051,111389.14,4
2025-10-31,A1052,101500.0,2
2025-10-31,A1053,7374.360000000001,2
2025-10-31,A1054,124983.42120000001,1
2025-10-31,A1055,13287.505392980001,2
2025-10-31,A1057,153174.0,1
2025-10-31,A1060,40330.24,1
2025-10-31,A1061,20265.54,2
2025-10-31,A1062,26058.940000000002,2
2025-10-31,A1064,20300.0,1
2025-10-31,A1066,110401.64,3
2025-10-31,A1067,46005.46,3
2025-10-31,A1068,97636.38,2
2025-10-31,A1070,6482.0,1
2025-10-31,A1071,18291.0,1
2025-10-31,A1072,17271.4459752,2
2025-10-31,A1074,101197.1642808,4
2025-10-31,A1076,43302.803709,2
2025-10-31,A1077,87800.0,1
2025-10-31,A1078,23688.0,1
2025-10-31,A1080,171771.5,3
2025-10-31,A1081,13692.0,1
2025-10-31,A1084,35400.0,1
2025-10-31,A1087,188278.7,4
2025-10-31,A1088,38216.184420599995,2
2025-10-31,A1089,3270.11996606,3
2025-10-31,A1090,2670.33,1
2025-10-31,A1093,11424.0,2
2025-10-31,A1097,9925.46,2
2025-10-31,A1098,494600.0,1
2025-10-31,A1099,430488.8469018,2
2025-10-31,A1101,213211.848,1
2025-10-31,A1102,75101.06,2
2025-10-31,A1104,9192.439999999999,2
2025-10-31,A1108,11495.49,2
2025-10-31,A1110,37239.138183999996,2
2025-10-31,A1111,528695.0322266,4
2025-10-31,A1117,10296.39,2
2025-10-31,A1119,51744.0,1
2025-10-31,A1121,21462.0,1
2025-10-31,A1122,25000.0,1
2025-10-31,A1123,49876.9685248,4
2025-10-31,A1124,185080.34,3
2025-10-31,A1125,88536.0,2
2025-10-31,A1128,115364.83,4
2025-10-31,A1129,89651.01000000001,2
2025-10-31,A1130,476123.72000000003,2
2025-10-31,A1131,147538.55,2
2025-10-31,A1133,33202.211287620004,3
2025-10-31,A1134,81928.3706656,2
2025-10-31,A1136,37600.0,4
2025-10-31,A1137,353830.67,3
2025-10-31,A1138,150176.53,2
2025-10-31,A1139,60129.474,1
2025-10-31,A1142,86289.0,1
2025-10-31,A1143,328020.0,2
2025-10-31,A1144,5698.85,2
2025-10-31,A1145,37397.83,3
2025-10-31,A1147,28587.1679848,4
2025-10-31,A1148,12088.67,2
2025-10-31,A1150,260472.2029954,2
2025-10-31,A1151,54215.60582732,3
2025-10-31,A1154,85377.9755328,3
2025-10-31,A1156,198627.36,2
2025-10-31,A1157,4140.013976,2
2025-10-31,A1159,156862.0,1
2025-10-31,A1160,246860.66999999998,3
2025-10-31,A1163,52355.95,2
2025-10-31,A1164,20803.329999999998,2
2025-10-31,A1166,266674.361584,3
2025-10-31,A1168,21840.0,1
2025-10-31,A1169,160000.0,1
2025-10-31,A1170,197997.91,3
2025-10-31,A1171,21126.0,1
2025-10-31,A1174,48471.0,1
2025-10-31,A1175,6906.55,2
2025-10-31,A1178,121253.70000000001,3
2025-10-31,A1179,143296.16999999998,2
2025-10-31,A1183,131491.878372,3
2025-10-31,A1184,258768.3,3
2025-10-31,A1186,45399.11,3
2025-10-31,A1187,50204.53,3
2025-10-31,A1188,415403.56,2
2025-10-31,A1189,65300.0,1
2025-10-31,A1190,225172.38301878,2
2025-10-31,A1192,122136.0,1
2025-10-31,A1193,10379.85881936,3
2025-10-31,A1195,384361.37,4
2025-10-31,A1196,616024.3911928,4
2025-10-31,A1198,29757.0,1
2025-10-31,A1200,16459.3829824,2
2025-10-31,A1201,33761.031136800004,3
2025-10-31,A1202,400181.45999999996,3
2025-10-31,A1203,30884.84,2
2025-10-31,A1204,68492.73,4
2025-10-31,A1206,269745.28,4
2025-10-31,A1207,13455.0,1
2025-10-31,A1208,43226.56,2
2025-10-31,A1209,73776.09375120001,2
2025-10-31,A1210,12714.75408,1
2025-10-31,A1211,2136.33633804,4
2025-10-31,A1212,29832.519999999997,2
2025-10-31,A1213,214756.72000000003,2
2025-10-31,A1215,368856.83,4
2025-10-31,A1217,6608.54,2
2025-10-31,A1219,78474.1,4
2025-10-31,A1221,281393.2680568,3
2025-10-31,A1222,50842.817789199995,2
2025-10-31,A1224,35123.64,4
2025-10-31,A1225,21404.0,2
2025-10-31,A1226,9986.40298146,4
2025-10-31,A1227,18850.0,1
2025-10-31,A1228,25159.449999999997,2
2025-10-31,A1229,74500.0,1
2025-10-31,A1232,73609.2,1
2025-10-31,A1233,134961.88,4
2025-10-31,A1235,2657.5806000000002,1
2025-10-31,A1236,39097.630000000005,3
2025-10-31,A1237,182620.95667302003,3
2025-10-31,A1240,12586.16,2
2025-10-31,A1244,23283.66,4
2025-10-31,A1245,33146.083963,4
2025-10-31,A1246,170587.107862,3
2025-10-31,A1248,172667.49,3
2025-10-31,A1249,13852.793388,1
2025-10-31,A1250,193046.56,2
2025-10-31,A1251,68794.5762744,4
2025-10-31,A1256,19047.10471546,2
2025-10-31,A1258,2520.0,1
2025-10-31,A1261,73233.28,2
2025-10-31,A1263,237994.56,2
2025-10-31,A1264,153663.8195648,3
2025-10-31,A1266,86444.25,2
2025-10-31,A1270,55684.24519034001,2
2025-10-31,A1271,122056.03,3
2025-10-31,A1272,8316.0,1
2025-10-31,A1273,51283.119999999995,2
2025-10-31,A1274,140420.3081632,2
2025-10-31,A1276,32945.6733706,2
2025-10-31,A1277,6750.0,1
2025-10-31,A1278,3613.437632,1
2025-10-31,A1279,25242.0,2
2025-10-31,A1282,24570.0,1
2025-10-31,A1283,11886.0,2
2025-10-31,A1284,71477.9662656,2
2025-10-31,A1286,305800.0,2
2025-10-31,A1289,15050.3917792,2
2025-10-31,A1291,3660.95,2
2025-10-31,A1293,27789.409752319996,2
2025-10-31,A1295,14883.94,3
2025-10-31,A1296,252869.94,2
2025-10-31,A1297,131400.0,1
2025-10-31,A1298,63420.186176840005,2
2025-10-31,A1302,26008.788855799998,2
2025-10-31,A1303,67421.47,3
2025-10-31,A1305,78500.0,1
2025-10-31,A1306,587365.94,4
2025-10-31,A1307,467553.55999999994,2
2025-10-31,A1308,11165.9588,1
2025-10-31,A1310,67872.0,2
2025-10-31,A1312,60513.54708,2
2025-10-31,A1313,87700.0,1
2025-10-31,A1314,95800.0,1
2025-10-31,A1315,420649.87,4
2025-10-31,A1316,41000.0,1
2025-10-31,A1319,223590.63,3
2025-10-31,A1320,39800.0,1
2025-10-31,A1322,4666.4400000000005,2
2025-10-31,A1323,115727.51513898,4
2025-10-31,A1326,338633.13,3
2025-10-31,A1329,114030.0,1
2025-10-31,A1330,293331.09,3
2025-10-31,A1331,3218.762736,1
2025-10-31,A1333,24230.43,3
2025-10-31,A1335,159700.0,1
2025-10-31,A1336,6037.1831865,2
2025-10-31,A1337,132804.0,1
2025-10-31,A1343,166889.47,3
2025-10-31,A1344,55819.32,3
2025-10-31,A1346,39446.7,2
2025-10-31,A1349,60705.0,4
2025-10-31,A1352,129913.24399999999,1
2025-10-31,A1353,280826.3792,1
2025-10-31,A1354,14463.569652000002,3
2025-10-31,A1355,6937.54,1
2025-10-31,A1356,35434.408,1
2025-10-31,A1357,30122.50752,1
2025-10-31,A1358,14561.25699274,2
2025-10-31,A1359,9658.6404332,2
2025-10-31,A1361,10974.439999999999,2
2025-10-31,A1362,77931.73000000001,2
2025-10-31,A1363,8388.74372,1
2025-10-31,A1365,14351.846880000001,2
2025-10-31,A1366,117965.73,4
2025-10-31,A1368,129907.31,2
2025-10-31,A1370,44210.0,3
2025-10-31,A1372,56399.45,2
2025-10-31,A1375,456113.53119619994,2
2025-10-31,A1378,303130.0,2
2025-10-31,A1382,13724.29464,1
2025-10-31,A1383,41179.79,2
2025-10-31,A1384,96076.4,2
2025-10-31,A1385,18921.760000000002,3
2025-10-31,A1386,59312.8595968,2
2025-10-31,A1392,13836.022830999998,2
2025-10-31,A1393,143023.25,4
2025-10-31,A1394,36046.75,2
2025-10-31,A1395,241680.3886702,4
2025-10-31,A1396,23065.4,2
2025-10-31,A1397,20409.09,2
2025-10-31,A1398,4848.1356,1
2025-10-31,A1399,35208.5,4
2025-10-31,A1400,189699.91999999998,2
2025-10-31,A1401,2683.20462132,3
2025-10-31,A1403,9072.0,1
2025-10-31,A1404,190500.0,1
2025-10-31,A1407,24713.55686798,4
2025-10-31,A1410,121694.52,3
2025-10-31,A1411,4620.0,1
2025-10-31,A1412,411644.09135560005,2
2025-10-31,A1413,6132.0,1
2025-10-31,A1414,110004.14,4
2025-10-31,A1415,10689.0,1
2025-10-31,A1416,34887.298476380005,3
2025-10-31,A1417,156633.33,1
2025-10-31,A1418,6681.864786380001,1
2025-10-31,A1419,5873.58892882,3
2025-11-30,A1000,26964.0,1
2025-11-30,A1005,16506.0,1
2025-11-30,A1007,3052.0,1
2025-11-30,A1009,561669.0,2
2025-11-30,A1010,22539.26254384,1
2025-11-30,A1014,28908.690361620003,4
2025-11-30,A1016,17111.058628,2
2025-11-30,A1017,9244.7248,1
2025-11-30,A1019,11556.0,1
2025-11-30,A1021,10584.07550649,2
2025-11-30,A1022,41203.32994576,4
2025-11-30,A1024,170577.27000000002,2
2025-11-30,A1026,16870.93,2
2025-11-30,A1027,11312.0,1
2025-11-30,A1028,348600.82999999996,4
2025-11-30,A1029,200394.15331866,1
2025-11-30,A1031,277899.05779468,4
2025-11-30,A1032,105391.31,2
2025-11-30,A1033,77500.0,1
2025-11-30,A1034,41459.020000000004,2
2025-11-30,A1035,155111.83,2
2025-11-30,A1037,168397.83,3
2025-11-30,A1039,12373.05,1
2025-11-30,A1040,121142.0,4
2025-11-30,A1041,15207.0,3
2025-11-30,A1043,9674.712,1
2025-11-30,A1044,10878.0,1
2025-11-30,A1046,24206.219999999998,2
2025-11-30,A1048,30592.18,2
2025-11-30,A1050,100947.91219943999,3
2025-11-30,A1051,111389.14,4
2025-11-30,A1052,101500.0,2
2025-11-30,A1053,7374.360000000001,2
2025-11-30,A1054,129294.43560000001,1
2025-11-30,A1055,13175.47224539,2
2025-11-30,A1057,153174.0,1
2025-11-30,A1060,40330.24,1
2025-11-30,A1061,20265.54,2
2025-11-30,A1062,26058.940000000002,2
2025-11-30,A1063,16327.91780756,2
2025-11-30,A1064,20300.0,1
2025-11-30,A1066,110401.64,3
2025-11-30,A1067,46005.46,3
2025-11-30,A1068,97636.38,2
2025-11-30,A1070,6482.0,1
2025-11-30,A1071,18291.0,1
2025-11-30,A1072,17126.80386291,2
2025-11-30,A1074,100349.67463689,4
2025-11-30,A1076,72271.8747995,3
2025-11-30,A1077,87800.0,1
2025-11-30,A1078,23688.0,1
2025-11-30,A1080,171771.5,3
2025-11-30,A1081,13692.0,1
2025-11-30,A1084,35400.0,1
2025-11-30,A1087,188278.7,4
2025-11-30,A1088,39148.04487816,2
2025-11-30,A1089,3242.54806133,3
2025-11-30,A1090,2670.33,1
2025-11-30,A1093,11424.0,2
2025-11-30,A1097,9925.46,2
2025-11-30,A1098,494600.0,1
2025-11-30,A1099,617639.01041936,4
2025-11-30,A1101,211426.2759,1
2025-11-30,A1102,75101.06,2
2025-11-30,A1104,9192.439999999999,2
2025-11-30,A1108,11495.49,2
2025-11-30,A1110,38147.17442239999,2
2025-11-30,A1111,541586.69061976,4
2025-11-30,A1117,10296.39,2
2025-11-30,A1119,51744.0,1
2025-11-30,A1121,21462.0,1
2025-11-30,A1122,25000.0,1
2025-11-30,A1123,49459.26695584,4
2025-11-30,A1124,185080.34,3
2025-11-30,A1125,88536.0,2
2025-11-30,A1127,209850.95308799998,1
2025-11-30,A1128,112443.99,4
2025-11-30,A1129,89651.01000000001,2
2025-11-30,A1130,476123.72000000003,2
2025-11-30,A1131,147538.55,2
2025-11-30,A1133,32922.26797791,3
2025-11-30,A1134,110105.33884816,2
2025-11-30,A1136,37600.0,4
2025-11-30,A1137,353830.67,3
2025-11-30,A1138,150176.53,2
2025-11-30,A1139,61595.666399999995,1
2025-11-30,A1142,86289.0,1
2025-11-30,A1143,328020.0,2
2025-11-30,A1144,5698.85,2
2025-11-30,A1145,37397.83,3
2025-11-30,A1147,29284.23525728,4
2025-11-30,A1148,12088.67,2
2025-11-30,A1150,266823.53685944004,2
2025-11-30,A1151,56085.647911160006,3
2025-11-30,A1154,84662.96587224,3
2025-11-30,A1156,68866.88,1
2025-11-30,A1157,4240.963753599999,2
2025-11-30,A1159,156862.0,1
2025-11-30,A1160,246860.66999999998,3
2025-11-30,A1163,52355.95,2
2025-11-30,A1164,20803.329999999998,2
2025-11-30,A1166,264441.0602722,3
2025-11-30,A1168,21840.0,1
2025-11-30,A1169,160000.0,1
2025-11-30,A1170,197997.91,3
2025-11-30,A1171,21126.0,1
2025-11-30,A1174,48471.0,1
2025-11-30,A1175,6906.55,2
2025-11-30,A1178,121253.70000000001,3
2025-11-30,A1179,95286.6,1
2025-11-30,A1183,130390.68145635001,3
2025-11-30,A1184,258768.3,3
2025-11-30,A1186,48377.12,3
2025-11-30,A1187,50204.53,3
2025-11-30,A1188,260963.38,1
2025-11-30,A1189,58770.0,1
2025-11-30,A1190,232939.18421814003,2
2025-11-30,A1192,259596.29,3
2025-11-30,A1193,11269.80683948,3
2025-11-30,A1195,384361.37,4
2025-11-30,A1196,610865.40975649,4
2025-11-30,A1198,29757.0,1
2025-11-30,A1200,16321.541603920003,2
2025-11-30,A1201,34584.25748448,3
2025-11-30,A1202,400181.45999999996,3
2025-11-30,A1203,30884.84,2
2025-11-30,A1204,68492.73,4
2025-11-30,A1205,52980.94,2
2025-11-30,A1206,269745.28,4
2025-11-30,A1207,13455.0,1
2025-11-30,A1208,43226.56,2
2025-11-30,A1209,73158.24565371001,2
2025-11-30,A1210,12608.272614000001,1
2025-11-30,A1211,2118.32389122,4
2025-11-30,A1212,29832.519999999997,2
2025-11-30,A1213,214756.72000000003,2
2025-11-30,A1215,368856.83,4
2025-11-30,A1217,6608.54,2
2025-11-30,A1219,78474.1,4
2025-11-30,A1221,177712.80368695,2
2025-11-30,A1222,52082.56508911999,2
2025-11-30,A1224,36565.64,4
2025-11-30,A1225,21404.0,2
2025-11-30,A1226,9902.20296603,4
2025-11-30,A1227,18850.0,1
2025-11-30,A1228,25159.449999999997,2
2025-11-30,A1229,74500.0,1
2025-11-30,A1232,73609.2,1
2025-11-30,A1233,134961.88,4
2025-11-30,A1235,2635.1733,1
2025-11-30,A1236,39097.630000000005,3
2025-11-30,A1237,188920.04471525998,3
2025-11-30,A1240,10283.93,2
2025-11-30,A1244,23283.66,4
2025-11-30,A1245,33954.3154868,4
2025-11-30,A1246,122829.30507696,2
2025-11-30,A1248,172667.49,3
2025-11-30,A1249,13735.994034,1
2025-11-30,A1250,193046.56,2
2025-11-30,A1251,68218.44658377,4
2025-11-30,A1254,12849.259999999998,2
2025-11-30,A1256,18886.50970303,2
2025-11-30,A1258,2520.0,1
2025-11-30,A1261,73233.28,2
2025-11-30,A1263,237994.56,2
2025-11-30,A1264,157410.74614528,3
2025-11-30,A1266,86444.25,2
2025-11-30,A1270,57604.94459642,2
2025-11-30,A1271,122056.03,3
2025-11-30,A1272,8316.0,1
2025-11-30,A1273,51283.119999999995,2
2025-11-30,A1274,143844.30599552,2
2025-11-30,A1276,33749.01809816,2
2025-11-30,A1277,6750.0,1
2025-11-30,A1278,3738.0748160000003,1
2025-11-30,A1279,25242.0,2
2025-11-30,A1282,24570.0,1
2025-11-30,A1283,11886.0,2
2025-11-30,A1284,70879.36415448,2
2025-11-30,A1286,305800.0,2
2025-11-30,A1289,14924.350192360002,2
2025-11-30,A1291,3660.95,2
2025-11-30,A1293,27555.10429376,2
2025-11-30,A1295,14883.94,3
2025-11-30,A1296,252869.94,2
2025-11-30,A1297,131400.0,1
2025-11-30,A1298,62885.461044619995,2
2025-11-30,A1302,26642.985132879992,2
2025-11-30,A1303,67421.47,3
2025-11-30,A1305,107480.55,1
2025-11-30,A1306,587365.94,4
2025-11-30,A1307,467553.55999999994,2
2025-11-30,A1308,11071.8134,1
2025-11-30,A1310,67872.0,2
2025-11-30,A1312,61989.10468799999,2
2025-11-30,A1313,87700.0,1
2025-11-30,A1314,95800.0,1
2025-11-30,A1315,420649.87,4
2025-11-30,A1316,41000.0,1
2025-11-30,A1319,223590.63,3
2025-11-30,A1320,48018.0,2
2025-11-30,A1322,4666.4400000000005,2
2025-11-30,A1323,119719.26844074001,4
2025-11-30,A1326,338633.13,3
2025-11-30,A1329,114030.0,1
2025-11-30,A1330,122831.09,2
2025-11-30,A1331,3191.6238479999997,1
2025-11-30,A1333,24230.43,3
2025-11-30,A1335,159700.0,1
2025-11-30,A1336,6245.4218745,2
2025-11-30,A1337,132804.0,1
2025-11-30,A1343,166889.47,3
2025-11-30,A1344,55819.32,3
2025-11-30,A1346,39446.7,2
2025-11-30,A1349,60705.0,4
2025-11-30,A1352,133081.0384,1
2025-11-30,A1353,278474.55986000004,1
2025-11-30,A1354,14962.457076,3
2025-11-30,A1355,6937.54,1
2025-11-30,A1356,35135.644,1
2025-11-30,A1357,29870.242416,1
2025-11-30,A1358,14438.48425207,2
2025-11-30,A1359,9894.155967519999,2
2025-11-30,A1361,10974.439999999999,2
2025-11-30,A1362,85156.42,2
2025-11-30,A1363,8593.294192,1
2025-11-30,A1365,14231.655354,2
2025-11-30,A1366,128021.19,4
2025-11-30,A1368,129907.31,2
2025-11-30,A1370,45122.21,3
2025-11-30,A1372,56399.45,2
2025-11-30,A1375,467235.36793431995,2
2025-11-30,A1376,71149.0145128,2
2025-11-30,A1378,303130.0,2
2025-11-30,A1382,13609.358637000001,1
2025-11-30,A1383,41179.79,2
2025-11-30,A1384,96076.4,2
2025-11-30,A1385,18921.760000000002,3
2025-11-30,A1386,58816.135853440006,2
2025-11-30,A1392,14173.399331599998,2
2025-11-30,A1393,143023.25,4
2025-11-30,A1394,36046.75,2
2025-11-30,A1395,247573.50440071998,4
2025-11-30,A1396,23065.4,2
2025-11-30,A1397,20409.09,2
2025-11-30,A1398,4966.3521599999995,1
2025-11-30,A1399,35811.2,4
2025-11-30,A1400,189699.91999999998,2
2025-11-30,A1401,2660.5812732599998,3
2025-11-30,A1403,9072.0,1
2025-11-30,A1404,190500.0,1
2025-11-30,A1407,24505.185357889997,4
2025-11-30,A1410,121694.52,3
2025-11-30,A1411,4620.0,1
2025-11-30,A1412,421681.58874416,2
2025-11-30,A1413,6132.0,1
2025-11-30,A1414,110004.14,4
2025-11-30,A1415,10689.0,1
2025-11-30,A1416,36090.655246940005,3
2025-11-30,A1417,156633.33,1
2025-11-30,A1418,6912.340276940001,1
2025-11-30,A1419,5824.0659645099995,3
2025-12-31,A1000,28851.48,1
2025-12-31,A1005,16506.0,1
2025-12-31,A1007,3052.0,1
2025-12-31,A1009,561669.0,2
2025-12-31,A1010,22002.329876800002,1
2025-12-31,A1011,622862.738784,2
2025-12-31,A1012,6775.200000000001,2
2025-12-31,A1014,30134.751158699997,4
2025-12-31,A1016,16342.105108,2
2025-12-31,A1017,9024.496000000001,1
2025-12-31,A1019,11556.0,1
2025-12-31,A1021,10108.43794989,2
2025-12-31,A1022,40221.7799152,4
2025-12-31,A1024,170577.27000000002,2
2025-12-31,A1026,16870.93,2
2025-12-31,A1027,24162.0,2
2025-12-31,A1028,348600.82999999996,4
2025-12-31,A1029,204396.2846142,1
2025-12-31,A1031,283449.06261160003,4
2025-12-31,A1032,122314.13,2
2025-12-31,A1033,77500.0,1
2025-12-31,A1034,41459.020000000004,2
2025-12-31,A1035,155111.83,2
2025-12-31,A1037,168397.83,3
2025-12-31,A1039,12373.05,1
2025-12-31,A1040,121142.0,4
2025-12-31,A1041,15207.0,3
2025-12-31,A1043,9444.24,1
2025-12-31,A1044,10878.0,1
2025-12-31,A1046,24206.219999999998,2
2025-12-31,A1048,30592.18,2
2025-12-31,A1050,98543.1204888,3
2025-12-31,A1051,111389.14,4
2025-12-31,A1052,25700.0,1
2025-12-31,A1053,7374.360000000001,2
2025-12-31,A1054,134778.006,1
2025-12-31,A1055,12583.37996279,2
2025-12-31,A1057,153174.0,1
2025-12-31,A1060,137630.24,2
2025-12-31,A1061,20265.54,2
2025-12-31,A1062,26058.940000000002,2
2025-12-31,A1063,15594.157837159999,2
2025-12-31,A1064,20300.0,1
2025-12-31,A1066,110401.64,3
2025-12-31,A1067,46005.46,3
2025-12-31,A1068,97636.38,2
2025-12-31,A1070,6482.0,1
2025-12-31,A1071,18291.0,1
2025-12-31,A1072,17468.8483617,2
2025-12-31,A1074,102353.78786429999,4
2025-12-31,A1076,69024.0504695,3
2025-12-31,A1077,87800.0,1
2025-12-31,A1078,23688.0,1
2025-12-31,A1080,171771.5,3
2025-12-31,A1081,13692.0,1
2025-12-31,A1084,35400.0,1
2025-12-31,A1087,188278.7,4
2025-12-31,A1088,38215.45606320001,2
2025-12-31,A1089,3096.8312591299996,3
2025-12-31,A1090,2670.33,1
2025-12-31,A1093,11424.0,2
2025-12-31,A1096,71550.43,2
2025-12-31,A1097,9925.46,2
2025-12-31,A1098,494600.0,1
2025-12-31,A1099,602925.5493872,4
2025-12-31,A1101,215648.733,1
2025-12-31,A1102,75101.06,2
2025-12-31,A1104,9192.439999999999,2
2025-12-31,A1108,11495.49,2
2025-12-31,A1110,37238.428448000006,2
2025-12-31,A1111,536828.8814512,4
2025-12-31,A1117,10296.39,2
2025-12-31,A1119,51744.0,1
2025-12-31,A1121,21462.0,1
2025-12-31,A1122,25000.0,1
2025-12-31,A1123,50447.0327008,4
2025-12-31,A1124,185080.34,3
2025-12-31,A1125,88536.0,2
2025-12-31,A1127,204851.86176,1
2025-12-31,A1128,112443.99,4
2025-12-31,A1129,89651.01000000001,2
2025-12-31,A1130,476123.72000000003,2
2025-12-31,A1131,147538.55,2
2025-12-31,A1133,31442.77483851,3
2025-12-31,A1134,121431.5404432,3
2025-12-31,A1136,36360.0,4
2025-12-31,A1137,353830.67,3
2025-12-31,A1138,150176.53,2
2025-12-31,A1139,60128.328,1
2025-12-31,A1142,86289.0,1
2025-12-31,A1143,328020.0,2
2025-12-31,A1144,19974.76,4
2025-12-31,A1145,37397.83,3
2025-12-31,A1147,28586.623145600002,4
2025-12-31,A1148,12088.67,2
2025-12-31,A1150,260467.23868880005,2
2025-12-31,A1151,58464.3241266,3
2025-12-31,A1154,86353.7951688,3
2025-12-31,A1156,68866.88,1
2025-12-31,A1157,4139.935072,2
2025-12-31,A1159,156862.0,1
2025-12-31,A1160,246860.66999999998,3
2025-12-31,A1163,52355.95,2
2025-12-31,A1164,20803.329999999998,2
2025-12-31,A1166,269722.291414,3
2025-12-31,A1168,224317.5,3
2025-12-31,A1169,160000.0,1
2025-12-31,A1170,146020.23,2
2025-12-31,A1171,21126.0,1
2025-12-31,A1174,48471.0,1
2025-12-31,A1175,6906.55,2
2025-12-31,A1178,135995.7,4
2025-12-31,A1179,95286.6,1
2025-12-31,A1183,132994.7525745,3
2025-12-31,A1184,263004.83999999997,3
2025-12-31,A1186,48377.12,3
2025-12-31,A1187,50204.53,3
2025-12-31,A1188,260963.38,1
2025-12-31,A1189,58770.0,1
2025-12-31,A1190,242818.48342889996,2
2025-12-31,A1192,259596.29,3
2025-12-31,A1193,10763.35321628,3
2025-12-31,A1195,120427.37,2
2025-12-31,A1196,623065.1847163,4
2025-12-31,A1198,29757.0,1
2025-12-31,A1200,16647.5039704,2
2025-12-31,A1201,33760.3876896,3
2025-12-31,A1202,400181.45999999996,3
2025-12-31,A1203,30884.84,2
2025-12-31,A1204,68492.73,4
2025-12-31,A1205,52980.94,2
2025-12-31,A1206,269745.28,4
2025-12-31,A1207,13455.0,1
2025-12-31,A1208,43226.56,2
2025-12-31,A1209,74619.3107577,2
2025-12-31,A1210,12860.07618,1
2025-12-31,A1211,2023.12857642,4
2025-12-31,A1212,29832.519999999997,2
2025-12-31,A1213,174854.71000000002,2
2025-12-31,A1215,368856.83,4
2025-12-31,A1217,6608.54,2
2025-12-31,A1219,78474.1,4
2025-12-31,A1221,181261.9589965,2
2025-12-31,A1222,50841.848782400004,2
2025-12-31,A1224,36565.64,4
2025-12-31,A1225,24588.489999999998,2
2025-12-31,A1226,9457.20806583,4
2025-12-31,A1227,18850.0,1
2025-12-31,A1228,25159.449999999997,2
2025-12-31,A1229,74500.0,1
2025-12-31,A1230,47772.2306193,2
2025-12-31,A1232,73609.2,1
2025-12-31,A1233,134961.88,4
2025-12-31,A1235,2516.7513,1
2025-12-31,A1236,39097.630000000005,3
2025-12-31,A1237,196932.42638009996,3
2025-12-31,A1238,4830.0,1
2025-12-31,A1240,10283.93,2
2025-12-31,A1244,23283.66,4
2025-12-31,A1245,23934.484964000003,3
2025-12-31,A1246,119903.25253920001,2
2025-12-31,A1248,172667.49,3
2025-12-31,A1249,13118.712474,1
2025-12-31,A1250,193046.56,2
2025-12-31,A1251,69580.8574899,4
2025-12-31,A1253,17617.2591,1
2025-12-31,A1254,12849.259999999998,2
2025-12-31,A1256,31689.09650683,3
2025-12-31,A1258,2520.0,1
2025-12-31,A1260,44816.229999999996,2
2025-12-31,A1261,73233.28,2
2025-12-31,A1263,237994.56,2
2025-12-31,A1264,153660.8909056,3
2025-12-31,A1266,86444.25,2
2025-12-31,A1270,60048.0564567,2
2025-12-31,A1271,122056.03,3
2025-12-31,A1272,8316.0,1
2025-12-31,A1273,51283.119999999995,2
2025-12-31,A1274,140417.6319104,2
2025-12-31,A1276,32945.045463200004,2
2025-12-31,A1277,6750.0,1
2025-12-31,A1278,3896.6121599999997,1
2025-12-31,A1279,25242.0,2
2025-12-31,A1281,33203.948624,2
2025-12-31,A1282,24570.0,1
2025-12-31,A1283,11886.0,2
2025-12-31,A1284,72294.9170376,2
2025-12-31,A1286,305800.0,2
2025-12-31,A1289,15222.4088332,2
2025-12-31,A1291,3660.95,2
2025-12-31,A1293,26316.806015359998,2
2025-12-31,A1295,14883.94,3
2025-12-31,A1296,252869.94,2
2025-12-31,A1297,131400.0,1
2025-12-31,A1298,60059.45257382,2
2025-12-31,A1302,26008.2931576,2
2025-12-31,A1303,67421.47,3
2025-12-31,A1305,107480.55,1
2025-12-31,A1306,587365.94,4
2025-12-31,A1307,467553.55999999994,2
2025-12-31,A1308,10574.2574,1
2025-12-31,A1310,70039.2,2
2025-12-31,A1312,60512.393760000006,2
2025-12-31,A1313,87700.0,1
2025-12-31,A1314,95800.0,1
2025-12-31,A1315,420649.87,4
2025-12-31,A1316,41000.0,1
2025-12-31,A1319,223590.63,3
2025-12-31,A1320,48018.0,2
2025-12-31,A1322,4666.4400000000005,2
2025-12-31,A1323,124796.74167989999,4
2025-12-31,A1326,338633.13,3
2025-12-31,A1329,114030.0,1
2025-12-31,A1330,122831.09,2
2025-12-31,A1331,3048.1955279999997,1
2025-12-31,A1333,24230.43,3
2025-12-31,A1335,159700.0,1
2025-12-31,A1336,6510.2995574999995,2
2025-12-31,A1337,132804.0,1
2025-12-31,A1343,166889.47,3
2025-12-31,A1344,55819.32,3
2025-12-31,A1346,39446.7,2
2025-12-31,A1349,30305.0,3
2025-12-31,A1350,86545.11,2
2025-12-31,A1352,129910.76800000001,1
2025-12-31,A1353,284036.0582,1
2025-12-31,A1354,15597.03726,3
2025-12-31,A1355,6937.54,1
2025-12-31,A1356,33556.684,1
2025-12-31,A1357,30466.78992,1
2025-12-31,A1358,13789.63349827,2
2025-12-31,A1359,9658.456350400002,2
2025-12-31,A1361,11566.099999999999,2
2025-12-31,A1362,85156.42,2
2025-12-31,A1363,8388.583840000001,1
2025-12-31,A1365,14515.87998,2
2025-12-31,A1366,128021.19,4
2025-12-31,A1368,129907.31,2
2025-12-31,A1370,45122.21,3
2025-12-31,A1372,56399.45,2
2025-12-31,A1375,456104.8381864,2
2025-12-31,A1376,69454.095256,2
2025-12-31,A1378,303130.0,2
2025-12-31,A1381,7460.0156696,2
2025-12-31,A1382,13881.15519,1
2025-12-31,A1383,41179.79,2
2025-12-31,A1384,96076.4,2
2025-12-31,A1385,18921.760000000002,3
2025-12-31,A1386,59990.770412800004,2
2025-12-31,A1392,17273.462492000002,3
2025-12-31,A1393,143023.25,4
2025-12-31,A1394,36046.75,2
2025-12-31,A1395,241675.7825144,4
2025-12-31,A1396,23065.4,2
2025-12-31,A1397,20409.09,2
2025-12-31,A1398,4848.0432,1
2025-12-31,A1399,35811.2,4
2025-12-31,A1400,189699.91999999998,2
2025-12-31,A1401,2541.01746486,3
2025-12-31,A1403,9072.0,1
2025-12-31,A1404,190500.0,1
2025-12-31,A1407,23403.94732529,4
2025-12-31,A1410,121694.52,3
2025-12-31,A1411,4620.0,1
2025-12-31,A1412,411636.2458832001,2
2025-12-31,A1413,6132.0,1
2025-12-31,A1414,110004.14,4
2025-12-31,A1415,10689.0,1
2025-12-31,A1416,37621.3139169,3
2025-12-31,A1417,156633.33,1
2025-12-31,A1418,7205.5029669,1
2025-12-31,A1419,5562.338381109999,3
2026-01-31,A1000,28851.48,1
2026-01-31,A1005,16506.0,1
2026-01-31,A1007,49504.0,2
2026-01-31,A1009,561669.0,2
2026-01-31,A1010,22221.6486716,1
2026-01-31,A1011,629071.4224079999,2
2026-01-31,A1012,6775.200000000001,2
2026-01-31,A1014,30109.17170232,4
2026-01-31,A1016,16451.500892,2
2026-01-31,A1017,9114.452,1
2026-01-31,A1019,11556.0,1
2026-01-31,A1021,10176.10490511,2
2026-01-31,A1022,40622.7098324,4
2026-01-31,A1024,176612.97,2
2026-01-31,A1026,16870.93,2
2026-01-31,A1027,24162.0,2
2026-01-31,A1028,348600.82999999996,4
2026-01-31,A1029,200765.88756126,1
2026-01-31,A1031,278414.56482947996,4
2026-01-31,A1032,122314.13,2
2026-01-31,A1033,77500.0,1
2026-01-31,A1034,41459.020000000004,2
2026-01-31,A1035,155111.83,2
2026-01-31,A1037,168397.83,3
2026-01-31,A1039,12373.05,1
2026-01-31,A1040,90146.0,3
2026-01-31,A1041,15207.0,3
2026-01-31,A1043,9538.38,1
2026-01-31,A1044,10878.0,1
2026-01-31,A1046,24206.219999999998,2
2026-01-31,A1048,30592.18,2
2026-01-31,A1050,99525.39639059998,3
2026-01-31,A1051,111389.14,4
2026-01-31,A1052,25700.0,1
2026-01-31,A1053,7374.360000000001,2
2026-01-31,A1054,134663.6016,1
2026-01-31,A1055,12667.61444221,2
2026-01-31,A1057,153174.0,1
2026-01-31,A1058,9020.8,2
2026-01-31,A1060,137630.24,2
2026-01-31,A1061,20265.54,2
2026-01-31,A1062,26058.940000000002,2
2026-01-31,A1063,15698.54678284,2
2026-01-31,A1064,20300.0,1
2026-01-31,A1066,110401.64,3
2026-01-31,A1067,46005.46,3
2026-01-31,A1068,97636.38,2
2026-01-31,A1070,6482.0,1
2026-01-31,A1071,18291.0,1
2026-01-31,A1072,17158.57434801,2
2026-01-31,A1074,100535.82482978998,4
2026-01-31,A1076,69486.1047805,3
2026-01-31,A1077,87800.0,1
2026-01-31,A1078,23688.0,1
2026-01-31,A1080,171771.5,3
2026-01-31,A1081,46494.0,2
2026-01-31,A1082,2916.58455,1
2026-01-31,A1084,35400.0,1
2026-01-31,A1087,188278.7,4
2026-01-31,A1088,38596.3869834,2
2026-01-31,A1089,3117.56177587,3
2026-01-31,A1090,13914.17,3
2026-01-31,A1093,11424.0,2
2026-01-31,A1096,105350.43,3
2026-01-31,A1097,9925.46,2
2026-01-31,A1098,523633.33,2
2026-01-31,A1099,608935.4994964,4
2026-01-31,A1101,211818.4749,1
2026-01-31,A1102,75101.06,2
2026-01-31,A1104,9192.439999999999,2
2026-01-31,A1108,11495.49,2
2026-01-31,A1110,37609.620376,2
2026-01-31,A1111,542179.9812644001,4
2026-01-31,A1117,10296.39,2
2026-01-31,A1119,51744.0,1
2026-01-31,A1121,160249.76,3
2026-01-31,A1122,25000.0,1
2026-01-31,A1123,49551.01465824,4
2026-01-31,A1124,200757.09,3
2026-01-31,A1125,88536.0,2
2026-01-31,A1126,105300.0,1
2026-01-31,A1127,206893.82112,1
2026-01-31,A1128,112443.99,4
2026-01-31,A1129,89651.01000000001,2
2026-01-31,A1130,476123.72000000003,2
2026-01-31,A1131,147538.55,2
2026-01-31,A1133,31653.25610649,3
2026-01-31,A1134,122641.96766839999,3
2026-01-31,A1136,36360.0,4
2026-01-31,A1137,353830.67,3
2026-01-31,A1138,150176.53,2
2026-01-31,A1139,60727.686,1
2026-01-31,A1142,86289.0,1
2026-01-31,A1143,328020.0,2
2026-01-31,A1144,19974.76,4
2026-01-31,A1145,37397.83,3
2026-01-31,A1147,28871.5740472,4
2026-01-31,A1148,12088.67,2
2026-01-31,A1150,263063.5710406,2
2026-01-31,A1151,58414.69751376,3
2026-01-31,A1154,84820.01697864,3
2026-01-31,A1156,68866.88,1
2026-01-31,A1157,4181.201864,2
2026-01-31,A1159,156862.0,1
2026-01-31,A1160,246860.66999999998,3
2026-01-31,A1163,52355.95,2
2026-01-31,A1164,20803.329999999998,2
2026-01-31,A1166,264931.60251419997,3
2026-01-31,A1168,224317.5,3
2026-01-31,A1169,160000.0,1
2026-01-31,A1170,146020.23,2
2026-01-31,A1171,21126.0,1
2026-01-31,A1174,48471.0,1
2026-01-31,A1175,6906.55,2
2026-01-31,A1178,135995.7,4
2026-01-31,A1179,95286.6,1
2026-01-31,A1183,183978.28597184998,4
2026-01-31,A1184,263004.83999999997,3
2026-01-31,A1186,48377.12,3
2026-01-31,A1187,50204.53,3
2026-01-31,A1188,260963.38,1
2026-01-31,A1189,58770.0,1
2026-01-31,A1190,242612.37040104,2
2026-01-31,A1192,259596.29,3
2026-01-31,A1193,10835.404243719999,3
2026-01-31,A1195,120427.37,2
2026-01-31,A1196,611998.5745053899,4
2026-01-31,A1198,29757.0,1
2026-01-31,A1200,16351.818315120001,2
2026-01-31,A1201,34096.9105752,3
2026-01-31,A1202,400181.45999999996,3
2026-01-31,A1203,30884.84,2
2026-01-31,A1204,68492.73,4
2026-01-31,A1205,52980.94,2
2026-01-31,A1206,276558.67,4
2026-01-31,A1207,13455.0,1
2026-01-31,A1208,55660.46,2
2026-01-31,A1209,73293.95532681,2
2026-01-31,A1210,12631.661154,1
2026-01-31,A1211,2132.24720547,4
2026-01-31,A1212,29832.519999999997,2
2026-01-31,A1213,174854.71000000002,2
2026-01-31,A1215,368856.83,4
2026-01-31,A1217,6608.54,2
2026-01-31,A1219,78474.1,4
2026-01-31,A1221,178042.46367645002,2
2026-01-31,A1222,114118.01557779999,4
2026-01-31,A1224,36565.64,4
2026-01-31,A1225,24588.489999999998,2
2026-01-31,A1226,9520.515619169999,4
2026-01-31,A1227,18850.0,1
2026-01-31,A1228,25159.449999999997,2
2026-01-31,A1229,74500.0,1
2026-01-31,A1230,47731.679838480006,2
2026-01-31,A1232,73609.2,1
2026-01-31,A1233,136525.96,4
2026-01-31,A1235,2533.5987,1
2026-01-31,A1236,40016.020000000004,3
2026-01-31,A1237,196765.26308136,3
2026-01-31,A1238,4830.0,1
2026-01-31,A1239,57133.33,1
2026-01-31,A1240,10283.93,2
2026-01-31,A1244,24900.71,4
2026-01-31,A1245,24173.063443,3
2026-01-31,A1246,121098.4458204,2
2026-01-31,A1248,172667.49,3
2026-01-31,A1249,13206.530526,1
2026-01-31,A1250,193046.56,2
2026-01-31,A1251,68344.99285347,4
2026-01-31,A1253,17735.190899999998,1
2026-01-31,A1254,12849.259999999998,2
2026-01-31,A1256,31901.22667817,3
2026-01-31,A1258,2520.0,1
2026-01-31,A1260,44816.229999999996,2
2026-01-31,A1261,73233.28,2
2026-01-31,A1263,237994.56,2
2026-01-31,A1264,155192.5796672,3
2026-01-31,A1266,42141.01,1
2026-01-31,A1270,59997.08551512001,2
2026-01-31,A1271,122056.03,3
2026-01-31,A1272,8316.0,1
2026-01-31,A1273,51283.119999999995,2
2026-01-31,A1274,141817.3121248,2
2026-01-31,A1276,33273.4410334,2
2026-01-31,A1277,6750.0,1
2026-01-31,A1278,3893.304576,1
2026-01-31,A1279,25242.0,2
2026-01-31,A1281,33426.219375999994,2
2026-01-31,A1282,24570.0,1
2026-01-31,A1283,11886.0,2
2026-01-31,A1284,71010.84646728,2
2026-01-31,A1286,305800.0,2
2026-01-31,A1289,14952.035091959999,2
2026-01-31,A1291,863.0,1
2026-01-31,A1293,26492.973504640002,2
2026-01-31,A1295,14883.94,3
2026-01-31,A1296,252869.94,2
2026-01-31,A1297,131400.0,1
2026-01-31,A1298,60461.496916179996,2
2026-01-31,A1302,26267.543316199997,2
2026-01-31,A1303,67421.47,3
2026-01-31,A1305,107480.55,1
2026-01-31,A1306,587365.94,4
2026-01-31,A1307,467553.55999999994,2
2026-01-31,A1308,10645.042599999999,1
2026-01-31,A1310,70039.2,2
2026-01-31,A1312,61115.58012,2
2026-01-31,A1313,87700.0,1
2026-01-31,A1314,95800.0,1
2026-01-31,A1315,420649.87,4
2026-01-31,A1316,41000.0,1
2026-01-31,A1319,223590.63,3
2026-01-31,A1320,48018.0,2
2026-01-31,A1322,4666.4400000000005,2
2026-01-31,A1323,124690.80973464,4
2026-01-31,A1326,338633.13,3
2026-01-31,A1329,114030.0,1
2026-01-31,A1330,150876.51,2
2026-01-31,A1331,3068.600472,1
2026-01-31,A1333,24230.43,3
2026-01-31,A1335,159700.0,1
2026-01-31,A1336,6504.773382,2
2026-01-31,A1337,132804.0,1
2026-01-31,A1339,6637.84370883,2
2026-01-31,A1343,181189.47,4
2026-01-31,A1344,55819.32,3
2026-01-31,A1346,39446.7,2
2026-01-31,A1349,30305.0,3
2026-01-31,A1350,86545.11,2
2026-01-31,A1352,131205.716,1
2026-01-31,A1353,278991.13446,1
2026-01-31,A1354,15583.797936,3
2026-01-31,A1355,6937.54,1
2026-01-31,A1356,33781.316,1
2026-01-31,A1357,29925.652176,1
2026-01-31,A1358,13881.94276673,2
2026-01-31,A1359,9754.7316548,2
2026-01-31,A1361,48666.1,3
2026-01-31,A1362,85156.42,2
2026-01-31,A1363,26703.0975416,3
2026-01-31,A1365,14258.055294,2
2026-01-31,A1366,128021.19,4
2026-01-31,A1368,129907.31,2
2026-01-31,A1370,45122.21,3
2026-01-31,A1372,56399.45,2
2026-01-31,A1375,460651.28231179994,2
2026-01-31,A1376,70146.412322,2
2026-01-31,A1378,303130.0,2
2026-01-31,A1381,7534.376960199999,2
2026-01-31,A1382,13634.604207,1
2026-01-31,A1383,90781.79000000001,3
2026-01-31,A1384,96076.4,2
2026-01-31,A1385,24633.760000000002,4
2026-01-31,A1386,58925.240691839994,2
2026-01-31,A1392,17870.5046706,3
2026-01-31,A1393,143023.25,4
2026-01-31,A1394,36046.75,2
2026-01-31,A1395,244084.80199779998,4
2026-01-31,A1396,23065.4,2
2026-01-31,A1397,20409.09,2
2026-01-31,A1398,4896.3684,1
2026-01-31,A1399,35811.2,4
2026-01-31,A1400,189699.91999999998,2
2026-01-31,A1401,2558.02730514,3
2026-01-31,A1402,6258.0,1
2026-01-31,A1403,9072.0,1
2026-01-31,A1404,190500.0,1
2026-01-31,A1407,23560.61582971,4
2026-01-31,A1410,121694.52,3
2026-01-31,A1411,4620.0,1
2026-01-31,A1412,415739.4279484,2
2026-01-31,A1413,6132.0,1
2026-01-31,A1414,110004.14,4
2026-01-31,A1415,10689.0,1
2026-01-31,A1416,37589.37959784,3
2026-01-31,A1417,156633.33,1
2026-01-31,A1418,7199.386677840001,1
2026-01-31,A1419,5599.57326389,3
2026-02-28,A1000,28851.48,1
2026-02-28,A1005,16506.0,1
2026-02-28,A1007,173604.0,3
2026-02-28,A1009,561669.0,2
2026-02-28,A1010,97136.45431884,2
2026-02-28,A1011,637320.7804391999,2
2026-02-28,A1012,6775.200000000001,2
2026-02-28,A1014,30738.97616805,4
2026-02-28,A1016,16943.865684,2
2026-02-28,A1017,9233.9748,1
2026-02-28,A1019,11556.0,1
2026-02-28,A1021,10480.658015969999,2
2026-02-28,A1022,26293.87208916,3
2026-02-28,A1024,176612.97,2
2026-02-28,A1026,16870.93,2
2026-02-28,A1027,24162.0,2
2026-02-28,A1028,348600.82999999996,4
2026-02-28,A1029,200733.22471985998,1
2026-02-28,A1031,278369.26923227997,4
2026-02-28,A1032,122314.13,2
2026-02-28,A1033,77500.0,1
2026-02-28,A1034,41459.020000000004,2
2026-02-28,A1035,155111.83,2
2026-02-28,A1037,168397.83,3
2026-02-28,A1039,12373.05,1
2026-02-28,A1040,90146.0,3
2026-02-28,A1041,15207.0,3
2026-02-28,A1043,9663.462,1
2026-02-28,A1044,10878.0,1
2026-02-28,A1046,24206.219999999998,2
2026-02-28,A1048,30592.18,2
2026-02-28,A1049,215460.0,1
2026-02-28,A1050,100830.52741194,3
2026-02-28,A1051,118733.23999999999,4
2026-02-28,A1052,25700.0,1
2026-02-28,A1053,7374.360000000001,2
2026-02-28,A1054,137480.409,1
2026-02-28,A1055,13046.73409767,2
2026-02-28,A1057,153174.0,1
2026-02-28,A1058,22841.59,4
2026-02-28,A1060,149425.22,2
2026-02-28,A1061,20265.54,2
2026-02-28,A1062,26058.940000000002,2
2026-02-28,A1063,16168.37696868,2
2026-02-28,A1064,20300.0,1
2026-02-28,A1066,110401.64,3
2026-02-28,A1067,15701.369999999999,2
2026-02-28,A1068,97636.38,2
2026-02-28,A1070,6482.0,1
2026-02-28,A1071,18291.0,1
2026-02-28,A1072,2519.64900486,1
2026-02-28,A1074,100519.46853669,4
2026-02-28,A1076,71565.7029735,3
2026-02-28,A1077,87800.0,1
2026-02-28,A1078,27241.2,1
2026-02-28,A1080,171771.5,3
2026-02-28,A1081,97744.0,3
2026-02-28,A1082,3003.8728499999997,1
2026-02-28,A1084,35400.0,1
2026-02-28,A1087,188278.7,4
2026-02-28,A1088,39102.52254066,2
2026-02-28,A1089,3210.86497449,3
2026-02-28,A1090,13914.17,3
2026-02-28,A1093,11424.0,2
2026-02-28,A1096,105350.43,3
2026-02-28,A1097,9925.46,2
2026-02-28,A1098,704941.4099999999,2
2026-02-28,A1099,616920.80414436,4
2026-02-28,A1101,211784.0139,1
2026-02-28,A1102,75101.06,2
2026-02-28,A1104,9192.439999999999,2
2026-02-28,A1108,11495.49,2
2026-02-28,A1110,38102.8159224,2
2026-02-28,A1111,549289.8842475599,4
2026-02-28,A1113,9432.344159700002,2
2026-02-28,A1117,10296.39,2
2026-02-28,A1119,51744.0,1
2026-02-28,A1121,160249.76,3
2026-02-28,A1122,25000.0,1
2026-02-28,A1123,49542.95314464,4
2026-02-28,A1124,217235.09,4
2026-02-28,A1125,88536.0,2
2026-02-28,A1126,105300.0,1
2026-02-28,A1127,209606.933088,1
2026-02-28,A1128,112443.99,4
2026-02-28,A1129,89651.01000000001,2
2026-02-28,A1130,476123.72000000003,2
2026-02-28,A1131,147538.55,2
2026-02-28,A1133,32600.58297723,3
2026-02-28,A1134,124250.23894715999,3
2026-02-28,A1136,37764.34,4
2026-02-28,A1137,353830.67,3
2026-02-28,A1138,150176.53,2
2026-02-28,A1139,61524.041399999995,1
2026-02-28,A1142,86289.0,1
2026-02-28,A1143,328020.0,2
2026-02-28,A1144,19974.76,4
2026-02-28,A1145,37397.83,3
2026-02-28,A1147,29250.182807279998,4
2026-02-28,A1148,12088.67,2
2026-02-28,A1150,266513.26769694,2
2026-02-28,A1151,59636.5789299,3
2026-02-28,A1153,40150.674131609994,2
2026-02-28,A1154,84806.21750904,3
2026-02-28,A1156,68866.88,1
2026-02-28,A1157,4236.0322536,2
2026-02-28,A1158,8442.0,1
2026-02-28,A1159,156862.0,1
2026-02-28,A1160,246860.66999999998,3
2026-02-28,A1163,52355.95,2
2026-02-28,A1164,20803.329999999998,2
2026-02-28,A1166,264888.50047619996,3
2026-02-28,A1168,224317.5,3
2026-02-28,A1169,160000.0,1
2026-02-28,A1170,146020.23,2
2026-02-28,A1171,21126.0,1
2026-02-28,A1174,48471.0,1
2026-02-28,A1175,6906.55,2
2026-02-28,A1178,135995.7,4
2026-02-28,A1179,163662.6,2
2026-02-28,A1183,183948.35432535,4
2026-02-28,A1184,263004.83999999997,3
2026-02-28,A1186,48377.12,3
2026-02-28,A1187,50204.53,3
2026-02-28,A1188,260963.38,1
2026-02-28,A1189,58770.0,1
2026-02-28,A1190,247687.18135335,2
2026-02-28,A1192,259596.29,3
2026-02-28,A1193,11159.689036439999,3
2026-02-28,A1195,120427.37,2
2026-02-28,A1196,611899.0077282899,4
2026-02-28,A1198,249882.53,3
2026-02-28,A1200,16349.158018319999,2
2026-02-28,A1201,44704.3563018,3
2026-02-28,A1202,400181.45999999996,3
2026-02-28,A1203,30884.84,2
2026-02-28,A1204,75852.94,4
2026-02-28,A1205,52980.94,2
2026-02-28,A1206,276558.67,4
2026-02-28,A1207,13455.0,1
2026-02-28,A1208,55660.46,2
2026-02-28,A1209,34952.751057,1
2026-02-28,A1210,12629.606093999999,1
2026-02-28,A1211,2196.0616536899997,4
2026-02-28,A1212,29832.519999999997,2
2026-02-28,A1213,174854.71000000002,2
2026-02-28,A1215,368856.83,4
2026-02-28,A1217,6608.54,2
2026-02-28,A1219,78474.1,4
2026-02-28,A1221,178013.49773595,2
2026-02-28,A1222,115614.50760521999,4
2026-02-28,A1224,31345.0,2
2026-02-28,A1225,33284.6,4
2026-02-28,A1226,9805.44808359,4
2026-02-28,A1227,18850.0,1
2026-02-28,A1228,25159.449999999997,2
2026-02-28,A1229,74500.0,1
2026-02-28,A1230,48730.10069895,2
2026-02-28,A1233,136525.96,4
2026-02-28,A1235,2609.4249,1
2026-02-28,A1236,40016.020000000004,3
2026-02-28,A1237,200881.07346015002,3
2026-02-28,A1238,4830.0,1
2026-02-28,A1239,57133.33,1
2026-02-28,A1240,10283.93,2
2026-02-28,A1243,148418.91,2
2026-02-28,A1244,24900.71,4
2026-02-28,A1245,24490.0580607,3
2026-02-28,A1246,122686.47605196,2
2026-02-28,A1248,172667.49,3
2026-02-28,A1249,13601.779002,1
2026-02-28,A1250,193046.56,2
2026-02-28,A1251,41333.61884301,3
2026-02-28,A1253,18265.974299999998,1
2026-02-28,A1254,12849.259999999998,2
2026-02-28,A1256,32855.97487659,3
2026-02-28,A1258,2520.0,1
2026-02-28,A1260,44816.229999999996,2
2026-02-28,A1261,73233.28,2
2026-02-28,A1263,314515.37,2
2026-02-28,A1264,157227.70494527998,3
2026-02-28,A1266,42141.01,1
2026-02-28,A1270,61252.066315050004,2
2026-02-28,A1271,156370.03,4
2026-02-28,A1272,8316.0,1
2026-02-28,A1273,51283.119999999995,2
2026-02-28,A1274,143677.04019551998,2
2026-02-28,A1276,37935.68097852,2
2026-02-28,A1277,6750.0,1
2026-02-28,A1278,3974.74224,1
2026-02-28,A1279,25242.0,2
2026-02-28,A1281,34426.607952,2
2026-02-28,A1282,24570.0,1
2026-02-28,A1283,11886.0,2
2026-02-28,A1284,70999.29362807999,2
2026-02-28,A1286,307690.0,2
2026-02-28,A1287,69593.07,2
2026-02-28,A1289,14949.60252756,2
2026-02-28,A1291,863.0,1
2026-02-28,A1293,27285.862097279998,2
2026-02-28,A1295,14883.94,3
2026-02-28,A1296,252869.94,2
2026-02-28,A1297,389300.0,2
2026-02-28,A1298,62271.004300860004,2
2026-02-28,A1302,26612.003995379997,2
2026-02-28,A1303,67421.47,3
2026-02-28,A1305,212880.55,2
2026-02-28,A1306,587365.94,4
2026-02-28,A1307,467553.55999999994,2
2026-02-28,A1308,10963.6302,1
2026-02-28,A1310,70039.2,2
2026-02-28,A1312,61917.022187999995,2
2026-02-28,A1313,87700.0,1
2026-02-28,A1314,95800.0,1
2026-02-28,A1315,420649.87,4
2026-02-28,A1316,41000.0,1
2026-02-28,A1319,223590.63,3
2026-02-28,A1320,48018.0,2
2026-02-28,A1322,4666.4400000000005,2
2026-02-28,A1323,127299.01262985001,4
2026-02-28,A1326,338633.13,3
2026-02-28,A1329,114030.0,1
2026-02-28,A1330,150876.51,2
2026-02-28,A1331,4434.808644,2
2026-02-28,A1333,24230.43,3
2026-02-28,A1335,159700.0,1
2026-02-28,A1336,6640.836086249999,2
2026-02-28,A1337,132804.0,1
2026-02-28,A1339,6636.7637901299995,2
2026-02-28,A1343,181189.47,4
2026-02-28,A1344,56697.53,3
2026-02-28,A1346,39446.7,2
2026-02-28,A1347,59220.0,1
2026-02-28,A1349,30305.0,3
2026-02-28,A1350,86545.11,2
2026-02-28,A1352,132926.2884,1
2026-02-28,A1353,278945.74506,1
2026-02-28,A1354,15909.76989,3
2026-02-28,A1355,6937.54,1
2026-02-28,A1356,34792.331999999995,1
2026-02-28,A1357,29920.783536,1
2026-02-28,A1358,14297.40515571,2
2026-02-28,A1359,9882.65079252,2
2026-02-28,A1361,48666.1,3
2026-02-28,A1362,85156.42,2
2026-02-28,A1363,27053.26988184,3
2026-02-28,A1365,14255.735633999999,2
2026-02-28,A1366,128021.19,4
2026-02-28,A1368,129907.31,2
2026-02-28,A1370,45122.21,3
2026-02-28,A1372,56399.45,2
2026-02-28,A1375,466692.05482182,2
2026-02-28,A1376,71066.2806378,2
2026-02-28,A1378,303130.0,2
2026-02-28,A1381,7633.17937098,2
2026-02-28,A1382,17896.69129722,1
2026-02-28,A1383,90781.79000000001,3
2026-02-28,A1384,96076.4,2
2026-02-28,A1385,24633.760000000002,4
2026-02-28,A1386,58915.654074239996,2
2026-02-28,A1392,18104.85038394,3
2026-02-28,A1393,143023.25,4
2026-02-28,A1394,36046.75,2
2026-02-28,A1395,247285.61966322,4
2026-02-28,A1396,23065.4,2
2026-02-28,A1397,20409.09,2
2026-02-28,A1398,4960.57716,1
2026-02-28,A1399,35811.2,4
2026-02-28,A1400,189699.91999999998,2
2026-02-28,A1401,2634.58461078,3
2026-02-28,A1402,29736.0,2
2026-02-28,A1403,9072.0,1
2026-02-28,A1404,190500.0,1
2026-02-28,A1407,24265.74406017,4
2026-02-28,A1410,121694.52,3
2026-02-28,A1411,4620.0,1
2026-02-28,A1412,421191.24671916,2
2026-02-28,A1413,6132.0,1
2026-02-28,A1414,110004.14,4
2026-02-28,A1415,10689.0,1
2026-02-28,A1416,38375.65028535,3
2026-02-28,A1417,156633.33,1
2026-02-28,A1418,7349.978860350001,1
2026-02-28,A1419,5767.15874703,3
2026-03-31,A1000,28851.48,1
2026-03-31,A1005,30477.010000000002,3
2026-03-31,A1007,173604.0,3
2026-03-31,A1009,561669.0,2
2026-03-31,A1010,94513.08123360001,2
2026-03-31,A1011,620108.5999680001,2
2026-03-31,A1012,6775.200000000001,2
2026-03-31,A1014,31063.34120604,4
2026-03-31,A1016,16956.597812,2
2026-03-31,A1017,8984.592,1
2026-03-31,A1019,11556.0,1
2026-03-31,A1021,10488.533496209999,2
2026-03-31,A1022,25583.751086400003,3
2026-03-31,A1024,176612.97,2
2026-03-31,A1026,16870.93,2
2026-03-31,A1027,24162.0,2
2026-03-31,A1028,348600.82999999996,4
2026-03-31,A1029,206141.413569,1
2026-03-31,A1031,285869.14166200004,4
2026-03-31,A1032,122314.13,2
2026-03-31,A1033,77500.0,1
2026-03-31,A1034,41459.020000000004,2
2026-03-31,A1035,155111.83,2
2026-03-31,A1037,316897.83,4
2026-03-31,A1038,28000.0,1
2026-03-31,A1040,90146.0,3
2026-03-31,A1041,15207.0,3
2026-03-31,A1043,9402.480000000001,1
2026-03-31,A1044,10878.0,1
2026-03-31,A1046,24206.219999999998,2
2026-03-31,A1048,30592.18,2
2026-03-31,A1049,215460.0,1
2026-03-31,A1050,98107.3881576,3
2026-03-31,A1051,118733.23999999999,4
2026-03-31,A1052,25700.0,1
2026-03-31,A1053,7374.360000000001,2
2026-03-31,A1054,138931.1352,1
2026-03-31,A1055,13056.537804309999,2
2026-03-31,A1057,153174.0,1
2026-03-31,A1058,22841.59,4
2026-03-31,A1059,205548.0,1
2026-03-31,A1060,149425.22,2
2026-03-31,A1061,20265.54,2
2026-03-31,A1062,26058.940000000002,2
2026-03-31,A1063,18128.12211826,4
2026-03-31,A1064,20300.0,1
2026-03-31,A1066,110401.64,3
2026-03-31,A1067,15701.369999999999,2
2026-03-31,A1068,97636.38,2
2026-03-31,A1070,6482.0,1
2026-03-31,A1071,18291.0,1
2026-03-31,A1072,2587.5338189999998,1
2026-03-31,A1074,103227.6812385,4
2026-03-31,A1076,78277.602172,3
2026-03-31,A1077,87800.0,1
2026-03-31,A1078,27241.2,1
2026-03-31,A1080,171771.5,3
2026-03-31,A1081,97744.0,3
2026-03-31,A1082,3006.13005,1
2026-03-31,A1084,37878.0,1
2026-03-31,A1087,188278.7,4
2026-03-31,A1088,38046.47714640001,2
2026-03-31,A1089,642.37861457,2
2026-03-31,A1090,13914.17,3
2026-03-31,A1093,11424.0,2
2026-03-31,A1096,105350.43,3
2026-03-31,A1097,9925.46,2
2026-03-31,A1098,704941.4099999999,2
2026-03-31,A1099,600259.5676944001,4
2026-03-31,A1101,217489.935,1
2026-03-31,A1102,75101.06,2
2026-03-31,A1104,9192.439999999999,2
2026-03-31,A1108,11495.49,2
2026-03-31,A1110,37073.769696,2
2026-03-31,A1111,534455.1622224001,4
2026-03-31,A1113,9531.87651416,2
2026-03-31,A1117,10296.39,2
2026-03-31,A1119,474719.42000000004,3
2026-03-31,A1121,160249.76,3
2026-03-31,A1122,25000.0,1
2026-03-31,A1123,50877.747856,4
2026-03-31,A1124,217235.09,4
2026-03-31,A1125,88536.0,2
2026-03-31,A1126,105300.0,1
2026-03-31,A1127,203946.05952,1
2026-03-31,A1128,112443.99,4
2026-03-31,A1129,89651.01000000001,2
2026-03-31,A1130,521712.59,2
2026-03-31,A1131,248274.45,4
2026-03-31,A1133,8009.22723139,2
2026-03-31,A1134,120894.6014064,3
2026-03-31,A1136,37764.34,4
2026-03-31,A1137,353830.67,3
2026-03-31,A1138,150176.53,2
2026-03-31,A1139,59862.456000000006,1
2026-03-31,A1141,8886.8087,1
2026-03-31,A1142,86289.0,1
2026-03-31,A1143,328020.0,2
2026-03-31,A1144,19974.76,4
2026-03-31,A1145,37397.83,3
2026-03-31,A1147,28460.220451200003,4
2026-03-31,A1148,12088.67,2
2026-03-31,A1150,259315.51955760003,2
2026-03-31,A1151,60265.87839272,3
2026-03-31,A1153,41232.4204565,2
2026-03-31,A1154,87091.081116,3
2026-03-31,A1156,101060.31,3
2026-03-31,A1157,4121.629344000001,2
2026-03-31,A1158,8442.0,1
2026-03-31,A1159,202138.0,2
2026-03-31,A1160,246860.66999999998,3
2026-03-31,A1161,274705.2945,1
2026-03-31,A1163,52355.95,2
2026-03-31,A1164,20803.329999999998,2
2026-03-31,A1166,647099.22173,4
2026-03-31,A1168,224317.5,3
2026-03-31,A1169,160000.0,1
2026-03-31,A1170,146020.23,2
2026-03-31,A1171,21126.0,1
2026-03-31,A1174,48471.0,1
2026-03-31,A1175,6906.55,2
2026-03-31,A1178,135995.7,4
2026-03-31,A1179,163662.6,2
2026-03-31,A1183,148520.13912449998,3
2026-03-31,A1184,263004.83999999997,3
2026-03-31,A1186,48377.12,3
2026-03-31,A1187,50204.53,3
2026-03-31,A1188,316039.38,1
2026-03-31,A1189,58770.0,1
2026-03-31,A1190,250300.83580787998,2
2026-03-31,A1192,259596.29,3
2026-03-31,A1193,11168.07476092,3
2026-03-31,A1195,205007.84,4
2026-03-31,A1196,628384.8953785,4
2026-03-31,A1198,249882.53,3
2026-03-31,A1200,16789.639828,2
2026-03-31,A1201,43497.021672,3
2026-03-31,A1202,400181.45999999996,3
2026-03-31,A1203,30884.84,2
2026-03-31,A1204,75852.94,4
2026-03-31,A1205,52980.94,2
2026-03-31,A1206,276558.67,4
2026-03-31,A1207,13455.0,1
2026-03-31,A1208,55660.46,2
2026-03-31,A1209,35894.45405,1
2026-03-31,A1210,12969.875100000001,1
2026-03-31,A1211,2197.71184017,4
2026-03-31,A1212,29832.519999999997,2
2026-03-31,A1213,174854.71000000002,2
2026-03-31,A1215,368856.83,4
2026-03-31,A1216,10993.326498,1
2026-03-31,A1217,6608.54,2
2026-03-31,A1219,78474.1,4
2026-03-31,A1221,182809.5678175,2
2026-03-31,A1222,112492.09604880001,4
2026-03-31,A1224,31345.0,2
2026-03-31,A1225,33284.6,4
2026-03-31,A1226,9812.816190869999,4
2026-03-31,A1227,18850.0,1
2026-03-31,A1228,25159.449999999997,2
2026-03-31,A1229,74500.0,1
2026-03-31,A1230,49244.31239156,2
2026-03-31,A1233,79931.39,3
2026-03-31,A1235,2611.3857,1
2026-03-31,A1236,40016.020000000004,3
2026-03-31,A1237,205027.83327312,3
2026-03-31,A1238,4830.0,1
2026-03-31,A1239,57133.33,1
2026-03-31,A1240,12859.150000000001,2
2026-03-31,A1243,148418.91,2
2026-03-31,A1244,24900.71,4
2026-03-31,A1245,23828.652828000002,3
2026-03-31,A1246,119373.07119840002,2
2026-03-31,A1248,172667.49,3
2026-03-31,A1249,13611.999786,1
2026-03-31,A1250,193046.56,2
2026-03-31,A1251,39849.550266499995,3
2026-03-31,A1253,18279.6999,1
2026-03-31,A1254,12849.259999999998,2
2026-03-31,A1256,32880.66383987,3
2026-03-31,A1257,13263.41016,1
2026-03-31,A1258,2520.0,1
2026-03-31,A1260,44816.229999999996,2
2026-03-31,A1261,73233.28,2
2026-03-31,A1263,314515.37,2
2026-03-31,A1264,152981.44197120002,3
2026-03-31,A1265,33922.0,1
2026-03-31,A1266,42141.01,1
2026-03-31,A1267,86391.29000000001,2
2026-03-31,A1270,61898.41278764,2
2026-03-31,A1271,156370.03,4
2026-03-31,A1272,28516.0,2
2026-03-31,A1273,51283.119999999995,2
2026-03-31,A1274,139796.74126080002,2
2026-03-31,A1276,36911.14858080001,2
2026-03-31,A1277,6750.0,1
2026-03-31,A1278,4016.684672,1
2026-03-31,A1279,25242.0,2
2026-03-31,A1281,34452.477136,2
2026-03-31,A1282,24570.0,1
2026-03-31,A1283,11886.0,2
2026-03-31,A1284,159457.523732,3
2026-03-31,A1286,307690.0,2
2026-03-31,A1287,69593.07,2
2026-03-31,A1289,15352.377274,2
2026-03-31,A1291,863.0,1
2026-03-31,A1293,72423.58597243,4
2026-03-31,A1295,14883.94,3
2026-03-31,A1296,252869.94,2
2026-03-31,A1297,389300.0,2
2026-03-31,A1298,62317.79659798001,2
2026-03-31,A1302,25893.2911752,2
2026-03-31,A1303,67421.47,3
2026-03-31,A1305,212880.55,2
2026-03-31,A1306,587365.94,4
2026-03-31,A1307,467553.55999999994,2
2026-03-31,A1308,10971.8686,1
2026-03-31,A1310,70039.2,2
2026-03-31,A1312,60244.823520000005,2
2026-03-31,A1313,87700.0,1
2026-03-31,A1314,95800.0,1
2026-03-31,A1315,420649.87,4
2026-03-31,A1316,41000.0,1
2026-03-31,A1319,223590.63,3
2026-03-31,A1320,48018.0,2
2026-03-31,A1322,4666.4400000000005,2
2026-03-31,A1323,128642.30229708,4
2026-03-31,A1326,338633.13,3
2026-03-31,A1329,114030.0,1
2026-03-31,A1330,150876.51,2
2026-03-31,A1331,4438.141092,2
2026-03-31,A1333,24230.43,3
2026-03-31,A1335,223246.0,2
2026-03-31,A1336,6710.911779,2
2026-03-31,A1337,132804.0,1
2026-03-31,A1339,6815.5726145,2
2026-03-31,A1343,181189.47,4
2026-03-31,A1344,56697.53,3
2026-03-31,A1346,39446.7,2
2026-03-31,A1347,59220.0,1
2026-03-31,A1349,30305.0,3
2026-03-31,A1350,86545.11,2
2026-03-31,A1352,129336.33600000001,1
2026-03-31,A1353,286461.14900000003,1
2026-03-31,A1354,16077.653592,3
2026-03-31,A1355,6937.54,1
2026-03-31,A1356,34818.476,1
2026-03-31,A1357,30726.9144,1
2026-03-31,A1358,14308.148654030001,2
2026-03-31,A1359,10806.541891200002,2
2026-03-31,A1361,48666.1,3
2026-03-31,A1362,215048.28,4
2026-03-31,A1363,26322.639753600004,3
2026-03-31,A1365,14639.8161,2
2026-03-31,A1366,128021.19,4
2026-03-31,A1368,129907.31,2
2026-03-31,A1370,45122.21,3
2026-03-31,A1372,56399.45,2
2026-03-31,A1375,454088.05991280003,2
2026-03-31,A1376,69146.987112,2
2026-03-31,A1378,303130.0,2
2026-03-31,A1379,181035.72,2
2026-03-31,A1381,7427.029399200001,2
2026-03-31,A1382,18378.867013,1
2026-03-31,A1383,90781.79000000001,3
2026-03-31,A1384,96076.4,2
2026-03-31,A1385,24633.760000000002,4
2026-03-31,A1386,60502.969696,2
2026-03-31,A1392,17615.891037600002,3
2026-03-31,A1393,143023.25,4
2026-03-31,A1394,36046.75,2
2026-03-31,A1395,240607.15436880002,4
2026-03-31,A1396,23065.4,2
2026-03-31,A1397,20409.09,2
2026-03-31,A1398,4826.606400000001,1
2026-03-31,A1399,35811.2,4
2026-03-31,A1400,329949.92,3
2026-03-31,A1401,2636.56431654,3
2026-03-31,A1402,29736.0,2
2026-03-31,A1403,9072.0,1
2026-03-31,A1404,190500.0,1
2026-03-31,A1407,24283.97806681,4
2026-03-31,A1410,121694.52,3
2026-03-31,A1411,4620.0,1
2026-03-31,A1412,409816.0962864001,2
2026-03-31,A1413,6132.0,1
2026-03-31,A1414,110004.14,4
2026-03-31,A1415,10689.0,1
2026-03-31,A1416,38780.59933748,3
2026-03-31,A1417,156633.33,1
2026-03-31,A1418,7427.53759748,1
2026-03-31,A1419,5771.492362790001,3
2026-04-30,A1000,28851.48,1
2026-04-30,A1005,30477.010000000002,3
2026-04-30,A1007,173604.0,3
2026-04-30,A1009,16569.0,1
2026-04-30,A1010,95713.04056192,2
2026-04-30,A1011,627981.6381695999,2
2026-04-30,A1012,6775.200000000001,2
2026-04-30,A1014,31133.624946,4
2026-04-30,A1016,17096.316164,2
2026-04-30,A1017,9098.662400000001,1
2026-04-30,A1019,11556.0,1
2026-04-30,A1021,10574.95652937,2
2026-04-30,A1022,25908.568142080003,3
2026-04-30,A1024,176612.97,2
2026-04-30,A1026,16870.93,2
2026-04-30,A1027,24162.0,2
2026-04-30,A1028,348600.82999999996,4
2026-04-30,A1029,210758.69504423998,1
2026-04-30,A1031,327782.85609063995,4
2026-04-30,A1032,122314.13,2
2026-04-30,A1033,77500.0,1
2026-04-30,A1034,41459.020000000004,2
2026-04-30,A1035,155111.83,2
2026-04-30,A1037,313856.2,4
2026-04-30,A1038,43315.83,3
2026-04-30,A1040,57008.0,2
2026-04-30,A1041,11511.46,2
2026-04-30,A1043,9521.856,1
2026-04-30,A1044,10878.0,1
2026-04-30,A1046,24206.219999999998,2
2026-04-30,A1048,30592.18,2
2026-04-30,A1049,215460.0,1
2026-04-30,A1050,99352.98161472,3
2026-04-30,A1051,118733.23999999999,4
2026-04-30,A1052,89700.0,2
2026-04-30,A1053,7374.360000000001,2
2026-04-30,A1054,139245.48,1
2026-04-30,A1055,26934.35990984,4
2026-04-30,A1057,137856.6,1
2026-04-30,A1058,22841.59,4
2026-04-30,A1059,205548.0,1
2026-04-30,A1060,149425.22,2
2026-04-30,A1061,20265.54,2
2026-04-30,A1062,26058.940000000002,2
2026-04-30,A1063,18277.49355322,4
2026-04-30,A1064,20300.0,1
2026-04-30,A1066,110401.64,3
2026-04-30,A1067,15701.369999999999,2
2026-04-30,A1068,97636.38,2
2026-04-30,A1070,6482.0,1
2026-04-30,A1071,18291.0,1
2026-04-30,A1072,2645.4909842399998,1
2026-04-30,A1074,105539.83798595998,4
2026-04-30,A1076,78922.591084,3
2026-04-30,A1077,87800.0,1
2026-04-30,A1078,27241.2,1
2026-04-30,A1080,171771.5,3
2026-04-30,A1081,97744.0,3
2026-04-30,A1082,3030.8998500000002,1
2026-04-30,A1083,83021.39,2
2026-04-30,A1084,37878.0,1
2026-04-30,A1087,188278.7,4
2026-04-30,A1088,38529.52377408,2
2026-04-30,A1089,647.67166229,2
2026-04-30,A1090,13914.17,3
2026-04-30,A1093,11424.0,2
2026-04-30,A1096,105350.43,3
2026-04-30,A1097,9925.46,2
2026-04-30,A1098,704941.4099999999,2
2026-04-30,A1099,628083.8605836801,4
2026-04-30,A1101,222361.40759999998,1
2026-04-30,A1102,75101.06,2
2026-04-30,A1104,9192.439999999999,2
2026-04-30,A1108,11495.49,2
2026-04-30,A1110,37544.4666112,2
2026-04-30,A1111,541240.72512128,4
2026-04-30,A1113,9553.443284,2
2026-04-30,A1114,289189.8,2
2026-04-30,A1117,10296.39,2
2026-04-30,A1119,474719.42000000004,3
2026-04-30,A1121,160249.76,3
2026-04-30,A1122,25000.0,1
2026-04-30,A1123,52017.33877376,4
2026-04-30,A1124,217235.09,4
2026-04-30,A1125,129336.0,3
2026-04-30,A1126,105300.0,1
2026-04-30,A1127,206535.40454400002,1
2026-04-30,A1128,112443.99,4
2026-04-30,A1129,89651.01000000001,2
2026-04-30,A1130,521712.59,2
2026-04-30,A1131,248274.45,4
2026-04-30,A1133,8075.2213678299995,2
2026-04-30,A1134,122429.50644607999,3
2026-04-30,A1136,37764.34,4
2026-04-30,A1137,353830.67,3
2026-04-30,A1138,150176.53,2
2026-04-30,A1139,60622.4832,1
2026-04-30,A1141,8960.0339,1
2026-04-30,A1142,86289.0,1
2026-04-30,A1143,328020.0,2
2026-04-30,A1144,20541.47,4
2026-04-30,A1145,37397.83,3
2026-04-30,A1147,28821.557808640002,4
2026-04-30,A1150,262607.84769472,2
2026-04-30,A1151,48253.48164,2
2026-04-30,A1153,42155.969431239995,2
2026-04-30,A1154,89041.80042336,3
2026-04-30,A1156,101060.31,3
2026-04-30,A1157,4173.9584768,2
2026-04-30,A1158,8442.0,1
2026-04-30,A1159,202138.0,2
2026-04-30,A1160,246860.66999999998,3
2026-04-30,A1161,280858.31172,1
2026-04-30,A1163,52355.95,2
2026-04-30,A1164,20803.329999999998,2
2026-04-30,A1166,661593.3459207999,4
2026-04-30,A1168,251912.31,3
2026-04-30,A1169,160000.0,1
2026-04-30,A1170,146020.23,2
2026-04-30,A1171,21126.0,1
2026-04-30,A1174,48471.0,1
2026-04-30,A1175,3562.17,1
2026-04-30,A1178,135995.7,4
2026-04-30,A1179,163662.6,2
2026-04-30,A1180,8887.0656,1
2026-04-30,A1183,151846.78404852,3
2026-04-30,A1184,263004.83999999997,3
2026-04-30,A1186,48377.12,3
2026-04-30,A1187,50204.53,3
2026-04-30,A1188,316039.38,1
2026-04-30,A1189,89570.0,2
2026-04-30,A1190,250867.165062,2
2026-04-30,A1192,259596.29,3
2026-04-30,A1193,11260.09705324,3
2026-04-30,A1195,205007.84,4
2026-04-30,A1196,388582.16963003995,3
2026-04-30,A1198,249882.53,3
2026-04-30,A1200,17165.704450880003,2
2026-04-30,A1201,44049.269638399994,3
2026-04-30,A1202,400181.45999999996,3
2026-04-30,A1203,30884.84,2
2026-04-30,A1204,75852.94,4
2026-04-30,A1205,52980.94,2
2026-04-30,A1206,276558.67,4
2026-04-30,A1207,13455.0,1
2026-04-30,A1208,55660.46,2
2026-04-30,A1209,147336.5196218,3
2026-04-30,A1210,13260.382296,1
2026-04-30,A1211,2215.82046549,4
2026-04-30,A1212,29832.519999999997,2
2026-04-30,A1213,174854.71000000002,2
2026-04-30,A1215,368856.83,4
2026-04-30,A1216,11083.908906,1
2026-04-30,A1217,6608.54,2
2026-04-30,A1219,66839.24,3
2026-04-30,A1221,186904.2483398,2
2026-04-30,A1222,113920.32099136,4
2026-04-30,A1224,31345.0,2
2026-04-30,A1225,33284.6,4
2026-04-30,A1226,9893.671473389999,4
2026-04-30,A1227,18850.0,1
2026-04-30,A1228,28242.14,2
2026-04-30,A1229,74500.0,1
2026-04-30,A1230,49355.732294,2
2026-04-30,A1233,79931.39,3
2026-04-30,A1235,2632.9029,1
2026-04-30,A1236,40016.020000000004,3
2026-04-30,A1237,205491.728088,3
2026-04-30,A1238,4830.0,1
2026-04-30,A1239,57133.33,1
2026-04-30,A1240,12859.150000000001,2
2026-04-30,A1243,148418.91,2
2026-04-30,A1244,24900.71,4
2026-04-30,A1245,24131.1867616,3
2026-04-30,A1246,120888.65854848002,2
2026-04-30,A1248,172667.49,3
2026-04-30,A1249,13724.159442,1
2026-04-30,A1250,193046.56,2
2026-04-30,A1251,40742.124868839994,3
2026-04-30,A1253,18430.3203,1
2026-04-30,A1254,12849.259999999998,2
2026-04-30,A1256,33151.59272639,3
2026-04-30,A1257,13372.69752,1
2026-04-30,A1258,2520.0,1
2026-04-30,A1260,149326.9,4
2026-04-30,A1261,73233.28,2
2026-04-30,A1263,314515.37,2
2026-04-30,A1264,154923.72875264002,3
2026-04-30,A1265,33922.0,1
2026-04-30,A1266,42141.01,1
2026-04-30,A1267,86391.29000000001,2
2026-04-30,A1270,62038.46378599999,2
2026-04-30,A1271,156370.03,4
2026-04-30,A1272,28516.0,2
2026-04-30,A1273,51283.119999999995,2
2026-04-30,A1274,141571.63211776002,2
2026-04-30,A1276,42756.45550976,3
2026-04-30,A1277,14936.27,3
2026-04-30,A1278,4025.7727999999997,1
2026-04-30,A1279,25242.0,2
2026-04-30,A1281,34736.357392000005,2
2026-04-30,A1282,24570.0,1
2026-04-30,A1283,11886.0,2
2026-04-30,A1284,163029.15088672,3
2026-04-30,A1286,307690.0,2
2026-04-30,A1287,69593.07,2
2026-04-30,A1289,15696.249211039998,2
2026-04-30,A1291,863.0,1
2026-04-30,A1293,73020.33917671,4
2026-04-30,A1295,14883.94,3
2026-04-30,A1296,252869.94,2
2026-04-30,A1297,389300.0,2
2026-04-30,A1298,62831.28049006,2
2026-04-30,A1302,26222.038221439998,2
2026-04-30,A1303,86531.47,4
2026-04-30,A1305,212880.55,2
2026-04-30,A1306,587365.94,4
2026-04-30,A1307,467553.55999999994,2
2026-04-30,A1308,11062.2742,1
2026-04-30,A1310,70039.2,2
2026-04-30,A1312,72785.067264,3
2026-04-30,A1313,87700.0,1
2026-04-30,A1314,95800.0,1
2026-04-30,A1315,420649.87,4
2026-04-30,A1316,41000.0,1
2026-04-30,A1319,248505.63,3
2026-04-30,A1320,48018.0,2
2026-04-30,A1322,4666.4400000000005,2
2026-04-30,A1323,128933.367642,4
2026-04-30,A1326,249299.13,2
2026-04-30,A1329,114030.0,1
2026-04-30,A1330,150876.51,2
2026-04-30,A1331,4474.710324,2
2026-04-30,A1333,24230.43,3
2026-04-30,A1335,223246.0,2
2026-04-30,A1337,132804.0,1
2026-04-30,A1339,6968.231978919999,2
2026-04-30,A1343,181189.47,4
2026-04-30,A1344,56697.53,3
2026-04-30,A1346,39446.7,2
2026-04-30,A1347,59220.0,1
2026-04-30,A1349,30305.0,3
2026-04-30,A1350,86545.11,2
2026-04-30,A1352,130978.4192,1
2026-04-30,A1353,292877.48104,1
2026-04-30,A1354,5283.8268,1
2026-04-30,A1355,6937.54,1
2026-04-30,A1356,35105.372,1
2026-04-30,A1357,31415.154624,1
2026-04-30,A1358,14426.044411910001,2
2026-04-30,A1359,72835.80817664,3
2026-04-30,A1361,48666.1,3
2026-04-30,A1362,215048.28,4
2026-04-30,A1363,26656.83790592,3
2026-04-30,A1365,14967.727656,2
2026-04-30,A1366,128021.19,4
2026-04-30,A1368,129907.31,2
2026-04-30,A1370,45122.21,3
2026-04-30,A1372,56399.45,2
2026-04-30,A1375,459853.26401216,2
2026-04-30,A1376,70024.89280639999,2
2026-04-30,A1377,59260.43000000001,2
2026-04-30,A1378,303130.0,2
2026-04-30,A1379,181035.72,2
2026-04-30,A1381,7521.32463424,2
2026-04-30,A1382,18790.52811848,1
2026-04-30,A1383,90781.79000000001,3
2026-04-30,A1384,96076.4,2
2026-04-30,A1385,24633.760000000002,4
2026-04-30,A1386,61858.152220159995,2
2026-04-30,A1392,17839.54635072,3
2026-04-30,A1393,143023.25,4
2026-04-30,A1394,36046.75,2
2026-04-30,A1395,243661.95689536,4
2026-04-30,A1396,23065.4,2
2026-04-30,A1397,20409.09,2
2026-04-30,A1398,4887.88608,1
2026-04-30,A1399,35811.2,4
2026-04-30,A1400,329949.92,3
2026-04-30,A1401,5101.37795238,4
2026-04-30,A1402,29736.0,2
2026-04-30,A1403,9072.0,1
2026-04-30,A1404,190500.0,1
2026-04-30,A1407,24484.07229757,4
2026-04-30,A1410,121694.52,3
2026-04-30,A1411,4620.0,1
2026-04-30,A1412,415019.21358208003,2
2026-04-30,A1413,6132.0,1
2026-04-30,A1414,110004.14,4
2026-04-30,A1415,10689.0,1
2026-04-30,A1416,41283.893736,3
2026-04-30,A1417,318207.32999999996,2
2026-04-30,A1418,7444.343102,1
2026-04-30,A1419,5819.04809363,3
2026-05-31,A1000,28851.48,1
2026-05-31,A1005,30477.010000000002,3
2026-05-31,A1007,193653.11,3
2026-05-31,A1009,16569.0,1
2026-05-31,A1010,96073.19120170001,2
2026-05-31,A1011,630344.618046,2
2026-05-31,A1012,6775.200000000001,2
2026-05-31,A1014,31529.82761616,4
2026-05-31,A1016,17150.930292,2
2026-05-31,A1017,9132.899000000001,1
2026-05-31,A1019,11556.0,1
2026-05-31,A1021,10608.73819461,2
2026-05-31,A1022,26006.0573383,3
2026-05-31,A1024,176612.97,2
2026-05-31,A1026,16870.93,2
2026-05-31,A1027,24162.0,2
2026-05-31,A1028,348600.82999999996,4
2026-05-31,A1029,211168.69147248,1
2026-05-31,A1031,328420.50380528,4
2026-05-31,A1032,122314.13,2
2026-05-31,A1033,77500.0,1
2026-05-31,A1034,41459.020000000004,2
2026-05-31,A1035,155111.83,2
2026-05-31,A1037,313856.2,4
2026-05-31,A1038,43315.83,3
2026-05-31,A1040,57008.0,2
2026-05-31,A1041,11511.46,2
2026-05-31,A1043,9557.685000000001,1
2026-05-31,A1046,24206.219999999998,2
2026-05-31,A1048,8276.29,1
2026-05-31,A1049,215460.0,1
2026-05-31,A1050,99726.82868595001,3
2026-05-31,A1051,71804.51999999999,3
2026-05-31,A1052,238224.65999999997,4
2026-05-31,A1053,7374.360000000001,2
2026-05-31,A1054,141017.5008,1
2026-05-31,A1055,27020.40163752,4
2026-05-31,A1057,137856.6,1
2026-05-31,A1058,22841.59,4
2026-05-31,A1059,205548.0,1
2026-05-31,A1060,149425.22,2
2026-05-31,A1061,20265.54,2
2026-05-31,A1062,26058.940000000002,2
2026-05-31,A1063,18335.88094866,4
2026-05-31,A1064,20300.0,1
2026-05-31,A1065,343684.11525740003,3
2026-05-31,A1066,110401.64,3
2026-05-31,A1067,16307.09,2
2026-05-31,A1068,97636.38,2
2026-05-31,A1070,6482.0,1
2026-05-31,A1071,18291.0,1
2026-05-31,A1072,35483.395825839994,3
2026-05-31,A1074,48469.89507728,2
2026-05-31,A1076,79174.70905199999,3
2026-05-31,A1077,87800.0,1
2026-05-31,A1078,27241.2,1
2026-05-31,A1080,171771.5,3
2026-05-31,A1081,97744.0,3
2026-05-31,A1082,29896.030575659996,3
2026-05-31,A1083,83021.39,2
2026-05-31,A1084,37878.0,1
2026-05-31,A1087,188278.7,4
2026-05-31,A1088,58656.436754550006,3
2026-05-31,A1089,3808.47541602,4
2026-05-31,A1090,13914.17,3
2026-05-31,A1093,11424.0,2
2026-05-31,A1096,105350.43,3
2026-05-31,A1097,9925.46,2
2026-05-31,A1098,704941.4099999999,2
2026-05-31,A1099,630447.2251043001,4
2026-05-31,A1101,222793.9752,1
2026-05-31,A1102,75101.06,2
2026-05-31,A1104,9192.439999999999,2
2026-05-31,A1106,22130.0536,1
2026-05-31,A1108,11495.49,2
2026-05-31,A1110,37685.739562,2
2026-05-31,A1111,543277.3148303,4
2026-05-31,A1113,9675.01922464,2
2026-05-31,A1114,289189.8,2
2026-05-31,A1117,46506.1,4
2026-05-31,A1119,478341.5,3
2026-05-31,A1121,160249.76,3
2026-05-31,A1122,25000.0,1
2026-05-31,A1123,52118.52996352,4
2026-05-31,A1124,220709.52,4
2026-05-31,A1125,129336.0,3
2026-05-31,A1126,105300.0,1
2026-05-31,A1127,207312.55944,1
2026-05-31,A1128,112443.99,4
2026-05-31,A1129,89651.01000000001,2
2026-05-31,A1130,521712.59,2
2026-05-31,A1131,248274.45,4
2026-05-31,A1133,8101.01763699,2
2026-05-31,A1134,122890.1862533,3
2026-05-31,A1136,37764.34,4
2026-05-31,A1137,353830.67,3
2026-05-31,A1138,150176.53,2
2026-05-31,A1139,60850.5945,1
2026-05-31,A1140,11966.48809809,2
2026-05-31,A1141,8988.6567,1
2026-05-31,A1142,86289.0,1
2026-05-31,A1143,328020.0,2
2026-05-31,A1144,20541.47,4
2026-05-31,A1145,37397.83,3
2026-05-31,A1147,28930.0080514,4
2026-05-31,A1150,263595.99292345,2
2026-05-31,A1151,48867.5494944,2
2026-05-31,A1153,42237.97694648,2
2026-05-31,A1154,89215.01662272,3
2026-05-31,A1156,101060.31,3
2026-05-31,A1157,4189.664318,2
2026-05-31,A1158,8442.0,1
2026-05-31,A1159,202138.0,2
2026-05-31,A1160,246860.66999999998,3
2026-05-31,A1161,281404.67544,1
2026-05-31,A1163,52355.95,2
2026-05-31,A1164,20803.329999999998,2
2026-05-31,A1166,662880.3671216,4
2026-05-31,A1168,251912.31,3
2026-05-31,A1169,160000.0,1
2026-05-31,A1170,146020.23,2
2026-05-31,A1171,21126.0,1
2026-05-31,A1174,48471.0,1
2026-05-31,A1175,9274.17,2
2026-05-31,A1178,135995.7,4
2026-05-31,A1179,475552.63,4
2026-05-31,A1180,8920.506000000001,1
2026-05-31,A1183,152142.17702904,3
2026-05-31,A1184,64758.54,1
2026-05-31,A1186,48377.12,3
2026-05-31,A1187,50204.53,3
2026-05-31,A1188,316039.38,1
2026-05-31,A1189,89570.0,2
2026-05-31,A1190,254059.66965552,2
2026-05-31,A1192,259596.29,3
2026-05-31,A1193,11296.06739772,3
2026-05-31,A1195,205007.84,4
2026-05-31,A1196,194636.69967663998,1
2026-05-31,A1198,249882.53,3
2026-05-31,A1200,17199.097509760002,2
2026-05-31,A1201,44215.0189715,3
2026-05-31,A1202,400181.45999999996,3
2026-05-31,A1203,30884.84,2
2026-05-31,A1204,75852.94,4
2026-05-31,A1205,79692.94,3
2026-05-31,A1206,276558.67,4
2026-05-31,A1207,13455.0,1
2026-05-31,A1208,55660.46,2
2026-05-31,A1209,147623.1386236,3
2026-05-31,A1210,13286.178192,1
2026-05-31,A1211,2222.89889697,4
2026-05-31,A1212,73997.29,4
2026-05-31,A1213,174854.71000000002,2
2026-05-31,A1215,368856.83,4
2026-05-31,A1216,11119.316418,1
2026-05-31,A1217,6608.54,2
2026-05-31,A1219,71165.01,3
2026-05-31,A1221,187267.8398596,2
2026-05-31,A1222,118082.06537825,4
2026-05-31,A1224,31345.0,2
2026-05-31,A1225,33284.6,4
2026-05-31,A1226,9925.27677567,4
2026-05-31,A1227,18850.0,1
2026-05-31,A1228,28242.14,2
2026-05-31,A1229,74500.0,1
2026-05-31,A1230,49983.82725424001,2
2026-05-31,A1233,79931.39,3
2026-05-31,A1235,2641.3136999999997,1
2026-05-31,A1236,40016.020000000004,3
2026-05-31,A1237,208106.79046848,3
2026-05-31,A1238,19308.379999999997,3
2026-05-31,A1239,57133.33,1
2026-05-31,A1240,12859.150000000001,2
2026-05-31,A1243,148418.91,2
2026-05-31,A1244,24900.71,4
2026-05-31,A1245,24221.987997250002,3
2026-05-31,A1246,121343.5404273,2
2026-05-31,A1248,172667.49,3
2026-05-31,A1249,19059.709421549996,3
2026-05-31,A1250,193046.56,2
2026-05-31,A1251,40821.38198168,3
2026-05-31,A1253,18489.1959,1
2026-05-31,A1254,12849.259999999998,2
2026-05-31,A1256,33257.495384669994,3
2026-05-31,A1257,13415.41656,1
2026-05-31,A1258,2520.0,1
2026-05-31,A1260,149326.9,4
2026-05-31,A1261,73233.28,2
2026-05-31,A1263,314515.37,2
2026-05-31,A1264,132281.3763806,2
2026-05-31,A1265,33922.0,1
2026-05-31,A1266,42141.01,1
2026-05-31,A1267,86391.29000000001,2
2026-05-31,A1270,62827.95762256,2
2026-05-31,A1271,156370.03,4
2026-05-31,A1272,28516.0,2
2026-05-31,A1273,51283.119999999995,2
2026-05-31,A1274,142104.3402376,2
2026-05-31,A1276,42917.3402201,3
2026-05-31,A1277,14936.27,3
2026-05-31,A1278,4077.004288,1
2026-05-31,A1279,25242.0,2
2026-05-31,A1281,34847.322576,2
2026-05-31,A1282,24570.0,1
2026-05-31,A1283,4242.0,1
2026-05-31,A1284,163346.29732543998,3
2026-05-31,A1286,307690.0,2
2026-05-31,A1287,69593.07,2
2026-05-31,A1289,15726.78368608,2
2026-05-31,A1291,863.0,1
2026-05-31,A1293,73253.60241963,4
2026-05-31,A1295,14883.94,3
2026-05-31,A1296,252869.94,2
2026-05-31,A1297,389300.0,2
2026-05-31,A1298,63031.99481718,2
2026-05-31,A1302,104282.67977525,4
2026-05-31,A1303,84854.82,4
2026-05-31,A1305,229332.98,4
2026-05-31,A1306,587365.94,4
2026-05-31,A1307,467553.55999999994,2
2026-05-31,A1308,11097.6126,1
2026-05-31,A1310,70039.2,2
2026-05-31,A1312,54013.663830000005,2
2026-05-31,A1313,87700.0,1
2026-05-31,A1314,95800.0,1
2026-05-31,A1315,438990.01,4
2026-05-31,A1316,41000.0,1
2026-05-31,A1319,248505.63,3
2026-05-31,A1320,48018.0,2
2026-05-31,A1322,4666.4400000000005,2
2026-05-31,A1323,130574.15777232,4
2026-05-31,A1326,249299.13,2
2026-05-31,A1329,114030.0,1
2026-05-31,A1330,150876.51,2
2026-05-31,A1331,4489.004772,2
2026-05-31,A1333,24230.43,3
2026-05-31,A1335,338536.0,3
2026-05-31,A1337,132804.0,1
2026-05-31,A1339,7744.6770033600005,2
2026-05-31,A1343,181189.47,4
2026-05-31,A1344,56697.53,3
2026-05-31,A1346,39446.7,2
2026-05-31,A1347,299510.36,3
2026-05-31,A1349,30305.0,3
2026-05-31,A1350,86545.11,2
2026-05-31,A1352,131471.267,1
2026-05-31,A1353,293447.22608,1
2026-05-31,A1354,5351.068128,1
2026-05-31,A1356,35217.515999999996,1
2026-05-31,A1357,231868.654848,2
2026-05-31,A1358,14472.12836523,2
2026-05-31,A1359,73109.87598140001,3
2026-05-31,A1361,48666.1,3
2026-05-31,A1362,215048.28,4
2026-05-31,A1363,26757.1427042,3
2026-05-31,A1365,14996.844912,2
2026-05-31,A1366,128021.19,4
2026-05-31,A1368,129907.31,2
2026-05-31,A1370,45122.21,3
2026-05-31,A1372,56399.45,2
2026-05-31,A1375,461583.60761285,2
2026-05-31,A1376,70288.3836515,2
2026-05-31,A1377,59260.43000000001,2
2026-05-31,A1378,303130.0,2
2026-05-31,A1379,181035.72,2
2026-05-31,A1381,7549.626001150001,2
2026-05-31,A1382,18827.08200496,1
2026-05-31,A1383,90781.79000000001,3
2026-05-31,A1385,24633.760000000002,4
2026-05-31,A1386,61978.487096319994,2
2026-05-31,A1392,20237.3360225,3
2026-05-31,A1393,143023.25,4
2026-05-31,A1394,36046.75,2
2026-05-31,A1395,244578.81220735,4
2026-05-31,A1396,23065.4,2
2026-05-31,A1397,20409.09,2
2026-05-31,A1399,35811.2,4
2026-05-31,A1400,329949.92,3
2026-05-31,A1401,5117.67428814,4
2026-05-31,A1402,29736.0,2
2026-05-31,A1403,9072.0,1
2026-05-31,A1404,391600.0,2
2026-05-31,A1407,24562.28658921,4
2026-05-31,A1410,121694.52,3
2026-05-31,A1411,4620.0,1
2026-05-31,A1412,261982.46454175003,1
2026-05-31,A1414,110004.14,4
2026-05-31,A1415,10689.0,1
2026-05-31,A1416,41809.26747456,3
2026-05-31,A1417,318207.32999999996,2
2026-05-31,A1418,7539.078893920001,1
2026-05-31,A1419,5837.63702439,3
2026-06-30,A1000,28851.48,1
2026-06-30,A1005,30477.010000000002,3
2026-06-30,A1007,193653.11,3
2026-06-30,A1009,71267.0,2
2026-06-30,A1010,101925.52601389999,2
2026-06-30,A1011,668742.2990819999,2
2026-06-30,A1012,6775.200000000001,2
2026-06-30,A1013,79017.08200000001,1
2026-06-30,A1014,30846.79238139,4
2026-06-30,A1016,17326.667164,2
2026-06-30,A1017,9689.233,1
2026-06-30,A1019,11556.0,1
2026-06-30,A1021,10717.44054687,2
2026-06-30,A1022,27590.2261661,3
2026-06-30,A1024,176612.97,2
2026-06-30,A1026,16870.93,2
2026-06-30,A1027,24162.0,2
2026-06-30,A1028,125032.31,2
2026-06-30,A1029,209331.79548707997,1
2026-06-30,A1031,325563.66787587997,4
2026-06-30,A1032,122314.13,2
2026-06-30,A1033,77500.0,1
2026-06-30,A1034,41459.020000000004,2
2026-06-30,A1035,155111.83,2
2026-06-30,A1037,313856.2,4
2026-06-30,A1038,43315.83,3
2026-06-30,A1040,57008.0,2
2026-06-30,A1041,13422.46,3
2026-06-30,A1043,10139.895,1
2026-06-30,A1046,22533.47,2
2026-06-30,A1048,8276.29,1
2026-06-30,A1049,269026.69,1
2026-06-30,A1050,194807.47120864998,4
2026-06-30,A1051,71804.51999999999,3
2026-06-30,A1052,238224.65999999997,4
2026-06-30,A1053,3851.07,1
2026-06-30,A1054,137962.6182,1
2026-06-30,A1055,27297.265969840002,4
2026-06-30,A1057,137856.6,1
2026-06-30,A1058,22841.59,4
2026-06-30,A1059,205548.0,1
2026-06-30,A1060,149425.22,2
2026-06-30,A1061,20265.54,2
2026-06-30,A1062,26058.940000000002,2
2026-06-30,A1063,18523.75940822,4
2026-06-30,A1064,20300.0,1
2026-06-30,A1065,364619.7632458,3
2026-06-30,A1066,110401.64,3
2026-06-30,A1067,16307.09,2
2026-06-30,A1068,36587.8,1
2026-06-30,A1070,6482.0,1
2026-06-30,A1071,18291.0,1
2026-06-30,A1072,35174.73592514,3
2026-06-30,A1074,48048.269337879996,2
2026-06-30,A1076,79985.97208400001,3
2026-06-30,A1077,87800.0,1
2026-06-30,A1078,27241.2,1
2026-06-30,A1080,171771.5,3
2026-06-30,A1081,97744.0,3
2026-06-30,A1082,30202.36001722,3
2026-06-30,A1083,89111.39,3
2026-06-30,A1084,37878.0,1
2026-06-30,A1087,121119.45,3
2026-06-30,A1088,62229.515804849994,3
2026-06-30,A1089,3847.4989293400004,4
2026-06-30,A1090,11243.84,2
2026-06-30,A1093,11424.0,2
2026-06-30,A1096,105350.43,3
2026-06-30,A1097,9925.46,2
2026-06-30,A1098,704941.4099999999,2
2026-06-30,A1099,668851.1564881,4
2026-06-30,A1101,220855.95419999998,1
2026-06-30,A1102,75101.06,2
2026-06-30,A1104,9192.439999999999,2
2026-06-30,A1106,21937.5506,1
2026-06-30,A1107,32250.0,1
2026-06-30,A1108,11495.49,2
2026-06-30,A1110,39981.38065399999,2
2026-06-30,A1111,536357.8804741,4
2026-06-30,A1113,9465.42787806,2
2026-06-30,A1114,614775.26,4
2026-06-30,A1117,46506.1,4
2026-06-30,A1119,478341.5,3
2026-06-30,A1121,160249.76,3
2026-06-30,A1122,25000.0,1
2026-06-30,A1123,51665.165793919994,4
2026-06-30,A1124,220709.52,4
2026-06-30,A1125,129336.0,3
2026-06-30,A1126,105300.0,1
2026-06-30,A1127,219941.08247999998,1
2026-06-30,A1128,50082.16,2
2026-06-30,A1129,96001.01000000001,3
2026-06-30,A1130,521712.59,2
2026-06-30,A1131,248274.45,4
2026-06-30,A1133,7821.70650724,2
2026-06-30,A1134,130376.0884711,3
2026-06-30,A1136,37764.34,4
2026-06-30,A1137,353830.67,3
2026-06-30,A1138,150176.53,2
2026-06-30,A1139,64557.3315,1
2026-06-30,A1140,12089.102624030002,2
2026-06-30,A1141,9080.7589,1
2026-06-30,A1142,86289.0,1
2026-06-30,A1143,328020.0,2
2026-06-30,A1144,20541.47,4
2026-06-30,A1145,37397.83,3
2026-06-30,A1147,15285.057987799999,2
2026-06-30,A1149,100152.7343714,2
2026-06-30,A1150,279653.04262115003,2
2026-06-30,A1151,47808.9246726,2
2026-06-30,A1153,41870.56087857999,2
2026-06-30,A1154,88438.96073712,3
2026-06-30,A1156,101060.31,3
2026-06-30,A1157,9648.79735205,4
2026-06-30,A1158,8442.0,1
2026-06-30,A1159,202138.0,2
2026-06-30,A1160,246860.66999999998,3
2026-06-30,A1161,278956.81674,1
2026-06-30,A1163,52355.95,2
2026-06-30,A1164,4230.05,1
2026-06-30,A1166,657114.1606036,4
2026-06-30,A1168,251912.31,3
2026-06-30,A1169,160000.0,1
2026-06-30,A1170,146020.23,2
2026-06-30,A1171,71302.2,3
2026-06-30,A1174,48471.0,1
2026-06-30,A1175,9274.17,2
2026-06-30,A1178,135995.7,4
2026-06-30,A1179,475552.63,4
2026-06-30,A1180,9463.902,1
2026-06-30,A1183,150818.73579233998,3
2026-06-30,A1184,64758.54,1
2026-06-30,A1186,48377.12,3
2026-06-30,A1187,50204.53,3
2026-06-30,A1188,472659.22000000003,3
2026-06-30,A1189,89570.0,2
2026-06-30,A1190,248555.93813433,2
2026-06-30,A1192,259596.29,3
2026-06-30,A1193,7588.3289350000005,1
2026-06-30,A1195,140658.77000000002,3
2026-06-30,A1196,192943.61075444,1
2026-06-30,A1198,249882.53,3
2026-06-30,A1200,17049.487484960002,2
2026-06-30,A1201,46908.393590499996,3
2026-06-30,A1202,400181.45999999996,3
2026-06-30,A1203,30884.84,2
2026-06-30,A1204,75852.94,4
2026-06-30,A1205,79692.94,3
2026-06-30,A1206,276558.67,4
2026-06-30,A1207,15597.0,2
2026-06-30,A1208,55660.46,2
2026-06-30,A1209,146339.0072081,3
2026-06-30,A1210,15146.196361799999,1
2026-06-30,A1211,2245.67581299,4
2026-06-30,A1212,73997.29,4
2026-06-30,A1213,174854.71000000002,2
2026-06-30,A1215,368856.83,4
2026-06-30,A1216,11233.250406000001,1
2026-06-30,A1217,6608.54,2
2026-06-30,A1219,71165.01,3
2026-06-30,A1221,185638.8505391,2
2026-06-30,A1222,96504.81701274999,3
2026-06-30,A1224,31345.0,2
2026-06-30,A1225,33284.6,4
2026-06-30,A1226,10026.97604589,4
2026-06-30,A1227,18850.0,1
2026-06-30,A1228,28242.14,2
2026-06-30,A1230,48901.02034521,2
2026-06-30,A1233,79931.39,3
2026-06-30,A1235,2668.3779,1
2026-06-30,A1236,40016.020000000004,3
2026-06-30,A1237,203598.54284292,3
2026-06-30,A1238,19308.379999999997,3
2026-06-30,A1239,57133.33,1
2026-06-30,A1240,12859.150000000001,2
2026-06-30,A1243,148418.91,2
2026-06-30,A1244,24900.71,4
2026-06-30,A1245,25697.47956575,3
2026-06-30,A1246,128735.2281291,2
2026-06-30,A1248,172667.49,3
2026-06-30,A1249,19255.00458385,3
2026-06-30,A1250,193046.56,2
2026-06-30,A1251,40466.288467779996,3
2026-06-30,A1253,18678.6453,1
2026-06-30,A1254,12849.259999999998,2
2026-06-30,A1256,33598.26804889,3
2026-06-30,A1257,13552.87752,1
2026-06-30,A1258,2520.0,1
2026-06-30,A1260,149326.9,4
2026-06-30,A1261,73233.28,2
2026-06-30,A1263,314515.37,2
2026-06-30,A1264,140339.34650020002,2
2026-06-30,A1265,33922.0,1
2026-06-30,A1266,42141.01,1
2026-06-30,A1267,86391.29000000001,2
2026-06-30,A1270,61466.90645199,2
2026-06-30,A1271,156370.03,4
2026-06-30,A1272,28516.0,2
2026-06-30,A1273,24400.0,1
2026-06-30,A1274,150760.6799192,2
2026-06-30,A1276,45531.6662467,3
2026-06-30,A1277,14936.27,3
2026-06-30,A1278,3988.683552,1
2026-06-30,A1279,25242.0,2
2026-06-30,A1281,35204.385392000004,2
2026-06-30,A1282,24570.0,1
2026-06-30,A1283,4242.0,1
2026-06-30,A1284,161925.39465424,3
2026-06-30,A1286,307690.0,2
2026-06-30,A1287,82774.11,2
2026-06-30,A1289,15589.980897679998,2
2026-06-30,A1291,863.0,1
2026-06-30,A1293,74004.19487921,4
2026-06-30,A1295,14883.94,3
2026-06-30,A1296,252869.94,2
2026-06-30,A1297,389300.0,2
2026-06-30,A1298,63677.85165506,2
2026-06-30,A1302,110635.09869175,4
2026-06-30,A1303,84854.82,4
2026-06-30,A1305,229332.98,4
2026-06-30,A1306,213060.63,2
2026-06-30,A1307,467553.55999999994,2
2026-06-30,A1308,11211.324200000001,1
2026-06-30,A1310,70039.2,2
2026-06-30,A1311,272832.0,1
2026-06-30,A1312,60437.424562199994,2
2026-06-30,A1313,87700.0,1
2026-06-30,A1314,95800.0,1
2026-06-30,A1315,438990.01,4
2026-06-30,A1316,41000.0,1
2026-06-30,A1319,248505.63,3
2026-06-30,A1320,48018.0,2
2026-06-30,A1322,4666.4400000000005,2
2026-06-30,A1323,127745.51082903,4
2026-06-30,A1326,249299.13,2
2026-06-30,A1327,26365.55,2
2026-06-30,A1329,114030.0,1
2026-06-30,A1330,269358.51,3
2026-06-30,A1331,4535.001324,2
2026-06-30,A1333,24230.43,3
2026-06-30,A1335,338536.0,3
2026-06-30,A1337,132804.0,1
2026-06-30,A1339,7677.308275559999,2
2026-06-30,A1343,181189.47,4
2026-06-30,A1344,56697.53,3
2026-06-30,A1346,39446.7,2
2026-06-30,A1347,299510.36,3
2026-06-30,A1349,30305.0,3
2026-06-30,A1350,86545.11,2
2026-06-30,A1351,458734.24647745,2
2026-06-30,A1352,527567.3801676,3
2026-06-30,A1353,290894.61267999996,1
2026-06-30,A1354,5235.147162,1
2026-06-30,A1356,35578.372,1
2026-06-30,A1357,229851.695808,2
2026-06-30,A1359,77563.39175380001,3
2026-06-30,A1361,48666.1,3
2026-06-30,A1362,215048.28,4
2026-06-30,A1363,28387.064181399997,3
2026-06-30,A1365,5426.515584,1
2026-06-30,A1366,128021.19,4
2026-06-30,A1370,25022.21,2
2026-06-30,A1372,56399.45,2
2026-06-30,A1375,489701.14781094994,2
2026-06-30,A1376,74570.02715049998,2
2026-06-30,A1377,59260.43000000001,2
2026-06-30,A1378,122300.0,1
2026-06-30,A1379,181035.72,2
2026-06-30,A1381,8009.514327049999,2
2026-06-30,A1382,18663.31060916,1
2026-06-30,A1383,90781.79000000001,3
2026-06-30,A1385,24633.760000000002,4
2026-06-30,A1386,61439.35398271999,2
2026-06-30,A1388,267194.96482625,2
2026-06-30,A1392,21470.1010075,3
2026-06-30,A1393,143023.25,4
2026-06-30,A1394,36046.75,2
2026-06-30,A1395,259477.42314245,4
2026-06-30,A1396,23065.4,2
2026-06-30,A1397,20409.09,2
2026-06-30,A1399,29895.92,4
2026-06-30,A1400,329949.92,3
2026-06-30,A1401,5170.112497380001,4
2026-06-30,A1402,35964.93,2
2026-06-30,A1403,9072.0,1
2026-06-30,A1404,391600.0,2
2026-06-30,A1407,24813.96386507,4
2026-06-30,A1410,164490.53,3
2026-06-30,A1411,4620.0,1
2026-06-30,A1412,277941.22554725,1
2026-06-30,A1414,110004.14,4
2026-06-30,A1415,10689.0,1
2026-06-30,A1416,40903.54724124,3
2026-06-30,A1417,318207.32999999996,2
2026-06-30,A1418,7375.75873293,1
2026-06-30,A1419,7800.481526130001,4
